group,names,scores,logfoldchanges,pvals,pvals_adj
0,LDHA,15.755248,1.2004168,6.321123326192137e-56,6.321123326192137e-53
0,TERF1,12.814543,1.3218616,1.3593789557792583e-37,6.796894778896291e-35
0,TDGF1,12.705008,1.7502702,5.546412297921824e-37,1.6587278509197681e-34
0,POU5F1,12.690982,1.4852645,6.6349114036790725e-37,1.6587278509197681e-34
0,MGST1,12.034624,0.9124019,2.3369580886970517e-33,4.673916177394103e-31
0,PMAIP1,10.905992,1.397509,1.0790988350911938e-27,1.541569764415991e-25
0,LECT1,10.866742,1.4777755,1.6602362134846917e-27,2.0278134898096536e-25
0,GAPDH,10.508303,0.22174916,7.910415585702058e-26,6.592012988085049e-24
0,CD9,10.404077,1.2793467,2.3754889925366966e-25,1.8272992250282283e-23
0,EPCAM,9.98744,1.1772578,1.729908350716509e-23,1.153272233811006e-21
0,TMSB4X,9.945091,0.5591,2.64931556490768e-23,1.6558222280673001e-21
0,GAL,9.561079,1.3011427,1.1653478708648944e-21,6.133409846657339e-20
0,L1TD1,9.172147,0.9419572,4.6368966825340664e-20,2.1076803102427578e-18
0,CTSC,8.693557,0.8978271,3.512668560150363e-18,1.5272472000653754e-16
0,FOXD3-AS1,8.1629305,1.2384357,3.269939769180191e-16,1.3079759076720762e-14
0,IGFBP2,8.146657,0.69229037,3.741238626919713e-16,1.438937933430659e-14
0,SFRP1,7.7212257,0.8237214,1.152164134364512e-14,4.1148719084446857e-13
0,PDLIM1,7.579764,0.93746805,3.461842143769467e-14,1.1937386702653334e-12
0,ACAT2,7.3638325,0.658823,1.7870391682516967e-13,5.956797227505656e-12
0,GNAS,6.5605116,0.3533217,5.3623464968613363e-11,1.5320989991032388e-09
0,TPM1,6.3185043,0.47883862,2.6410724439136383e-10,7.138033632199023e-09
0,PDPN,6.0653377,1.1199282,1.3167663598217191e-09,3.291915899554298e-08
0,CLDN7,6.0279093,0.9599744,1.6609439774821098e-09,3.954628517814547e-08
0,DDIT4,5.7566485,0.81187505,8.58003744906017e-09,1.9500085111500386e-07
0,S100A10,4.9994354,0.5976794,5.749847185152916e-07,1.1978848302401908e-05
0,BASP1,4.8951697,0.6121972,9.82208947797616e-07,1.9258998976423845e-05
0,CLDN6,4.747896,0.40800428,2.0554344398916546e-06,3.806360073873434e-05
0,APOE,4.6635847,0.2774859,3.107478519782293e-06,5.488807580556303e-05
0,EZR,4.565286,0.65283805,4.988130477029156e-06,8.313550795048594e-05
0,CKB,4.35168,0.45436868,1.3509857725655343e-05,0.00020469481402508096
0,CRABP1,4.2933283,0.57992077,1.760145676503024e-05,0.0002588449524269153
0,CYB5A,4.211729,0.41445503,2.5342339317653293e-05,0.00036728027996598973
0,RASL11B,4.132687,1.0726925,3.585464969242238e-05,0.0005122092813203196
0,IFITM3,4.126759,0.35154855,3.6791146628059663e-05,0.0005181851637754883
0,IDH1,3.952867,0.45962209,7.722035290761904e-05,0.0010435182825353924
0,SPINT2,3.7464283,0.2990645,0.0001793702139142694,0.0023601343936088077
0,APOC1,3.6447976,0.48939767,0.0002676023434137254,0.003387371435616777
0,PLS3,3.544678,0.5771611,0.00039309311943752683,0.004853001474537368
0,ADM,3.3272355,0.5425853,0.0008771225967965621,0.010199099962750723
0,CXCL12,3.2195215,1.2457924,0.0012840474571814639,0.014427499518892854
0,CYP26A1,3.1355588,1.0569446,0.0017152698992767541,0.018849119772272025
0,FGFBP3,3.0072708,0.63745713,0.002636047591109229,0.027175748361950816
0,CLDN10,2.9495394,0.40706074,0.003182480609035535,0.03120079028466211
0,LGALS3,2.7504623,0.70260936,0.005951122468625879,0.056195803131321186
0,PHLDA1,2.5970669,0.60343724,0.009402359280720116,0.08626017688734051
0,LINC01356,2.5685499,0.81809705,0.010212500646438385,0.09284091496762167
0,MT1G,2.5403428,1.0197843,0.01107438603423787,0.09800341623219354
0,PRKCDBP,2.5177538,0.46042934,0.01181058124274711,0.10360158984865885
0,ITM2A,2.4925303,0.8567143,0.012683652597945254,0.11029263128648047
0,FHL2,2.4523895,0.49468628,0.01419110003513113,0.1223370692683718
0,SERPINE2,2.3975637,0.5362641,0.01650450641106614,0.13869333118542976
0,TNFRSF12A,2.199068,0.25847712,0.027873084821285875,0.23035607290318905
0,RGS5,2.114408,0.47566196,0.03448043281429534,0.2780680065668979
0,MIAT,2.0716324,0.9876337,0.038299732227969896,0.3039661287934119
0,OLFML3,2.008089,0.5962314,0.04463383515185953,0.3459421091853289
0,NSG1,2.004912,0.5646229,0.04497247419409276,0.3459421091853289
0,MT1X,1.9530697,0.34789076,0.05081133950314294,0.38493439017532527
0,MT1H,1.8816608,1.2225729,0.059882085794477805,0.4468812372722224
0,GADD45G,1.8291987,1.0697937,0.06736984544707228,0.4917506966939582
0,SEPP1,1.6847537,0.2195036,0.0920361167560283,0.6621303363743042
0,NTS,1.6281457,0.3123461,0.10349399283549442,0.7288309354612283
0,PCOLCE,1.5629362,0.48785734,0.11806760390931745,0.8142593373056376
0,TAC3,1.5418583,0.25187397,0.12310801482814074,0.8374694886268078
0,SLC16A3,1.4897838,0.51901203,0.13628110736177076,0.9146383044414146
0,HERPUD1,1.4858316,0.37167892,0.1373236563393198,0.9154910422621321
0,OLFM1,1.3930737,0.5924386,0.16359749822994296,1.0
0,CHCHD2,1.3059727,0.23923136,0.19156183731368048,1.0
0,LINC00458,1.2674592,0.68359244,0.20499114789453343,1.0
0,NENF,1.2480475,0.26440325,0.21201368426389333,1.0
0,CYTL1,1.182218,0.7961056,0.2371192181363706,1.0
0,RGS2,1.1784984,0.52924645,0.23859798216950978,1.0
0,DDIT3,1.1121265,0.45837244,0.26608377749506595,1.0
0,IGFBP6,1.1103054,0.5428489,0.26686744388254213,1.0
0,MT1E,1.075124,0.5797638,0.28231919860553356,1.0
0,CYR61,1.0643914,0.23455904,0.2871514299336503,1.0
0,TFPI2,1.062764,0.78655005,0.28788896013557297,1.0
0,ENO2,1.0571847,0.3105643,0.29042732867601395,1.0
0,ITLN2,0.9901541,1.07666,0.3220988243113977,1.0
0,NEFL,0.98821676,0.725979,0.3230465028180025,1.0
0,CTGF,0.96543413,0.30572227,0.3343274240730507,1.0
0,HES6,0.93207383,0.28450727,0.3512983859629004,1.0
0,ANKRD37,0.88085157,0.65239125,0.3783981530401682,1.0
0,CTSV,0.8476075,0.07541456,0.39665658508988233,1.0
0,NDUFA4L2,0.8107988,0.8782368,0.4174812129840022,1.0
0,ACTA1,0.7637999,0.6492783,0.4449864848738341,1.0
0,SNCG,0.7591891,0.7689657,0.4477394184019956,1.0
0,FAM159B,0.7258288,0.21190794,0.46794370557021736,1.0
0,BDNF,0.7208306,1.0743508,0.4710137434072067,1.0
0,S100A6,0.7203269,0.09950817,0.47132374228616314,1.0
0,HHIP,0.70688206,0.96624905,0.47963978354397896,1.0
0,CRYM,0.70006275,0.3199257,0.4838881189268387,1.0
0,PLP1,0.6877028,0.14746477,0.49163997323725417,1.0
0,ELAVL4,0.6770476,0.9633964,0.49837573922234113,1.0
0,NEFM,0.67235935,0.24637575,0.501354950424123,1.0
0,STC1,0.6543812,0.15121187,0.5128662355007174,1.0
0,KRT18,0.6274915,0.013772557,0.5303371143342124,1.0
0,DLL3,0.6129617,0.38652143,0.53990163998125,1.0
0,PTTG1,0.60300404,0.061818197,0.5465060183140826,1.0
0,ELF3,0.55798113,0.34780082,0.5768572481017034,1.0
0,CTHRC1,0.53531474,0.48268625,0.5924322278477989,1.0
0,KRT7,0.5319826,0.05801766,0.5947380503191673,1.0
0,COL9A3,0.51687163,0.2976986,0.6052457559548681,1.0
0,BHMT,0.5149731,2.119884,0.6065718173068781,1.0
0,NTF3,0.5103236,0.5602211,0.6098247854012319,1.0
0,CDO1,0.50187695,0.14758365,0.6157540787048923,1.0
0,PLPP3,0.49467018,0.13412862,0.6208329430919566,1.0
0,FOS,0.49226794,0.122055225,0.6225299384702092,1.0
0,LYPD3,0.4821165,1.9323609,0.6297231951987394,1.0
0,COL6A1,0.48025668,0.39149913,0.6310448856408308,1.0
0,COL1A1,0.47076392,0.1567284,0.6378093373080946,1.0
0,CA4,0.45487806,0.6852625,0.6491969730978493,1.0
0,DUSP2,0.44340923,0.76379764,0.6574697562940588,1.0
0,TM4SF18,0.43170795,0.7900748,0.6659536929106731,1.0
0,SPP1,0.42725214,0.121288694,0.6691956779818998,1.0
0,AMBP,0.42233142,0.87569463,0.672783133390166,1.0
0,CALB2,0.40966147,0.6175197,0.6820542983493281,1.0
0,CRYL1,0.3987351,0.94471073,0.6900884041436862,1.0
0,HHEX,0.3982314,0.77265716,0.6904596227405901,1.0
0,CCNA1,0.39784393,1.3127782,0.6907452261861673,1.0
0,SPINK1,0.3967978,2.1629646,0.6915165753107302,1.0
0,PCSK9,0.39094716,1.1180799,0.695836300514447,1.0
0,TNNT2,0.38807994,0.708927,0.6979568713644411,1.0
0,CHGA,0.3608415,0.39746523,0.7182179313348602,1.0
0,C9orf24,0.35390598,2.248463,0.7234093498834289,1.0
0,GDF15,0.3445682,3.4394507,0.7304190252875016,1.0
0,RGS16,0.33740017,0.12389381,0.735815250896197,1.0
0,SNHG18,0.33461046,0.27121696,0.7379189493504967,1.0
0,CALB1,0.32244423,0.13541341,0.7471161880497148,1.0
0,CHGB,0.32058442,1.7897748,0.7485253512802748,1.0
0,ISG15,0.31380385,0.042598978,0.7536700103952885,1.0
0,PPIC,0.31020048,0.14556816,0.7564085019673252,1.0
0,TNMD,0.30671334,1.1455206,0.7590615715396408,1.0
0,SYP,0.30400112,1.6883502,0.7611270344373543,1.0
0,NCCRP1,0.3002815,0.5659525,0.7639624369336775,1.0
0,RLTPR,0.29838297,1.4674405,0.7654108973204052,1.0
0,NODAL,0.29718181,0.42631653,0.7663276944118489,1.0
0,HBA2,0.29609695,0.79154134,0.7671560505689503,1.0
0,APOA1,0.28927764,0.66103774,0.7723689187503968,1.0
0,TINAGL1,0.28610048,0.80661327,0.7748011700409378,1.0
0,MT1M,0.28563553,1.1626861,0.7751572953234048,1.0
0,PLP2,0.26486766,0.497955,0.7911114097447747,1.0
0,COL21A1,0.26215544,1.8527749,0.7932016033766217,1.0
0,TOX,0.25634354,0.52051455,0.7976855775813008,1.0
0,HTR3A,0.2550262,0.57526594,0.7987028795601137,1.0
0,ATP6V1C2,0.25347635,1.177213,0.7999001429333931,1.0
0,PCSK1N,0.23910157,0.29715076,0.8110268223037473,1.0
0,SHISA3,0.23666057,0.6178405,0.812920123008716,1.0
0,FOSB,0.23666057,1.0271788,0.812920123008716,1.0
0,GPNMB,0.23627311,0.983978,0.8132207478169069,1.0
0,TMEM141,0.23514949,0.019376414,0.8140927152470292,1.0
0,TUBB2B,0.23042247,0.052223098,0.8177635035309075,1.0
0,PDGFRA,0.2282527,0.69745713,0.819449799792984,1.0
0,LMCD1,0.22728404,0.293727,0.8202028807790642,1.0
0,RASD1,0.2209297,1.0324289,0.82514717290971,1.0
0,HIST2H2BE,0.22061972,0.9389926,0.8253885371108223,1.0
0,EDNRA,0.22038725,0.92378694,0.8255695710951023,1.0
0,EPO,0.21883741,1.8588035,0.8267767009139003,1.0
0,PRTN3,0.21860494,1.6124399,0.8269578057721163,1.0
0,TWIST2,0.21717134,0.3960262,0.8280748220937297,1.0
0,MMP9,0.21244432,0.25514504,0.8317604093458759,1.0
0,CXCL3,0.21046828,0.3494875,0.8333022077265487,1.0
0,SLC35D3,0.2101583,4.0800805,0.8335441167930058,1.0
0,WNT2B,0.20574127,1.0524104,0.8369930226386437,1.0
0,RAMP1,0.20326152,0.75750536,0.8389306289457047,1.0
0,FRMD5,0.20287406,0.844177,0.8392334684641263,1.0
0,TRAC,0.2024091,1.3922043,0.839596907306069,1.0
0,WFDC1,0.20217663,1.6990346,0.8397786395586357,1.0
0,MYF6,0.19326505,0.5994562,0.8467513936678781,1.0
0,TMEM176A,0.19322631,2.4043596,0.8467817366194835,1.0
0,WIF1,0.19039784,0.24435453,0.8489973828312851,1.0
0,INA,0.188848,0.2638617,0.8502119428066789,1.0
0,PCAT14,0.18822807,0.33002877,0.8506978665040745,1.0
0,ARHGDIB,0.18489592,0.31135988,0.8533106733979893,1.0
0,SST,0.18160251,0.67633516,0.8558946811964903,1.0
0,DNAI1,0.17644928,2.0153635,0.8599409850763884,1.0
0,TTN,0.16870008,1.1351769,0.8660325489863827,1.0
0,SPARCL1,0.1604472,2.0158372,0.8725288184552603,1.0
0,AHSG,0.16013722,1.582505,0.872772980211752,1.0
0,CD44,0.15800619,0.2576012,0.8744519191639291,1.0
0,CHRNA3,0.15289173,0.3983624,0.8784836653989954,1.0
0,CLDN9,0.15250427,1.0081732,0.878789230529432,1.0
0,DCX,0.1520393,0.94719726,0.8791559325161485,1.0
0,FGFBP2,0.1511869,21.80309,0.8798282867648513,1.0
0,PRSS2,0.1511869,22.653719,0.8798282867648513,1.0
0,HPGD,0.14804848,0.23629539,0.8823045160385289,1.0
0,ZNF385D,0.14719605,0.35424104,0.8829772718697776,1.0
0,ATAD3C,0.14374766,1.5547016,0.8856997315737888,1.0
0,MSC,0.14359269,1.3418882,0.8858221212474511,1.0
0,MX1,0.14351518,1.5770758,0.8858833171058721,1.0
0,NR4A1,0.13902065,-0.03971616,0.889433829660518,1.0
0,NPW,0.13716084,0.05567357,0.8909036604181071,1.0
0,ETV3L,0.13646342,0.9572232,0.8914549438975579,1.0
0,FGF4,0.135611,0.2376521,0.8921288060459983,1.0
0,SCN2A,0.1346036,3.366667,0.8929252889812962,1.0
0,APLN,0.13452612,3.276324,0.8929865613832869,1.0
0,LGALS2,0.13444862,2.049741,0.8930478344240274,1.0
0,FOXJ1,0.12716438,0.4145615,0.8988103006119308,1.0
0,SPOCK3,0.12712564,1.460794,0.8988409665728356,1.0
0,INHBA,0.12704813,1.3376709,0.8989022989477466,1.0
0,SLC5A12,0.12673818,1.1261888,0.8991476344821006,1.0
0,EGFL6,0.1264282,0.8908657,0.8993929796545957,1.0
0,RIT2,0.12619573,0.90644056,0.8995769948450442,1.0
0,HIP1R,0.12615699,0.40350494,0.8996076645685824,1.0
0,RP4-665J23.1,0.120887525,0.46619323,0.9037801245863165,1.0
0,DMRT2,0.11802032,2.5666695,0.9060515579204387,1.0
0,LINC00562,0.117787845,2.0934231,0.9062357621307522,1.0
0,MORN5,0.11771035,1.598397,0.9062971646555871,1.0
0,CPM,0.110426106,1.1136442,0.9120714524409027,1.0
0,FTH1,0.108450055,-0.008191449,0.9136386954747692,1.0
0,MITF,0.10135954,1.8320113,0.9192650543336569,1.0
0,LOX,0.10120455,1.633622,0.9193880810494877,1.0
0,CTB-113D17.1,0.10120455,1.495485,0.9193880810494877,1.0
0,FMOD,0.101127066,1.493554,0.9194495951312234,1.0
0,SPAG6,0.10097208,1.370849,0.9195726247405072,1.0
0,HBA1,0.09380407,0.82791185,0.9252647996407926,1.0
0,SMOC2,0.093726575,0.7404634,0.9253263581081842,1.0
0,TMEM100,0.093339115,0.6557502,0.9256341571443811,1.0
0,MIXL1,0.086403586,0.39678714,0.9311455992226819,1.0
0,SPON2,0.08609361,0.51559377,0.9313919997390687,1.0
0,TNFAIP6,0.08593863,0.7214049,0.9315152024645798,1.0
0,HS3ST2,0.084853746,1.5278789,0.9323776673255809,1.0
0,ONECUT1,0.08469876,1.3420246,0.9325008830965295,1.0
0,MOXD1,0.08469876,0.11206942,0.9325008830965295,1.0
0,SYNPO2,0.084621266,1.1345415,0.9325624915887343,1.0
0,TTLL10,0.08454377,1.0674586,0.9326241004849363,1.0
0,PCP4L1,0.08438879,0.8853079,0.9327473194878628,1.0
0,GSTA1,0.08438879,0.80313885,0.9327473194878628,1.0
0,CER1,0.08167657,0.6662142,0.9349039102969888,1.0
0,ACTG2,0.077840716,0.23998842,0.9379547578597158,1.0
0,NPPC,0.07772448,0.083765954,0.9380472222334895,1.0
0,ADAMTSL1,0.07559345,20.719429,0.9397425491949842,1.0
0,IL37,0.07559345,20.77823,0.9397425491949842,1.0
0,TH,0.07559345,20.78965,0.9397425491949842,1.0
0,LINC00950,0.07559345,20.901949,0.9397425491949842,1.0
0,DLL4,0.07559345,20.678476,0.9397425491949842,1.0
0,ASPN,0.07559345,20.846317,0.9397425491949842,1.0
0,CPA5,0.07559345,20.73908,0.9397425491949842,1.0
0,CDC20B,0.07559345,21.039942,0.9397425491949842,1.0
0,CAPN9,0.07559345,21.28809,0.9397425491949842,1.0
0,LINC01102,0.07559345,21.30248,0.9397425491949842,1.0
0,LA16c-312E8.2,0.07559345,20.651257,0.9397425491949842,1.0
0,KISS1,0.07559345,21.020845,0.9397425491949842,1.0
0,RP11-676J12.4,0.07559345,21.27101,0.9397425491949842,1.0
0,DBH,0.07559345,21.03564,0.9397425491949842,1.0
0,AGTR1,0.07559345,20.753382,0.9397425491949842,1.0
0,RP11-95O2.5,0.07559345,21.317945,0.9397425491949842,1.0
0,ALCAM,0.071641356,0.1586821,0.9428873272789751,1.0
0,RERG,0.06958782,0.68716073,0.9445217333022558,1.0
0,ELAVL3,0.06772801,0.71508044,0.9460021518257633,1.0
0,NOV,0.06765052,0.7096612,0.9460638400132703,1.0
0,NR4A2,0.058971412,2.5038762,0.952974877074134,1.0
0,APOL4,0.058971412,2.688662,0.952974877074134,1.0
0,SPRR2F,0.058971412,2.612618,0.952974877074134,1.0
0,RP11-559M23.1,0.058971412,2.5496795,0.952974877074134,1.0
0,GPX2,0.058971412,2.301991,0.952974877074134,1.0
0,SLC8A1-AS1,0.058971412,2.6918526,0.952974877074134,1.0
0,C19orf45,0.058971412,2.349877,0.952974877074134,1.0
0,KCNA3,0.058971412,2.3143609,0.952974877074134,1.0
0,HBG2,0.058971412,2.3021073,0.952974877074134,1.0
0,CDH5,0.058971412,2.5690243,0.952974877074134,1.0
0,HSD17B2,0.058971412,2.4307454,0.952974877074134,1.0
0,PGM5-AS1,0.058893923,1.8541404,0.9530365994703484,1.0
0,RP13-941N14.1,0.058893923,1.884174,0.9530365994703484,1.0
0,TTC9B,0.058893923,2.113119,0.9530365994703484,1.0
0,CFAP45,0.058893923,1.9864951,0.9530365994703484,1.0
0,RP11-285F16.1,0.058893923,1.9761139,0.9530365994703484,1.0
0,KDR,0.056995366,0.10787721,0.954548885266577,1.0
0,MROH8,0.051687166,0.07132411,0.9587779640586472,1.0
0,ESAM,0.051144723,0.50480825,0.9592102000510543,1.0
0,GAD2,0.050989736,-0.031146536,0.9593336982569992,1.0
0,PHYHIPL,0.050834753,0.17414576,0.9594571974389042,1.0
0,ELMO1,0.050214816,0.02560136,0.9599512038669479,1.0
0,KLF4,0.044209186,0.08623345,0.9647376588574312,1.0
0,AQP3,0.04370549,0.2945466,0.9651391636312032,1.0
0,TM4SF1,0.043085553,0.15366356,0.9656333354760039,1.0
0,SERPINB4,0.04234938,1.2167839,0.9662201816703889,1.0
0,ATOH1,0.04234938,1.3118498,0.9662201816703889,1.0
0,OSR2,0.04234938,1.2682499,0.9662201816703889,1.0
0,PLSCR2,0.04234938,1.5026449,0.9662201816703889,1.0
0,KCNN4,0.042271886,1.2728361,0.9662819560238326,1.0
0,RP11-61A14.1,0.042271886,1.0334451,0.9662819560238326,1.0
0,RASSF9,0.042271886,1.5243924,0.9662819560238326,1.0
0,RASGRP3,0.042271886,1.3269817,0.9662819560238326,1.0
0,CTD-2035E11.4,0.042271886,0.65476733,0.9662819560238326,1.0
0,MEGF11,0.042194396,0.94061947,0.966343730579633,1.0
0,XKR7,0.042194396,0.98232204,0.966343730579633,1.0
0,CD48,0.042194396,0.85648483,0.966343730579633,1.0
0,TPPP3,0.042194396,1.0070062,0.966343730579633,1.0
0,HDAC9,0.03556883,0.26104987,0.9716261634439832,1.0
0,PIFO,0.035413846,-0.014435443,0.9717497449297978,1.0
0,GABRA1,0.035103876,0.7550341,0.9719969099333284,1.0
0,GATA6-AS1,0.03479391,0.98970073,0.9722440776262955,1.0
0,C10orf10,0.034173973,0.227643,0.9727384209856627,1.0
0,GEM,0.034057736,-0.12978198,0.9728311115372174,1.0
0,MPZ,0.029911913,0.28199017,0.9761373050305447,1.0
0,PTX3,0.028245835,0.5653417,0.9774660809149341,1.0
0,AZU1,0.027315931,0.30278885,0.9782077506964072,1.0
0,PAGE4,0.026850978,0.03932997,0.9785785926920243,1.0
0,RBP4,0.026618503,0.025929121,0.9787640154310053,1.0
0,SPX,0.026076058,-0.026328482,0.979196672933546,1.0
0,CXCL2,0.025649853,0.71188986,0.9795366224137844,1.0
0,UPK1B,0.025649853,0.44982845,0.9795366224137844,1.0
0,RGS6,0.025649853,0.6830987,0.9795366224137844,1.0
0,FILIP1L,0.025649853,0.6080175,0.9795366224137844,1.0
0,TRH,0.025649853,0.5699508,0.9795366224137844,1.0
0,RP3-466P17.1,0.025649853,0.77606964,0.9795366224137844,1.0
0,INSM1,0.025649853,0.6133209,0.9795366224137844,1.0
0,MAL,0.025649853,0.69681835,0.9795366224137844,1.0
0,RP11-231G3.1,0.025572361,0.51034516,0.9795984318112811,1.0
0,AQP1,0.025572361,0.40218818,0.9795984318112811,1.0
0,RP11-44N21.1,0.025572361,0.48208278,0.9795984318112811,1.0
0,COL6A3,0.025572361,0.4820935,0.9795984318112811,1.0
0,AC108488.4,0.025572361,0.47712898,0.9795984318112811,1.0
0,TRIB3,0.022472681,0.08521399,0.9820709041945127,1.0
0,CES1,0.022162713,-0.0024058458,0.9823181612974705,1.0
0,CCDC184,0.019915445,0.052925013,0.9841108246130726,1.0
0,GSC,0.019218016,0.14599021,0.9846671851374236,1.0
0,ELAVL2,0.018753065,0.036949076,0.9850380963131629,1.0
0,PRCD,0.018288113,0.47978956,0.9854090107229927,1.0
0,RSPO2,0.018055636,0.2727603,0.9855944691156426,1.0
0,ISL1,0.018055636,-0.13371488,0.9855944691156426,1.0
0,CNTN1,0.017745668,0.076986976,0.9858417481817209,1.0
0,PACRG,0.017590685,0.060446646,0.9859653882263136,1.0
0,NXPH4,0.0174357,-0.07901664,0.9860890286079835,1.0
0,MESP1,0.017358208,-0.2730944,0.9861508489242946,1.0
0,RAB3A,0.016312066,0.08992665,0.9869854311820332,1.0
0,PCP4,0.013754831,-0.02579773,0.9890255792516823,1.0
0,TAC1,0.013716084,0.08984844,0.9890564911716375,1.0
0,SCG2,0.0124374665,0.11831502,0.9900765934685829,1.0
0,USP18,0.011623801,-0.03268167,0.9907257580274325,1.0
0,LGALS3BP,0.011585054,-0.08542296,0.9907566707820216,1.0
0,KRT17,0.00910531,0.41915286,0.992735113910837,1.0
0,DLX1,0.00910531,1.0092558,0.992735113910837,1.0
0,CTD-2410N18.3,0.00910531,1.118572,0.992735113910837,1.0
0,SYT16,0.00910531,0.26603422,0.992735113910837,1.0
0,PHACTR3,0.009027818,0.14271773,0.9927969410417125,1.0
0,XXbac-BPG181B23.7,0.008950327,0.12098791,0.9928587682158413,1.0
0,RUNX2,0.008950327,0.25853014,0.9928587682158413,1.0
0,CFC1,0.008872834,-0.2576615,0.992920595432852,1.0
0,UPK3A,0.008795342,-0.1062745,0.9929824226923736,1.0
0,CRHBP,0.008795342,-0.69881094,0.9929824226923736,1.0
0,ZNF592,0.008679104,0.0307278,0.9930751636605515,1.0
0,HS3ST1,0.004881996,0.06605136,0.99610474612973,1.0
0,MPPED2,0.004107076,0.084440395,0.9967230365904128,1.0
0,ACTC1,0.000542444,-0.30219388,0.9995671923163976,1.0
0,LLNLF-187D8.1,0.0,0.0,1.0,1.0
0,MMP10,0.0,0.0,1.0,1.0
0,MS4A8,0.0,0.0,1.0,1.0
0,CST4,0.0,0.0,1.0,1.0
0,CHRM2,0.0,0.0,1.0,1.0
0,LINC01117,0.0,0.0,1.0,1.0
0,CTSS,0.0,0.0,1.0,1.0
0,CSRP3,0.0,0.0,1.0,1.0
0,MGC16275,0.0,0.0,1.0,1.0
0,CTD-2545M3.8,0.0,0.0,1.0,1.0
0,CTD-2521M24.8,0.0,0.0,1.0,1.0
0,CTD-2339F6.1,0.0,0.0,1.0,1.0
0,MAB21L1,0.0,0.0,1.0,1.0
0,CFI,0.0,0.0,1.0,1.0
0,MLANA,0.0,0.0,1.0,1.0
0,DRC1,0.0,0.0,1.0,1.0
0,LINC00907,0.0,0.0,1.0,1.0
0,CARTPT,0.0,0.0,1.0,1.0
0,HOXB-AS3,0.0,0.0,1.0,1.0
0,HOXA9,0.0,0.0,1.0,1.0
0,HOXA7,0.0,0.0,1.0,1.0
0,HOXA10,0.0,0.0,1.0,1.0
0,FAP,0.0,0.0,1.0,1.0
0,HMP19,0.0,0.0,1.0,1.0
0,HLF,0.0,0.0,1.0,1.0
0,FGA,0.0,0.0,1.0,1.0
0,FGB,0.0,0.0,1.0,1.0
0,FGG,0.0,0.0,1.0,1.0
0,FIGF,0.0,0.0,1.0,1.0
0,HBD,0.0,0.0,1.0,1.0
0,GZMA,0.0,0.0,1.0,1.0
0,HOXC6,0.0,0.0,1.0,1.0
0,CCDC42,0.0,0.0,1.0,1.0
0,GYPE,0.0,0.0,1.0,1.0
0,GSX2,0.0,0.0,1.0,1.0
0,GRIK1,0.0,0.0,1.0,1.0
0,GRIA2,0.0,0.0,1.0,1.0
0,GPR183,0.0,0.0,1.0,1.0
0,GNRH2,0.0,0.0,1.0,1.0
0,GABRB1,0.0,0.0,1.0,1.0
0,GMNC,0.0,0.0,1.0,1.0
0,CCDC170,0.0,0.0,1.0,1.0
0,GLYAT,0.0,0.0,1.0,1.0
0,GIMAP4,0.0,0.0,1.0,1.0
0,HOXC10,0.0,0.0,1.0,1.0
0,HOXC8,0.0,0.0,1.0,1.0
0,LINC00682,0.0,0.0,1.0,1.0
0,EMCN,0.0,0.0,1.0,1.0
0,CXCL10,0.0,0.0,1.0,1.0
0,CFAP161,0.0,0.0,1.0,1.0
0,CYP26B1,0.0,0.0,1.0,1.0
0,DCT,0.0,0.0,1.0,1.0
0,DHRS9,0.0,0.0,1.0,1.0
0,C1QTNF7,0.0,0.0,1.0,1.0
0,CFAP126,0.0,0.0,1.0,1.0
0,KRT14,0.0,0.0,1.0,1.0
0,DNM3OS,0.0,0.0,1.0,1.0
0,C20orf85,0.0,0.0,1.0,1.0
0,DPT,0.0,0.0,1.0,1.0
0,C4orf26,0.0,0.0,1.0,1.0
0,IGF1,0.0,0.0,1.0,1.0
0,HOXC9,0.0,0.0,1.0,1.0
0,C5orf66-AS1,0.0,0.0,1.0,1.0
0,IFI44L,0.0,0.0,1.0,1.0
0,IFI44,0.0,0.0,1.0,1.0
0,C8orf46,0.0,0.0,1.0,1.0
0,ICAM2,0.0,0.0,1.0,1.0
0,EPYC,0.0,0.0,1.0,1.0
0,IBSP,0.0,0.0,1.0,1.0
0,HTR2B,0.0,0.0,1.0,1.0
0,ESM1,0.0,0.0,1.0,1.0
0,HSPA6,0.0,0.0,1.0,1.0
0,HPCAL4,0.0,0.0,1.0,1.0
0,HOXD11,0.0,0.0,1.0,1.0
0,GYPB,0.0,0.0,1.0,1.0
0,ZNF804A,0.0,0.0,1.0,1.0
0,BARHL2,0.0,0.0,1.0,1.0
0,RP11-111H13.1,0.0,0.0,1.0,1.0
0,SULT1E1,0.0,0.0,1.0,1.0
0,APOC3,0.0,0.0,1.0,1.0
0,RIPPLY1,0.0,0.0,1.0,1.0
0,TAL1,0.0,0.0,1.0,1.0
0,REN,0.0,0.0,1.0,1.0
0,TBX2-AS1,0.0,0.0,1.0,1.0
0,AKR1B10,0.0,0.0,1.0,1.0
0,TBX5,0.0,0.0,1.0,1.0
0,TDO2,0.0,0.0,1.0,1.0
0,PRSS1,0.0,0.0,1.0,1.0
0,TECRL,0.0,0.0,1.0,1.0
0,TEKT1,0.0,0.0,1.0,1.0
0,PRND,0.0,0.0,1.0,1.0
0,TF,0.0,0.0,1.0,1.0
0,AGTR2,0.0,0.0,1.0,1.0
0,PLVAP,0.0,0.0,1.0,1.0
0,PLN,0.0,0.0,1.0,1.0
0,TMEM196,0.0,0.0,1.0,1.0
0,AGT,0.0,0.0,1.0,1.0
0,PHOX2B,0.0,0.0,1.0,1.0
0,AF131217.1,0.0,0.0,1.0,1.0
0,ARPP21,0.0,0.0,1.0,1.0
0,PCAT19,0.0,0.0,1.0,1.0
0,PAX1,0.0,0.0,1.0,1.0
0,TYR,0.0,0.0,1.0,1.0
0,RP11-1085N6.5,0.0,0.0,1.0,1.0
0,RP11-21B23.2,0.0,0.0,1.0,1.0
0,OR8S1,0.0,0.0,1.0,1.0
0,STOML3,0.0,0.0,1.0,1.0
0,SFTA3,0.0,0.0,1.0,1.0
0,SLC17A6,0.0,0.0,1.0,1.0
0,SLC18A1,0.0,0.0,1.0,1.0
0,SERPINE3,0.0,0.0,1.0,1.0
0,SLC18A3,0.0,0.0,1.0,1.0
0,SLC30A8,0.0,0.0,1.0,1.0
0,SERPIND1,0.0,0.0,1.0,1.0
0,SERPINB2,0.0,0.0,1.0,1.0
0,SERPINA11,0.0,0.0,1.0,1.0
0,SLC45A2,0.0,0.0,1.0,1.0
0,SCRT2,0.0,0.0,1.0,1.0
0,ANGPTL1,0.0,0.0,1.0,1.0
0,SCGB1A1,0.0,0.0,1.0,1.0
0,S100A8,0.0,0.0,1.0,1.0
0,APOBEC2,0.0,0.0,1.0,1.0
0,RP11-802E16.3,0.0,0.0,1.0,1.0
0,RP11-510C10.2,0.0,0.0,1.0,1.0
0,RP11-462L8.1,0.0,0.0,1.0,1.0
0,SP9,0.0,0.0,1.0,1.0
0,SRGN,0.0,0.0,1.0,1.0
0,RP11-387A1.5,0.0,0.0,1.0,1.0
0,RP11-382A20.7,0.0,0.0,1.0,1.0
0,RP11-32K4.1,0.0,0.0,1.0,1.0
0,RP11-327J17.9,0.0,0.0,1.0,1.0
0,RP11-290H9.5,0.0,0.0,1.0,1.0
0,TYRP1,0.0,0.0,1.0,1.0
0,SFRP4,0.0,0.0,1.0,1.0
0,ZNF474,0.0,0.0,1.0,1.0
0,NEUROD4,0.0,0.0,1.0,1.0
0,WFIKKN2,0.0,0.0,1.0,1.0
0,WNT16,0.0,0.0,1.0,1.0
0,AC140912.1,0.0,0.0,1.0,1.0
0,NKX2-1,0.0,0.0,1.0,1.0
0,URAD,0.0,0.0,1.0,1.0
0,ZNF503-AS1,0.0,0.0,1.0,1.0
0,NFIA-AS2,0.0,0.0,1.0,1.0
0,WNT2,0.0,0.0,1.0,1.0
0,MYOZ2,0.0,0.0,1.0,1.0
0,NEUROD1,0.0,0.0,1.0,1.0
0,OGN,0.0,0.0,1.0,1.0
0,ALDH1A1,-0.006238106,-0.0774763,0.9950227436753021,1.0
0,PCDHA9,-0.007516724,0.092717886,0.9940025782814474,1.0
0,ZIC4,-0.007516724,0.075082496,0.9940025782814474,1.0
0,PAPPA2,-0.007594216,0.038818046,0.993940750374097,1.0
0,RP11-111M22.5,-0.0076717082,0.032430474,0.9938789225031316,1.0
0,FAM102B,-0.007710454,-0.37405238,0.9938480085814094,1.0
0,TDRD10,-0.007826692,-0.23696831,0.9937552668718413,1.0
0,CFAP77,-0.007826692,-0.26342165,0.9937552668718413,1.0
0,EGR2,-0.007904184,-0.8012901,0.993693439112259,1.0
0,HOTAIRM1,-0.011236341,-0.010231202,0.9910348861921731,1.0
0,RSPH1,-0.0149559565,0.01751657,0.9880673181344757,1.0
0,LEPR,-0.015110941,-0.09258718,0.987943672763362,1.0
0,NPNT,-0.01666078,-18.940714,0.9867072354685773,1.0
0,NPPA,-0.01666078,-19.051174,0.9867072354685773,1.0
0,HOXA-AS3,-0.01666078,-18.803686,0.9867072354685773,1.0
0,RP11-343L5.2,-0.01666078,-18.62013,0.9867072354685773,1.0
0,MYL3,-0.01666078,-19.611103,0.9867072354685773,1.0
0,NPR3,-0.01666078,-18.643496,0.9867072354685773,1.0
0,HOXB9,-0.01666078,-18.90265,0.9867072354685773,1.0
0,XAGE2,-0.01666078,-18.475143,0.9867072354685773,1.0
0,HOXC5,-0.01666078,-19.048492,0.9867072354685773,1.0
0,C7,-0.01666078,-18.594246,0.9867072354685773,1.0
0,RP11-156E8.1,-0.01666078,-18.554136,0.9867072354685773,1.0
0,ALPK1,-0.01666078,-18.546665,0.9867072354685773,1.0
0,RP11-110I1.14,-0.01666078,-18.848633,0.9867072354685773,1.0
0,CLEC1B,-0.01666078,-18.790276,0.9867072354685773,1.0
0,YPEL4,-0.01666078,-18.667038,0.9867072354685773,1.0
0,RGS13,-0.01666078,-19.137913,0.9867072354685773,1.0
0,DSG3,-0.01666078,-18.561878,0.9867072354685773,1.0
0,WT1,-0.01666078,-18.747961,0.9867072354685773,1.0
0,RGS1,-0.01666078,-19.051174,0.9867072354685773,1.0
0,RP11-188D8.1,-0.01666078,-18.693033,0.9867072354685773,1.0
0,BARX2,-0.01666078,-18.475143,0.9867072354685773,1.0
0,BDKRB1,-0.01666078,-18.634895,0.9867072354685773,1.0
0,S100A9,-0.01666078,-19.137373,0.9867072354685773,1.0
0,NEUROG1,-0.01666078,-19.039488,0.9867072354685773,1.0
0,SERPINA1,-0.01666078,-18.919577,0.9867072354685773,1.0
0,SDPR,-0.01666078,-19.034513,0.9867072354685773,1.0
0,CBLN4,-0.01666078,-18.666296,0.9867072354685773,1.0
0,CBLN2,-0.01666078,-18.747961,0.9867072354685773,1.0
0,FGF5,-0.01666078,-18.568289,0.9867072354685773,1.0
0,NHLH1,-0.01666078,-18.797237,0.9867072354685773,1.0
0,GPR12,-0.01666078,-18.836435,0.9867072354685773,1.0
0,CCNO,-0.01666078,-19.059422,0.9867072354685773,1.0
0,SAMSN1,-0.01666078,-18.790276,0.9867072354685773,1.0
0,GSTA2,-0.01666078,-19.07318,0.9867072354685773,1.0
0,RP11-490O6.2,-0.01666078,-18.541931,0.9867072354685773,1.0
0,SHOX,-0.01666078,-18.45308,0.9867072354685773,1.0
0,FCN3,-0.01666078,-18.790276,0.9867072354685773,1.0
0,FAM181A,-0.01666078,-19.084505,0.9867072354685773,1.0
0,CAPN3,-0.01666078,-18.681847,0.9867072354685773,1.0
0,APOB,-0.01666078,-18.526945,0.9867072354685773,1.0
0,CD34,-0.01666078,-18.881556,0.9867072354685773,1.0
0,HBZ,-0.01666078,-18.721495,0.9867072354685773,1.0
0,FMO1,-0.01666078,-19.042814,0.9867072354685773,1.0
0,ALX3,-0.01666078,-18.935968,0.9867072354685773,1.0
0,ENPP3,-0.01666078,-18.89494,0.9867072354685773,1.0
0,SNTG1,-0.01666078,-18.541594,0.9867072354685773,1.0
0,OSR1,-0.01666078,-18.8798,0.9867072354685773,1.0
0,RP11-1109F11.5,-0.01666078,-18.670757,0.9867072354685773,1.0
0,BRINP3,-0.01666078,-18.909065,0.9867072354685773,1.0
0,LA16c-380H5.3,-0.01666078,-18.937038,0.9867072354685773,1.0
0,KCNF1,-0.01666078,-19.05151,0.9867072354685773,1.0
0,TFF3,-0.01666078,-18.48276,0.9867072354685773,1.0
0,LBX1,-0.01666078,-19.046486,0.9867072354685773,1.0
0,CTXN3,-0.01666078,-18.91461,0.9867072354685773,1.0
0,CORIN,-0.01666078,-18.766,0.9867072354685773,1.0
0,BIRC7,-0.01666078,-18.585615,0.9867072354685773,1.0
0,TNFSF10,-0.01666078,-18.760138,0.9867072354685773,1.0
0,DKK2,-0.01666078,-18.585615,0.9867072354685773,1.0
0,COLEC10,-0.01666078,-18.790276,0.9867072354685773,1.0
0,PECAM1,-0.01666078,-19.699892,0.9867072354685773,1.0
0,AREG,-0.01666078,-18.58248,0.9867072354685773,1.0
0,TMEM156,-0.01666078,-18.581667,0.9867072354685773,1.0
0,KCNJ2,-0.01666078,-19.098028,0.9867072354685773,1.0
0,TXLNB,-0.01666078,-18.656933,0.9867072354685773,1.0
0,RAB27B,-0.01666078,-19.041983,0.9867072354685773,1.0
0,OLIG2,-0.01666078,-18.5819,0.9867072354685773,1.0
0,TLX3,-0.01666078,-18.50139,0.9867072354685773,1.0
0,IHH,-0.01666078,-18.921387,0.9867072354685773,1.0
0,TCTEX1D4,-0.01666078,-18.724466,0.9867072354685773,1.0
0,LINC00305,-0.01666078,-18.46481,0.9867072354685773,1.0
0,WNT10A,-0.01666078,-18.940254,0.9867072354685773,1.0
0,CHN1,-0.01917927,-0.019368263,0.9846980942765883,1.0
0,NFIA,-0.022317696,0.20272246,0.982194532532183,1.0
0,TSLP,-0.023131363,-0.16831943,0.9815454885990001,1.0
0,TNNI1,-0.023557568,-0.39776573,0.9812055180534115,1.0
0,SOX17,-0.024216251,0.43981168,0.9806801157644744,1.0
0,CLEC14A,-0.024293743,-0.38364074,0.9806183042770454,1.0
0,PTGER2,-0.024448726,-0.5622625,0.9804946816516515,1.0
0,LINC01361,-0.024448726,-0.61269224,0.9804946816516515,1.0
0,SRPX,-0.028284581,-0.04208874,0.9774351784256816,1.0
0,MMP23B,-0.030066896,-0.102917574,0.9760137012813371,1.0
0,IL6ST,-0.03130677,-0.15797885,0.9750248922720541,1.0
0,RP11-513G11.4,-0.031849213,-0.14506929,0.9745923003100618,1.0
0,PLD1,-0.03332156,-19.699224,0.9734181601666837,1.0
0,RP4-758J18.13,-0.03332156,-19.582645,0.9734181601666837,1.0
0,FAM81B,-0.03332156,-19.819324,0.9734181601666837,1.0
0,SMPX,-0.03332156,-19.797142,0.9734181601666837,1.0
0,RP4-794H19.1,-0.03332156,-19.529308,0.9734181601666837,1.0
0,L3MBTL4,-0.03332156,-20.11216,0.9734181601666837,1.0
0,SMCR2,-0.03332156,-19.924612,0.9734181601666837,1.0
0,AGAP2,-0.03332156,-19.688148,0.9734181601666837,1.0
0,SMIM5,-0.03332156,-19.62577,0.9734181601666837,1.0
0,MYH6,-0.03332156,-19.848028,0.9734181601666837,1.0
0,ODAM,-0.03332156,-20.062279,0.9734181601666837,1.0
0,CCDC81,-0.03332156,-20.284178,0.9734181601666837,1.0
0,PDE1A,-0.03332156,-20.03026,0.9734181601666837,1.0
0,TRPM1,-0.03332156,-19.578367,0.9734181601666837,1.0
0,GJB6,-0.03332156,-19.726309,0.9734181601666837,1.0
0,TSPAN8,-0.03332156,-20.105255,0.9734181601666837,1.0
0,TTR,-0.03332156,-21.025583,0.9734181601666837,1.0
0,ADCYAP1,-0.03332156,-19.87906,0.9734181601666837,1.0
0,GAS2,-0.03332156,-19.848043,0.9734181601666837,1.0
0,NKX2-8,-0.03332156,-20.089502,0.9734181601666837,1.0
0,RAD21-AS1,-0.03332156,-19.81847,0.9734181601666837,1.0
0,ST7-AS1,-0.03332156,-19.611311,0.9734181601666837,1.0
0,LYZ,-0.03332156,-19.792149,0.9734181601666837,1.0
0,C3orf80,-0.03332156,-19.561972,0.9734181601666837,1.0
0,IGFBP7-AS1,-0.03332156,-19.74328,0.9734181601666837,1.0
0,GABRD,-0.03332156,-19.769434,0.9734181601666837,1.0
0,EDN3,-0.03332156,-19.885998,0.9734181601666837,1.0
0,IL3RA,-0.03332156,-19.825888,0.9734181601666837,1.0
0,MEOX2,-0.03332156,-19.868868,0.9734181601666837,1.0
0,COL15A1,-0.03332156,-19.915104,0.9734181601666837,1.0
0,OTX2-AS1,-0.03332156,-19.762201,0.9734181601666837,1.0
0,PRSS56,-0.03332156,-19.8323,0.9734181601666837,1.0
0,CLEC1A,-0.03332156,-19.774857,0.9734181601666837,1.0
0,MGP,-0.03332156,-19.867435,0.9734181601666837,1.0
0,RP11-525K10.3,-0.03332156,-19.884659,0.9734181601666837,1.0
0,HOXB5,-0.03332156,-20.316706,0.9734181601666837,1.0
0,CD36,-0.03332156,-19.584547,0.9734181601666837,1.0
0,TLX2,-0.03332156,-19.84112,0.9734181601666837,1.0
0,RP11-511B23.1,-0.03332156,-20.14496,0.9734181601666837,1.0
0,KIAA1614,-0.03332156,-19.586123,0.9734181601666837,1.0
0,CPED1,-0.03332156,-19.76591,0.9734181601666837,1.0
0,HES7,-0.039559666,-0.18692783,0.9684441832349211,1.0
0,GJA4,-0.040915776,-0.49564254,0.9673630396358867,1.0
0,RAMP2,-0.047308866,-0.00067854853,0.9622670608936318,1.0
0,CDX4,-0.047347613,-0.17017224,0.9622361806622268,1.0
0,S100B,-0.048509993,-0.32339254,0.9613098002705525,1.0
0,PRR9,-0.049982343,-21.254887,0.9601364602524433,1.0
0,LINC01411,-0.049982343,-20.795263,0.9601364602524433,1.0
0,CTD-2314G24.2,-0.049982343,-20.559435,0.9601364602524433,1.0
0,EPHA5-AS1,-0.049982343,-20.190697,0.9601364602524433,1.0
0,RGS4,-0.049982343,-20.530375,0.9601364602524433,1.0
0,VTN,-0.049982343,-20.54144,0.9601364602524433,1.0
0,AC012358.8,-0.049982343,-20.35232,0.9601364602524433,1.0
0,POU4F1,-0.049982343,-20.335255,0.9601364602524433,1.0
0,ZG16,-0.049982343,-20.297224,0.9601364602524433,1.0
0,SLPI,-0.049982343,-20.48516,0.9601364602524433,1.0
0,CH25H,-0.049982343,-20.430334,0.9601364602524433,1.0
0,SNAP25,-0.049982343,-20.29972,0.9601364602524433,1.0
0,PHOX2A,-0.049982343,-20.487627,0.9601364602524433,1.0
0,ISL2,-0.049982343,-20.410316,0.9601364602524433,1.0
0,POSTN,-0.049982343,-20.29433,0.9601364602524433,1.0
0,LCN15,-0.049982343,-20.438692,0.9601364602524433,1.0
0,TMEM176B,-0.057034113,-0.41624358,0.9545180206368371,1.0
0,RIMS1,-0.057382826,-0.31765738,0.954240242043988,1.0
0,TMEM155,-0.057382826,-0.43990755,0.954240242043988,1.0
0,PPP1R42,-0.057537813,-0.7594558,0.9541167866737708,1.0
0,XX-FW83563B9.5,-0.057615303,-0.66731423,0.9540550594013152,1.0
0,ICAM1,-0.057692796,-0.8773105,0.9539933324044544,1.0
0,VWC2,-0.05784778,-1.1224955,0.9538698792389946,1.0
0,GLT8D2,-0.057886526,-0.10328086,0.9538390161204535,1.0
0,CRTAC1,-0.057925273,-1.2304728,0.9538081530711344,1.0
0,MYL7,-0.058002762,-1.3680309,0.9537464271803467,1.0
0,S100A3,-0.058002762,-1.4146384,0.9537464271803467,1.0
0,APOA2,-0.058002762,-1.7186536,0.9537464271803467,1.0
0,MIR7-3HG,-0.065635726,-0.647895,0.9476678453208501,1.0
0,FIBIN,-0.06617817,-0.8247211,0.9472359766002498,1.0
0,SYNM,-0.06664312,-20.604403,0.9468658157454308,1.0
0,THBD,-0.06664312,-20.702642,0.9468658157454308,1.0
0,MYCT1,-0.06664312,-20.953716,0.9468658157454308,1.0
0,C2orf54,-0.06664312,-20.951206,0.9468658157454308,1.0
0,C1orf194,-0.06664312,-20.906576,0.9468658157454308,1.0
0,HAMP,-0.06664312,-20.697346,0.9468658157454308,1.0
0,NRG4,-0.06664312,-20.892925,0.9468658157454308,1.0
0,C11orf88,-0.06664312,-20.73803,0.9468658157454308,1.0
0,LPL,-0.06664312,-20.707039,0.9468658157454308,1.0
0,ASCL1,-0.06664312,-21.433277,0.9468658157454308,1.0
0,ARX,-0.06664312,-21.28202,0.9468658157454308,1.0
0,C1orf168,-0.06664312,-20.804132,0.9468658157454308,1.0
0,MATN3,-0.07020775,-0.33829954,0.9440283027835307,1.0
0,CXCL1,-0.07408235,-0.70596457,0.9409448560816102,1.0
0,CYP1A1,-0.07408235,-0.8829091,0.9409448560816102,1.0
0,RP11-247C2.2,-0.07423734,-0.91675645,0.9408215363139741,1.0
0,SYT4,-0.074547306,-1.2831303,0.9405749010382272,1.0
0,RAMP3,-0.074547306,-1.1427982,0.9405749010382272,1.0
0,NUPR1,-0.07470229,-1.3768789,0.9404515855360075,1.0
0,SOSTDC1,-0.08032046,-0.25326568,0.9359823858582823,1.0
0,S100A14,-0.08051419,-0.5471312,0.9358283106824868,1.0
0,ALDH1A2,-0.08144409,-0.5067193,0.9350887833931742,1.0
0,CAV1,-0.08225776,-0.09335706,0.934441742935832,1.0
0,ECSCR,-0.083110176,-0.11772224,0.9337639374828991,1.0
0,GPRC5A,-0.083303906,-21.122324,0.9336098974680429,1.0
0,PRPH,-0.083303906,-21.016876,0.9336098974680429,1.0
0,RP11-753H16.3,-0.083303906,-21.059494,0.9336098974680429,1.0
0,NTNG1,-0.083303906,-20.867212,0.9336098974680429,1.0
0,HES2,-0.083303906,-21.133211,0.9336098974680429,1.0
0,CAPSL,-0.083303906,-21.239832,0.9336098974680429,1.0
0,EBF1,-0.083303906,-21.209366,0.9336098974680429,1.0
0,PENK,-0.083303906,-21.329157,0.9336098974680429,1.0
0,SCGN,-0.083303906,-21.058983,0.9336098974680429,1.0
0,HMGCS2,-0.083303906,-21.244286,0.9336098974680429,1.0
0,NTRK2,-0.083303906,-21.30324,0.9336098974680429,1.0
0,DCN,-0.083303906,-21.533997,0.9336098974680429,1.0
0,GJB2,-0.083303906,-21.260368,0.9336098974680429,1.0
0,LINC00900,-0.083303906,-21.02831,0.9336098974680429,1.0
0,SLC39A2,-0.083303906,-21.153704,0.9336098974680429,1.0
0,ZMYND10,-0.083303906,-21.041382,0.9336098974680429,1.0
0,HOXD1,-0.083303906,-20.973444,0.9336098974680429,1.0
0,LAMA4,-0.083303906,-21.139069,0.9336098974680429,1.0
0,RP5-1159O4.2,-0.083303906,-21.28915,0.9336098974680429,1.0
0,NFIB,-0.0886121,-0.3593492,0.9293901879447123,1.0
0,GPM6A,-0.09039442,-0.4644269,0.9279737903129424,1.0
0,SERTAD4,-0.095702626,-0.12902771,0.9237567578648627,1.0
0,PTHLH,-0.099964686,-21.933142,0.9203723639996187,1.0
0,CST1,-0.099964686,-21.491188,0.9203723639996187,1.0
0,ISM1,-0.099964686,-21.346596,0.9203723639996187,1.0
0,ACPP,-0.099964686,-21.228508,0.9203723639996187,1.0
0,CLEC3A,-0.099964686,-21.452927,0.9203723639996187,1.0
0,GNG3,-0.102289446,-0.18441851,0.9185269347261484,1.0
0,FAM84A,-0.10333558,-0.24182919,0.9176966341174111,1.0
0,HIST1H2BG,-0.10469169,-0.040057234,0.9166204522296689,1.0
0,HIST1H2AC,-0.105970316,-0.11852866,0.9156059063481927,1.0
0,IL11RA,-0.108488806,-0.016417779,0.913607961970882,1.0
0,FGF19,-0.11189845,-0.16799499,0.910903924706508,1.0
0,KCNN1,-0.11414572,-0.54030925,0.9091222803600818,1.0
0,RNASE1,-0.116625465,-21.641495,0.9071568586475252,1.0
0,CYP4X1,-0.116625465,-21.775366,0.9071568586475252,1.0
0,NPPB,-0.116625465,-22.78481,0.9071568586475252,1.0
0,VTCN1,-0.116625465,-22.087454,0.9071568586475252,1.0
0,SOST,-0.116625465,-21.726011,0.9071568586475252,1.0
0,CPXM2,-0.12480087,-1.9563788,0.9006811990161854,1.0
0,SLC7A7,-0.1279393,-0.2984624,0.8981970131838573,1.0
0,BHLHE40,-0.13243383,-1.0916314,0.8946411565005722,1.0
0,LHX1,-0.13289878,-1.3559458,0.8942734288197838,1.0
0,ANKRD1,-0.13328624,-21.903534,0.8939670064393822,1.0
0,LIM2,-0.13328624,-21.938137,0.8939670064393822,1.0
0,DDC,-0.13328624,-21.922413,0.8939670064393822,1.0
0,HOXB6,-0.13328624,-22.304138,0.8939670064393822,1.0
0,SERPINE1,-0.13328624,-22.148438,0.8939670064393822,1.0
0,GLIPR1,-0.13328624,-21.908653,0.8939670064393822,1.0
0,HBE1,-0.13328624,-21.927214,0.8939670064393822,1.0
0,PPP1R17,-0.1375483,-0.096324325,0.8905974145875009,1.0
0,LY6H,-0.13952436,-0.53438586,0.8890358156796876,1.0
0,FBXO32,-0.14057049,-1.0890528,0.8882092607453462,1.0
0,NRN1,-0.14088047,-1.5784575,0.8879643788809771,1.0
0,MAPT,-0.14119042,-1.7592365,0.8877195077099825,1.0
0,RGCC,-0.1415004,-2.0185394,0.8874746472554215,1.0
0,NTM,-0.14181036,-0.03045391,0.8872297975403504,1.0
0,T,-0.14638239,-0.4342669,0.8836195266458735,1.0
0,LTB,-0.14994702,-22.548769,0.8808064111405688,1.0
0,SLITRK6,-0.14994702,-22.295362,0.8808064111405688,1.0
0,LIMD1,-0.14994702,-0.788602,0.8808064111405688,1.0
0,FOXS1,-0.14994702,-21.93455,0.8808064111405688,1.0
0,AMBN,-0.14994702,-22.467188,0.8808064111405688,1.0
0,HLX,-0.14994702,-21.990396,0.8808064111405688,1.0
0,GADD45B,-0.15343416,-0.38606638,0.8780559046360432,1.0
0,CA9,-0.15711503,-1.2271299,0.8751541889987456,1.0
0,IGF2,-0.15757999,-1.7766958,0.8747877750427697,1.0
0,ANGPT2,-0.15781246,-1.7758982,0.8746045781268729,1.0
0,LINC00643,-0.15804493,-2.0004907,0.8744213879319097,1.0
0,CREB3L1,-0.1589361,-0.24655057,0.87371922128708,1.0
0,DLX6-AS1,-0.16575539,-1.2077935,0.8683494519201791,1.0
0,RP11-407N17.5,-0.16660781,-22.173056,0.8676786523010964,1.0
0,ADGRL4,-0.16660781,-22.477009,0.8676786523010964,1.0
0,TANGO6,-0.16877759,-0.35170725,0.865971593310012,1.0
0,ZFHX4-AS1,-0.17381456,-1.4918375,0.8620112006636791,1.0
0,SIX1,-0.17451198,-1.862755,0.8614631095630659,1.0
0,EFEMP1,-0.17947148,-0.1831612,0.8575675117276352,1.0
0,SYNPR,-0.18187372,-1.1632868,0.8556818217708421,1.0
0,RP11-834C11.4,-0.18295862,-1.7277318,0.854830489216669,1.0
0,IL32,-0.18326859,-22.277025,0.8545872823358844,1.0
0,CLDN5,-0.18326859,-22.096954,0.8545872823358844,1.0
0,MIR22HG,-0.19152148,-2.2420113,0.8481170507668426,1.0
0,MYL4,-0.19899946,-1.5938373,0.8422631657706481,1.0
0,AFP,-0.19923194,-0.5080763,0.8420813175955466,1.0
0,SLC40A1,-0.19992937,-22.742306,0.841535823642403,1.0
0,RP1-40E16.9,-0.20415267,-0.64692426,0.8382341886334801,1.0
0,NR2F1,-0.20814352,-2.133041,0.8351169088584112,1.0
0,PGF,-0.21046828,-0.3529625,0.8333022077265487,1.0
0,LUM,-0.21659015,-23.899977,0.8285277657595809,1.0
0,COLEC11,-0.21659015,-22.415548,0.8285277657595809,1.0
0,COL3A1,-0.21659015,-23.33204,0.8285277657595809,1.0
0,LRRC17,-0.22364192,-0.8970816,0.8230359436160366,1.0
0,C8orf4,-0.22484304,-2.5796845,0.822101378782538,1.0
0,TMEFF2,-0.22499803,-2.433195,0.8219808081267252,1.0
0,TGFBI,-0.22643162,-0.21648595,0.8208657292316286,1.0
0,CA3,-0.23139112,-0.6475488,0.8170109643866156,1.0
0,SFN,-0.23170109,-0.7543017,0.8167701874479606,1.0
0,CDH7,-0.2325535,-0.775513,0.8161081400941648,1.0
0,CCDC80,-0.23278597,-0.4102625,0.8159276044804893,1.0
0,GABRP,-0.23325093,-23.172897,0.8155665625717928,1.0
0,RFTN2,-0.23325093,-22.767649,0.8155665625717928,1.0
0,PLAU,-0.24258871,-0.46681643,0.8083240259524772,1.0
0,PITX2,-0.24595961,-0.5180391,0.8057134949210776,1.0
0,ACTG1,-0.24909805,-0.010541268,0.8032849447784984,1.0
0,DHRS2,-0.24991171,-23.256927,0.8026556295616579,1.0
0,LINC00379,-0.2572347,-2.0983841,0.7969975973813193,1.0
0,GDPD5,-0.25754467,-2.1310508,0.7967583368582454,1.0
0,CRYAB,-0.26095432,-0.38978872,0.7941277363932655,1.0
0,APCDD1,-0.26308534,-0.73765975,0.7924847973560832,1.0
0,GALP,-0.2636278,-1.0604144,0.7920667414471838,1.0
0,SERPINF1,-0.26614627,-0.07415341,0.7901265524798334,1.0
0,CRH,-0.26657248,-23.427792,0.7897983411152834,1.0
0,SLN,-0.26657248,-23.04945,0.7897983411152834,1.0
0,BGN,-0.26657248,-22.793728,0.7897983411152834,1.0
0,FBLN2,-0.26974967,-0.5572834,0.7873528533518107,1.0
0,VWF,-0.2707183,-0.43434858,0.7866076934821852,1.0
0,MFAP4,-0.2728881,-0.45881757,0.7849392453353636,1.0
0,NKX2-5,-0.28323326,-23.075865,0.7769980278834909,1.0
0,ASCL4,-0.28323326,-23.125256,0.7769980278834909,1.0
0,FOXF1,-0.28323326,-23.079151,0.7769980278834909,1.0
0,ZCCHC12,-0.28323326,-22.832066,0.7769980278834909,1.0
0,FGF7,-0.28323326,-22.905107,0.7769980278834909,1.0
0,ECEL1,-0.29063377,-2.14285,0.7713314417976704,1.0
0,COL5A1,-0.2965619,-1.0993977,0.7668010081472338,1.0
0,NGF,-0.30694583,-2.0562947,0.7588846115834356,1.0
0,CGA,-0.30826318,-3.0397964,0.7578820772622687,1.0
0,CYP1B1,-0.3094643,-0.99754596,0.7569683565641384,1.0
0,BMP4,-0.31039423,-0.32202843,0.7562611930458336,1.0
0,PLK2,-0.31171158,-0.7998355,0.7552597275449523,1.0
0,RBP1,-0.3154312,-0.0704194,0.7524342847739267,1.0
0,CTSK,-0.31698105,-0.5191738,0.7512579927579486,1.0
0,CDX2,-0.3243428,-2.5314176,0.7456785386660028,1.0
0,ANKS1B,-0.33321562,-23.119331,0.7389715362302248,1.0
0,ZFP36,-0.34142977,-0.7836679,0.7327800732333205,1.0
0,GNB5,-0.3430571,-0.2088603,0.7315555088686643,1.0
0,IGFBP3,-0.34770662,-0.7818555,0.7280605292010196,1.0
0,PLA2G2A,-0.34956643,-0.99130785,0.7266641144013999,1.0
0,LHX9,-0.3498764,-23.337273,0.7264314667211231,1.0
0,SLC2A3,-0.36223635,-0.0945283,0.717175407447593,1.0
0,SLC2A1,-0.36626595,-0.030984387,0.7141666361729857,1.0
0,LAMP5,-0.3691719,-1.0762086,0.711999600624178,1.0
0,AC007325.4,-0.37467384,-2.7373357,0.7079030570671316,1.0
0,APLNR,-0.3749838,-3.198397,0.7076725159063562,1.0
0,CCBE1,-0.3757587,-0.5563931,0.70709628027386,1.0
0,CCL2,-0.37994328,-0.37614724,0.703987514367814,1.0
0,PMP22,-0.397224,-0.96304715,0.6912022832639122,1.0
0,SRBD1,-0.39889008,-0.33346817,0.6899741980312584,1.0
0,PRRX1,-0.40694925,-1.5603538,0.6840452630080868,1.0
0,PAK3,-0.4073367,-1.5718858,0.683760704585303,1.0
0,STMN2,-0.40861532,-3.093305,0.6828219806016105,1.0
0,KLF5,-0.4157446,-2.0285938,0.677596907642775,1.0
0,STMN4,-0.41651952,-23.72878,0.6770298927832288,1.0
0,TACSTD2,-0.4331803,-2.3729737,0.6648837951964677,1.0
0,S100A16,-0.4360475,-0.24910624,0.6628022695308546,1.0
0,CREB5,-0.44038704,-2.6746461,0.6596568037867676,1.0
0,EFNA1,-0.4506935,-0.7744469,0.6522104788176312,1.0
0,NPY,-0.46533948,-1.7200404,0.6416883714591983,1.0
0,DKK4,-0.47847438,-0.54926586,0.6323126139452793,1.0
0,ALX1,-0.4805279,-1.068761,0.630852065475543,1.0
0,LMO1,-0.48262018,-0.3828773,0.6293654410763667,1.0
0,LEFTY2,-0.48692098,-1.2452638,0.6263143194509175,1.0
0,ZIC1,-0.49126056,-3.1501772,0.6232421797066761,1.0
0,JUNB,-0.5029231,-0.49681258,0.6150183436012903,1.0
0,RTN1,-0.515903,-0.5247162,0.6059221555775696,1.0
0,APOM,-0.5164067,-0.577202,0.6055703855492773,1.0
0,HAND1,-0.51772404,-3.07054,0.6046508043338725,1.0
0,PLAT,-0.5260157,-1.0759267,0.5988772911767117,1.0
0,IFI6,-0.5363609,-1.0364485,0.5917091535733551,1.0
0,RPRM,-0.5470935,-0.41218907,0.5843144733798595,1.0
0,HOPX,-0.54980576,-24.31605,0.5824526106727357,1.0
0,CDKN1A,-0.55302167,-1.275675,0.5802485692472297,1.0
0,RSPO1,-0.55705124,-3.0312567,0.5774924086783682,1.0
0,SOCS3,-0.5587173,-0.40777636,0.5763546462939362,1.0
0,CXCR4,-0.58560705,-1.1835483,0.5581396026473766,1.0
0,BAALC,-0.59223264,-3.5300844,0.5536948243457867,1.0
0,DUSP1,-0.5992069,-0.46463418,0.5490349175628293,1.0
0,COL1A2,-0.5994394,-0.41192463,0.5488799212153668,1.0
0,SOX2,-0.59998184,-0.06905922,0.54851834707299,1.0
0,CLDN4,-0.6142016,-0.36490977,0.5390821101264205,1.0
0,GATA2,-0.6159064,-2.4801488,0.537956275382434,1.0
0,CXCL14,-0.6403939,-1.4771967,0.5219165437533626,1.0
0,SNAI2,-0.65441996,-1.6980255,0.5128412794542315,1.0
0,TAGLN3,-0.6718557,-0.8692532,0.5016755911623036,1.0
0,TIMP3,-0.6729018,-1.2889112,0.5010097664355317,1.0
0,TBX3,-0.67328924,-2.0816162,0.5007632835668594,1.0
0,VGLL1,-0.67394793,-3.3821409,0.5003444102516681,1.0
0,EMP1,-0.6761952,-1.2597004,0.4989167127611599,1.0
0,PLTP,-0.68626916,-0.09023569,0.4925433856872863,1.0
0,DOK5,-0.6913449,-0.33869705,0.48934882328595974,1.0
0,PRSS35,-0.6997528,-24.232588,0.48408170888430324,1.0
0,EMP3,-0.7038986,-0.47285038,0.4814959223194796,1.0
0,SLC9A3R1,-0.704751,-0.177156,0.48096519842103613,1.0
0,TSPAN7,-0.7421409,-0.818288,0.4580019686594877,1.0
0,DLX2,-0.7663959,-24.638887,0.44344077075292043,1.0
0,NFKBIA,-0.7930144,-0.20486322,0.4277694306063011,1.0
0,TFAP2B,-0.8047157,-2.0268931,0.42098375955954537,1.0
0,IGFBP7,-0.80979145,-2.1731524,0.4180600631319388,1.0
0,MAFB,-0.8538844,-1.1160507,0.3931690595490981,1.0
0,KRT23,-0.85919255,-4.5161643,0.39023427965690893,1.0
0,RIPPLY3,-0.86752295,-0.7965834,0.385655534881019,1.0
0,EDN1,-0.9130495,-0.97124547,0.3612165001035388,1.0
0,ACTA2,-0.9380407,-1.4133655,0.34822350154745785,1.0
0,HES4,-0.9576462,-1.0635977,0.3382412129300888,1.0
0,VAMP5,-0.95985466,-0.9789196,0.3371283554822925,1.0
0,IGFBP5,-1.017625,-1.2363874,0.30885621494993176,1.0
0,LYPD1,-1.0229719,-1.3486724,0.3063211222737916,1.0
0,MAB21L2,-1.0745041,-2.0472457,0.28259680722611147,1.0
0,PEG10,-1.0986816,-0.40301314,0.2719069681197336,1.0
0,GAP43,-1.0991079,-0.30647337,0.271721042503165,1.0
0,TAGLN,-1.1323906,-0.44318074,0.2574702433893341,1.0
0,FEZF1-AS1,-1.1688119,-0.64418936,0.24247943741104827,1.0
0,SMAGP,-1.169858,-0.48511675,0.24205811389631915,1.0
0,GNG11,-1.1701679,-0.8540186,0.24193337627033362,1.0
0,ARHGAP29,-1.2214677,-1.5747572,0.22190899391043029,1.0
0,ANXA1,-1.2416157,-2.3986456,0.21437842146701125,1.0
0,LGALS1,-1.2426617,-0.58060503,0.2139925058079164,1.0
0,NEK2,-1.2776494,-0.70642376,0.2013730790074909,1.0
0,FN1,-1.2908617,-1.3400387,0.19675161321883572,1.0
0,S100A11,-1.3059727,-0.44731182,0.19156183731368048,1.0
0,TRPM3,-1.3200762,-1.1550204,0.18680955903591112,1.0
0,EGR1,-1.3578537,-0.69826317,0.1745101405304309,1.0
0,JUN,-1.3819536,-1.7886612,0.1669859421957426,1.0
0,MT2A,-1.3826511,-0.27448717,0.16677188824188138,1.0
0,BAMBI,-1.4115943,-0.77611315,0.15806944829736436,1.0
0,GATA3,-1.4203897,-2.3212235,0.15549427320074297,1.0
0,COL9A2,-1.4303473,-1.2968452,0.15261734373806188,0.997498978680143
0,NELL2,-1.4350356,-0.40488335,0.15127694122670193,0.995243034386197
0,TTYH1,-1.4817246,-0.4785654,0.13841359576017487,0.916646329537582
0,FGF17,-1.5154335,-0.91874856,0.1296626352031245,0.8760988865075979
0,MEIS2,-1.5428658,-1.1291646,0.12286334921688782,0.8374694886268078
0,HEY1,-1.5808369,-1.7269604,0.11391534776221263,0.7910788039042544
0,CLU,-1.5847502,-0.17361031,0.11302310342288782,0.7903713526076072
0,TUBB2A,-1.638026,-0.22919647,0.10141628229105992,0.7192644134117726
0,ERP27,-1.6531368,-2.4000754,0.09830300856496987,0.7021643468926418
0,FGF8,-1.7691424,-1.4096926,0.07687011206946821,0.5570297976048421
0,HIST1H4C,-1.8303999,-0.18284017,0.0671901720299549,0.4917506966939582
0,SDC2,-1.8359792,-0.21749729,0.06636072388046585,0.49156091763308035
0,DIO3,-1.8953769,-1.0471843,0.0580424893025715,0.43640969400429697
0,ANXA3,-1.9923193,-1.462053,0.046336027104631555,0.3537101305697065
0,CA2,-2.032809,-0.6609616,0.04207182887695762,0.32868616310123144
0,BST2,-2.0361023,-0.24465626,0.04174007811327846,0.3286620323880194
0,KRT19,-2.0796142,-0.3693201,0.037560941163281084,0.30048752930624867
0,TPD52L1,-2.1299453,-1.3923278,0.03317614020594991,0.269724717121544
0,SOX3,-2.1498992,-0.7332477,0.031563176098508214,0.25871455818449357
0,CDC20,-2.322474,-0.34254214,0.020207424077939795,0.1683952006494983
0,NEAT1,-2.4110475,-1.2479901,0.01590678057995989,0.1348032252538974
0,CCKBR,-2.4121323,-1.0724586,0.01585952559569545,0.1348032252538974
0,SSTR2,-2.5501068,-1.049228,0.010768992146606739,0.09615171559470302
0,AC009501.4,-2.5582047,-1.8612372,0.010521413149889785,0.09478750585486292
0,CCNB2,-2.6047773,-0.28740108,0.009193396283160224,0.08512403965889097
0,KLF6,-2.6126816,-0.9812247,0.008983495179294252,0.08395789887190891
0,ANXA2,-2.7501523,-0.56543523,0.005956755131920045,0.056195803131321186
0,TMEM98,-2.9018042,-0.3092451,0.003710202885417956,0.035675027744403426
0,CDKN3,-2.9353583,-0.41353965,0.0033316274286569595,0.03234589736560155
0,IER2,-2.9623256,-0.40182227,0.003053248081998921,0.030230179029692283
0,RPL34,-2.9653864,-0.043342017,0.0030230292303558928,0.030230179029692283
0,AURKA,-2.9727483,-0.7293472,0.002951464843982582,0.029812776201844263
0,PMEL,-3.0028925,-0.44668934,0.0026742681035111394,0.02728845003582795
0,DKK1,-3.0080845,-1.2324471,0.0026289999267575686,0.027175748361950816
0,H1F0,-3.0548122,-1.1810889,0.002252014766141362,0.023705418590961702
0,RSPO3,-3.0886762,-1.7173402,0.0020105041784764764,0.021388342324217834
0,TMEM88,-3.1156435,-1.0679065,0.0018354405799039643,0.01973592021402112
0,MLLT11,-3.1278872,-0.34650216,0.0017606775342486314,0.019137799285311213
0,PLK1,-3.1758935,-0.93022627,0.0014937579438007245,0.01659731048667472
0,CDCA3,-3.2199864,-0.71613896,0.0012819666930366873,0.014427499518892854
0,SFRP2,-3.267063,-0.27492076,0.0010866956688950732,0.0124907548148859
0,HAPLN1,-3.4213881,-1.5720581,0.0006230234930324624,0.007329688153323087
0,DLX5,-3.4396763,-1.0563178,0.0005824104329710868,0.006933457535370081
0,EMX2,-3.5119762,-1.9268914,0.0004447876877107558,0.005358887803744045
0,SARAF,-3.537045,-0.3055434,0.00040463079839213057,0.004934521931611348
0,MYL9,-3.5894296,-0.5210034,0.00033140238776197076,0.004142529847024634
0,FEZF1,-3.6656816,-1.5907171,0.00024668061967595767,0.0031625720471276627
0,KRT8,-3.66944,-0.41516337,0.00024308234956261422,0.0031569136306833015
0,LHX5-AS1,-3.7986193,-0.9318687,0.00014550444685806126,0.0019400592914408168
0,CENPA,-4.0092425,-1.1412741,6.091384669844862e-05,0.0008344362561431319
0,MT-CO1,-4.009979,-0.25341263,6.072424180100017e-05,0.0008344362561431319
0,MSX2,-4.2975125,-1.713071,1.7272535923473747e-05,0.0002577990436339365
0,RPL10,-4.3799253,-0.073025934,1.1871991503655799e-05,0.00018264602313316613
0,PAX6,-4.4119296,-1.6051081,1.0245340470310996e-05,0.0001600834448486093
0,CDH6,-4.4412603,-1.2954986,8.943350073766476e-06,0.00014195793767883295
0,MEST,-4.499457,-0.33018798,6.8127300438370725e-06,0.00010988274264253342
0,ZNF503,-4.5500593,-1.471515,5.3630838675803814e-06,8.791940766525215e-05
0,NNAT,-4.5916724,-0.72951156,4.3970830439716715e-06,7.452683125375715e-05
0,FABP7,-4.6163535,-1.044399,3.905413875607435e-06,6.733472199323163e-05
0,TOP2A,-4.66219,-0.8553161,3.128620320917093e-06,5.488807580556303e-05
0,MAP1B,-4.6908236,-0.5647014,2.7210780543851204e-06,4.9474146443365824e-05
0,SPARC,-4.75952,-0.656556,1.940538705537211e-06,3.661393784032474e-05
0,CCNB1,-4.7750573,-0.57302386,1.7965620554985166e-06,3.45492702980484e-05
0,SAT1,-4.906251,-0.71657157,9.283364787215049e-07,1.8566729574430097e-05
0,ID1,-4.9736304,-0.51399577,6.571052674594912e-07,1.3410311580805943e-05
0,KPNA2,-5.1891356,-0.48221436,2.1127241088073114e-07,4.495157678313428e-06
0,CDK1,-5.3459797,-0.83244973,8.992938699776415e-08,1.954986673864438e-06
0,UBE2C,-5.5008087,-0.71942526,3.7805360233712625e-08,8.401191163047251e-07
0,NUSAP1,-5.8402233,-0.89302844,5.213084172429752e-09,1.2123451563790123e-07
0,CENPF,-6.045926,-0.7895554,1.4855426463548502e-09,3.6232747472069514e-08
0,CITED2,-6.0919952,-0.62926275,1.1151216497322339e-09,2.8592862813647024e-08
0,FST,-6.107377,-0.9417532,1.012817034713201e-09,2.665307986087371e-08
0,H3F3B,-6.503245,-0.2267889,7.860558497577375e-11,2.1834884715492707e-09
0,GPC3,-6.849479,-0.84958845,7.411925936450262e-12,2.179978216603018e-10
0,FRZB,-6.86831,-1.2260791,6.4966979062639144e-12,1.968696335231489e-10
0,TUBB4B,-7.005161,-0.73788595,2.4670240257702045e-12,7.709450080531889e-11
0,ARL6IP1,-7.263984,-0.70983577,3.758523596979912e-13,1.2124269667677136e-11
0,HMGB2,-7.8662133,-0.4367214,3.655375477169019e-15,1.353842769321859e-13
0,HES1,-8.301834,-1.7230741,1.0251600939501015e-16,4.271500391458756e-15
0,PTN,-9.312834,-1.1019608,1.2446628907558518e-20,5.926966146456437e-19
0,DLK1,-9.346388,-1.9160317,9.069212643327389e-21,4.534606321663694e-19
0,ID2,-9.670614,-1.2371206,4.019575533472944e-22,2.2330975185960804e-20
0,TUBA1B,-9.906772,-0.32473585,3.890146793303866e-23,2.288321643119921e-21
0,CRABP2,-10.060593,-1.0285814,8.249997613683363e-24,5.89285543834526e-22
0,VIM,-10.692501,-1.1656141,1.1035382967700365e-26,1.0032166334273059e-24
0,TPBG,-10.767746,-1.7717807,4.8882079595112484e-27,4.888207959511248e-25
0,TUBA1A,-10.858102,-0.727479,1.8250321408286882e-27,2.0278134898096536e-25
0,ID3,-11.41155,-0.932473,3.6614704765566605e-30,6.1024507942611e-28
1,UBE2C,23.117445,2.7069678,3.0915474510361325e-118,3.0915474510361326e-115
1,HMGB2,21.763067,1.368134,5.195371021993056e-105,2.5976855109965277e-102
1,ARL6IP1,21.716154,1.9745897,1.4437224897181952e-104,4.8124082990606505e-102
1,KPNA2,20.224997,1.8741485,5.89948594300913e-91,1.4748714857522826e-88
1,CCNB1,19.725622,2.0604517,1.2994802834931284e-86,2.598960566986257e-84
1,TOP2A,17.833881,2.4094994,3.856899937511763e-71,6.428166562519605e-69
1,CENPF,17.730963,1.9104222,2.4185760157015786e-70,3.455108593859398e-68
1,CCNB2,17.334425,1.7018872,2.5864372258164514e-67,3.2330465322705642e-65
1,NUSAP1,16.837553,2.0041223,1.2948221645687215e-63,1.4386912939652462e-61
1,PTTG1,16.771624,1.4333218,3.9361123364153853e-63,3.936112336415385e-61
1,TUBB4B,16.447811,1.5511131,8.695376241808807e-61,7.904887492553461e-59
1,CDCA3,15.208364,2.3275232,3.112261692532167e-52,2.5935514104434725e-50
1,CENPA,14.784595,2.6370473,1.8416381874850926e-49,1.4166447596039174e-47
1,CDC20,14.29869,1.7879344,2.229675105577051e-46,1.592625075412179e-44
1,CDK1,14.127547,1.7670494,2.5693761419682498e-45,1.7129174279788332e-43
1,AURKA,13.636972,2.3157074,2.4137465075696274e-42,1.5085915672310172e-40
1,TPBG,12.680302,1.6238897,7.603877877720807e-37,4.224376598733782e-35
1,PLK1,12.643521,2.4149923,1.214892635151227e-36,6.394171763953827e-35
1,CDKN3,12.002863,1.4936479,3.432156809402373e-33,1.6343603854297015e-31
1,TUBA1B,11.13414,0.44366345,8.556695980290104e-29,3.8894072637682295e-27
1,TUBA1A,10.416918,0.78202933,2.0757048088483554e-25,9.02480351673198e-24
1,DLK1,10.235476,1.6916404,1.3751799237387774e-24,5.500719694955109e-23
1,VIM,9.015919,0.9428299,1.9522665375155636e-19,6.731953577639874e-18
1,GPC3,8.770715,0.99010015,1.775353553003126e-18,5.547979853134769e-17
1,CRABP2,7.7235518,0.7955045,1.1313203166786716e-14,2.900821324817107e-13
1,PAX6,7.408373,1.713805,1.2785827848530737e-13,3.0442447258406516e-12
1,H3F3B,6.956956,0.24042894,3.477042520439642e-12,7.397962809446046e-11
1,NEK2,6.859583,2.29813,6.906184409362043e-12,1.4387884186170922e-10
1,ZNF503,6.3182573,1.3729624,2.645288936385267e-10,4.9911112007269186e-09
1,RSPO3,6.165297,1.887585,7.035099786828307e-10,1.3027962568200569e-08
1,EMX2,5.9574575,1.6661593,2.561925858980019e-09,4.4946067701403846e-08
1,FST,5.8642964,0.800587,4.510409705844314e-09,7.776568458352265e-08
1,SOX2,5.7260146,0.5478925,1.02817295033861e-08,1.742666017523068e-07
1,FRZB,5.5728874,0.79082215,2.5055164597660258e-08,4.17586076627671e-07
1,MAP1B,5.322512,0.6106498,1.0234385892231424e-07,1.59912279566116e-06
1,DKK1,5.19353,1.4864289,2.0634369988410576e-07,3.0797567146881453e-06
1,NNAT,4.9896936,0.67338455,6.047510908553405e-07,8.893398394931476e-06
1,RPL10,4.923889,0.082270466,8.484100086433424e-07,1.2120142980619175e-05
1,ID2,4.8353567,0.535324,1.3290693532043802e-06,1.845929657228306e-05
1,FEZF1,4.379394,1.2262781,1.1900969195012968e-05,0.00016302697527415026
1,PTN,4.3454075,0.43838882,1.3901730093339517e-05,0.00018786121747756105
1,CDH6,4.090362,0.85157025,4.30700405404193e-05,0.0005593511758496013
1,LHX5-AS1,3.9697616,0.78714854,7.194456319610583e-05,0.0009106906733684282
1,CITED2,3.9455748,0.38245848,7.960875470600054e-05,0.0009951094338250066
1,ID3,3.6771848,0.2889689,0.00023582214308493285,0.0028138364210855155
1,HES1,3.381564,0.4774121,0.0007207447562292912,0.008098255687969564
1,FGF8,3.2727232,1.6699075,0.001065166971838456,0.011705131558664353
1,BST2,3.2016225,0.3712176,0.0013665597085601607,0.014694190414625384
1,NELL2,3.1558344,0.65647596,0.0016003971338676526,0.0168462856196595
1,FEZF1-AS1,3.0456593,1.2170353,0.002321707101640073,0.024184448975417428
1,TMEM98,3.0057094,0.31741002,0.002649620478997314,0.027315675041209422
1,AC009501.4,2.7638,1.033285,0.005713257847532081,0.054935171610885396
1,TUBB2B,2.6388626,0.21205485,0.008318470812873775,0.07922353155117881
1,SOX3,2.5729744,0.7083346,0.010082867768267941,0.09423240904923309
1,DOK5,2.4254348,0.7486657,0.015290056868924573,0.13651836490111224
1,RPL34,2.4149678,0.07480626,0.015736597443669988,0.13926192428026538
1,CLU,2.3793132,0.24010457,0.01734493124397146,0.1521272907125331
1,KLF6,2.376144,0.6369961,0.017494638431941305,0.1521272907125331
1,SARAF,2.342741,0.202899,0.01914266087926299,0.16460250906559176
1,MSX2,2.3404891,0.60527533,0.019258493560674238,0.16460250906559176
1,MEST,2.3084626,0.1638768,0.02097342148277026,0.1762472393510106
1,CA2,2.3052099,0.5127906,0.021154821855615857,0.17629018213013214
1,GAP43,2.2203894,0.53494847,0.026392352877924793,0.21113882302339834
1,SFRP2,2.2143426,0.23220786,0.02680522024497175,0.21212785556872665
1,TMEM88,2.1787295,0.45687693,0.029351759088590265,0.22753301619062222
1,TTYH1,2.0612986,0.5723957,0.039274563400250866,0.2975345712140217
1,DLX5,2.0095472,0.4911979,0.044479135866720934,0.33193384975164875
1,LGALS1,2.0044596,0.7067215,0.045020848435795756,0.33348776619107967
1,FGF17,1.9986632,0.7903283,0.045644814971658204,0.33562363949748675
1,SAT1,1.8156358,0.24544798,0.06942625389316143,0.49590181352258156
1,DIO3,1.789364,0.8144497,0.07355621850677854,0.5143791503970527
1,SERPINF1,1.7644682,0.35542485,0.0776531762394899,0.5318710701334926
1,EMP3,1.7489136,0.8564688,0.08030594840490612,0.546298968740858
1,RIPPLY3,1.6649687,1.1102188,0.09591898300618615,0.6394598867079077
1,IGFBP5,1.6269372,1.0634807,0.10375044874204147,0.682568741723957
1,PMEL,1.6235176,0.209391,0.10447879792731493,0.6828679603092479
1,MT2A,1.5236845,0.26944655,0.12758752929127762,0.8231453502663072
1,CCL2,1.4905736,0.9383245,0.13607346133088868,0.8667099447827304
1,DKK4,1.4844435,1.3014184,0.13769128336694725,0.8714638187781472
1,TSPAN7,1.4086722,1.0199597,0.15893212327632522,0.9690983126605196
1,EDN1,1.396412,0.97638285,0.16259046864289328,0.9802169279727296
1,MAB21L2,1.2901568,1.1746534,0.19699618744925818,1.0
1,HEY1,1.2622586,0.7290826,0.20685571810886105,1.0
1,PEG10,1.2036682,0.3715749,0.2287178233071604,1.0
1,CCKBR,1.1262705,0.36199856,0.2600510293697934,1.0
1,TAGLN3,1.0651363,0.9798349,0.2868142446954637,1.0
1,SDC2,1.0599236,0.11495295,0.28917933494409775,1.0
1,SSTR2,0.9817753,0.2918614,0.3262105647763567,1.0
1,SLC2A1,0.9488729,0.09811259,0.34268525407650396,1.0
1,MEIS2,0.9284809,0.37175843,0.35315814946469615,1.0
1,DUSP1,0.91134167,0.555541,0.36211537211461775,1.0
1,LHX9,0.87748015,2.9047806,0.38022588543451563,1.0
1,RTN1,0.8140524,0.7248082,0.41561493890615075,1.0
1,H1F0,0.7814419,0.3380651,0.4345426236438109,1.0
1,PRRX1,0.7757288,1.5155021,0.4379091116949606,1.0
1,COL9A2,0.7723093,0.4708964,0.4399312460600614,1.0
1,NEAT1,0.7720174,0.17036065,0.44010411514583403,1.0
1,TRPM3,0.71851456,0.4519703,0.47244007525289344,1.0
1,CREB5,0.71280146,1.7420075,0.47596861582579353,1.0
1,EMP1,0.677814,0.7680877,0.4978896187004451,1.0
1,ZIC1,0.6697239,1.8297178,0.5030337763192625,1.0
1,LGALS3BP,0.61755556,0.37044618,0.5368683547207567,1.0
1,TFAP2B,0.6073387,0.6677339,0.5436261522868271,1.0
1,TPD52L1,0.60262644,0.22634684,0.5467572152505551,1.0
1,RFTN2,0.58632123,3.094426,0.557659671497877,1.0
1,CTSK,0.55896515,0.78722805,0.576185520750096,1.0
1,CCDC80,0.5581728,0.59111154,0.5767263923329241,1.0
1,SNAI2,0.5468717,0.62158704,0.584466859019402,1.0
1,HES4,0.5165131,0.33348045,0.6054960677943972,1.0
1,GPM6A,0.4999994,1.3305213,0.617075504797927,1.0
1,ACTA2,0.49470332,0.38952246,0.620809558044693,1.0
1,GNG11,0.4912838,0.23184969,0.6232257309290874,1.0
1,EFEMP1,0.48965746,0.60910505,0.6243763131882811,1.0
1,IL11RA,0.48915705,0.90264934,0.6247305230186329,1.0
1,CTGF,0.47101694,0.11740221,0.6376286358064946,1.0
1,LYPD1,0.47080845,0.5140772,0.6377775397008325,1.0
1,STMN2,0.4423681,1.0442257,0.6582228563545212,1.0
1,IFI6,0.42939898,0.57287115,0.6676328971483735,1.0
1,GNG3,0.42914876,0.50083447,0.6678149621910268,1.0
1,NFIA,0.42560416,1.6078614,0.6703963128995314,1.0
1,CREB3L1,0.39670512,0.48359287,0.6915849341242025,1.0
1,MAPT,0.38607126,1.8330835,0.6994438957156743,1.0
1,PRSS35,0.366138,0.787314,0.7142621001760996,1.0
1,SOSTDC1,0.3605917,0.7257011,0.7184046781278446,1.0
1,LMO1,0.3353624,0.30332878,0.7373517313236408,1.0
1,PMP22,0.33319393,0.3555301,0.73898790417006,1.0
1,CLDN5,0.332485,2.3018584,0.7395230636706639,1.0
1,PLAT,0.32422814,0.5883881,0.7457653265849566,1.0
1,EBF1,0.32260177,5.0106196,0.746996847861407,1.0
1,STMN4,0.31955758,0.83457917,0.7493037378664427,1.0
1,MT-CO1,0.31584615,0.0660795,0.7521192830106149,1.0
1,CXCR4,0.31572106,0.4278101,0.7522142467576793,1.0
1,INA,0.3144283,0.5692843,0.7531957582059017,1.0
1,MAFB,0.30704716,0.24709935,0.758807471061362,1.0
1,MPPED2,0.2890322,0.301495,0.7725567547583102,1.0
1,WNT2B,0.28156763,1.0905645,0.7782750626558432,1.0
1,CCBE1,0.28006637,0.28364813,0.7794265760132246,1.0
1,MOXD1,0.27889875,0.9947353,0.7803225324294241,1.0
1,SRBD1,0.27497882,0.25475478,0.7833325139252886,1.0
1,ALX1,0.26396966,0.41348517,0.7918033017853872,1.0
1,APCDD1,0.26021653,0.61222446,0.794696753090858,1.0
1,RP11-247C2.2,0.24778952,1.9162881,0.8042972607854074,1.0
1,LEFTY2,0.24457853,0.6330395,0.8067827984893728,1.0
1,NTF3,0.24282706,0.25469428,0.8081393709337263,1.0
1,C11orf88,0.2381982,4.3253994,0.8117273656809346,1.0
1,IL6ST,0.2381148,0.97435737,0.8117920507551036,1.0
1,GEM,0.23273534,0.808677,0.8159669326441542,1.0
1,T,0.2320681,0.78538674,0.8164851143623009,1.0
1,JUN,0.2286486,0.1594871,0.8191420503765539,1.0
1,SCGN,0.22322741,3.0066864,0.8233585131899893,1.0
1,CTD-2410N18.3,0.22314401,2.566008,0.8234234220291441,1.0
1,TMEFF2,0.2134693,1.0687207,0.830960933192674,1.0
1,HES7,0.21288548,1.0176508,0.831416288304146,1.0
1,GAD2,0.21221825,1.1318108,0.8319367634409369,1.0
1,RSPO1,0.21175954,0.56924504,0.8322946328642109,1.0
1,ACPP,0.20842344,2.6854553,0.8348983608497478,1.0
1,FBLN2,0.20358607,0.28078017,0.838676975931665,1.0
1,TMEM176B,0.19774789,0.8983301,0.843242323849235,1.0
1,FOXJ1,0.19733086,0.8126535,0.8435686237000167,1.0
1,TANGO6,0.19728917,0.34762377,0.8436012551628664,1.0
1,GALP,0.18974122,0.3258522,0.8495119179095109,1.0
1,APOM,0.1864051,0.18220198,0.8521270842702022,1.0
1,AZU1,0.17297727,1.0628003,0.8626692932012443,1.0
1,FAM81B,0.16872373,22.268476,0.8660139511083359,1.0
1,XX-FW83563B9.5,0.16351107,1.4876777,0.87011606500594,1.0
1,RP1-40E16.9,0.16038346,0.40980914,0.8725790192536425,1.0
1,ZFHX4-AS1,0.15813158,0.8746117,0.8743531128552026,1.0
1,POU4F1,0.15387805,3.7750506,0.8777058953970597,1.0
1,ECEL1,0.15325253,0.7313448,0.8781991382227121,1.0
1,CRYM,0.15145937,0.17618787,0.879613362407937,1.0
1,ADGRL4,0.14829007,0.91745585,0.8821138581278295,1.0
1,NKX2-5,0.14403652,0.8180094,0.88547162961303,1.0
1,FOXF1,0.1431191,0.74423164,0.8861961266619862,1.0
1,FILIP1L,0.13894896,2.6268394,0.8894904851676163,1.0
1,ASCL1,0.13878214,2.3406641,0.8896222995978621,1.0
1,HIST1H2BG,0.13869874,0.23398606,0.8896882079575184,1.0
1,C1orf194,0.13869874,2.1786337,0.8896882079575184,1.0
1,LAMA4,0.12410327,2.0875304,0.9012335099816499,1.0
1,FMOD,0.12410327,2.115794,0.9012335099816499,1.0
1,HOXD1,0.12401987,1.9904635,0.9012995455893348,1.0
1,RUNX2,0.12401987,2.0311728,0.9012995455893348,1.0
1,HMGCS2,0.12385306,1.8209165,0.9014316188533997,1.0
1,SLC39A2,0.12385306,1.5320704,0.9014316188533997,1.0
1,S100B,0.123310946,0.46567196,0.9018608757871115,1.0
1,CCDC184,0.11601321,0.2763332,0.9076420774700548,1.0
1,PCDHA9,0.10900737,1.506235,0.9131966416336341,1.0
1,SST,0.10896567,-0.2082848,0.9132297174876982,1.0
1,RP11-111M22.5,0.10892397,1.3660281,0.9132627934920601,1.0
1,HS3ST1,0.10333599,0.4423592,0.9176963142025302,1.0
1,ENO2,0.10325258,0.024989516,0.9177625058900147,1.0
1,VWF,0.10141773,0.27820185,0.9192188664217091,1.0
1,CLEC14A,0.0944953,1.5419215,0.9247157172726257,1.0
1,ETV3L,0.08949114,0.73570526,0.9286915992962789,1.0
1,SLC7A7,0.08602992,0.2780903,0.9314426321967374,1.0
1,BRINP3,0.084361866,21.356825,0.932768725764023,1.0
1,RP11-188D8.1,0.084361866,21.140574,0.932768725764023,1.0
1,CTXN3,0.084361866,21.362375,0.932768725764023,1.0
1,TFF3,0.084361866,20.930115,0.932768725764023,1.0
1,FAM181A,0.084361866,21.532469,0.932768725764023,1.0
1,CD34,0.084361866,21.329285,0.932768725764023,1.0
1,TCTEX1D4,0.084361866,21.172037,0.932768725764023,1.0
1,GSC,0.08381975,0.4289216,0.9331997465327748,1.0
1,DLX6-AS1,0.08290232,0.28268263,0.9339292108483765,1.0
1,PAK3,0.08169298,0.16556583,0.9348908621195056,1.0
1,PHYHIPL,0.07939941,1.0806618,0.9367149433172537,1.0
1,MSC,0.079232596,1.1220196,0.9368476168419424,1.0
1,DDC,0.07906579,0.82852834,0.9369802921201132,1.0
1,DHRS2,0.07435354,0.9380153,0.940729077903712,1.0
1,CA9,0.07393652,0.5528225,0.9410608933421071,1.0
1,FIBIN,0.07376972,0.35837176,0.9411936223853228,1.0
1,MEOX2,0.06947448,2.6309152,0.9446119473166006,1.0
1,RP11-525K10.3,0.06947448,2.6941829,0.9446119473166006,1.0
1,ST7-AS1,0.06947448,2.524542,0.9446119473166006,1.0
1,RP13-941N14.1,0.06947448,2.7986372,0.9446119473166006,1.0
1,RP4-794H19.1,0.06947448,2.6043363,0.9446119473166006,1.0
1,TSPAN8,0.06947448,2.7055564,0.9446119473166006,1.0
1,PLD1,0.06947448,2.923291,0.9446119473166006,1.0
1,IL3RA,0.06947448,2.6570182,0.9446119473166006,1.0
1,AGAP2,0.06947448,2.9025705,0.9446119473166006,1.0
1,IGFBP7-AS1,0.06939107,2.108567,0.944678332858345,1.0
1,RP11-559M23.1,0.06939107,2.133814,0.944678332858345,1.0
1,CCDC81,0.06939107,1.6434488,0.944678332858345,1.0
1,CDH5,0.06939107,2.1139166,0.944678332858345,1.0
1,GAS2,0.06939107,2.0362172,0.944678332858345,1.0
1,TTR,0.06939107,0.52593213,0.944678332858345,1.0
1,COL15A1,0.06939107,2.111418,0.944678332858345,1.0
1,SLC8A1-AS1,0.06939107,1.9910934,0.944678332858345,1.0
1,GNB5,0.06743111,0.059035003,0.9462385026989365,1.0
1,VWC2,0.06438691,0.7175487,0.9486621519074252,1.0
1,SPOCK3,0.06422011,0.6256927,0.9487949685370511,1.0
1,AMBN,0.06380309,-0.06616009,0.9491270163277037,1.0
1,PPP1R42,0.06380309,0.3692065,0.9491270163277037,1.0
1,BGN,0.058798928,0.30630043,0.9531122624811263,1.0
1,ALDH1A2,0.057631288,-0.0038739964,0.954042325658997,1.0
1,RASSF9,0.05458709,1.8536097,0.9564674243468497,1.0
1,RP11-61A14.1,0.05458709,1.8773426,0.9564674243468497,1.0
1,SNAP25,0.05458709,1.6876965,0.9564674243468497,1.0
1,VTN,0.054503687,1.5988892,0.9565338711811361,1.0
1,LCN15,0.054503687,1.4120436,0.9565338711811361,1.0
1,CD48,0.054503687,1.5139214,0.9565338711811361,1.0
1,TPPP3,0.054503687,1.5599302,0.9565338711811361,1.0
1,AC012358.8,0.054420285,1.0972521,0.9566003183174743,1.0
1,GADD45B,0.05333605,0.2086539,0.9574641583668971,1.0
1,SYT4,0.049291015,0.642206,0.9606873789576309,1.0
1,RAMP3,0.048874002,0.3631579,0.9610197071800584,1.0
1,CAV1,0.04478727,0.04125012,0.9642768732513451,1.0
1,FGF7,0.043160915,0.07529486,0.9655732612822648,1.0
1,HAMP,0.039699703,1.4793614,0.9683325395771968,1.0
1,LPL,0.039699703,1.1838357,0.9683325395771968,1.0
1,ARX,0.039699703,1.630068,0.9683325395771968,1.0
1,COL6A3,0.039616298,0.90124226,0.9683990330217523,1.0
1,MORN5,0.039616298,1.1747547,0.9683990330217523,1.0
1,AC108488.4,0.039616298,0.83972025,0.9683990330217523,1.0
1,RP11-44N21.1,0.039616298,0.8684774,0.9683990330217523,1.0
1,RP11-231G3.1,0.039449494,0.4917809,0.9685320205695073,1.0
1,RP3-466P17.1,0.039449494,0.6380504,0.9685320205695073,1.0
1,IL32,0.034612134,0.4366581,0.9723890251267453,1.0
1,JUNB,0.03419512,0.017371198,0.9727215570428785,1.0
1,MIAT,0.03294408,0.04679043,0.9737191810115301,1.0
1,GLT8D2,0.028440332,0.11911128,0.9773109565562275,1.0
1,NR2F1,0.028106721,-0.005975021,0.9775770332005406,1.0
1,FGF4,0.024937417,0.18541062,0.9801048815746839,1.0
1,PHACTR3,0.024812313,1.2987859,0.9802046693287919,1.0
1,CTB-113D17.1,0.024812313,0.82984537,0.9802046693287919,1.0
1,MITF,0.024728911,0.50698596,0.980271194670379,1.0
1,LOX,0.024728911,0.6935702,0.980271194670379,1.0
1,GJB2,0.024728911,0.7667002,0.980271194670379,1.0
1,CAPSL,0.024645507,0.5106726,0.9803377201491722,1.0
1,RP11-753H16.3,0.024562106,0.18222563,0.9804042457647087,1.0
1,LINC00900,0.024562106,0.40770653,0.9804042457647087,1.0
1,PRPH,0.024562106,0.4182614,0.9804042457647087,1.0
1,CFC1,0.024478702,-0.13248575,0.9804707715165262,1.0
1,DLX1,0.024478702,0.059363306,0.9804707715165262,1.0
1,HBA2,0.020517074,0.1434037,0.9836308929161067,1.0
1,ELAVL4,0.016889054,0.19941293,0.9865251253826414,1.0
1,MROH8,0.01463718,0.05959486,0.98832163715651,1.0
1,BHLHE40,0.014470374,0.33296156,0.988454714570193,1.0
1,C8orf4,0.013052528,-0.3658144,0.9895858851818518,1.0
1,SYNPO2,0.009924926,0.5764394,0.9920811852618618,1.0
1,PTHLH,0.009924926,0.5725802,0.9920811852618618,1.0
1,ISM1,0.009841522,0.3131205,0.9921477277660442,1.0
1,ONECUT1,0.0097581195,0.23028177,0.9922142703248453,1.0
1,ZIC4,0.009591314,-0.073542394,0.9923473556044528,1.0
1,CLEC3A,0.009591314,0.025861189,0.9923473556044528,1.0
1,CFAP77,0.009507911,-0.3612185,0.9924138983243332,1.0
1,PCP4L1,0.009507911,-0.12108853,0.9924138983243332,1.0
1,RP4-665J23.1,0.007839857,-0.07064609,0.9937447631875373,1.0
1,NEUROD1,0.0,0.0,1.0,1.0
1,AC140912.1,0.0,0.0,1.0,1.0
1,NKX2-1,0.0,0.0,1.0,1.0
1,MS4A8,0.0,0.0,1.0,1.0
1,AF131217.1,0.0,0.0,1.0,1.0
1,MYOZ2,0.0,0.0,1.0,1.0
1,BARHL2,0.0,0.0,1.0,1.0
1,MAB21L1,0.0,0.0,1.0,1.0
1,KRT14,0.0,0.0,1.0,1.0
1,LINC01117,0.0,0.0,1.0,1.0
1,APOBEC2,0.0,0.0,1.0,1.0
1,ANGPTL1,0.0,0.0,1.0,1.0
1,AKR1B10,0.0,0.0,1.0,1.0
1,AGTR2,0.0,0.0,1.0,1.0
1,MGC16275,0.0,0.0,1.0,1.0
1,LLNLF-187D8.1,0.0,0.0,1.0,1.0
1,LINC00907,0.0,0.0,1.0,1.0
1,AGT,0.0,0.0,1.0,1.0
1,APOC3,0.0,0.0,1.0,1.0
1,NFIA-AS2,0.0,0.0,1.0,1.0
1,LINC00682,0.0,0.0,1.0,1.0
1,ARPP21,0.0,0.0,1.0,1.0
1,MLANA,0.0,0.0,1.0,1.0
1,MMP10,0.0,0.0,1.0,1.0
1,NEUROD4,0.0,0.0,1.0,1.0
1,DCT,0.0,0.0,1.0,1.0
1,C1QTNF7,0.0,0.0,1.0,1.0
1,FABP7,0.0,-0.028496744,1.0,1.0
1,GPR183,0.0,0.0,1.0,1.0
1,GNRH2,0.0,0.0,1.0,1.0
1,GMNC,0.0,0.0,1.0,1.0
1,GLYAT,0.0,0.0,1.0,1.0
1,GIMAP4,0.0,0.0,1.0,1.0
1,CFAP126,0.0,0.0,1.0,1.0
1,CFAP161,0.0,0.0,1.0,1.0
1,GABRB1,0.0,0.0,1.0,1.0
1,CFI,0.0,0.0,1.0,1.0
1,CHRM2,0.0,0.0,1.0,1.0
1,FIGF,0.0,0.0,1.0,1.0
1,FGG,0.0,0.0,1.0,1.0
1,FGA,0.0,0.0,1.0,1.0
1,FAP,0.0,0.0,1.0,1.0
1,ESM1,0.0,0.0,1.0,1.0
1,IGF1,0.0,0.0,1.0,1.0
1,EPYC,0.0,0.0,1.0,1.0
1,CSRP3,0.0,0.0,1.0,1.0
1,CST4,0.0,0.0,1.0,1.0
1,EMCN,0.0,0.0,1.0,1.0
1,CTD-2339F6.1,0.0,0.0,1.0,1.0
1,DRC1,0.0,0.0,1.0,1.0
1,DPT,0.0,0.0,1.0,1.0
1,DNM3OS,0.0,0.0,1.0,1.0
1,CTD-2521M24.8,0.0,0.0,1.0,1.0
1,CTD-2545M3.8,0.0,0.0,1.0,1.0
1,CTSS,0.0,0.0,1.0,1.0
1,CXCL10,0.0,0.0,1.0,1.0
1,DHRS9,0.0,0.0,1.0,1.0
1,CYP26B1,0.0,0.0,1.0,1.0
1,GRIA2,0.0,0.0,1.0,1.0
1,GRIK1,0.0,0.0,1.0,1.0
1,GSX2,0.0,0.0,1.0,1.0
1,GYPB,0.0,0.0,1.0,1.0
1,C20orf85,0.0,0.0,1.0,1.0
1,IFI44L,0.0,0.0,1.0,1.0
1,C4orf26,0.0,0.0,1.0,1.0
1,C5orf66-AS1,0.0,0.0,1.0,1.0
1,IFI44,0.0,0.0,1.0,1.0
1,ICAM2,0.0,0.0,1.0,1.0
1,IBSP,0.0,0.0,1.0,1.0
1,HTR2B,0.0,0.0,1.0,1.0
1,HSPA6,0.0,0.0,1.0,1.0
1,HPCAL4,0.0,0.0,1.0,1.0
1,HOXD11,0.0,0.0,1.0,1.0
1,HOXC9,0.0,0.0,1.0,1.0
1,HOXC8,0.0,0.0,1.0,1.0
1,C8orf46,0.0,0.0,1.0,1.0
1,HOXC6,0.0,0.0,1.0,1.0
1,HOXC10,0.0,0.0,1.0,1.0
1,HOXB-AS3,0.0,0.0,1.0,1.0
1,HOXA9,0.0,0.0,1.0,1.0
1,HOXA7,0.0,0.0,1.0,1.0
1,HOXA10,0.0,0.0,1.0,1.0
1,HMP19,0.0,0.0,1.0,1.0
1,HLF,0.0,0.0,1.0,1.0
1,HIP1R,0.0,0.11055046,1.0,1.0
1,CARTPT,0.0,0.0,1.0,1.0
1,CCDC170,0.0,0.0,1.0,1.0
1,HBD,0.0,0.0,1.0,1.0
1,CCDC42,0.0,0.0,1.0,1.0
1,GZMA,0.0,0.0,1.0,1.0
1,GYPE,0.0,0.0,1.0,1.0
1,FGB,0.0,0.0,1.0,1.0
1,ZNF804A,0.0,0.0,1.0,1.0
1,REN,0.0,0.0,1.0,1.0
1,SFRP4,0.0,0.0,1.0,1.0
1,SLC18A1,0.0,0.0,1.0,1.0
1,SLC17A6,0.0,0.0,1.0,1.0
1,PCAT19,0.0,0.0,1.0,1.0
1,SFTA3,0.0,0.0,1.0,1.0
1,TYR,0.0,0.0,1.0,1.0
1,TYRP1,0.0,0.0,1.0,1.0
1,PAX1,0.0,0.0,1.0,1.0
1,PLN,0.0,0.0,1.0,1.0
1,SCRT2,0.0,0.0,1.0,1.0
1,SERPINE3,0.0,0.0,1.0,1.0
1,OR8S1,0.0,0.0,1.0,1.0
1,URAD,0.0,0.0,1.0,1.0
1,SERPIND1,0.0,0.0,1.0,1.0
1,SERPINB2,0.0,0.0,1.0,1.0
1,SERPINA11,0.0,0.0,1.0,1.0
1,WFIKKN2,0.0,0.0,1.0,1.0
1,SLC18A3,0.0,0.0,1.0,1.0
1,SLC30A8,0.0,0.0,1.0,1.0
1,SLC45A2,0.0,0.0,1.0,1.0
1,PRSS1,0.0,0.0,1.0,1.0
1,TEKT1,0.0,0.0,1.0,1.0
1,TF,0.0,0.0,1.0,1.0
1,TDO2,0.0,0.0,1.0,1.0
1,TBX5,0.0,0.0,1.0,1.0
1,TBX2-AS1,0.0,0.0,1.0,1.0
1,TAL1,0.0,0.0,1.0,1.0
1,RP11-802E16.3,0.0,0.0,1.0,1.0
1,PHOX2B,0.0,0.0,1.0,1.0
1,SULT1E1,0.0,0.0,1.0,1.0
1,STOML3,0.0,0.0,1.0,1.0
1,SRGN,0.0,0.0,1.0,1.0
1,PLVAP,0.0,0.0,1.0,1.0
1,TMEM196,0.0,0.0,1.0,1.0
1,SP9,0.0,0.0,1.0,1.0
1,PRND,0.0,0.0,1.0,1.0
1,RIPPLY1,0.0,0.0,1.0,1.0
1,TECRL,0.0,0.0,1.0,1.0
1,RP11-327J17.9,0.0,0.0,1.0,1.0
1,WNT16,0.0,0.0,1.0,1.0
1,RP11-290H9.5,0.0,0.0,1.0,1.0
1,RP11-462L8.1,0.0,0.0,1.0,1.0
1,RP11-21B23.2,0.0,0.0,1.0,1.0
1,RP11-111H13.1,0.0,0.0,1.0,1.0
1,RP11-32K4.1,0.0,0.0,1.0,1.0
1,S100A8,0.0,0.0,1.0,1.0
1,WNT2,0.0,0.0,1.0,1.0
1,RP11-382A20.7,0.0,0.0,1.0,1.0
1,SCGB1A1,0.0,0.0,1.0,1.0
1,OGN,0.0,0.0,1.0,1.0
1,RP11-387A1.5,0.0,0.0,1.0,1.0
1,ZNF503-AS1,0.0,0.0,1.0,1.0
1,RP11-510C10.2,0.0,0.0,1.0,1.0
1,RP11-1085N6.5,0.0,0.0,1.0,1.0
1,ZNF474,0.0,0.0,1.0,1.0
1,EDNRA,-0.0012510411,-0.1356292,0.9990018139480628,1.0
1,HDAC9,-0.0014178465,-0.16345124,0.9988687225584091,1.0
1,NFKBIA,-0.0031276026,-0.015370432,0.9975045382876058,1.0
1,RNASE1,-0.0050458657,0.15271935,0.9959739989578444,1.0
1,SOST,-0.0051292684,-0.22231854,0.9959074540649169,1.0
1,PTGER2,-0.0051292684,0.041186843,0.9959074540649169,1.0
1,ELAVL3,-0.0051292684,-0.18073343,0.9959074540649169,1.0
1,CYP4X1,-0.0054628793,-0.67092854,0.9956412747825111,1.0
1,SCG2,-0.0055879834,-0.024579221,0.995541457675084,1.0
1,CES1,-0.0103419395,0.031670067,0.9917484735764301,1.0
1,NRN1,-0.01067555,-0.2368566,0.9914823052584306,1.0
1,TM4SF1,-0.010842356,-0.22530991,0.9913492214530614,1.0
1,NPPC,-0.011926591,-0.18229187,0.9904841827504434,1.0
1,NTM,-0.014303569,-0.06592261,0.9885877923050901,1.0
1,GSTA2,-0.01492909,-19.020882,0.9880887524666219,1.0
1,KCNJ2,-0.01492909,-19.045732,0.9880887524666219,1.0
1,RP11-343L5.2,-0.01492909,-18.567839,0.9880887524666219,1.0
1,KISS1,-0.01492909,-18.785553,0.9880887524666219,1.0
1,LA16c-312E8.2,-0.01492909,-18.416237,0.9880887524666219,1.0
1,RP11-490O6.2,-0.01492909,-18.48964,0.9880887524666219,1.0
1,GPR12,-0.01492909,-18.78414,0.9880887524666219,1.0
1,LA16c-380H5.3,-0.01492909,-18.884743,0.9880887524666219,1.0
1,LBX1,-0.01492909,-18.994188,0.9880887524666219,1.0
1,CORIN,-0.01492909,-18.713707,0.9880887524666219,1.0
1,COLEC10,-0.01492909,-18.73798,0.9880887524666219,1.0
1,CLEC1B,-0.01492909,-18.73798,0.9880887524666219,1.0
1,RP11-95O2.5,-0.01492909,-19.082376,0.9880887524666219,1.0
1,KCNF1,-0.01492909,-18.999212,0.9880887524666219,1.0
1,FMO1,-0.01492909,-18.990519,0.9880887524666219,1.0
1,DBH,-0.01492909,-18.800335,0.9880887524666219,1.0
1,S100A9,-0.01492909,-19.085075,0.9880887524666219,1.0
1,SDPR,-0.01492909,-18.982216,0.9880887524666219,1.0
1,FGF5,-0.01492909,-18.515997,0.9880887524666219,1.0
1,HOXA-AS3,-0.01492909,-18.751392,0.9880887524666219,1.0
1,SAMSN1,-0.01492909,-18.73798,0.9880887524666219,1.0
1,RGS13,-0.01492909,-19.085615,0.9880887524666219,1.0
1,RP11-1109F11.5,-0.01492909,-18.618464,0.9880887524666219,1.0
1,HOXB9,-0.01492909,-18.850355,0.9880887524666219,1.0
1,RGS1,-0.01492909,-18.998877,0.9880887524666219,1.0
1,HOXC5,-0.01492909,-18.996197,0.9880887524666219,1.0
1,FCN3,-0.01492909,-18.73798,0.9880887524666219,1.0
1,RP11-110I1.14,-0.01492909,-18.796339,0.9880887524666219,1.0
1,SNTG1,-0.01492909,-18.489302,0.9880887524666219,1.0
1,SHOX,-0.01492909,-18.40079,0.9880887524666219,1.0
1,HBZ,-0.01492909,-18.669203,0.9880887524666219,1.0
1,ENPP3,-0.01492909,-18.842644,0.9880887524666219,1.0
1,RP11-156E8.1,-0.01492909,-18.501844,0.9880887524666219,1.0
1,RAB27B,-0.01492909,-18.989685,0.9880887524666219,1.0
1,DSG3,-0.01492909,-18.509586,0.9880887524666219,1.0
1,IHH,-0.01492909,-18.869091,0.9880887524666219,1.0
1,IL37,-0.01492909,-18.543125,0.9880887524666219,1.0
1,DLL4,-0.01492909,-18.44344,0.9880887524666219,1.0
1,DKK2,-0.01492909,-18.533321,0.9880887524666219,1.0
1,SERPINA1,-0.01492909,-18.867281,0.9880887524666219,1.0
1,CPA5,-0.01492909,-18.504002,0.9880887524666219,1.0
1,RP11-676J12.4,-0.01492909,-19.035488,0.9880887524666219,1.0
1,TNFSF10,-0.01492909,-18.707844,0.9880887524666219,1.0
1,WNT10A,-0.01492909,-18.887959,0.9880887524666219,1.0
1,MYL3,-0.01492909,-19.5588,0.9880887524666219,1.0
1,OLIG2,-0.01492909,-18.529606,0.9880887524666219,1.0
1,APOB,-0.01492909,-18.474653,0.9880887524666219,1.0
1,TMEM156,-0.01492909,-18.529375,0.9880887524666219,1.0
1,AREG,-0.01492909,-18.530186,0.9880887524666219,1.0
1,OSR1,-0.01492909,-18.827505,0.9880887524666219,1.0
1,ASPN,-0.01492909,-18.611162,0.9880887524666219,1.0
1,CBLN4,-0.01492909,-18.614004,0.9880887524666219,1.0
1,BARX2,-0.01492909,-18.422852,0.9880887524666219,1.0
1,BDKRB1,-0.01492909,-18.582603,0.9880887524666219,1.0
1,TXLNB,-0.01492909,-18.60464,0.9880887524666219,1.0
1,BIRC7,-0.01492909,-18.533321,0.9880887524666219,1.0
1,C7,-0.01492909,-18.541954,0.9880887524666219,1.0
1,CBLN2,-0.01492909,-18.695667,0.9880887524666219,1.0
1,CAPN3,-0.01492909,-18.629555,0.9880887524666219,1.0
1,PECAM1,-0.01492909,-19.647589,0.9880887524666219,1.0
1,ALX3,-0.01492909,-18.883673,0.9880887524666219,1.0
1,ALPK1,-0.01492909,-18.494371,0.9880887524666219,1.0
1,CCNO,-0.01492909,-19.007124,0.9880887524666219,1.0
1,NEUROG1,-0.01492909,-18.98719,0.9880887524666219,1.0
1,LINC00305,-0.01492909,-18.412518,0.9880887524666219,1.0
1,NPR3,-0.01492909,-18.591204,0.9880887524666219,1.0
1,NPPA,-0.01492909,-18.998877,0.9880887524666219,1.0
1,TH,-0.01492909,-18.554537,0.9880887524666219,1.0
1,NPNT,-0.01492909,-18.888418,0.9880887524666219,1.0
1,ADAMTSL1,-0.01492909,-18.484364,0.9880887524666219,1.0
1,YPEL4,-0.01492909,-18.614746,0.9880887524666219,1.0
1,CDC20B,-0.01492909,-18.804632,0.9880887524666219,1.0
1,LINC00950,-0.01492909,-18.666752,0.9880887524666219,1.0
1,LINC01102,-0.01492909,-19.066927,0.9880887524666219,1.0
1,NHLH1,-0.01492909,-18.744942,0.9880887524666219,1.0
1,TLX3,-0.01492909,-18.449099,0.9880887524666219,1.0
1,AGTR1,-0.01492909,-18.518293,0.9880887524666219,1.0
1,XAGE2,-0.01492909,-18.422852,0.9880887524666219,1.0
1,WT1,-0.01492909,-18.695667,0.9880887524666219,1.0
1,CAPN9,-0.01492909,-19.052551,0.9880887524666219,1.0
1,GATA2,-0.019516239,0.036632463,0.9844292819727356,1.0
1,ANKRD1,-0.019849852,0.6100577,0.9841631505149729,1.0
1,LIM2,-0.020016657,-0.20761418,0.9840300854451226,1.0
1,HBE1,-0.020266864,-0.59330285,0.9838304886745448,1.0
1,SPX,-0.02468721,0.00030521475,0.9803044573926538,1.0
1,IGF2,-0.025521237,-0.13370122,0.9796392095303416,1.0
1,ANGPT2,-0.025688043,-0.31193382,0.9795061616422717,1.0
1,MIR7-3HG,-0.02618846,-0.5305686,0.9791070214134384,1.0
1,LINC00643,-0.02618846,-0.6202584,0.9791070214134384,1.0
1,LAMP5,-0.027272694,-0.09188801,0.9782422356619352,1.0
1,FGFBP2,-0.02985818,-19.566927,0.976180159339729,1.0
1,MYH6,-0.02985818,-19.795721,0.976180159339729,1.0
1,HOXB5,-0.02985818,-20.26439,0.976180159339729,1.0
1,NR4A2,-0.02985818,-19.637846,0.976180159339729,1.0
1,ODAM,-0.02985818,-20.009968,0.976180159339729,1.0
1,SPRR2F,-0.02985818,-19.936357,0.976180159339729,1.0
1,OTX2-AS1,-0.02985818,-19.709896,0.976180159339729,1.0
1,KIAA1614,-0.02985818,-19.53382,0.976180159339729,1.0
1,HSD17B2,-0.02985818,-19.948755,0.976180159339729,1.0
1,CPED1,-0.02985818,-19.713604,0.976180159339729,1.0
1,LYZ,-0.02985818,-19.739841,0.976180159339729,1.0
1,L3MBTL4,-0.02985818,-20.059849,0.976180159339729,1.0
1,CFAP45,-0.02985818,-19.701803,0.976180159339729,1.0
1,CD36,-0.02985818,-19.532246,0.976180159339729,1.0
1,GABRD,-0.02985818,-19.717129,0.976180159339729,1.0
1,RP11-285F16.1,-0.02985818,-19.8898,0.976180159339729,1.0
1,TLX2,-0.02985818,-19.788813,0.976180159339729,1.0
1,CLEC1A,-0.02985818,-19.722551,0.976180159339729,1.0
1,NKX2-8,-0.02985818,-20.03719,0.976180159339729,1.0
1,ADCYAP1,-0.02985818,-19.826754,0.976180159339729,1.0
1,GPX2,-0.02985818,-19.485966,0.976180159339729,1.0
1,GJB6,-0.02985818,-19.674004,0.976180159339729,1.0
1,RP4-758J18.13,-0.02985818,-19.530342,0.976180159339729,1.0
1,RP11-511B23.1,-0.02985818,-20.092648,0.976180159339729,1.0
1,HBG2,-0.02985818,-19.613056,0.976180159339729,1.0
1,APOL4,-0.02985818,-19.846825,0.976180159339729,1.0
1,C19orf45,-0.02985818,-19.686998,0.976180159339729,1.0
1,MGP,-0.02985818,-19.815128,0.976180159339729,1.0
1,KCNA3,-0.02985818,-19.651794,0.976180159339729,1.0
1,SMPX,-0.02985818,-19.744837,0.976180159339729,1.0
1,PGM5-AS1,-0.02985818,-19.841326,0.976180159339729,1.0
1,SMIM5,-0.02985818,-19.573467,0.976180159339729,1.0
1,SMCR2,-0.02985818,-19.872303,0.976180159339729,1.0
1,C3orf80,-0.02985818,-19.509668,0.976180159339729,1.0
1,PDE1A,-0.02985818,-19.977951,0.976180159339729,1.0
1,PRSS2,-0.02985818,-20.415894,0.976180159339729,1.0
1,RAD21-AS1,-0.02985818,-19.766163,0.976180159339729,1.0
1,TRPM1,-0.02985818,-19.526064,0.976180159339729,1.0
1,EDN3,-0.02985818,-19.833689,0.976180159339729,1.0
1,PRSS56,-0.02985818,-19.779993,0.976180159339729,1.0
1,TTC9B,-0.02985818,-19.57961,0.976180159339729,1.0
1,RAB3A,-0.033986613,-0.05005174,0.9728878247827615,1.0
1,RIT2,-0.03473724,-0.055377763,0.9722892664852076,1.0
1,PRTN3,-0.034820642,-0.16207133,0.9722227609649348,1.0
1,FOXS1,-0.034904044,-0.45358697,0.9721562556378027,1.0
1,SLC5A12,-0.03507085,-0.5541202,0.9720232455648093,1.0
1,TMEM155,-0.035154253,-0.5426054,0.971956740819872,1.0
1,MYL7,-0.035154253,-0.97669363,0.971956740819872,1.0
1,GATA6-AS1,-0.035237655,-0.990221,0.9718902362699239,1.0
1,APOA2,-0.035321057,-1.3898509,0.9718237319154267,1.0
1,HLX,-0.035321057,-0.79193115,0.9718237319154267,1.0
1,SLITRK6,-0.035404462,-1.123306,0.9717572277568426,1.0
1,OSR2,-0.04478727,-20.139765,0.9642768732513451,1.0
1,LGALS2,-0.04478727,-20.608473,0.9642768732513451,1.0
1,CH25H,-0.04478727,-20.378016,0.9642768732513451,1.0
1,KCNN4,-0.04478727,-20.329758,0.9642768732513451,1.0
1,SLPI,-0.04478727,-20.432842,0.9642768732513451,1.0
1,LINC01411,-0.04478727,-20.742935,0.9642768732513451,1.0
1,PLSCR2,-0.04478727,-20.563726,0.9642768732513451,1.0
1,PRR9,-0.04478727,-21.20254,0.9642768732513451,1.0
1,MEGF11,-0.04478727,-20.307077,0.9642768732513451,1.0
1,XKR7,-0.04478727,-20.213333,0.9642768732513451,1.0
1,EPHA5-AS1,-0.04478727,-20.138382,0.9642768732513451,1.0
1,PHOX2A,-0.04478727,-20.435307,0.9642768732513451,1.0
1,RASGRP3,-0.04478727,-20.487047,0.9642768732513451,1.0
1,CTD-2314G24.2,-0.04478727,-20.507113,0.9642768732513451,1.0
1,ZG16,-0.04478727,-20.24491,0.9642768732513451,1.0
1,SERPINB4,-0.04478727,-20.047083,0.9642768732513451,1.0
1,POSTN,-0.04478727,-20.242016,0.9642768732513451,1.0
1,RGS4,-0.04478727,-20.478054,0.9642768732513451,1.0
1,ISL2,-0.04478727,-20.358,0.9642768732513451,1.0
1,APLN,-0.04478727,-20.143208,0.9642768732513451,1.0
1,ATOH1,-0.04478727,-20.22273,0.9642768732513451,1.0
1,CTD-2035E11.4,-0.04478727,-20.501863,0.9642768732513451,1.0
1,SCN2A,-0.04478727,-20.12443,0.9642768732513451,1.0
1,ACTG2,-0.04507918,-0.25244048,0.9640441981161426,1.0
1,CA4,-0.04545449,-0.013806694,0.9637450488725667,1.0
1,MYL4,-0.046830636,-0.665365,0.9626482122944028,1.0
1,NUPR1,-0.049624626,-0.25601387,0.9604215212952024,1.0
1,RSPO2,-0.049624626,-0.3167178,0.9604215212952024,1.0
1,RP11-407N17.5,-0.050208446,-0.89774203,0.9599562809943885,1.0
1,CYP1A1,-0.050375253,-1.0673692,0.9598233576920355,1.0
1,PACRG,-0.050375253,-0.87928355,0.9598233576920355,1.0
1,LRRC17,-0.05120928,-0.2949009,0.9591587580080326,1.0
1,FAM102B,-0.054128375,-0.026137803,0.9568328856666627,1.0
1,ZCCHC12,-0.054378584,-0.10641728,0.9566335419987688,1.0
1,MIR22HG,-0.05462879,-0.24264547,0.9564342010431199,1.0
1,SPON2,-0.05521261,-0.34989098,0.9559690827641176,1.0
1,ALDH1A1,-0.05529601,-0.5438081,0.9559026385158771,1.0
1,NCCRP1,-0.05608834,-0.20185956,0.9552714335058713,1.0
1,MFAP4,-0.05700577,-0.07104194,0.9545405996163165,1.0
1,DMRT2,-0.05971636,-20.67124,0.9523815432865477,1.0
1,TRH,-0.05971636,-20.4565,0.9523815432865477,1.0
1,THBD,-0.05971636,-20.650316,0.9523815432865477,1.0
1,CXCL2,-0.05971636,-20.601007,0.9523815432865477,1.0
1,C2orf54,-0.05971636,-20.898872,0.9523815432865477,1.0
1,SYNM,-0.05971636,-20.552078,0.9523815432865477,1.0
1,UPK1B,-0.05971636,-20.668669,0.9523815432865477,1.0
1,AQP1,-0.05971636,-20.748146,0.9523815432865477,1.0
1,C1orf168,-0.05971636,-20.751802,0.9523815432865477,1.0
1,SLC35D3,-0.05971636,-20.69483,0.9523815432865477,1.0
1,NRG4,-0.05971636,-20.840593,0.9523815432865477,1.0
1,RGS6,-0.05971636,-20.645447,0.9523815432865477,1.0
1,LINC00562,-0.05971636,-20.712473,0.9523815432865477,1.0
1,MYCT1,-0.05971636,-20.901382,0.9523815432865477,1.0
1,MAL,-0.05971636,-20.887758,0.9523815432865477,1.0
1,INSM1,-0.05971636,-20.870499,0.9523815432865477,1.0
1,PITX2,-0.06030018,-0.18671401,0.9519165609670424,1.0
1,HBA1,-0.06476222,-0.70677215,0.9483633197118484,1.0
1,TMEM100,-0.06526264,-1.2696257,0.9479648880901936,1.0
1,SMOC2,-0.06534604,-1.0776043,0.9478984840822869,1.0
1,ATP6V1C2,-0.07055871,-0.6627041,0.9437489704453121,1.0
1,KLF4,-0.073602915,0.028250469,0.9413263530618049,1.0
1,KRT17,-0.074645445,-20.967154,0.9404968132149338,1.0
1,CRHBP,-0.074645445,-21.609566,0.9404968132149338,1.0
1,NTRK2,-0.074645445,-21.25089,0.9404968132149338,1.0
1,SPAG6,-0.074645445,-20.995068,0.9404968132149338,1.0
1,SYT16,-0.074645445,-21.280592,0.9404968132149338,1.0
1,TMEM176A,-0.074645445,-21.001986,0.9404968132149338,1.0
1,XXbac-BPG181B23.7,-0.074645445,-20.893744,0.9404968132149338,1.0
1,NTNG1,-0.074645445,-20.81488,0.9404968132149338,1.0
1,HES2,-0.074645445,-21.08087,0.9404968132149338,1.0
1,DCN,-0.074645445,-21.481636,0.9404968132149338,1.0
1,UPK3A,-0.074645445,-21.04362,0.9404968132149338,1.0
1,ZMYND10,-0.074645445,-20.989044,0.9404968132149338,1.0
1,GPRC5A,-0.074645445,-21.069983,0.9404968132149338,1.0
1,RP5-1159O4.2,-0.074645445,-21.236801,0.9404968132149338,1.0
1,PENK,-0.074645445,-21.276806,0.9404968132149338,1.0
1,FAM84A,-0.07589649,-0.21346182,0.9395014506870512,1.0
1,CDX4,-0.07660541,-0.5713383,0.9389374537715786,1.0
1,CDX2,-0.07685562,-0.6239015,0.9387384033348464,1.0
1,TTN,-0.07989982,-1.1333426,0.9363169333007617,1.0
1,RSPH1,-0.07989982,-1.0126444,0.9363169333007617,1.0
1,LEPR,-0.08006663,-1.0903062,0.9361842668266824,1.0
1,LHX1,-0.08465377,-0.6204306,0.9325366458144425,1.0
1,FOSB,-0.08573801,-0.7625876,0.931674684938416,1.0
1,TDRD10,-0.08957454,-21.151028,0.9286253197280046,1.0
1,HS3ST2,-0.08957454,-21.210548,0.9286253197280046,1.0
1,DNAI1,-0.08957454,-21.217196,0.9286253197280046,1.0
1,EGR2,-0.08957454,-21.758839,0.9286253197280046,1.0
1,CST1,-0.08957454,-21.438831,0.9286253197280046,1.0
1,GSTA1,-0.08957454,-21.38796,0.9286253197280046,1.0
1,TTLL10,-0.08957454,-21.252054,0.9286253197280046,1.0
1,PAPPA2,-0.08957454,-21.22219,0.9286253197280046,1.0
1,MPZ,-0.091075785,-0.57942003,0.9274323726140289,1.0
1,RP11-513G11.4,-0.094537,-0.9565719,0.9246825926824676,1.0
1,CLDN9,-0.094537,-0.9708757,0.9246825926824676,1.0
1,CPXM2,-0.094954014,-1.2992314,0.9243513539726207,1.0
1,DCX,-0.094954014,-1.2496557,0.9243513539726207,1.0
1,COLEC11,-0.09528762,-1.312827,0.9240863724454078,1.0
1,COL3A1,-0.09528762,-1.9341661,0.9240863724454078,1.0
1,RASD1,-0.100166686,-0.6739178,0.9202119952040122,1.0
1,LINC01361,-0.104503624,-21.53319,0.9167696906844263,1.0
1,SOX17,-0.104503624,-22.262318,0.9167696906844263,1.0
1,SPARCL1,-0.104503624,-21.413591,0.9167696906844263,1.0
1,NPPB,-0.104503624,-22.732342,0.9167696906844263,1.0
1,VTCN1,-0.104503624,-22.035057,0.9167696906844263,1.0
1,NOV,-0.104503624,-21.586916,0.9167696906844263,1.0
1,GDF15,-0.104503624,-21.36232,0.9167696906844263,1.0
1,AHSG,-0.104503624,-21.606863,0.9167696906844263,1.0
1,FBXO32,-0.10942439,-1.1750518,0.9128658913718637,1.0
1,RGCC,-0.109674595,-1.1753769,0.9126674484554564,1.0
1,AQP3,-0.11009161,-1.4757383,0.9123367223686013,1.0
1,CHGB,-0.11017501,-1.3736168,0.912270578971395,1.0
1,MT1X,-0.11088394,-0.06831049,0.9117083846802163,1.0
1,CALB1,-0.11351112,-0.029197726,0.9096253463081483,1.0
1,FRMD5,-0.11367793,-0.5206432,0.9094931107233837,1.0
1,CER1,-0.11376133,-1.3183503,0.9094269938710646,1.0
1,GLIPR1,-0.11943272,-21.85627,0.9049325433651144,1.0
1,ESAM,-0.11943272,-21.929289,0.9049325433651144,1.0
1,MX1,-0.11943272,-21.642302,0.9049325433651144,1.0
1,ATAD3C,-0.11943272,-21.685867,0.9049325433651144,1.0
1,GJA4,-0.11943272,-21.602692,0.9049325433651144,1.0
1,SERPINE1,-0.11943272,-22.096035,0.9049325433651144,1.0
1,HOXB6,-0.11943272,-22.251722,0.9049325433651144,1.0
1,BAALC,-0.11947442,-0.63246363,0.9048995070311312,1.0
1,AC007325.4,-0.12060036,-0.65414125,0.9040075884158999,1.0
1,APLNR,-0.12068376,-0.47997934,0.9039415251742259,1.0
1,VAMP5,-0.12139268,-0.09209931,0.9033800145129237,1.0
1,RGS2,-0.12189309,-0.10989026,0.902983683122304,1.0
1,PTX3,-0.124895595,-1.5091667,0.9006062058621849,1.0
1,RBP4,-0.124895595,-1.5577698,0.9006062058621849,1.0
1,SPINK1,-0.124979,-1.5099142,0.9005401774538198,1.0
1,ISG15,-0.1250624,-0.037647333,0.9004741497337041,1.0
1,SYNPR,-0.13069208,-1.0899594,0.8960188939741887,1.0
1,SPARC,-0.13135931,-0.026851919,0.8954910781524252,1.0
1,RPRM,-0.13236015,-0.05104486,0.8946994412272062,1.0
1,INHBA,-0.1343618,-22.011177,0.8931164827400715,1.0
1,EPO,-0.1343618,-21.815605,0.8931164827400715,1.0
1,S100A3,-0.1343618,-22.291878,0.8931164827400715,1.0
1,ICAM1,-0.1343618,-21.773504,0.8931164827400715,1.0
1,RIMS1,-0.1343618,-21.868055,0.8931164827400715,1.0
1,LTB,-0.1343618,-22.496328,0.8931164827400715,1.0
1,C10orf10,-0.1343618,-21.813318,0.8931164827400715,1.0
1,EGFL6,-0.1343618,-21.949692,0.8931164827400715,1.0
1,GABRA1,-0.1343618,-21.800188,0.8931164827400715,1.0
1,CRTAC1,-0.1343618,-22.093193,0.8931164827400715,1.0
1,PCP4,-0.13482052,-0.32597926,0.8927537811477173,1.0
1,PLP2,-0.13511243,-0.34455922,0.892522982717347,1.0
1,COL5A1,-0.13632177,-0.7484443,0.8915669149780806,1.0
1,MT1M,-0.13953277,-1.3761376,0.8890291587441636,1.0
1,SLN,-0.13961618,-1.6414295,0.888963258033462,1.0
1,MESP1,-0.14741433,-0.64803535,0.882804992892504,1.0
1,NXPH4,-0.14929089,-22.060432,0.881324099748891,1.0
1,CPM,-0.14929089,-22.037018,0.881324099748891,1.0
1,CXCL1,-0.14929089,-22.03358,0.881324099748891,1.0
1,PRCD,-0.14929089,-22.071117,0.881324099748891,1.0
1,CNTN1,-0.14929089,-22.016151,0.881324099748891,1.0
1,TRAC,-0.14929089,-22.086859,0.881324099748891,1.0
1,WFDC1,-0.14929089,-22.210096,0.881324099748891,1.0
1,DLL3,-0.15162617,-0.2431007,0.8794817903964562,1.0
1,TNFAIP6,-0.15433677,-1.6043295,0.8773442141534582,1.0
1,ASCL4,-0.15500398,-1.7683072,0.8768181780725831,1.0
1,PGF,-0.1588405,-0.47779185,0.873794533344482,1.0
1,IER2,-0.16000815,-0.046122227,0.8728746572696354,1.0
1,CHRNA3,-0.16013326,-1.2196215,0.8727761092895795,1.0
1,NGF,-0.16030006,-1.0818577,0.872644715054113,1.0
1,LIMD1,-0.16584633,-0.863752,0.8682778790043831,1.0
1,MYL9,-0.16705568,-0.04167929,0.8673262403816717,1.0
1,RERG,-0.16897394,-1.4114938,0.8658171394809908,1.0
1,KCNN1,-0.16980797,-1.7571471,0.8651611608847578,1.0
1,TNNI1,-0.16989137,-2.0477893,0.8650955681271059,1.0
1,TAC1,-0.17197643,-0.7100678,0.863456052393755,1.0
1,LY6H,-0.17489554,-1.098397,0.8611617194133119,1.0
1,PDGFRA,-0.17572956,-1.3036449,0.8605064099653816,1.0
1,C9orf24,-0.17914908,-22.188055,0.8578206500682418,1.0
1,SLC40A1,-0.17914908,-22.689842,0.8578206500682418,1.0
1,COL21A1,-0.17914908,-22.225819,0.8578206500682418,1.0
1,TIMP3,-0.18198477,-0.24688783,0.8555946807738967,1.0
1,GPNMB,-0.18444514,-1.7327336,0.8536642549285153,1.0
1,BHMT,-0.18461195,-1.8944,0.8535334101753571,1.0
1,TNMD,-0.18957442,-1.1217579,0.8496426371575864,1.0
1,CCNA1,-0.18982463,-1.1757046,0.8494465598366973,1.0
1,NFIB,-0.19186799,-0.5416548,0.8478456113497772,1.0
1,CRYAB,-0.19336924,-0.18177594,0.8466698038252092,1.0
1,LUM,-0.19407816,-23.847294,0.8461146798594361,1.0
1,HOPX,-0.19603813,-1.1529299,0.8445803236405927,1.0
1,ANKS1B,-0.1984985,-1.1257956,0.8426550519594505,1.0
1,HIST2H2BE,-0.20008317,-2.0343676,0.8414155434658321,1.0
1,NODAL,-0.20550434,-0.1753484,0.8371781094211321,1.0
1,PLA2G2A,-0.2073392,-0.3230956,0.8357449637326668,1.0
1,GABRP,-0.20900725,-23.120373,0.8344425769323974,1.0
1,PLPP3,-0.21292718,-0.08269064,0.8313837610603094,1.0
1,LINC00379,-0.21405312,-1.8848627,0.8305056348274164,1.0
1,RLTPR,-0.21438673,-2.0030887,0.8302454898678708,1.0
1,GDPD5,-0.21447013,-2.0529327,0.8301804565339929,1.0
1,RAMP1,-0.21472034,-2.0799165,0.8299853635136845,1.0
1,ISL1,-0.21472034,-2.005651,0.8299853635136845,1.0
1,CA3,-0.21509565,-0.5455251,0.8296927436388312,1.0
1,HPGD,-0.2165969,-1.0215385,0.8285225007491829,1.0
1,CDO1,-0.22039172,-0.035241973,0.8255660888508423,1.0
1,SYP,-0.22393635,-22.69238,0.8228068368915198,1.0
1,PAGE4,-0.22393635,-22.64332,0.8228068368915198,1.0
1,PCSK1N,-0.22702225,-0.2815467,0.820406446121779,1.0
1,RP11-834C11.4,-0.22952433,-2.4094415,0.818461416410355,1.0
1,TSLP,-0.23527911,-1.4592927,0.8139921048470233,1.0
1,MIXL1,-0.23644675,-0.32287207,0.8130860214442515,1.0
1,SIX1,-0.23886544,-22.839296,0.811209931384872,1.0
1,CRH,-0.23886544,-23.375221,0.811209931384872,1.0
1,KDR,-0.24537085,-0.55746436,0.8061693015838713,1.0
1,HIST1H2AC,-0.2467887,-0.1774751,0.8050717629097337,1.0
1,NPY,-0.2505418,-0.7564578,0.802168372387521,1.0
1,TACSTD2,-0.25400302,-0.8588277,0.7994932189537712,1.0
1,CRYL1,-0.25425324,-0.9854247,0.7992999251219195,1.0
1,NPW,-0.26063356,-0.061054897,0.7943751181916512,1.0
1,MYF6,-0.26080036,-0.9289387,0.794246474016694,1.0
1,TBX3,-0.26146758,-0.9076258,0.7937319533129806,1.0
1,ANKRD37,-0.27564603,-0.28540656,0.7828199462242229,1.0
1,SERTAD4,-0.27627155,-0.3292409,0.7823394996088705,1.0
1,PCSK9,-0.27989957,-1.6409079,0.7795545518778513,1.0
1,PLP1,-0.28156763,0.0042483485,0.7782750626558432,1.0
1,TWIST2,-0.28849006,-0.7552261,0.7729716393618037,1.0
1,MMP23B,-0.28915727,-0.88562024,0.7724610213846248,1.0
1,ZNF592,-0.29215977,-0.64256173,0.7701644624927492,1.0
1,ARHGDIB,-0.2926602,-1.3084983,0.7697818979405663,1.0
1,HTR3A,-0.29557928,-0.84201217,0.7675513907707745,1.0
1,TGFBI,-0.2986652,-0.50820446,0.7651955181411981,1.0
1,TINAGL1,-0.30304384,-1.9713044,0.7618564552761955,1.0
1,APOA1,-0.30404466,-2.6146321,0.761093860498871,1.0
1,AFP,-0.30617145,-0.7070414,0.7594741178407276,1.0
1,NR4A1,-0.30925733,-0.6239438,0.7571257796024136,1.0
1,HOTAIRM1,-0.30942413,-1.6173031,0.7569989060328168,1.0
1,LYPD3,-0.31351086,-23.045053,0.7538925568862892,1.0
1,ZNF385D,-0.31663847,-1.3683635,0.7515179331376138,1.0
1,DUSP2,-0.31934908,-0.606334,0.749461826407217,1.0
1,ECSCR,-0.32147583,-0.65448153,0.7478498182943905,1.0
1,CXCL14,-0.33394456,-0.76666635,0.7384214024695859,1.0
1,ARHGAP29,-0.33740577,-0.5876029,0.7358110414230106,1.0
1,KLF5,-0.34061676,-1.8841354,0.7333921048603087,1.0
1,TRIB3,-0.3418261,-1.1441944,0.7324817610839416,1.0
1,RGS16,-0.34253502,-0.18417838,0.7319482861328306,1.0
1,TNNT2,-0.34824812,-1.6243072,0.7276538539507145,1.0
1,WIF1,-0.35145912,-0.5615291,0.7252439339531633,1.0
1,NDUFA4L2,-0.35304376,-0.5749904,0.7240556231442942,1.0
1,CGA,-0.35829815,-23.988077,0.7201202044856535,1.0
1,FGF19,-0.35904878,-0.07285502,0.7195586038553419,1.0
1,USP18,-0.36713883,-1.4648653,0.7135154591680491,1.0
1,MMP9,-0.3835275,-0.9750515,0.7013287031189028,1.0
1,MATN3,-0.3841947,-1.0051991,0.7008341489920014,1.0
1,DLX2,-0.3903248,-1.5437099,0.696296389056408,1.0
1,PIFO,-0.3908252,-0.6348228,0.6959264364944825,1.0
1,TOX,-0.3967468,-1.5288236,0.691554179301423,1.0
1,HHEX,-0.40917382,-1.226401,0.682412108958727,1.0
1,RBP1,-0.4117593,-0.060374554,0.6805158555678137,1.0
1,SNHG18,-0.41292694,-0.38860986,0.6796601437979635,1.0
1,AMBP,-0.41342735,-1.8384621,0.6792935363957067,1.0
1,ELMO1,-0.41351077,-1.8039536,0.6792324425330839,1.0
1,CDKN1A,-0.42039147,-1.3417659,0.6741994889272485,1.0
1,SHISA3,-0.4478727,-23.651575,0.6542450833676545,1.0
1,CD44,-0.45079178,-1.1832682,0.6521396264316734,1.0
1,ELAVL2,-0.45304364,-0.545675,0.6505173078471446,1.0
1,SRPX,-0.45412788,-0.78098917,0.6497367810785926,1.0
1,IGFBP6,-0.47831467,-0.36281535,0.6324262479570447,1.0
1,VGLL1,-0.4881562,-2.002564,0.6254392027564466,1.0
1,ACTC1,-0.50091684,-0.21839364,0.616429662191375,1.0
1,CDH7,-0.5034189,-2.1228065,0.6146697826414396,1.0
1,SFN,-0.50508696,-2.2925057,0.6134977598452979,1.0
1,PLK2,-0.5150119,-1.1167163,0.6065447146982693,1.0
1,SOCS3,-0.51989096,-0.2963212,0.6031395867726019,1.0
1,HAND1,-0.5276891,-3.1945052,0.5977151391799522,1.0
1,ALCAM,-0.5288984,-0.7513146,0.596875903817184,1.0
1,CXCL3,-0.5309418,-0.92160517,0.5954591052616316,1.0
1,RAMP2,-0.5335273,-0.31657475,0.5936686236127215,1.0
1,MT1E,-0.5341945,-0.55796945,0.593206964143423,1.0
1,ZFP36,-0.55387753,-1.4509438,0.5796626437533032,1.0
1,PLAU,-0.5549201,-0.8424435,0.5789493171912006,1.0
1,KRT23,-0.55775577,-2.4673977,0.5770111577019106,1.0
1,ELF3,-0.56004936,-0.7372061,0.5754457688283037,1.0
1,PPP1R17,-0.5627183,-0.9379286,0.5736267554115386,1.0
1,S100A14,-0.5673054,-24.181072,0.570506709016556,1.0
1,PCAT14,-0.57898176,-1.4611205,0.5626014654304123,1.0
1,NEFM,-0.5805664,-0.36243826,0.5615326998004418,1.0
1,TM4SF18,-0.5864046,-2.7974496,0.557603636357336,1.0
1,FN1,-0.58698845,-0.6448862,0.5572114671214607,1.0
1,COL1A2,-0.6015839,-0.38523123,0.5474511327166832,1.0
1,SLC16A3,-0.60800594,-0.35154977,0.5431835381147263,1.0
1,CYP1B1,-0.65421104,-2.6214623,0.5129758440198757,1.0
1,LMCD1,-0.6766464,-1.1410263,0.4986303416497867,1.0
1,COL1A1,-0.6768132,-0.45548362,0.4985244882283164,1.0
1,ITLN2,-0.67818934,-1.2939557,0.4976516536065426,1.0
1,EFNA1,-0.69637114,-1.2881265,0.4861964372884766,1.0
1,BDNF,-0.7264378,-2.479827,0.46757041493321905,1.0
1,IGFBP7,-0.7442026,-2.29837,0.45675391558097556,1.0
1,HHIP,-0.751834,-3.4412527,0.452150922791674,1.0
1,CALB2,-0.7568798,-2.461511,0.44912186921663033,1.0
1,STC1,-0.77543694,-0.25950298,0.43808152392746214,1.0
1,CHGA,-0.78365207,-1.0953245,0.43324428015871386,1.0
1,PLTP,-0.795954,-0.1673853,0.4260587748645466,1.0
1,GATA3,-0.8043777,-1.1900775,0.4211788919021521,1.0
1,IGFBP3,-0.808798,-1.8878586,0.4186313367949741,1.0
1,CTHRC1,-0.8208497,-1.4967383,0.4117318780016769,1.0
1,ANXA1,-0.83411074,-0.79091495,0.40421857944631157,1.0
1,CHN1,-0.8520423,-0.31277773,0.3941905953891707,1.0
1,CYR61,-0.88944846,-0.29012933,0.3737621099245191,1.0
1,ERP27,-0.93990713,-1.1111152,0.3472652069186045,1.0
1,SNCG,-0.9634684,-1.4825633,0.3353125206562617,1.0
1,BMP4,-0.97485286,-0.7310523,0.329633251285653,1.0
1,COL6A1,-0.9961206,-1.2072253,0.319191571816572,1.0
1,MLLT11,-1.0002073,-0.09671278,0.31721020058056515,1.0
1,OLFM1,-1.0188061,-0.5252607,0.3082950278659635,1.0
1,NEFL,-1.0288562,-1.2702116,0.30354728489194904,1.0
1,PRKCDBP,-1.0554616,-0.20377666,0.2912142607709082,1.0
1,COL9A3,-1.0690145,-0.65868133,0.2850631136837344,1.0
1,TAC3,-1.0869879,-0.22851449,0.27704218453688356,1.0
1,S100A6,-1.1080887,-0.40109104,0.26782349766317726,1.0
1,SMAGP,-1.1092981,-0.47971615,0.26730161755722415,1.0
1,HAPLN1,-1.1675549,-0.8425171,0.2429863593209659,1.0
1,CYTL1,-1.1718918,-1.2265327,0.24124049086741484,1.0
1,CYP26A1,-1.2056283,-0.4061714,0.22796087002376275,1.0
1,DDIT3,-1.2308992,-0.5866734,0.21836054571900787,1.0
1,ACTA1,-1.3150944,-2.2627587,0.18847820632686818,1.0
1,KRT7,-1.3491226,-1.3006597,0.17729757977215022,1.0
1,CHCHD2,-1.3737681,-0.37517685,0.16951367484171975,1.0
1,EGR1,-1.3757699,-0.67010474,0.16889291215792834,1.0
1,SPP1,-1.377146,-1.3310965,0.16846712821181942,1.0
1,GADD45G,-1.395995,-2.0945032,0.16271601004347314,0.9802169279727296
1,PCOLCE,-1.4297731,-0.64809847,0.15278215865156994,0.9373138567580978
1,HERPUD1,-1.4358197,-0.44844937,0.15105363125312873,0.9324298225501774
1,SERPINE2,-1.4472042,-0.4455803,0.14783972705134954,0.9182591742319847
1,HES6,-1.4540433,-0.5925502,0.1459343094141733,0.9120894338385831
1,TFPI2,-1.4773543,-2.8097057,0.1395806796757171,0.8778659099101704
1,ANXA3,-1.5034177,-1.1270412,0.1327313673102268,0.8508420981424796
1,PPIC,-1.6064618,-1.51534,0.10817248833117633,0.702418755397249
1,FOS,-1.6494976,-0.8477155,0.09904573839526727,0.6559320423527634
1,FAM159B,-1.6994141,-1.0159657,0.08924118385470578,0.5989341198302401
1,BAMBI,-1.7167202,-0.86363655,0.08603031029835764,0.5812858803943084
1,CLDN4,-1.7741013,-0.7903128,0.07604640141759328,0.5244579408109882
1,TMEM141,-1.7766451,-0.38687855,0.07562665864282385,0.5244579408109882
1,MT1H,-1.7924916,-2.3881433,0.07305425850363097,0.5143791503970527
1,S100A16,-1.8053356,-0.7368447,0.0710221835746257,0.5037034296072745
1,PLS3,-1.8291888,-0.338039,0.06737133385681138,0.4846858550849739
1,ITM2A,-1.9242262,-1.076923,0.054326237920277146,0.39366839072664594
1,CXCL12,-1.9544597,-1.2557943,0.050646878814357164,0.36968524682012527
1,NENF,-2.0451186,-0.5586947,0.04084318158210789,0.30709159084291643
1,SEPP1,-2.132191,-0.3349508,0.03299115572343184,0.2518408833849759
1,SLC9A3R1,-2.1524994,-0.6359439,0.03135803679872273,0.24121566768248254
1,LINC00458,-2.2012484,-1.9509453,0.027718445687332255,0.21655035693228325
1,HIST1H4C,-2.2123826,-0.21574701,0.026940237657228285,0.21212785556872665
1,TAGLN,-2.2205143,-0.4991717,0.026383869135767533,0.21113882302339834
1,IDH1,-2.2305644,-0.32962948,0.02570999504529435,0.20902434996174268
1,TUBB2A,-2.2374034,-0.25896826,0.025259982870644647,0.20704903992331677
1,NTS,-2.257003,-1.0962278,0.02400788115104553,0.19841224091773166
1,LINC01356,-2.3232248,-1.1015117,0.020167075420730558,0.1709074188197505
1,FHL2,-2.4433665,-0.6597179,0.014550951606311162,0.13108965411091136
1,OLFML3,-2.4753098,-1.2404476,0.013312066285640458,0.12101878441491326
1,GNAS,-2.4777284,-0.14454058,0.01322217388478754,0.12101878441491326
1,MT1G,-2.521098,-1.9497365,0.011698931241700706,0.10832343742315469
1,NSG1,-2.6227658,-1.1463872,0.008721920705566932,0.08228227080723521
1,KRT19,-2.840697,-0.4352113,0.004501504097851343,0.04370392328011013
1,RASL11B,-2.8645504,-1.2701741,0.00417601801974395,0.040941353134744604
1,LGALS3,-2.9081283,-1.3063749,0.003635991932480233,0.03599992012356666
1,CRABP1,-2.9174693,-0.50935495,0.003528843252579447,0.03528843252579447
1,CLDN10,-2.9583783,-0.7458446,0.0030926223718724354,0.031238609816893286
1,SFRP1,-2.985943,-0.3902972,0.0028270533477226622,0.028847483140027164
1,ID1,-3.179604,-0.33539167,0.001474763632648282,0.015688974815407257
1,RGS5,-3.2612555,-1.2803249,0.001109200745352041,0.012056529840783054
1,EZR,-3.284942,-0.61223525,0.0010200343919468488,0.011333715466076099
1,CKB,-3.4523728,-0.4136697,0.0005556794234067026,0.006314538902348893
1,DDIT4,-3.5818973,-0.6637505,0.00034110797692730733,0.003920781343992039
1,TNFRSF12A,-3.5849414,-0.6532399,0.0003371538512674511,0.003920393619388967
1,SPINT2,-3.5969098,-0.36565384,0.00032202017467936376,0.003788472643286632
1,FGFBP3,-3.676601,-1.0357469,0.0002363622593711833,0.0028138364210855155
1,PHLDA1,-3.791822,-1.3842356,0.000149546136582043,0.0018237333729517438
1,BASP1,-3.8932815,-0.6216147,9.88973425411223e-05,0.001220954846186695
1,APOC1,-4.0446157,-0.7443584,5.240904206983833e-05,0.0006719107957671581
1,ACTG1,-4.1636314,-0.17930478,3.1322575338779564e-05,0.000412139149194468
1,CTSV,-4.2110043,-0.7553979,2.542381734213524e-05,0.0003389842312284699
1,IGFBP2,-4.8475337,-0.47475594,1.2500578210250498e-06,1.7606448183451408e-05
1,KRT8,-4.9818954,-0.62608993,6.296442476085011e-07,9.125278950847842e-06
1,ADM,-5.2122955,-1.217791,1.8651803715180758e-07,2.8260308659364785e-06
1,PDPN,-5.2730546,-1.6294434,1.341717099815312e-07,2.0641801535620186e-06
1,ANXA2,-5.3542886,-1.0395105,8.589360493671656e-08,1.3633905545510565e-06
1,S100A11,-5.5326457,-0.9934601,3.154365953743745e-08,5.08768702216733e-07
1,SLC2A3,-5.5491176,-0.6959708,2.871151167837796e-08,4.7068051931767145e-07
1,FOXD3-AS1,-6.1243877,-1.585517,9.103287994012639e-10,1.6255871417879713e-08
1,IFITM3,-6.137816,-0.6297968,8.366382317470343e-10,1.5211604213582442e-08
1,FTH1,-6.430351,-0.2735891,1.2730976598758883e-10,2.4482647305305546e-09
1,CLDN7,-6.5742207,-1.976613,4.8908693450626734e-11,9.589939892279752e-10
1,CTSC,-6.7372727,-0.91153276,1.6138691056646814e-11,3.2277382113293626e-10
1,TPM1,-6.817298,-0.63265413,9.276882789441756e-12,1.8932413856003583e-10
1,GAPDH,-7.1047454,-0.1534557,1.2054460577807856e-12,2.620534908219099e-11
1,KRT18,-7.1097913,-0.6433887,1.1621864074355585e-12,2.5826364609679077e-11
1,LDHA,-7.1280146,-0.6101142,1.018269040900446e-12,2.3142478202282863e-11
1,CD9,-7.292735,-1.3582258,3.0372491408838297e-13,7.063370095078674e-12
1,CYB5A,-7.526513,-0.9435667,5.2113307157650977e-14,1.2710562721378286e-12
1,S100A10,-7.639899,-1.6167098,2.1739223213740703e-14,5.434805803435175e-13
1,ACAT2,-7.8863125,-0.85783,3.1124696759418423e-15,8.190709673531165e-14
1,APOE,-7.9382725,-0.5536671,2.050169210060362e-15,5.540997865028006e-14
1,LECT1,-8.181016,-1.9158196,2.8146070299282336e-16,7.81835286091176e-15
1,GAL,-8.2061205,-1.8746059,2.2845081143618374e-16,6.52716604103382e-15
1,CLDN6,-8.517338,-0.9601327,1.6326326518074667e-17,4.801860740610196e-16
1,PMAIP1,-8.736353,-1.8413041,2.4075678000885103e-18,7.295660000268213e-17
1,TDGF1,-8.809164,-1.9714897,1.260830397429283e-18,4.067194830417042e-17
1,L1TD1,-8.928138,-1.2098083,4.3324047806511355e-19,1.4441349268837118e-17
1,TERF1,-9.147445,-1.1571321,5.829589626424231e-20,2.0819962951515113e-18
1,PDLIM1,-9.329347,-1.9194117,1.0652569341310151e-20,3.9453960523370933e-19
1,EPCAM,-10.227677,-1.9110776,1.4905128519153545e-24,5.732741738135979e-23
1,POU5F1,-10.3313055,-1.6690207,5.086370586716413e-25,2.1193210777985054e-23
1,MGST1,-12.625631,-1.2204158,1.5251390342750074e-36,7.625695171375037e-35
1,TMSB4X,-13.572085,-0.9515368,5.862997424417598e-42,3.448822014363293e-40
2,KRT18,11.893133,1.1795925,1.2849484318806858e-32,7.551892477973656e-30
2,TPM1,11.879628,1.1082966,1.5103784955947312e-32,7.551892477973656e-30
2,KRT8,11.576484,1.354856,5.422498171086686e-31,1.8074993903622287e-28
2,S100A11,10.892142,1.688371,1.256489106138209e-27,3.1412227653455228e-25
2,ANXA2,10.635692,1.5556974,2.033136886220661e-26,4.066273772441322e-24
2,KRT19,9.959133,1.3610258,2.300594797287354e-23,3.83432466214559e-21
2,FTH1,8.71039,0.309601,3.028296308928022e-18,4.3261375841828883e-16
2,S100A10,7.8213286,1.2422408,5.2268731964887484e-15,5.403958886261299e-13
2,RGS5,7.805123,1.9699074,5.944354774887428e-15,5.403958886261299e-13
2,IFITM3,7.7248735,0.816906,1.1196449599267794e-14,9.330374666056496e-13
2,CLDN6,7.5751324,0.7777583,3.587616089321972e-14,2.759704684093825e-12
2,SLC2A3,7.3592873,0.9203325,1.848947087372379e-13,1.232631391581586e-11
2,HAPLN1,7.2386155,2.2448807,4.5328816253122877e-13,2.83305101582018e-11
2,CTSV,6.9307556,1.1238613,4.185979745679291e-12,2.325544303155162e-10
2,PDLIM1,6.731757,0.9579374,1.676261905506603e-11,8.381309527533015e-10
2,ACTG1,6.070626,0.30813003,1.2741277858865052e-09,5.5396860255935007e-08
2,BAMBI,5.996373,2.0605633,2.017729742614324e-09,8.070918970457296e-08
2,APOE,5.757227,0.43685442,8.550691479810901e-09,3.1669227703003337e-07
2,TMSB4X,5.7023845,0.46594992,1.1814299276117567e-08,4.2193925986134165e-07
2,SPARC,5.5947137,0.76908463,2.2098613291777308e-08,7.620211479923209e-07
2,CYB5A,5.2997637,0.61807626,1.1595273907591555e-07,3.865091302530518e-06
2,MYL9,4.774319,0.7069963,1.8031613144271926e-06,5.634879107584977e-05
2,BMP4,4.6327267,2.0974102,3.6088076989611675e-06,0.00010935780905942932
2,EPCAM,4.4633007,0.643834,8.070658164737338e-06,0.00023059023327820963
2,TAGLN,4.386988,1.0859694,1.1493093935406584e-05,0.0003024498404054364
2,TMEM141,4.3698673,0.89640415,1.2432209620225832e-05,0.0003187746056468162
2,GAL,4.3601165,0.86257666,1.299932497884128e-05,0.000324983124471032
2,SLC9A3R1,4.3026648,1.0447302,1.6875623488917718e-05,0.00040180055925994565
2,SMAGP,4.2121606,1.0923074,2.529394787985267e-05,0.0005882313460430854
2,ANXA3,4.2014484,1.7840303,2.6521250777498803e-05,0.0006027556994886091
2,CLDN4,3.8857608,1.1073855,0.00010200990196320775,0.0021252062909001613
2,EZR,3.86983,0.70050436,0.00010891129342498334,0.0022226794576527212
2,TNFRSF12A,3.7253993,0.5980158,0.00019500640958999095,0.0038236550899998227
2,CD9,3.6553125,0.56288415,0.0002568689509438806,0.0049397875181515505
2,PHLDA1,3.6434557,1.0005832,0.00026900182447721967,0.004981515268096661
2,MGST1,3.5985014,0.36053437,0.00032005604960707885,0.005715286600126408
2,TDGF1,3.5877435,0.6263173,0.00033355212533038895,0.005851791672462964
2,PTTG1,3.4185467,0.31120896,0.0006295652832398538,0.010670598021014471
2,SEPP1,3.3712575,0.50748825,0.0007482586510902179,0.0124709775181703
2,CLDN7,3.2780986,0.63213944,0.0010450890145471603,0.01713260679585509
2,POU5F1,3.2057228,0.46341926,0.0013472364526343715,0.021384705597370976
2,COL1A2,3.173907,1.4523307,0.0015040189964213811,0.02350029681908408
2,ID1,3.1404886,0.3562738,0.001686661982070389,0.025948645878005987
2,SPINT2,3.0998375,0.33765006,0.0019362682637318143,0.02933739793533052
2,PPIC,3.0796034,1.6749598,0.002072763532945773,0.030481816660967248
2,IDH1,3.0676553,0.4343696,0.0021574531058393956,0.03066381134281605
2,L1TD1,3.0623908,0.37018096,0.0021957657244996024,0.03066381134281605
2,DDIT4,3.0591404,0.51491326,0.002219729922926223,0.03066381134281605
2,ERP27,3.0566227,1.9452382,0.0022384582280255715,0.03066381134281605
2,S100A16,2.955956,0.9123161,0.0031170149349933817,0.042121823445856514
2,CDC20,2.9393384,0.45712858,0.0032891362785489988,0.04385515038065332
2,NTS,2.8989162,1.3548958,0.0037445496868975673,0.04927039061707326
2,GNAS,2.8875175,0.21062718,0.003882951589539432,0.05042794272129132
2,ACTC1,2.878316,1.6860851,0.003998045357775681,0.051256991766354884
2,LGALS3,2.8625681,0.7475553,0.004202228711821661,0.05319276850407166
2,PDPN,2.7499533,0.58249927,0.005960375312374837,0.07450469140468546
2,HAND1,2.727293,5.104939,0.006385630332253584,0.07883494237350103
2,TMEM88,2.7066927,0.95754886,0.006795711826054424,0.08287453446407833
2,BASP1,2.669246,0.40402249,0.007602173949856765,0.09118283522968165
2,ANXA1,2.6342714,1.854064,0.008431807220058833,0.09919773200069215
2,CYR61,2.589317,0.71529114,0.009616652743877121,0.1118215435334549
2,FOS,2.430237,1.0244849,0.015088948632812354,0.1695387486832849
2,LECT1,2.4221802,0.4166891,0.01542770250674955,0.17141891674166168
2,TUBB2A,2.398009,0.30809668,0.01648445521563479,0.18114785951247023
2,SARAF,2.3823528,0.26344547,0.017202403054084638,0.18698235147861866
2,COL1A1,2.3441737,1.3740865,0.01906928657825305,0.2007293324026637
2,KLF6,2.3317678,0.7928924,0.019712910443418902,0.2053428171189469
2,PCOLCE,2.324123,0.842398,0.020118913464529032,0.2074114790157632
2,PMAIP1,2.3146925,0.4126803,0.020629769185213982,0.2105078488287141
2,IGFBP7,2.294962,2.902017,0.021735303978359273,0.21954852503393205
2,APOC1,2.2759182,0.41887897,0.022850908383974536,0.2262466176631142
2,GATA3,2.145633,1.8689904,0.0319022802293234,0.30973087601284854
2,KRT7,2.0985727,1.3564988,0.03585458514854467,0.34147223950994926
2,LINC01356,2.0896916,0.9094498,0.036645503808279495,0.34571230007810844
2,NSG1,2.0742643,0.69012374,0.038054764342964904,0.3523589291015269
2,OLFML3,2.023725,0.7395985,0.04299845070180853,0.3944811990991608
2,ARHGAP29,1.9828907,1.5582356,0.04737963735849907,0.42799681724839683
2,FN1,1.9817463,1.5458878,0.04750764671457205,0.42799681724839683
2,LINC00458,1.9734145,1.0634283,0.04844834607760571,0.43188914137418627
2,DLX5,1.9665936,0.6359845,0.049230080034017576,0.43188914137418627
2,IER2,1.9665478,0.29149613,0.04923536211665724,0.43188914137418627
2,NEAT1,1.9594064,0.8548104,0.05006521061107976,0.4353496574876501
2,ITM2A,1.9258966,0.9085327,0.054117282031076325,0.4657262161627509
2,MSX2,1.900398,0.5974097,0.05738089970869553,0.48627881109064014
2,CITED2,1.860754,0.2801145,0.0627789254443337,0.5231577120361142
2,KPNA2,1.8123205,0.1809328,0.06993669486071527,0.5732515972189777
2,MEIS2,1.8053621,0.9679891,0.07101803059268137,0.5766048842952328
2,CTSC,1.802295,0.24249072,0.07149900565260887,0.5766048842952328
2,ACTA2,1.7746906,1.6609849,0.07594898353132935,0.6037307056298042
2,ACAT2,1.7739582,0.17613629,0.07607006890935533,0.6037307056298042
2,SERPINE2,1.7337648,0.82231265,0.08295983196290364,0.649864870872572
2,COL6A1,1.7292327,1.4228774,0.0837674573469311,0.649864870872572
2,EGR1,1.7268064,0.67867357,0.08420243178310813,0.649864870872572
2,PLS3,1.680616,0.32952452,0.09283751650758253,0.7086833321189505
2,PCAT14,1.6710026,1.9263272,0.09472116663306854,0.7175845957050646
2,CDO1,1.660382,0.56172514,0.096837628348768,0.7212101237166787
2,MLLT11,1.6585966,0.1947186,0.09719709813919729,0.7212101237166787
2,SLC16A3,1.6577727,0.72721153,0.09736336670175164,0.7212101237166787
2,TERF1,1.6537441,0.23644301,0.09817951065023017,0.72190816654581
2,EFNA1,1.6315874,1.7496048,0.10276643454793556,0.7501199602039091
2,HERPUD1,1.5901122,0.44048265,0.11180952036686195,0.8079539695767822
2,SDC2,1.5728995,0.26155874,0.11574208855520782,0.8267292039657701
2,STC1,1.5629199,1.124133,0.11807145459779095,0.8373862028212125
2,PRKCDBP,1.4869277,0.33486912,0.13703390626958878,0.9385883991067725
2,TBX3,1.4412409,2.269078,0.14951664390919875,1.0
2,CTGF,1.4016426,0.50479364,0.16102200691105595,1.0
2,ISG15,1.3973852,0.5533851,0.16229777198957607,1.0
2,NFKBIA,1.3682244,0.43917075,0.17124186083305482,1.0
2,VGLL1,1.3534837,2.1541784,0.17590114954784775,1.0
2,S100A6,1.3512405,0.5123818,0.1766183816203274,1.0
2,CXCL14,1.331327,1.7272974,0.18308144584691033,1.0
2,GADD45G,1.3191042,1.1697906,0.18713429697532535,1.0
2,JUN,1.2973137,1.1162883,0.19452329446987116,1.0
2,RASL11B,1.2733716,0.3547682,0.20288623117222682,1.0
2,CTHRC1,1.2730054,1.5742496,0.20301615623323044,1.0
2,LUM,1.2461792,26.730684,0.21269862061947553,1.0
2,GADD45B,1.2428373,1.2754653,0.21392777283016873,1.0
2,PLAU,1.2171099,1.2623146,0.22356240202907574,1.0
2,GAPDH,1.2065809,0.012767646,0.22759359452963046,1.0
2,FAM159B,1.1821352,0.65545684,0.23715205116965077,1.0
2,MT-CO1,1.140248,0.10009898,0.25418299546247103,1.0
2,CHN1,1.1310008,0.3361951,0.2580547692797375,1.0
2,ACTA1,1.1111788,0.9487923,0.26649142692326033,1.0
2,MT2A,1.0977657,0.28046775,0.27230683080180407,1.0
2,MMP9,1.068376,1.4534512,0.28535096762140577,1.0
2,FOXD3-AS1,1.0396271,0.17205945,0.29851317666716004,1.0
2,SPP1,1.0332181,1.2299423,0.3015018273674246,1.0
2,GABRP,1.0154561,4.964575,0.3098884517523418,1.0
2,CYP1B1,1.0005782,1.5170757,0.3170307988677421,1.0
2,BST2,0.98322815,0.16314846,0.3254951678708151,1.0
2,GAP43,0.981809,0.34752595,0.3261939482479307,1.0
2,MT1G,0.97480494,0.539578,0.3296570372561022,1.0
2,PLK1,0.9694031,0.24079876,0.33234412198761476,1.0
2,VAMP5,0.95740914,0.8321596,0.3383607911348854,1.0
2,CCNB1,0.9509544,0.114926815,0.34162753495689013,1.0
2,TPD52L1,0.94843656,0.5557993,0.3429072504789714,1.0
2,APLNR,0.9455983,2.9650586,0.3443535073178262,1.0
2,IGFBP3,0.94129515,1.3673476,0.34655363243162884,1.0
2,SNCG,0.9316817,0.9096551,0.3515010571297039,1.0
2,ISL1,0.9247234,3.1252716,0.3551098223599294,1.0
2,LINC00379,0.9217935,2.8983822,0.3566362732079775,1.0
2,COL3A1,0.9201913,5.425488,0.35747279719139335,1.0
2,CA3,0.89551675,1.5053315,0.3705109127364701,1.0
2,KRT23,0.8904811,1.5691962,0.37320759435289896,1.0
2,CD44,0.88727665,1.5600979,0.37492997546956663,1.0
2,PGF,0.88691044,1.5110061,0.37512713136107245,1.0
2,HIST1H2AC,0.88530815,0.4207892,0.3759904413843932,1.0
2,RBP1,0.88434684,0.2051024,0.3765090156480305,1.0
2,DDIT3,0.87221557,0.3911826,0.38309079342764707,1.0
2,CER1,0.863655,2.2932968,0.38777744056704744,1.0
2,IGFBP6,0.85674244,0.42733443,0.3915872294700625,1.0
2,MFAP4,0.85321754,1.2146015,0.3935386845271578,1.0
2,TMEM98,0.84282583,0.135838,0.3993258566154604,1.0
2,MT1H,0.84039956,0.5955458,0.40068438393360617,1.0
2,ZFP36,0.8296874,1.2110413,0.40671552502320074,1.0
2,TFPI2,0.8259794,0.78873515,0.40881578321435563,1.0
2,MAFB,0.82121843,0.8368636,0.4115218559312189,1.0
2,EMP3,0.81714416,0.5004564,0.4138460481206203,1.0
2,PLA2G2A,0.8159539,1.3784823,0.4145264890542044,1.0
2,DLX2,0.8152215,1.6406336,0.41494555057645766,1.0
2,RAMP2,0.8143059,0.4938005,0.4154697294569367,1.0
2,OLFM1,0.80981964,0.38468498,0.4180438543298147,1.0
2,JUNB,0.7931105,0.8029345,0.4277134399815177,1.0
2,MYL4,0.79283583,3.2784183,0.4278734724801617,1.0
2,SOCS3,0.78381747,0.564033,0.43314720499877446,1.0
2,CYP26A1,0.7742498,0.21997115,0.43878307442228437,1.0
2,HOXB6,0.7668795,25.090904,0.44315316568732943,1.0
2,AFP,0.76477367,1.3139232,0.44440631712289524,1.0
2,CLDN10,0.7635835,0.29492015,0.4451155136947199,1.0
2,LMCD1,0.7577238,0.86953413,0.44861633666977074,1.0
2,LDHA,0.75708294,0.041089,0.4490001852148172,1.0
2,RGS16,0.75653356,0.60667014,0.44932934653022716,1.0
2,MESP1,0.75236773,2.0893264,0.45182993648172587,1.0
2,TINAGL1,0.7387258,2.2023895,0.4600735224730873,1.0
2,KLF5,0.7279221,1.8505763,0.4666612796198646,1.0
2,PITX2,0.72741854,1.2402201,0.466969607542126,1.0
2,LGALS1,0.7263656,0.38106242,0.46761465817833914,1.0
2,CDKN1A,0.72462606,1.1684152,0.4686814751134962,1.0
2,CDKN3,0.7221998,0.098303884,0.4701716508582876,1.0
2,PLP2,0.7110299,1.0771657,0.4770657281634033,1.0
2,MAP1B,0.705216,0.13356061,0.4806758182537241,1.0
2,COLEC11,0.7021031,3.7631679,0.4826148805707714,1.0
2,TAC1,0.7007755,1.6216832,0.4834431246737859,1.0
2,ECSCR,0.6892394,1.1045812,0.49067265409861294,1.0
2,GNG11,0.6714773,0.5636736,0.5019164885486207,1.0
2,ELF3,0.66955465,0.74001896,0.5031417314054334,1.0
2,CHCHD2,0.66218436,0.19109026,0.5078530951478955,1.0
2,NPY,0.65472245,1.6353698,0.5126464657748688,1.0
2,NFIB,0.654402,1.5168619,0.5128528428508619,1.0
2,H3F3B,0.64607036,0.03073668,0.5182338032435356,1.0
2,HLX,0.6449259,4.814861,0.518975219753774,1.0
2,COL9A3,0.63165015,0.31047332,0.5276155099436644,1.0
2,ID2,0.62382203,0.08123641,0.5327444606528858,1.0
2,NPW,0.6063347,0.43169656,0.5442925197216243,1.0
2,MMP23B,0.60052085,1.3001758,0.5481591718274361,1.0
2,AURKA,0.6002462,0.14736196,0.5483421835041167,1.0
2,FGFBP3,0.59356254,0.16128828,0.5528047471596333,1.0
2,GDPD5,0.5934252,1.9184334,0.5528966301088155,1.0
2,RP11-834C11.4,0.58550555,2.8391197,0.5582078448393175,1.0
2,SNAI2,0.5801037,1.2797893,0.5618446973249684,1.0
2,TIMP3,0.57873034,0.61727285,0.5627711435137348,1.0
2,MIXL1,0.5722298,1.0419675,0.5671662977159471,1.0
2,CALB2,0.57049024,0.786237,0.568345249037782,1.0
2,IGF2,0.5671026,3.0022275,0.5706444587822483,1.0
2,CCNB2,0.56536305,0.083704315,0.5718268533221833,1.0
2,BAALC,0.55140066,1.2761,0.581359061860329,1.0
2,CRH,0.5511717,2.108534,0.5815159448671345,1.0
2,HOPX,0.54760104,1.5817366,0.5839658790115969,1.0
2,CXCL12,0.5450832,0.2632554,0.5856962806304479,1.0
2,CDX2,0.543893,1.8310157,0.5865151163849258,1.0
2,FOXF1,0.54119205,2.5659795,0.5883752092742078,1.0
2,ZNF592,0.53611064,0.70398426,0.5918820732565381,1.0
2,GATA6-AS1,0.5356529,3.5500028,0.592198477650526,1.0
2,MT1E,0.528603,0.4749137,0.5970808753816751,1.0
2,CRYAB,0.52851146,0.8212218,0.5971444034278592,1.0
2,CCBE1,0.5251696,0.77449864,0.5994652778513753,1.0
2,ALCAM,0.51995087,0.6255122,0.6030978043231296,1.0
2,TANGO6,0.5173415,0.8478943,0.6049177733976798,1.0
2,PIFO,0.4988013,0.6902971,0.6179193881365761,1.0
2,COL5A1,0.4913394,1.4766045,0.6231864175325124,1.0
2,KDR,0.48447263,0.894176,0.6280504754234464,1.0
2,S100A14,0.48085615,1.1823313,0.6306187398925944,1.0
2,NTRK2,0.4792997,24.079157,0.6317254463351488,1.0
2,RPRM,0.4695031,0.1898608,0.6387100619783808,1.0
2,GATA2,0.46391815,1.1101487,0.642706390278559,1.0
2,ACTG2,0.460439,1.8198018,0.6452011534936544,1.0
2,TOX,0.45668516,1.1819284,0.647897356762372,1.0
2,SYP,0.45590693,2.0339518,0.648456905679536,1.0
2,NGF,0.4477126,1.5415317,0.654360627324978,1.0
2,ELMO1,0.44633925,1.164286,0.6553522095769164,1.0
2,HPGD,0.4432263,1.1666467,0.6576020446470915,1.0
2,ARHGDIB,0.43896893,1.4292825,0.6606840507604403,1.0
2,LY6H,0.4381907,1.7267638,0.6612480528007554,1.0
2,SLC7A7,0.436268,0.8631774,0.6626422937346321,1.0
2,MYL7,0.427387,3.8951256,0.6690974767906794,1.0
2,RERG,0.4167664,1.7331288,0.6768492725626225,1.0
2,CNTN1,0.4140197,2.9941697,0.6788596731451484,1.0
2,PRCD,0.41374505,2.9117653,0.6790608392236654,1.0
2,GLT8D2,0.41328725,0.493909,0.6793961668205619,1.0
2,CAV1,0.40715295,0.7450089,0.6838956548616697,1.0
2,LHX1,0.40646628,2.4060993,0.6844000317712978,1.0
2,ANKRD37,0.4055965,0.37900105,0.6850391112860914,1.0
2,C8orf4,0.40436047,1.8087424,0.6859476647186702,1.0
2,IL32,0.4009271,2.7227705,0.688473803812508,1.0
2,SMOC2,0.40056086,2.6789725,0.6887434644689312,1.0
2,PCSK1N,0.39891285,0.41111973,0.6899574265528324,1.0
2,NENF,0.39071852,0.073262915,0.6960053145947606,1.0
2,ALX1,0.3892994,0.72870207,0.6970546940940807,1.0
2,TAC3,0.37826678,0.111541845,0.7052324131896998,1.0
2,IFI6,0.37295648,0.6755054,0.7091808214294659,1.0
2,DCN,0.37039292,5.281765,0.7110897570202259,1.0
2,CA2,0.36764622,0.22938286,0.7131370572541874,1.0
2,CDH7,0.36586085,0.8571025,0.7144689124423429,1.0
2,LYPD1,0.3657693,0.38081563,0.7145372361979423,1.0
2,SYNPR,0.3638466,1.3695694,0.7159725628542306,1.0
2,PMP22,0.34732062,0.9312837,0.7283504744488657,1.0
2,ANGPT2,0.34663394,1.6468867,0.728866354481635,1.0
2,VTCN1,0.34402457,3.3035185,0.7308278167828206,1.0
2,CGA,0.3401334,1.475501,0.7337560729413547,1.0
2,GLIPR1,0.3312524,3.1777568,0.7404538505823288,1.0
2,FBLN2,0.33088616,0.66615707,0.7407304744693703,1.0
2,NR4A1,0.3307946,0.5248768,0.7407996356804163,1.0
2,DDC,0.33070305,2.779028,0.7408687989861441,1.0
2,ANKRD1,0.3306115,2.561077,0.7409379643860371,1.0
2,ADM,0.33056572,0.023686782,0.7409725478711342,1.0
2,SRPX,0.3299706,0.29173273,0.7414221807785351,1.0
2,CCDC80,0.32617098,0.7928659,0.7442949896179587,1.0
2,MIR22HG,0.32118115,1.4675349,0.7480731198793658,1.0
2,APOA2,0.31811398,3.00489,0.7503984694375391,1.0
2,HIST1H2BG,0.31783932,0.44740346,0.7506068207297439,1.0
2,CCNA1,0.3117508,1.1622069,0.7552299192874662,1.0
2,TNNI1,0.3111099,2.2710698,0.7557170748752027,1.0
2,ADGRL4,0.3051587,2.476023,0.7602452776932874,1.0
2,CYP1A1,0.3049756,2.5329976,0.7603847382825087,1.0
2,CPM,0.3045178,2.2508152,0.7607334238206049,1.0
2,RGS2,0.29792574,0.24716067,0.7657598527025251,1.0
2,FGF19,0.29504168,0.13728721,0.7679620343088274,1.0
2,MYF6,0.2930732,0.6506614,0.7694661880889058,1.0
2,CLDN5,0.29119632,2.0198948,0.7709011896908108,1.0
2,RGS4,0.2875798,23.301802,0.7736684008781547,1.0
2,PRR9,0.2875798,24.030447,0.7736684008781547,1.0
2,SLC40A1,0.27879035,2.2019887,0.7804057120330703,1.0
2,SRBD1,0.2753112,0.17954728,0.7830771574984481,1.0
2,AQP1,0.2744872,4.653738,0.7837102443495072,1.0
2,C2orf54,0.2743041,4.240172,0.7838509497784127,1.0
2,THBD,0.2743041,4.011831,0.7838509497784127,1.0
2,CRYL1,0.2736632,0.6484532,0.7843434744086184,1.0
2,RAMP1,0.26990935,1.2943228,0.7872299903198791,1.0
2,USP18,0.26780355,0.9999879,0.7888505388996192,1.0
2,CREB3L1,0.2672542,0.35075775,0.7892734413162088,1.0
2,CFC1,0.2615777,4.1359158,0.793647047192121,1.0
2,ZMYND10,0.26121145,3.4368758,0.7939294398893599,1.0
2,SST,0.25251356,0.80912477,0.8006441277449186,1.0
2,FBXO32,0.25150645,1.5324771,0.8014225807031348,1.0
2,PTHLH,0.24830195,3.1708932,0.8039007848865964,1.0
2,CST1,0.24802728,2.7604144,0.8041132945150256,1.0
2,LIMD1,0.24669972,0.74895006,0.8051406282123625,1.0
2,GEM,0.24633348,0.79449075,0.805424089904832,1.0
2,FIBIN,0.24001607,1.7786299,0.8103177990207304,1.0
2,DHRS2,0.23928362,1.2349724,0.8108856694917779,1.0
2,PTX3,0.23745248,1.1303579,0.8123057805113982,1.0
2,SOX17,0.23539245,3.1047797,0.813904143420555,1.0
2,NPPB,0.2348431,2.5723324,0.8143305047266671,1.0
2,HBA2,0.2319133,0.6586565,0.8166053577479923,1.0
2,HHIP,0.2306315,0.4478854,0.8176010932433686,1.0
2,TFAP2B,0.22797635,0.14146087,0.8196646229756561,1.0
2,SLN,0.22742702,2.016066,0.8200917166130458,1.0
2,CHGA,0.22715235,0.06420281,0.8203052834502168,1.0
2,EMP1,0.2149753,0.11845057,0.8297865813731574,1.0
2,ASCL4,0.21209125,1.1220539,0.8320358420140501,1.0
2,ZCCHC12,0.21163347,0.9874872,0.8323929945368627,1.0
2,TNFAIP6,0.21163347,0.897766,0.8323929945368627,1.0
2,S100A3,0.20929877,2.028742,0.8342150091395567,1.0
2,MATN3,0.208841,0.410081,0.8345723716307214,1.0
2,SLITRK6,0.20874943,1.901091,0.8346438482312777,1.0
2,CRTAC1,0.20874943,1.8962463,0.8346438482312777,1.0
2,DUSP1,0.20453782,0.14802153,0.8379332393169827,1.0
2,NPPC,0.20298135,0.33793083,0.8391496042342028,1.0
2,ATP6V1C2,0.19913597,1.0124505,0.8421563829346085,1.0
2,PLK2,0.1980373,0.4050763,0.8430158874927112,1.0
2,TRIB3,0.19712172,0.43396887,0.8437322842045021,1.0
2,APOA1,0.19217765,0.95882016,0.8476030462100896,1.0
2,PDE1A,0.19171987,22.79983,0.8479616376146067,1.0
2,CPED1,0.19171987,22.534729,0.8479616376146067,1.0
2,HOXB5,0.19171987,23.08726,0.8479616376146067,1.0
2,ODAM,0.19171987,22.831947,0.8479616376146067,1.0
2,TRPM1,0.19171987,22.346731,0.8479616376146067,1.0
2,SNHG18,0.18965985,0.24160698,0.8495756873753835,1.0
2,HES4,0.18137395,0.20516323,0.8560740575335126,1.0
2,LINC01411,0.17867303,4.522421,0.8581944438826343,1.0
2,CTD-2314G24.2,0.17867303,4.446725,0.8581944438826343,1.0
2,ISL2,0.17858148,3.924762,0.8582663394061577,1.0
2,CTD-2035E11.4,0.17858148,4.399984,0.8582663394061577,1.0
2,SLPI,0.17858148,3.971704,0.8582663394061577,1.0
2,EPHA5-AS1,0.17848992,3.7515533,0.8583382361052072,1.0
2,CH25H,0.17848992,3.1962032,0.8583382361052072,1.0
2,HIST2H2BE,0.1719436,0.7116256,0.8634818598202877,1.0
2,TTN,0.17011248,1.5702434,0.8649216817048488,1.0
2,COL21A1,0.1698378,1.4202348,0.8651376937915221,1.0
2,HHEX,0.1690138,0.57361203,0.8657857904506454,1.0
2,LEPR,0.16873913,1.0234292,0.8660018427506195,1.0
2,TACSTD2,0.1675031,0.5840066,0.8669742017919081,1.0
2,COL6A3,0.16544308,2.965699,0.8685952468912624,1.0
2,MYCT1,0.16535152,2.8217678,0.8686673062147734,1.0
2,MAL,0.16525997,2.69352,0.8687393666292025,1.0
2,TRH,0.16525997,2.7970848,0.8687393666292025,1.0
2,RGS6,0.16525997,2.7346473,0.8687393666292025,1.0
2,RP1-40E16.9,0.16269638,0.48515633,0.8707574987597484,1.0
2,RLTPR,0.1586221,0.5664564,0.873966614382757,1.0
2,CLDN9,0.15683675,1.2796818,0.8753735128644582,1.0
2,CALB1,0.15573807,0.1430571,0.8762394926586903,1.0
2,CRHBP,0.15257935,3.3444805,0.8787300064647582,1.0
2,SCGN,0.15230468,2.3668885,0.8789466299710204,1.0
2,SLC39A2,0.15230468,2.4568665,0.8789466299710204,1.0
2,NTNG1,0.15221313,2.2392168,0.8790188398210794,1.0
2,KRT17,0.15221313,2.1468804,0.8790188398210794,1.0
2,GNB5,0.14749795,0.1161562,0.8827389940735391,1.0
2,NRN1,0.14374413,1.2073576,0.8857025246531275,1.0
2,AQP3,0.14301167,0.94777155,0.8862809623021188,1.0
2,RGCC,0.142737,0.9234883,0.8864978920587666,1.0
2,PCP4L1,0.13953252,2.2155566,0.8890293634334301,1.0
2,GSTA1,0.13944095,2.2010095,0.8891017079439588,1.0
2,EGR2,0.1391663,1.9222327,0.8893187470148336,1.0
2,ISM1,0.13907473,1.8000424,0.889391095216239,1.0
2,T,0.13614492,0.34293067,0.8917067208259895,1.0
2,LINC00643,0.1306515,1.0662359,0.896050993532369,1.0
2,NTF3,0.12698925,0.016065247,0.8989489161248638,1.0
2,RNASE1,0.1260279,1.316451,0.8997098457390584,1.0
2,LINC01361,0.12584478,1.3526951,0.8998547951875501,1.0
2,AHSG,0.1255701,1.1112255,0.9000722256217363,1.0
2,CCDC184,0.12387631,0.38856295,0.9014132117336523,1.0
2,CYTL1,0.1207176,-0.018645857,0.9039147183946207,1.0
2,PRRX1,0.117787786,0.47749537,0.906235809828525,1.0
2,SIX1,0.117742,0.9425996,0.9062720832900306,1.0
2,ZFHX4-AS1,0.116643324,0.74095994,0.9071427048484999,1.0
2,HBE1,0.11279794,1.1208969,0.910190752194957,1.0
2,ATAD3C,0.112523265,0.984748,0.9104085209909989,1.0
2,SERPINE1,0.112523265,0.60545063,0.9104085209909989,1.0
2,PDGFRA,0.11028013,0.86133635,0.9121872166395334,1.0
2,FGF4,0.10835744,0.44062775,0.9137121634943696,1.0
2,HS3ST1,0.10739609,0.15283278,0.9144747564215594,1.0
2,ALDH1A1,0.1041916,1.2581384,0.9170172975930675,1.0
2,HIST1H4C,0.1037796,0.044078622,0.9173442578872205,1.0
2,NKX2-5,0.10345915,0.70992893,0.9175985700064941,1.0
2,EPO,0.100117326,1.1880375,0.9202511797124129,1.0
2,ICAM1,0.0997511,1.0258952,0.9205419311639473,1.0
2,SPOCK3,0.09965954,0.88967234,0.9206146206879947,1.0
2,VWC2,0.09947643,0.86055183,0.9207600017252633,1.0
2,RIMS1,0.099384874,0.79336166,0.9208326932372779,1.0
2,HOTAIRM1,0.096958615,0.28384042,0.9227592574522063,1.0
2,MYL3,0.09585994,22.379543,0.9236318136632083,1.0
2,KCNJ2,0.09585994,21.865465,0.9236318136632083,1.0
2,NEUROG1,0.09585994,21.80683,0.9236318136632083,1.0
2,TMEM156,0.09585994,21.348396,0.9236318136632083,1.0
2,NPNT,0.09585994,21.707907,0.9236318136632083,1.0
2,CCNO,0.09585994,21.826796,0.9236318136632083,1.0
2,CLEC1B,0.09585994,21.557259,0.9236318136632083,1.0
2,COLEC10,0.09585994,21.557259,0.9236318136632083,1.0
2,SDPR,0.09585994,21.801847,0.9236318136632083,1.0
2,SAMSN1,0.09585994,21.557259,0.9236318136632083,1.0
2,FCN3,0.09585994,21.557259,0.9236318136632083,1.0
2,NPPA,0.09585994,21.818535,0.9236318136632083,1.0
2,RGS13,0.09585994,21.905415,0.9236318136632083,1.0
2,RGS1,0.09585994,21.818535,0.9236318136632083,1.0
2,ALPK1,0.09585994,21.313354,0.9236318136632083,1.0
2,GSTA2,0.09585994,21.840574,0.9236318136632083,1.0
2,LBX1,0.09585994,21.813839,0.9236318136632083,1.0
2,ALX3,0.09585994,21.703156,0.9236318136632083,1.0
2,HOXB9,0.09585994,21.66979,0.9236318136632083,1.0
2,NPR3,0.09585994,21.410297,0.9236318136632083,1.0
2,HOXC5,0.09585994,21.81585,0.9236318136632083,1.0
2,CAPN3,0.09585994,21.448694,0.9236318136632083,1.0
2,PECAM1,0.09585994,22.468544,0.9236318136632083,1.0
2,MPZ,0.09485281,0.43230027,0.9244317376154723,1.0
2,RP4-665J23.1,0.093113236,0.30439568,0.9258136039786627,1.0
2,TNNT2,0.091968775,0.48111415,0.9267228489225877,1.0
2,KCNN1,0.0906412,0.5350534,0.9277776928805995,1.0
2,DUSP2,0.08862695,0.1522525,0.9293783875837687,1.0
2,CXCL3,0.08697893,0.060469322,0.930688259737698,1.0
2,RP11-247C2.2,0.086887375,1.0043573,0.9307610359512475,1.0
2,SYT4,0.086795814,0.79876584,0.9308338127437433,1.0
2,TRAC,0.08642959,0.6588614,0.9311249256910806,1.0
2,NUPR1,0.086338036,0.67654574,0.931197705369226,1.0
2,RSPO2,0.08606336,0.5992651,0.9314160478531199,1.0
2,IGFBP7-AS1,0.08276732,3.2603629,0.9340365555771892,1.0
2,CCDC81,0.08276732,3.7270913,0.9340365555771892,1.0
2,C3orf80,0.08276732,2.927018,0.9340365555771892,1.0
2,SMIM5,0.08276732,2.8972676,0.9340365555771892,1.0
2,KIAA1614,0.08276732,3.0466876,0.9340365555771892,1.0
2,PGM5-AS1,0.08276732,3.1981888,0.9340365555771892,1.0
2,TLX2,0.08276732,3.1932423,0.9340365555771892,1.0
2,LYZ,0.08267576,2.5051875,0.9341093577954003,1.0
2,L3MBTL4,0.08267576,2.7933278,0.9341093577954003,1.0
2,MGP,0.08267576,2.6381202,0.9341093577954003,1.0
2,C19orf45,0.08267576,2.701989,0.9341093577954003,1.0
2,NKX2-8,0.08267576,2.7890015,0.9341093577954003,1.0
2,IL3RA,0.08267576,2.7120252,0.9341093577954003,1.0
2,SMPX,0.08267576,2.4820297,0.9341093577954003,1.0
2,AGAP2,0.08267576,2.4661248,0.9341093577954003,1.0
2,RP11-511B23.1,0.08267576,2.7762454,0.9341093577954003,1.0
2,EFEMP1,0.08226376,-0.057224043,0.9344369745882186,1.0
2,BHLHE40,0.07699924,0.3373822,0.9386241475069357,1.0
2,FOSB,0.07654146,0.30721647,0.9389883313895303,1.0
2,GPNMB,0.076083675,0.18132125,0.9393525280331488,1.0
2,TMEM100,0.07347431,0.616917,0.9414286888542114,1.0
2,TGFBI,0.07297075,0.18270303,0.9418293977284525,1.0
2,TPPP3,0.0696747,1.9783924,0.944452578444919,1.0
2,LCN15,0.0696747,2.3799386,0.944452578444919,1.0
2,KCNN4,0.0696747,2.0911515,0.944452578444919,1.0
2,ZG16,0.06958315,1.9957656,0.9445254533074189,1.0
2,PLSCR2,0.06958315,2.146017,0.9445254533074189,1.0
2,PHOX2A,0.06958315,1.9040992,0.9445254533074189,1.0
2,RASSF9,0.06949159,1.0628752,0.944598328634192,1.0
2,MOXD1,0.068759136,0.3169179,0.9451813478892588,1.0
2,WIF1,0.06642444,-0.019934125,0.9470399162151752,1.0
2,FOXJ1,0.06445596,0.37702855,0.9486071687948024,1.0
2,RASD1,0.06372351,0.19059925,0.9491903836334153,1.0
2,RP11-44N21.1,0.056582082,1.6590056,0.9548781072605375,1.0
2,INSM1,0.056582082,1.6678525,0.9548781072605375,1.0
2,RP3-466P17.1,0.05639897,1.1147491,0.9550239777896009,1.0
2,NODAL,0.056307413,0.3253574,0.9550969136193648,1.0
2,FILIP1L,0.056307413,1.0996763,0.9550969136193648,1.0
2,DMRT2,0.056307413,1.0106138,0.9550969136193648,1.0
2,TSLP,0.056261633,0.40230012,0.9551333816752882,1.0
2,GSC,0.051180232,0.35936132,0.9591819023597418,1.0
2,CES1,0.05072245,0.03921928,0.9595466872126728,1.0
2,FRMD5,0.05008155,0.16356954,0.9600574002199215,1.0
2,TM4SF18,0.0487082,0.015319391,0.9611518401668776,1.0
2,DCX,0.047380626,0.50930583,0.9622098683973641,1.0
2,CPXM2,0.047380626,0.46939784,0.9622098683973641,1.0
2,XXbac-BPG181B23.7,0.043489464,1.0537959,0.9653113621381486,1.0
2,RP11-753H16.3,0.043489464,1.4344579,0.9653113621381486,1.0
2,PENK,0.043489464,2.2794223,0.9653113621381486,1.0
2,LAMA4,0.043397907,1.034326,0.9653843449656925,1.0
2,SYT16,0.04330635,0.89512354,0.9654573280832249,1.0
2,LOX,0.043214794,0.6878245,0.9655303114901351,1.0
2,GPRC5A,0.043214794,0.804941,0.9655303114901351,1.0
2,FMOD,0.043214794,0.71815294,0.9655303114901351,1.0
2,GJB2,0.043123238,0.5047623,0.9656032951858127,1.0
2,CXCR4,0.04197878,-0.026078677,0.9665156154974748,1.0
2,TM4SF1,0.034425344,0.39821455,0.972537972994504,1.0
2,MAPT,0.033967562,0.178853,0.9729030181489233,1.0
2,PAPPA2,0.030396847,1.1385155,0.9757505592233664,1.0
2,TDRD10,0.030396847,0.73109704,0.9757505592233664,1.0
2,TTLL10,0.03030529,0.5825583,0.9758235773162107,1.0
2,RP11-111M22.5,0.03003062,0.20310985,0.9760426328078989,1.0
2,HS3ST2,0.03003062,0.37068203,0.9760426328078989,1.0
2,SYNPO2,0.029939063,0.35186347,0.976115651707475,1.0
2,ONECUT1,0.029939063,0.303471,0.976115651707475,1.0
2,CLEC3A,0.029939063,0.31319305,0.976115651707475,1.0
2,ELAVL2,0.024262544,-0.14838599,0.9806431900942195,1.0
2,PAGE4,0.020829165,0.1064803,0.9833819325490648,1.0
2,RBP4,0.02064605,0.07817968,0.9835280046010364,1.0
2,AZU1,0.020005153,-0.07999783,0.9840392610996733,1.0
2,CA9,0.020005153,-0.16388991,0.9840392610996733,1.0
2,NOV,0.017304229,0.5772959,0.9861939116082563,1.0
2,SPARCL1,0.017212672,0.2859849,0.98626695246195,1.0
2,PTGER2,0.017212672,0.4802599,0.98626695246195,1.0
2,GDF15,0.017121116,0.3650717,0.9863399934307514,1.0
2,CLEC14A,0.016846446,0.13297494,0.9865591170216821,1.0
2,PCSK9,0.016388662,0.21651962,0.986924325251594,1.0
2,PLAT,0.015701985,0.019677557,0.9874721427099982,1.0
2,CHRNA3,0.010254358,-0.24683754,0.9918183493698364,1.0
2,PCP4,0.008835228,0.021946412,0.9929505995483985,1.0
2,SOSTDC1,0.008285888,-0.0431174,0.9933888938765332,1.0
2,BGN,0.0075992118,-0.02494681,0.9939367645767014,1.0
2,ESAM,0.0042116116,0.54920775,0.9966396302488929,1.0
2,INA,0.0038453843,0.00021034235,0.9969318348053429,1.0
2,MSC,0.0037538274,-0.12108828,0.9970048860102843,1.0
2,GIMAP4,0.0,0.0,1.0,1.0
2,GYPB,0.0,0.0,1.0,1.0
2,GRIK1,0.0,0.0,1.0,1.0
2,ESM1,0.0,0.0,1.0,1.0
2,EPYC,0.0,0.0,1.0,1.0
2,GSX2,0.0,0.0,1.0,1.0
2,AKR1B10,0.0,0.0,1.0,1.0
2,S100A8,0.0,0.0,1.0,1.0
2,AGTR2,0.0,0.0,1.0,1.0
2,EMCN,0.0,0.0,1.0,1.0
2,GRIA2,0.0,0.0,1.0,1.0
2,GYPE,0.0,0.0,1.0,1.0
2,SCGB1A1,0.0,0.0,1.0,1.0
2,GZMA,0.0,0.0,1.0,1.0
2,SCRT2,0.0,0.0,1.0,1.0
2,SERPINA11,0.0,0.0,1.0,1.0
2,SERPINB2,0.0,0.0,1.0,1.0
2,SERPIND1,0.0,0.0,1.0,1.0
2,DRC1,0.0,0.0,1.0,1.0
2,PRSS1,0.0,0.0,1.0,1.0
2,FAP,0.0,0.0,1.0,1.0
2,FGG,0.0,0.0,1.0,1.0
2,FGA,0.0,0.0,1.0,1.0
2,GNRH2,0.0,0.0,1.0,1.0
2,RIPPLY1,0.0,0.0,1.0,1.0
2,GLYAT,0.0,0.0,1.0,1.0
2,RP11-111H13.1,0.0,0.0,1.0,1.0
2,GMNC,0.0,0.0,1.0,1.0
2,RP11-21B23.2,0.0,0.0,1.0,1.0
2,REN,0.0,0.0,1.0,1.0
2,GABRB1,0.0,0.0,1.0,1.0
2,RP11-290H9.5,0.0,0.0,1.0,1.0
2,ARPP21,0.0,0.0,1.0,1.0
2,RP11-327J17.9,0.0,0.0,1.0,1.0
2,FGB,0.0,0.0,1.0,1.0
2,DPT,0.0,0.0,1.0,1.0
2,RP11-32K4.1,0.0,0.0,1.0,1.0
2,GPR183,0.0,0.0,1.0,1.0
2,RP11-382A20.7,0.0,0.0,1.0,1.0
2,RP11-387A1.5,0.0,0.0,1.0,1.0
2,RP11-462L8.1,0.0,0.0,1.0,1.0
2,RP11-510C10.2,0.0,0.0,1.0,1.0
2,FIGF,0.0,0.0,1.0,1.0
2,RP11-1085N6.5,0.0,0.0,1.0,1.0
2,LINC00907,0.0,0.0,1.0,1.0
2,SFRP4,0.0,0.0,1.0,1.0
2,DNM3OS,0.0,0.0,1.0,1.0
2,SERPINE3,0.0,0.0,1.0,1.0
2,TECRL,0.0,0.0,1.0,1.0
2,TEKT1,0.0,0.0,1.0,1.0
2,TF,0.0,0.0,1.0,1.0
2,TMEM196,0.0,0.0,1.0,1.0
2,CHRM2,0.0,0.0,1.0,1.0
2,CFI,0.0,0.0,1.0,1.0
2,CFAP161,0.0,0.0,1.0,1.0
2,CFAP126,0.0,0.0,1.0,1.0
2,TYR,0.0,0.0,1.0,1.0
2,TYRP1,0.0,0.0,1.0,1.0
2,URAD,0.0,0.0,1.0,1.0
2,AC140912.1,0.0,0.0,1.0,1.0
2,WFIKKN2,0.0,0.0,1.0,1.0
2,WNT16,0.0,0.0,1.0,1.0
2,WNT2,0.0,0.0,1.0,1.0
2,CCDC42,0.0,0.0,1.0,1.0
2,CCDC170,0.0,0.0,1.0,1.0
2,CARTPT,0.0,0.0,1.0,1.0
2,C8orf46,0.0,0.0,1.0,1.0
2,ZNF474,0.0,0.0,1.0,1.0
2,C5orf66-AS1,0.0,0.0,1.0,1.0
2,C4orf26,0.0,0.0,1.0,1.0
2,ZNF503-AS1,0.0,0.0,1.0,1.0
2,C20orf85,0.0,0.0,1.0,1.0
2,C1QTNF7,0.0,0.0,1.0,1.0
2,TDO2,0.0,0.0,1.0,1.0
2,TBX5,0.0,0.0,1.0,1.0
2,TBX2-AS1,0.0,0.0,1.0,1.0
2,SLC45A2,0.0,0.0,1.0,1.0
2,AGT,0.0,0.0,1.0,1.0
2,BARHL2,0.0,0.0,1.0,1.0
2,DHRS9,0.0,0.0,1.0,1.0
2,HBD,0.0,0.0,1.0,1.0
2,SFTA3,0.0,0.0,1.0,1.0
2,SLC17A6,0.0,0.0,1.0,1.0
2,DCT,0.0,0.0,1.0,1.0
2,SLC18A1,0.0,0.0,1.0,1.0
2,SLC18A3,0.0,0.0,1.0,1.0
2,SLC30A8,0.0,0.0,1.0,1.0
2,CYP26B1,0.0,0.0,1.0,1.0
2,CXCL10,0.0,0.0,1.0,1.0
2,TAL1,0.0,0.0,1.0,1.0
2,CTSS,0.0,0.0,1.0,1.0
2,AF131217.1,0.0,0.0,1.0,1.0
2,SP9,0.0,0.0,1.0,1.0
2,CTD-2545M3.8,0.0,0.0,1.0,1.0
2,CTD-2521M24.8,0.0,0.0,1.0,1.0
2,CTD-2339F6.1,0.0,0.0,1.0,1.0
2,CST4,0.0,0.0,1.0,1.0
2,CSRP3,0.0,0.0,1.0,1.0
2,SRGN,0.0,0.0,1.0,1.0
2,STOML3,0.0,0.0,1.0,1.0
2,SULT1E1,0.0,0.0,1.0,1.0
2,PRND,0.0,0.0,1.0,1.0
2,RP11-802E16.3,0.0,0.0,1.0,1.0
2,ZNF804A,0.0,0.0,1.0,1.0
2,HOXA9,0.0,0.0,1.0,1.0
2,HOXC6,0.0,0.0,1.0,1.0
2,NFIA-AS2,0.0,0.0,1.0,1.0
2,NEUROD4,0.0,0.0,1.0,1.0
2,HOXC10,0.0,0.0,1.0,1.0
2,NEUROD1,0.0,0.0,1.0,1.0
2,HOXB-AS3,0.0,0.0,1.0,1.0
2,HOXA7,0.0,0.0,1.0,1.0
2,MLANA,0.0,0.0,1.0,1.0
2,MYOZ2,0.0,0.0,1.0,1.0
2,HOXA10,0.0,0.0,1.0,1.0
2,KRT14,0.0,0.0,1.0,1.0
2,MS4A8,0.0,0.0,1.0,1.0
2,MMP10,0.0,0.0,1.0,1.0
2,PHOX2B,0.0,0.0,1.0,1.0
2,HOXC8,0.0,0.0,1.0,1.0
2,HOXC9,0.0,0.0,1.0,1.0
2,NKX2-1,0.0,0.0,1.0,1.0
2,HOXD11,0.0,0.0,1.0,1.0
2,APOC3,0.0,0.0,1.0,1.0
2,ANGPTL1,0.0,0.0,1.0,1.0
2,HPCAL4,0.0,0.0,1.0,1.0
2,PCAT19,0.0,0.0,1.0,1.0
2,OGN,0.0,0.0,1.0,1.0
2,OR8S1,0.0,0.0,1.0,1.0
2,PAX1,0.0,0.0,1.0,1.0
2,IGF1,0.0,0.0,1.0,1.0
2,IFI44L,0.0,0.0,1.0,1.0
2,IFI44,0.0,0.0,1.0,1.0
2,ICAM2,0.0,0.0,1.0,1.0
2,HSPA6,0.0,0.0,1.0,1.0
2,IBSP,0.0,0.0,1.0,1.0
2,HMP19,0.0,0.0,1.0,1.0
2,HTR2B,0.0,0.0,1.0,1.0
2,LLNLF-187D8.1,0.0,0.0,1.0,1.0
2,LINC00682,0.0,0.0,1.0,1.0
2,PLVAP,0.0,0.0,1.0,1.0
2,APOBEC2,0.0,0.0,1.0,1.0
2,MAB21L1,0.0,0.0,1.0,1.0
2,HLF,0.0,0.0,1.0,1.0
2,PLN,0.0,0.0,1.0,1.0
2,MGC16275,0.0,0.0,1.0,1.0
2,LINC01117,0.0,0.0,1.0,1.0
2,KLF4,-0.0010071244,0.002647346,0.9991964310806632,1.0
2,CDX4,-0.0014649082,0.034736216,0.9988311727014165,1.0
2,FAM102B,-0.004440503,0.29552934,0.996457002627494,1.0
2,SPON2,-0.0059054117,-0.22989091,0.9952881906538862,1.0
2,FGF7,-0.006180082,-0.27154818,0.995069039458874,1.0
2,LTB,-0.008881006,0.7639796,0.9929140751152528,1.0
2,XX-FW83563B9.5,-0.008881006,0.24199346,0.9929140751152528,1.0
2,GABRA1,-0.00906412,-0.14273798,0.9927679775319284,1.0
2,RIT2,-0.00906412,-0.033153806,0.9927679775319284,1.0
2,FOXS1,-0.009155677,-0.095858835,0.9926949288308926,1.0
2,C10orf10,-0.009430347,-0.2474644,0.9924757830976392,1.0
2,FHL2,-0.012497499,-0.01776761,0.9900286981086329,1.0
2,TNMD,-0.012909505,0.03413254,0.9896999918398639,1.0
2,IHH,-0.013138397,-18.819315,0.9895173779979762,1.0
2,CBLN4,-0.013138397,-18.564228,0.9895173779979762,1.0
2,BARX2,-0.013138397,-18.373077,0.9895173779979762,1.0
2,LINC00950,-0.013138397,-18.616978,0.9895173779979762,1.0
2,DKK2,-0.013138397,-18.483547,0.9895173779979762,1.0
2,CBLN2,-0.013138397,-18.645891,0.9895173779979762,1.0
2,CAPN9,-0.013138397,-19.002773,0.9895173779979762,1.0
2,C7,-0.013138397,-18.49218,0.9895173779979762,1.0
2,DLL4,-0.013138397,-18.393665,0.9895173779979762,1.0
2,SERPINA1,-0.013138397,-18.817505,0.9895173779979762,1.0
2,AGTR1,-0.013138397,-18.46852,0.9895173779979762,1.0
2,OLIG2,-0.013138397,-18.479832,0.9895173779979762,1.0
2,YPEL4,-0.013138397,-18.564972,0.9895173779979762,1.0
2,XAGE2,-0.013138397,-18.373077,0.9895173779979762,1.0
2,S100A9,-0.013138397,-19.035297,0.9895173779979762,1.0
2,LINC01102,-0.013138397,-19.017149,0.9895173779979762,1.0
2,LINC00305,-0.013138397,-18.362743,0.9895173779979762,1.0
2,OSR1,-0.013138397,-18.777729,0.9895173779979762,1.0
2,DSG3,-0.013138397,-18.459812,0.9895173779979762,1.0
2,TNFSF10,-0.013138397,-18.658068,0.9895173779979762,1.0
2,NHLH1,-0.013138397,-18.695168,0.9895173779979762,1.0
2,SHOX,-0.013138397,-18.351015,0.9895173779979762,1.0
2,IL37,-0.013138397,-18.493351,0.9895173779979762,1.0
2,TLX3,-0.013138397,-18.399326,0.9895173779979762,1.0
2,TH,-0.013138397,-18.504763,0.9895173779979762,1.0
2,LA16c-380H5.3,-0.013138397,-18.834967,0.9895173779979762,1.0
2,ADAMTSL1,-0.013138397,-18.43459,0.9895173779979762,1.0
2,TFF3,-0.013138397,-18.380693,0.9895173779979762,1.0
2,TCTEX1D4,-0.013138397,-18.622398,0.9895173779979762,1.0
2,CORIN,-0.013138397,-18.66393,0.9895173779979762,1.0
2,CPA5,-0.013138397,-18.454227,0.9895173779979762,1.0
2,BIRC7,-0.013138397,-18.483547,0.9895173779979762,1.0
2,ENPP3,-0.013138397,-18.792868,0.9895173779979762,1.0
2,BDKRB1,-0.013138397,-18.53283,0.9895173779979762,1.0
2,TXLNB,-0.013138397,-18.554865,0.9895173779979762,1.0
2,BRINP3,-0.013138397,-18.806993,0.9895173779979762,1.0
2,KCNF1,-0.013138397,-18.949434,0.9895173779979762,1.0
2,CDC20B,-0.013138397,-18.754856,0.9895173779979762,1.0
2,CD34,-0.013138397,-18.779484,0.9895173779979762,1.0
2,WNT10A,-0.013138397,-18.838182,0.9895173779979762,1.0
2,CTXN3,-0.013138397,-18.812538,0.9895173779979762,1.0
2,LA16c-312E8.2,-0.013138397,-18.366463,0.9895173779979762,1.0
2,SNTG1,-0.013138397,-18.439528,0.9895173779979762,1.0
2,WT1,-0.013138397,-18.645891,0.9895173779979762,1.0
2,DBH,-0.013138397,-18.750559,0.9895173779979762,1.0
2,APOB,-0.013138397,-18.42488,0.9895173779979762,1.0
2,KISS1,-0.013138397,-18.735777,0.9895173779979762,1.0
2,HBZ,-0.013138397,-18.619427,0.9895173779979762,1.0
2,RP11-156E8.1,-0.013138397,-18.45207,0.9895173779979762,1.0
2,HOXA-AS3,-0.013138397,-18.701616,0.9895173779979762,1.0
2,AREG,-0.013138397,-18.480412,0.9895173779979762,1.0
2,RP11-343L5.2,-0.013138397,-18.518064,0.9895173779979762,1.0
2,FGF5,-0.013138397,-18.466223,0.9895173779979762,1.0
2,GPR12,-0.013138397,-18.734364,0.9895173779979762,1.0
2,RP11-490O6.2,-0.013138397,-18.439865,0.9895173779979762,1.0
2,FMO1,-0.013138397,-18.94074,0.9895173779979762,1.0
2,RP11-95O2.5,-0.013138397,-19.032597,0.9895173779979762,1.0
2,RP11-188D8.1,-0.013138397,-18.590965,0.9895173779979762,1.0
2,FAM181A,-0.013138397,-18.98243,0.9895173779979762,1.0
2,RAB27B,-0.013138397,-18.939907,0.9895173779979762,1.0
2,ASPN,-0.013138397,-18.561388,0.9895173779979762,1.0
2,RP11-676J12.4,-0.013138397,-18.98571,0.9895173779979762,1.0
2,RP11-110I1.14,-0.013138397,-18.746563,0.9895173779979762,1.0
2,RP11-1109F11.5,-0.013138397,-18.568687,0.9895173779979762,1.0
2,TOP2A,-0.014877975,-0.0039453073,0.9881295314341939,1.0
2,TWIST2,-0.020600272,-0.19329117,0.9835645227005075,1.0
2,NXPH4,-0.02233985,-0.32311556,0.9821768598298224,1.0
2,GPX2,-0.026276793,-19.436184,0.9790365652973266,1.0
2,NR4A2,-0.026276793,-19.58806,0.9790365652973266,1.0
2,SMCR2,-0.026276793,-19.822515,0.9790365652973266,1.0
2,RP11-525K10.3,-0.026276793,-19.782564,0.9790365652973266,1.0
2,CD36,-0.026276793,-19.482462,0.9790365652973266,1.0
2,FGFBP2,-0.026276793,-19.517143,0.9790365652973266,1.0
2,KCNA3,-0.026276793,-19.602009,0.9790365652973266,1.0
2,RAD21-AS1,-0.026276793,-19.716377,0.9790365652973266,1.0
2,CDH5,-0.026276793,-19.738203,0.9790365652973266,1.0
2,GABRD,-0.026276793,-19.667343,0.9790365652973266,1.0
2,GJB6,-0.026276793,-19.624218,0.9790365652973266,1.0
2,CLEC1A,-0.026276793,-19.672764,0.9790365652973266,1.0
2,COL15A1,-0.026276793,-19.813007,0.9790365652973266,1.0
2,PLD1,-0.026276793,-19.597136,0.9790365652973266,1.0
2,TSPAN8,-0.026276793,-20.003153,0.9790365652973266,1.0
2,GAS2,-0.026276793,-19.745949,0.9790365652973266,1.0
2,TTC9B,-0.026276793,-19.529827,0.9790365652973266,1.0
2,CFAP45,-0.026276793,-19.652018,0.9790365652973266,1.0
2,MEOX2,-0.026276793,-19.766773,0.9790365652973266,1.0
2,TTR,-0.026276793,-20.923431,0.9790365652973266,1.0
2,MYH6,-0.026276793,-19.745934,0.9790365652973266,1.0
2,ADCYAP1,-0.026276793,-19.776966,0.9790365652973266,1.0
2,ST7-AS1,-0.026276793,-19.509224,0.9790365652973266,1.0
2,RP11-285F16.1,-0.026276793,-19.84001,0.9790365652973266,1.0
2,SPRR2F,-0.026276793,-19.886568,0.9790365652973266,1.0
2,HBG2,-0.026276793,-19.563272,0.9790365652973266,1.0
2,SLC8A1-AS1,-0.026276793,-19.747623,0.9790365652973266,1.0
2,OTX2-AS1,-0.026276793,-19.660109,0.9790365652973266,1.0
2,PRSS2,-0.026276793,-20.366095,0.9790365652973266,1.0
2,APOL4,-0.026276793,-19.797037,0.9790365652973266,1.0
2,FAM81B,-0.026276793,-19.717232,0.9790365652973266,1.0
2,RP13-941N14.1,-0.026276793,-19.629282,0.9790365652973266,1.0
2,HSD17B2,-0.026276793,-19.898966,0.9790365652973266,1.0
2,RP11-559M23.1,-0.026276793,-20.007624,0.9790365652973266,1.0
2,RP4-758J18.13,-0.026276793,-19.480558,0.9790365652973266,1.0
2,PRSS56,-0.026276793,-19.730207,0.9790365652973266,1.0
2,EDN3,-0.026276793,-19.783901,0.9790365652973266,1.0
2,RP4-794H19.1,-0.026276793,-19.427223,0.9790365652973266,1.0
2,SCG2,-0.028291041,-0.24986516,0.9774300255335936,1.0
2,TMEFF2,-0.031632863,-0.2604717,0.9747648351086993,1.0
2,BHMT,-0.032639988,-0.53050536,0.9739616809232303,1.0
2,CCL2,-0.033692893,-0.012396036,0.9731220479711487,1.0
2,HBA1,-0.035066243,0.010949672,0.9720269194601953,1.0
2,MT1X,-0.0351578,-0.0066957963,0.9719539127451158,1.0
2,APLN,-0.039415188,-20.093414,0.9685593702626225,1.0
2,RASGRP3,-0.039415188,-20.437246,0.9685593702626225,1.0
2,SCN2A,-0.039415188,-20.074636,0.9685593702626225,1.0
2,OSR2,-0.039415188,-20.089972,0.9685593702626225,1.0
2,SERPINB4,-0.039415188,-19.997292,0.9685593702626225,1.0
2,MEGF11,-0.039415188,-20.25728,0.9685593702626225,1.0
2,POU4F1,-0.039415188,-20.23314,0.9685593702626225,1.0
2,VTN,-0.039415188,-20.439318,0.9685593702626225,1.0
2,ATOH1,-0.039415188,-20.172935,0.9685593702626225,1.0
2,LGALS2,-0.039415188,-20.558668,0.9685593702626225,1.0
2,CD48,-0.039415188,-20.162508,0.9685593702626225,1.0
2,AC012358.8,-0.039415188,-20.250206,0.9685593702626225,1.0
2,SNAP25,-0.039415188,-20.197609,0.9685593702626225,1.0
2,XKR7,-0.039415188,-20.163538,0.9685593702626225,1.0
2,RP11-61A14.1,-0.039415188,-20.146261,0.9685593702626225,1.0
2,POSTN,-0.039415188,-20.19222,0.9685593702626225,1.0
2,TMEM176B,-0.044405032,-0.19306941,0.9645815499464143,1.0
2,HIP1R,-0.044588145,-0.3212829,0.9644355910489901,1.0
2,ANKS1B,-0.0446797,-0.32414147,0.964362612046862,1.0
2,HDAC9,-0.045778383,-0.58327657,0.9634868874817961,1.0
2,ITLN2,-0.047243293,0.008141322,0.9623193234238857,1.0
2,RSPH1,-0.04898287,-0.79254764,0.9609329462545196,1.0
2,SYNM,-0.052553587,-20.502275,0.9580875993856383,1.0
2,RP11-231G3.1,-0.052553587,-20.713173,0.9580875993856383,1.0
2,C1orf194,-0.052553587,-20.804432,0.9580875993856383,1.0
2,C1orf168,-0.052553587,-20.701994,0.9580875993856383,1.0
2,LINC00562,-0.052553587,-20.662666,0.9580875993856383,1.0
2,MORN5,-0.052553587,-20.945475,0.9580875993856383,1.0
2,ASCL1,-0.052553587,-21.33109,0.9580875993856383,1.0
2,HAMP,-0.052553587,-20.595215,0.9580875993856383,1.0
2,NRG4,-0.052553587,-20.790781,0.9580875993856383,1.0
2,SLC35D3,-0.052553587,-20.645023,0.9580875993856383,1.0
2,LPL,-0.052553587,-20.604906,0.9580875993856383,1.0
2,ARX,-0.052553587,-21.179846,0.9580875993856383,1.0
2,UPK1B,-0.052553587,-20.618862,0.9580875993856383,1.0
2,C11orf88,-0.052553587,-20.635897,0.9580875993856383,1.0
2,AC108488.4,-0.052553587,-20.611725,0.9580875993856383,1.0
2,CXCL2,-0.052553587,-20.551203,0.9580875993856383,1.0
2,LYPD3,-0.057360314,-0.34977734,0.9542581744319245,1.0
2,DLX6-AS1,-0.058458995,-0.5731981,0.9533830223429922,1.0
2,RP11-513G11.4,-0.0622586,-1.0690746,0.9503568946647674,1.0
2,MITF,-0.065691985,-20.992607,0.9476230563509721,1.0
2,TMEM176A,-0.065691985,-20.95217,0.9476230563509721,1.0
2,LINC00900,-0.065691985,-20.926157,0.9476230563509721,1.0
2,HMGCS2,-0.065691985,-21.142115,0.9476230563509721,1.0
2,HOXD1,-0.065691985,-20.871296,0.9476230563509721,1.0
2,DLX1,-0.065691985,-21.124561,0.9476230563509721,1.0
2,CAPSL,-0.065691985,-21.137663,0.9476230563509721,1.0
2,PHACTR3,-0.065691985,-21.18091,0.9476230563509721,1.0
2,RP5-1159O4.2,-0.065691985,-21.186975,0.9476230563509721,1.0
2,HES2,-0.065691985,-21.03105,0.9476230563509721,1.0
2,PRPH,-0.065691985,-20.914722,0.9476230563509721,1.0
2,SPAG6,-0.065691985,-20.94525,0.9476230563509721,1.0
2,CTD-2410N18.3,-0.065691985,-21.248041,0.9476230563509721,1.0
2,RUNX2,-0.065691985,-21.093971,0.9476230563509721,1.0
2,CTB-113D17.1,-0.065691985,-20.987907,0.9476230563509721,1.0
2,UPK3A,-0.065691985,-20.993801,0.9476230563509721,1.0
2,EBF1,-0.065691985,-21.107199,0.9476230563509721,1.0
2,SHISA3,-0.067202665,-0.29491404,0.9464203609139092,1.0
2,LRRC17,-0.06830135,-0.47213492,0.9455457498544806,1.0
2,SFN,-0.0709565,-0.20872466,0.9434323794590239,1.0
2,RFTN2,-0.07480188,-0.7318114,0.9403723458780169,1.0
2,CHGB,-0.07489344,-0.87358344,0.9402994984836196,1.0
2,ETV3L,-0.075442776,-1.0127174,0.9398624246282601,1.0
2,PPP1R17,-0.07658724,-0.10445511,0.9389519124257728,1.0
2,ZIC4,-0.078830376,-21.3275,0.9371675411040892,1.0
2,CFAP77,-0.078830376,-21.577164,0.9371675411040892,1.0
2,PCDHA9,-0.078830376,-21.148344,0.9371675411040892,1.0
2,ACPP,-0.078830376,-21.126339,0.9371675411040892,1.0
2,DNAI1,-0.078830376,-21.16737,0.9371675411040892,1.0
2,RSPO1,-0.07951705,-0.48303613,0.9366213676460338,1.0
2,ECEL1,-0.084278,-0.57372326,0.9328353990785003,1.0
2,MIR7-3HG,-0.08807761,-1.0944091,0.929814990553286,1.0
2,SPINK1,-0.0885354,-1.1897415,0.9294511532727668,1.0
2,SPX,-0.08871851,-1.1656016,0.9293056224852178,1.0
2,CREB5,-0.08981719,0.040188517,0.9284324875777638,1.0
2,HTR3A,-0.09109899,-0.42579997,0.9274139391521274,1.0
2,CYP4X1,-0.091968775,-21.673141,0.9267228489225877,1.0
2,SOST,-0.091968775,-21.623793,0.9267228489225877,1.0
2,ELAVL3,-0.091968775,-21.444706,0.9267228489225877,1.0
2,IL6ST,-0.09750796,-0.616619,0.9223230141360631,1.0
2,RAB3A,-0.10089556,-0.29455537,0.9196333683218357,1.0
2,MT1M,-0.100987114,-0.99598366,0.9195606878108235,1.0
2,PAK3,-0.104786724,-0.46617106,0.9165450464053326,1.0
2,LIM2,-0.10510717,-21.835892,0.9162907694914872,1.0
2,MX1,-0.10510717,-21.592457,0.9162907694914872,1.0
2,GJA4,-0.10510717,-21.552849,0.9162907694914872,1.0
2,PHYHIPL,-0.10510717,-21.794641,0.9162907694914872,1.0
2,VWF,-0.1054734,-0.42741796,0.916000177792605,1.0
2,S100B,-0.11128725,-0.7992716,0.9113885636306438,1.0
2,PRTN3,-0.118245564,-21.849535,0.905873085983334,1.0
2,INHBA,-0.118245564,-21.961308,0.905873085983334,1.0
2,PPP1R42,-0.118245564,-21.938862,0.905873085983334,1.0
2,EGFL6,-0.118245564,-21.899828,0.905873085983334,1.0
2,TMEM155,-0.118245564,-21.779675,0.905873085983334,1.0
2,SLC5A12,-0.118245564,-21.88472,0.905873085983334,1.0
2,AMBN,-0.118245564,-22.364855,0.905873085983334,1.0
2,RP11-407N17.5,-0.13138397,-22.070776,0.8954715741439092,1.0
2,PACRG,-0.13138397,-22.197275,0.8954715741439092,1.0
2,RAMP3,-0.13138397,-21.864536,0.8954715741439092,1.0
2,CXCL1,-0.13138397,-21.983711,0.8954715741439092,1.0
2,WFDC1,-0.13138397,-22.160213,0.8954715741439092,1.0
2,HES6,-0.13312355,-0.06776449,0.894095677118637,1.0
2,TAGLN3,-0.13500045,-0.26610628,0.89261151407718,1.0
2,MROH8,-0.13980718,-0.7821517,0.8888123354494568,1.0
2,GAD2,-0.1399903,-1.1657323,0.8886676547557649,1.0
2,ARL6IP1,-0.14658238,-0.032964453,0.8834616567154583,1.0
2,PLTP,-0.14731485,-0.055284448,0.8828835188140919,1.0
2,AC007325.4,-0.14969532,-0.87000895,0.8810050030073628,1.0
2,FAM84A,-0.15285403,-0.39391142,0.8785133920367841,1.0
2,EDNRA,-0.15409005,-1.5386859,0.877538739882626,1.0
2,NCCRP1,-0.15738608,-0.5172542,0.8749405788563314,1.0
2,C9orf24,-0.15766075,-22.138174,0.8747241258802687,1.0
2,BDNF,-0.1634746,-0.47385204,0.8701447619160058,1.0
2,IGFBP5,-0.16663332,0.03409523,0.8676585752264483,1.0
2,LHX9,-0.167732,-1.7167892,0.8667941200698813,1.0
2,WNT2B,-0.167732,-1.7246934,0.8667941200698813,1.0
2,DLL3,-0.18430378,-0.18912344,0.8537751521163678,1.0
2,SERTAD4,-0.19171987,-0.34052622,0.8479616376146067,1.0
2,APOM,-0.20110445,-0.31939116,0.8406169081579975,1.0
2,APCDD1,-0.20787965,-0.6972204,0.8353229439900142,1.0
2,ALDH1A2,-0.21021435,-22.770973,0.8335003869444584,1.0
2,GPM6A,-0.21309838,-0.69223285,0.8312502286203123,1.0
2,ZNF385D,-0.21341883,-0.94038343,0.8310002960406793,1.0
2,AMBP,-0.21470062,-1.0108984,0.8300007368895517,1.0
2,CA4,-0.22349007,-0.8571161,0.8231541085765477,1.0
2,NR2F1,-0.23649113,-22.941479,0.8130515863182896,1.0
2,NFIA,-0.23649113,-23.02612,0.8130515863182896,1.0
2,HES7,-0.24962953,-22.981684,0.8028738595965683,1.0
2,PLPP3,-0.27718812,-0.088068634,0.7816356630516587,1.0
2,COL9A2,-0.27819523,-0.21295176,0.780862487017714,1.0
2,ENO2,-0.28286463,-0.1385941,0.7772806032830543,1.0
2,STMN2,-0.2840091,-1.576116,0.7764034092476298,1.0
2,CRYM,-0.3051587,-0.24222893,0.7602452776932874,1.0
2,EDN1,-0.3083632,-0.19499746,0.7578059825908474,1.0
2,NDUFA4L2,-0.3155962,-0.6110386,0.7523090358830409,1.0
2,LEFTY2,-0.31600818,-1.1407906,0.751996293519449,1.0
2,STMN4,-0.32845992,-23.626053,0.7425639528770884,1.0
2,TRPM3,-0.3297875,-0.33155695,0.7415605471372939,1.0
2,PRSS35,-0.3341822,-1.4871719,0.7382420702814635,1.0
2,TSPAN7,-0.33532667,-0.44630283,0.7373786805574489,1.0
2,LMO1,-0.33583024,-0.48893476,0.7369988939682877,1.0
2,ZIC1,-0.3522189,-2.6409626,0.7246741115839568,1.0
2,H1F0,-0.35441625,-0.14560117,0.723026956556411,1.0
2,GALP,-0.35473672,-23.690054,0.7227868534172402,1.0
2,NEK2,-0.36462483,-0.19006456,0.7153914760416078,1.0
2,NEFL,-0.370164,-0.42984644,0.7112602860443682,1.0
2,NEFM,-0.3947928,-0.2861706,0.6929958184320761,1.0
2,LAMP5,-0.4000115,-1.5055141,0.6891480296211445,1.0
2,IL11RA,-0.4169495,-2.5539463,0.6767153274983043,1.0
2,DIO3,-0.4333382,-0.1879474,0.6647690997258249,1.0
2,CCKBR,-0.43420798,-0.13520211,0.6641374215294349,1.0
2,RIPPLY3,-0.4475295,-0.49167025,0.6544928031087769,1.0
2,SAT1,-0.4572345,-0.05266616,0.6475025007525528,1.0
2,CTSK,-0.46964043,-1.1942828,0.6386119230479954,1.0
2,LGALS3BP,-0.48099348,-0.4126326,0.6305211290461228,1.0
2,NTM,-0.49458966,-0.6560507,0.6208897988096413,1.0
2,SLC2A1,-0.51367927,-0.07075707,0.6074762605737187,1.0
2,UBE2C,-0.514549,-0.08003,0.6068681827037208,1.0
2,PEG10,-0.54416764,-0.29844353,0.5863261071939547,1.0
2,HEY1,-0.55075973,-0.3375404,0.581798384154942,1.0
2,ELAVL4,-0.553598,-1.7372502,0.5798539932083204,1.0
2,DOK5,-0.57428986,-0.19980465,0.5657716883478114,1.0
2,MAB21L2,-0.6560958,-1.1248581,0.511762483117317,1.0
2,CDCA3,-0.66044474,-0.19724566,0.5089684616135306,1.0
2,CDK1,-0.6729422,-0.07621715,0.5009840310995535,1.0
2,DKK4,-0.71936154,-2.3367975,0.4719181918121095,1.0
2,MPPED2,-0.7751196,-1.5147734,0.4382689879745929,1.0
2,TUBB4B,-0.8066151,-0.07889462,0.41988825211708714,1.0
2,GNG3,-0.9482992,-1.9388324,0.3429771411460465,1.0
2,CRABP1,-0.9523277,-0.18055399,0.3409307981741386,1.0
2,HES1,-0.9878975,-0.23626144,0.323202832465755,1.0
2,MIAT,-1.0031418,-0.8702059,0.3157924791291048,1.0
2,CENPF,-1.1403854,-0.14162013,0.25412580015201947,1.0
2,PLP1,-1.2577611,-0.66285884,0.20847816356565407,1.0
2,CENPA,-1.3340737,-0.37924352,0.18217971110752396,1.0
2,CKB,-1.3489975,-0.17387348,0.17733779093670787,1.0
2,RTN1,-1.430895,-3.3718216,0.15246032124682873,1.0
2,IGFBP2,-1.4873855,-0.13785975,0.13691302746799203,0.9385883991067725
2,SSTR2,-1.4946184,-0.86403424,0.13501404226763927,0.9375975157474951
2,NUSAP1,-1.5056511,-0.26058495,0.1321567726040033,0.9241732349930302
2,MEST,-1.5503308,-0.10966093,0.12106214640190478,0.8525503267739775
2,PMEL,-1.5879148,-0.2311139,0.11230560177117274,0.8079539695767822
2,FGF8,-1.72525,-2.1632364,0.08448243321343436,0.649864870872572
2,FGF17,-1.840291,-1.6043534,0.0657255181321087,0.5431861002653612
2,SOX3,-1.8777835,-0.81959164,0.060410781469801896,0.5076536257966546
2,SERPINF1,-1.9229211,-0.50320053,0.05448996729104186,0.4657262161627509
2,FEZF1-AS1,-2.0847476,-2.1318839,0.03709221503656384,0.3466562152949892
2,TTYH1,-2.1161973,-0.9694969,0.0343280242683183,0.3300771564261375
2,CDH6,-2.2399821,-0.63961685,0.025092083161904453,0.24600081531278878
2,ZNF503,-2.2851653,-0.8882401,0.022303131565286353,0.22303131565286352
2,AC009501.4,-2.3592348,-2.3456285,0.018312663856979654,0.19481557294659205
2,DKK1,-2.3783703,-1.0745776,0.017389358687511534,0.18698235147861866
2,FEZF1,-2.5103035,-1.2973107,0.012062744061672506,0.1370766370644603
2,CRABP2,-2.5443625,-0.3358858,0.010947737121956881,0.12583605887306762
2,TUBB2B,-2.6667283,-0.2029572,0.00765935815929326,0.09118283522968165
2,RSPO3,-3.0610175,-2.6259499,0.002205862363806928,0.03066381134281605
2,NELL2,-3.0881183,-1.1099291,0.002014282988118644,0.030063925195800652
2,SFRP1,-3.2101634,-0.43804276,0.0013265952425126793,0.021384705597370976
2,RPL34,-3.4724736,-0.139496,0.0005156857831037694,0.0088911341914443
2,CLU,-3.608298,-0.4294591,0.0003082123064184582,0.00560386011669924
2,FABP7,-3.6439593,-0.9154495,0.0002684757889523612,0.004981515268096661
2,ID3,-3.8184667,-0.3778687,0.00013428376014133783,0.0026856752028267565
2,PAX6,-3.9951253,-2.1007547,6.466002299164715e-05,0.0013757451700350458
2,LHX5-AS1,-4.006295,-1.3955964,6.167852679434597e-05,0.001340837539007521
2,EMX2,-4.048091,-4.85267,5.1637076245117154e-05,0.0011474905832248258
2,RPL10,-4.3145213,-0.08775005,1.5994920346911447e-05,0.0003901200084612548
2,FRZB,-4.3880873,-0.8661028,1.143520147409536e-05,0.0003024498404054364
2,HMGB2,-4.413494,-0.3806099,1.0171551879005013e-05,0.0002825431077501393
2,VIM,-4.570239,-0.52457625,4.871677730979301e-06,0.00014328463914645002
2,FST,-4.7825594,-0.87269926,1.7307723840662498e-06,5.5831367227943544e-05
2,NNAT,-5.906831,-1.1724186,3.487517835825772e-09,1.3413530137791432e-07
2,GPC3,-6.014822,-0.92810845,1.8008454787474657e-09,7.50352282811444e-08
2,DLK1,-6.5849004,-1.7859669,4.551911962220394e-11,2.069050891918361e-09
2,TUBA1A,-6.6450987,-0.6198208,3.0301390212972314e-11,1.442923343474872e-09
2,SOX2,-6.8409843,-0.8363779,7.865080453165038e-12,4.139516027981599e-10
2,TUBA1B,-6.96628,-0.34653017,3.2543144885060163e-12,1.9143026402976566e-10
2,PTN,-7.5106306,-1.055659,5.884320048823991e-14,4.203085749159993e-12
2,SFRP2,-7.8085566,-0.98005146,5.784672432214068e-15,5.403958886261299e-13
2,TPBG,-8.655594,-1.7294209,4.903519856360696e-18,6.12939982045087e-16
3,VIM,23.326458,2.0314815,2.389748143479935e-120,2.389748143479935e-117
3,TPBG,22.729443,2.5191572,2.2922179634690925e-114,1.1461089817345463e-111
3,DLK1,21.66159,3.11181,4.726365452765749e-104,1.471162868506726e-101
3,TUBA1B,20.206928,0.6965268,8.507981381146926e-91,1.7015962762293853e-88
3,TUBA1A,19.63233,1.164932,8.187192644501386e-86,1.1695989492144836e-83
3,GPC3,19.027832,1.8311327,1.0031739956581278e-80,1.2539674945726598e-78
3,NNAT,12.710084,1.4799114,5.197890647245467e-37,2.362677566929758e-35
3,CRABP2,12.549758,1.1530931,3.987250125345232e-36,1.7335870110196662e-34
3,ID2,11.307738,1.0782988,1.2014725830516012e-29,4.4498984557466715e-28
3,PTN,11.241871,1.0174888,2.5394182232776615e-29,9.06935079742022e-28
3,PAX6,11.18109,2.2051015,5.0465851793827095e-29,1.7402017859940377e-27
3,SFRP2,11.002928,0.9051513,3.6992389826303843e-28,1.1933028976227047e-26
3,FRZB,10.921548,1.3190758,9.093274526934277e-28,2.8416482896669613e-26
3,FST,10.423061,1.2092948,1.9458733658324113e-25,5.559638188092603e-24
3,MEST,10.078215,0.60269094,6.89676380182171e-24,1.8639902167085702e-22
3,ID3,9.445815,0.6577607,3.526484690882936e-21,9.042268438161375e-20
3,LHX5-AS1,9.428849,1.6074773,4.1461356234472524e-21,1.0365339058618131e-19
3,EMX2,8.977337,2.3538914,2.7739846652005035e-19,6.6047253933345316e-18
3,RPL10,8.897701,0.13173626,5.70151137967831e-19,1.325932878994956e-17
3,ZNF503,8.886221,1.7621802,6.322245105275012e-19,1.436873887562503e-17
3,HES1,8.241142,1.1237769,1.705744159382559e-16,3.411488318765118e-15
3,DKK1,7.9975843,2.0394688,1.2688368860058683e-15,2.4879154627566048e-14
3,SOX2,7.7709565,0.64543796,7.789550639871912e-15,1.469726535824889e-13
3,CDH6,7.18931,1.2611564,6.511944645521556e-13,1.0675319091018944e-11
3,CLU,6.731913,0.59854627,1.6744668745889346e-11,2.6578839279189435e-10
3,FEZF1,6.5509524,1.6234525,5.717130220772497e-11,8.533030180257458e-10
3,NELL2,6.538128,1.2867985,6.2293690889355e-11,9.160836895493383e-10
3,AC009501.4,6.448283,2.31614,1.1312423152625612e-10,1.6394816163225523e-09
3,RPL34,6.422816,0.109251484,1.3377639031839107e-10,1.9110912902627295e-09
3,BST2,6.3672667,0.6544508,1.9242621225095547e-10,2.672586281263271e-09
3,PMEL,6.185289,0.7256127,6.198883747441626e-10,8.37686992897517e-09
3,FABP7,5.87136,0.9044744,4.322354083403851e-09,5.541479594107501e-08
3,H3F3B,5.331057,0.15875514,9.764278875567177e-08,1.1353812646008345e-06
3,CITED2,5.3083143,0.41541216,1.1064376441399836e-07,1.257315504704527e-06
3,RSPO3,5.062577,1.4907432,4.136273805283828e-07,4.495949788351987e-06
3,CCKBR,4.7244153,1.4046942,2.307783718660542e-06,2.4292460196426756e-05
3,SDC2,4.5622735,0.4664332,5.060263959212542e-06,5.216766968260352e-05
3,SOX3,4.4609485,1.0679237,8.159762122414102e-06,8.159762122414102e-05
3,SARAF,4.424873,0.31057155,9.649911729623141e-06,9.368846339439943e-05
3,TMEM98,4.3137026,0.36993003,1.6054301601878992e-05,0.00015436828463345187
3,MAP1B,4.279298,0.39994556,1.8748394529157222e-05,0.00017855613837292593
3,SPARC,4.177973,0.47616956,2.9411882913919347e-05,0.0002748774104104612
3,TTYH1,4.0268393,1.037375,5.6531672676824966e-05,0.0005139242970620451
3,HEY1,4.007875,2.111773,6.126758229816388e-05,0.0005519602008843593
3,FGF17,3.9761949,1.7098088,7.002674914750661e-05,0.0006197057446682001
3,FEZF1-AS1,3.7530184,1.5187558,0.00017471798121332876,0.0014682183295237712
3,DIO3,3.5754364,1.2687804,0.00034964409806796903,0.002842634943642025
3,PLTP,3.25257,0.525917,0.0011436642916360425,0.008934877278406582
3,HMGB2,3.1645055,0.1239311,0.001553466818813873,0.011949744760106714
3,ID1,3.000075,0.26891795,0.0026991304241064077,0.02014276435900304
3,SAT1,2.9747894,0.28593445,0.002931898633150044,0.02171776765296329
3,H1F0,2.9135365,0.746925,0.003573599736886109,0.026084669612307366
3,TMEM88,2.73392,0.5899084,0.006258523428914455,0.04438669098520891
3,SERPINF1,2.7101965,0.48139426,0.0067243366684181976,0.04724012219390271
3,MSX2,2.7086706,0.6197361,0.006755337473728087,0.04724012219390271
3,FGF8,2.6871269,1.2679923,0.007206959278550121,0.05004832832326473
3,CA2,2.674702,0.56844425,0.007479573504314913,0.05158326554699941
3,MAB21L2,2.6351745,2.2575932,0.0084094014823227,0.05759864028988151
3,RTN1,2.3760676,1.5696225,0.01749825570546804,0.11362503704849376
3,COL9A2,2.344642,1.3879397,0.01904535668616593,0.122873268943006
3,SSTR2,2.2252247,0.65483916,0.026066161604190775,0.16291351002619234
3,MLLT11,2.1459885,0.18495096,0.03187389807638519,0.19201143419509148
3,TRPM3,2.0644636,1.1928033,0.03897379004383628,0.23198684549902548
3,SLC2A1,1.7443944,0.21568374,0.08109032935420614,0.4607405076943531
3,DKK4,1.5861402,1.8883301,0.11270752702440652,0.6226935194718592
3,PEG10,1.5609633,0.55195737,0.11853241146994317,0.6512769860985889
3,ENO2,1.5148603,0.38610095,0.12980779263493333,0.7093322001908925
3,LYPD1,1.4827807,1.1628519,0.1381326831186567,0.750721103905743
3,DLX5,1.4617455,0.30870086,0.1438109572162139,0.7690425519583631
3,EDN1,1.4453969,0.89172834,0.1483464239039804,0.784901713777674
3,TUBB2B,1.3684132,0.064299814,0.17118276073236016,0.8915768788143759
3,CXCR4,1.3133366,1.4620367,0.18906952909229324,0.9687048057810925
3,HES4,1.2359533,0.7705986,0.21647590735442146,1.0
3,LMO1,1.1796415,0.89120334,0.23814281597749476,1.0
3,TSPAN7,1.0624766,0.85050106,0.288019354675485,1.0
3,CCL2,1.0460554,1.090873,0.2955354568846247,1.0
3,ZIC1,0.996937,2.0330927,0.31879510602513284,1.0
3,DOK5,0.99533844,0.38412595,0.31957168816494175,1.0
3,STMN4,0.9243129,3.139068,0.35532342715343346,1.0
3,CTSK,0.8954304,1.1641355,0.3705570588081838,1.0
3,ACTA2,0.8935776,0.70253587,0.3715479600482742,1.0
3,RSPO1,0.83821034,1.7422491,0.401912585016049,1.0
3,TGFBI,0.8249135,0.788486,0.4094207127258499,1.0
3,GAP43,0.80420524,0.21061106,0.4212784374607803,1.0
3,GALP,0.7985741,2.4147487,0.42453741858190897,1.0
3,EMP1,0.70981944,0.94639236,0.47781612960968645,1.0
3,IGFBP5,0.7064044,0.65843856,0.47993670186356674,1.0
3,PRSS35,0.69543266,1.3773906,0.4867842027674789,1.0
3,GNG3,0.6572496,0.5928924,0.5110204277984502,1.0
3,TUBB4B,0.65394354,0.023590216,0.5131481637295907,1.0
3,LAMP5,0.6400291,1.2550203,0.5221536800146391,1.0
3,CCDC80,0.6110739,0.74508005,0.5411506356125207,1.0
3,MPPED2,0.6008288,0.65889716,0.5479540080661229,1.0
3,NTM,0.5676957,0.49482742,0.5702416275885871,1.0
3,PAK3,0.54709643,1.3300743,0.5843124679885698,1.0
3,NR2F1,0.5324554,2.3574462,0.5944106345686354,1.0
3,TMEFF2,0.5129824,2.0818853,0.6079636332572289,1.0
3,RP11-407N17.5,0.5070242,4.10878,0.6121378064825928,1.0
3,CREB5,0.44268346,1.0018594,0.6579947041220164,1.0
3,HES7,0.4272068,1.8089304,0.6692287085643118,1.0
3,NDUFA4L2,0.4188872,0.55450314,0.6752985830459363,1.0
3,STMN2,0.39890558,1.3355726,0.6899627803940585,1.0
3,GATA3,0.39298376,0.18841296,0.6943314806892877,1.0
3,LIMD1,0.38070413,1.2403387,0.7034227915022203,1.0
3,RP11-834C11.4,0.370786,0.9934339,0.7107969276603274,1.0
3,NEAT1,0.35930565,0.1039097,0.7193664405674867,1.0
3,APOM,0.34015965,0.36479902,0.7337363061862492,1.0
3,ALDH1A2,0.31055054,1.8557074,0.7561423369648947,1.0
3,SOSTDC1,0.30724448,0.6186676,0.7586572869794151,1.0
3,LHX9,0.3040111,1.2569025,0.7611194357947506,1.0
3,ELAVL4,0.29333,0.5236379,0.7692699095582312,1.0
3,MIR7-3HG,0.24188647,1.5663953,0.8088681423802533,1.0
3,LEFTY2,0.24017894,0.38171536,0.8101915391951051,1.0
3,TAGLN3,0.23316722,0.35776,0.8156315652610295,1.0
3,BGN,0.22306742,1.2192925,0.8234830370226485,1.0
3,APCDD1,0.22106926,0.53637314,0.8250385082250437,1.0
3,CYP4X1,0.21638267,2.4566028,0.8286894811260566,1.0
3,PLK2,0.21449348,0.31788737,0.8301622430008051,1.0
3,ALDH1A1,0.20424837,0.9196705,0.8381594108914412,1.0
3,NKX2-5,0.20352177,0.8535251,0.8387272315573502,1.0
3,LIM2,0.19734563,1.6996295,0.8435570686870331,1.0
3,PRRX1,0.19215041,0.43010658,0.8476243826472607,1.0
3,NFIA,0.1862286,1.0735114,0.8522654999110838,1.0
3,ARX,0.185284,2.749899,0.8530062784766304,1.0
3,C1orf168,0.185284,3.1773863,0.8530062784766304,1.0
3,NUSAP1,0.18150567,-0.022444515,0.855970682950487,1.0
3,SLC5A12,0.1796165,1.7661943,0.8574536503672295,1.0
3,RIMS1,0.17939852,1.5390319,0.8576247944760229,1.0
3,PPP1R42,0.17925319,1.5831211,0.8577388942672638,1.0
3,AC007325.4,0.17562018,0.67066115,0.8605923489624949,1.0
3,GAD2,0.16871744,0.9564499,0.8660189000102012,1.0
3,CDH7,0.16668294,0.3524176,0.8676195223486765,1.0
3,FBLN2,0.16624698,0.28261936,0.8679625836999948,1.0
3,DHRS2,0.15458499,0.9808169,0.8771485014038073,1.0
3,PMP22,0.15331344,0.10530633,0.8781511052730662,1.0
3,GNB5,0.1490628,0.15544187,0.8815040766976979,1.0
3,CFAP77,0.14844519,1.7740014,0.8819914388088362,1.0
3,GNG11,0.14739162,0.12384373,0.8828229242643676,1.0
3,SERTAD4,0.1448485,0.19829552,0.8848304883963092,1.0
3,S100B,0.1426687,0.55146825,0.8865518468389613,1.0
3,GATA2,0.14096117,-0.0001292438,0.8879006186589558,1.0
3,RAD21-AS1,0.1359476,21.755997,0.8918627041239673,1.0
3,MYH6,0.1359476,21.785595,0.8918627041239673,1.0
3,RIPPLY3,0.13518466,0.024194982,0.8924658694153341,1.0
3,LINC01361,0.1301711,1.8463866,0.8964310587901463,1.0
3,SOST,0.13002577,1.9325112,0.8965460308920681,1.0
3,IL11RA,0.12497588,0.29267764,0.9005426441887915,1.0
3,AC012358.8,0.11749186,3.2796202,0.9064702934113265,1.0
3,HBE1,0.11167903,1.6201454,0.9110779075538241,1.0
3,ESAM,0.11124307,1.0830954,0.9114236011449945,1.0
3,ZNF385D,0.10819133,0.3127218,0.913843922090201,1.0
3,RP11-513G11.4,0.105284914,0.7816652,0.9161497330548674,1.0
3,C1orf194,0.09903612,2.2000973,0.9211095912512506,1.0
3,NRG4,0.09881814,1.7666744,0.921282666095641,1.0
3,TNNI1,0.098672815,0.21124548,0.9213980513969363,1.0
3,SLITRK6,0.09325962,1.3266779,0.9256973117991205,1.0
3,FOXS1,0.09318696,1.0570823,0.9257550350375557,1.0
3,CRTAC1,0.0931143,1.199593,0.9258127586668364,1.0
3,FBXO32,0.08675651,0.5649903,0.9308650546214616,1.0
3,NRN1,0.08632055,0.5480512,0.9312116022037629,1.0
3,VWF,0.08152497,0.19604953,0.9350244719741294,1.0
3,MROH8,0.08090735,0.46746415,0.9355156335971759,1.0
3,HMGCS2,0.08050772,1.4270643,0.935833457149463,1.0
3,PACRG,0.074476905,0.73284,0.9406309162440593,1.0
3,RSPO2,0.07425892,0.7080689,0.9408043597830112,1.0
3,ADGRL4,0.07404094,0.78271943,0.940977806129525,1.0
3,RP1-40E16.9,0.07095288,0.4421943,0.9434352595773047,1.0
3,JUN,0.06971765,0.035629462,0.9444183930436053,1.0
3,CA9,0.06844609,0.5143647,0.9454305306250311,1.0
3,PTX3,0.068373434,0.4638467,0.9454883697344952,1.0
3,ANGPT2,0.06822811,0.4050427,0.9456040488151628,1.0
3,BDKRB1,0.0679738,20.571367,0.9458064899647396,1.0
3,SERPINA1,0.0679738,20.85623,0.9458064899647396,1.0
3,GPR12,0.0679738,20.773031,0.9458064899647396,1.0
3,ENPP3,0.0679738,20.831575,0.9458064899647396,1.0
3,OLIG2,0.0679738,20.518341,0.9458064899647396,1.0
3,FMO1,0.0679738,20.979557,0.9458064899647396,1.0
3,KCNF1,0.0679738,20.988258,0.9458064899647396,1.0
3,APOB,0.0679738,20.463356,0.9458064899647396,1.0
3,CORIN,0.0679738,20.702553,0.9458064899647396,1.0
3,FGF5,0.0679738,20.504723,0.9458064899647396,1.0
3,CBLN4,0.0679738,20.602787,0.9458064899647396,1.0
3,ANKS1B,0.063868485,0.56741583,0.9490749436390653,1.0
3,TMEM176B,0.0629239,0.45116672,0.9498271005127903,1.0
3,ZIC4,0.061906658,0.99453807,0.9506371655864636,1.0
3,ACPP,0.061833996,0.7917916,0.9506950293394301,1.0
3,ZFHX4-AS1,0.049699713,0.29413974,0.9603616866721469,1.0
3,RP11-285F16.1,0.04948173,2.0832057,0.9605353967683924,1.0
3,SMPX,0.04948173,2.2630603,0.9605353967683924,1.0
3,COL15A1,0.04948173,2.2647998,0.9605353967683924,1.0
3,SMCR2,0.04948173,2.030801,0.9605353967683924,1.0
3,OTX2-AS1,0.04948173,2.4393463,0.9605353967683924,1.0
3,GAS2,0.04948173,2.3398728,0.9605353967683924,1.0
3,CLEC1A,0.04948173,2.0089712,0.9605353967683924,1.0
3,RP11-525K10.3,0.04940907,1.6820909,0.9605933005505836,1.0
3,HSD17B2,0.04940907,1.6287091,0.9605933005505836,1.0
3,GPX2,0.04940907,1.7567917,0.9605933005505836,1.0
3,KCNA3,0.04940907,1.7446356,0.9605933005505836,1.0
3,TLX2,0.04940907,1.5521696,0.9605933005505836,1.0
3,ELAVL3,0.043378256,0.5890175,0.9654000100771185,1.0
3,CLEC14A,0.043014955,0.2668822,0.9656896128000442,1.0
3,SLC40A1,0.03691148,0.109180555,0.9705555851887845,1.0
3,NTF3,0.03687515,0.14172295,0.9705845527721636,1.0
3,RP4-665J23.1,0.03654818,0.08862845,0.970845262764325,1.0
3,FGF7,0.031970575,0.34512186,0.9744955171217751,1.0
3,EPHA5-AS1,0.03098966,0.99492,0.9752777865947456,1.0
3,MEGF11,0.03098966,1.0829527,0.9752777865947456,1.0
3,RASGRP3,0.03098966,1.1381721,0.9752777865947456,1.0
3,SLPI,0.030916998,0.7758002,0.9753357334368448,1.0
3,FOXF1,0.030808007,0.0845792,0.9754226539439748,1.0
3,SPON2,0.030517366,0.026221214,0.9756544433870609,1.0
3,PHYHIPL,0.025067836,0.6146804,0.9800008546736868,1.0
3,GLIPR1,0.024413893,-0.06503915,0.9805224664739648,1.0
3,BAALC,0.022924354,0.20312423,0.9817106129745264,1.0
3,TIMP3,0.019581977,0.07615964,0.9843768414904065,1.0
3,NR4A1,0.01627593,0.15529808,0.9870142610438999,1.0
3,MMP23B,0.014241437,0.0525297,0.9886373608384028,1.0
3,RP11-231G3.1,0.012497588,0.79430276,0.9900286269191111,1.0
3,ASCL1,0.012497588,1.0624814,0.9900286269191111,1.0
3,SYNM,0.012497588,0.5214174,0.9900286269191111,1.0
3,LINC00562,0.012497588,0.66256505,0.9900286269191111,1.0
3,MORN5,0.012497588,0.75382054,0.9900286269191111,1.0
3,C11orf88,0.012352267,0.053430725,0.9901445671861923,1.0
3,ECEL1,0.0078109927,0.15906142,0.9937677929650511,1.0
3,ICAM1,0.006612096,0.238392,0.9947243490732779,1.0
3,EGFL6,0.0065394356,0.18557315,0.9947823224282925,1.0
3,VWC2,0.006466775,0.34211156,0.9948402958108535,1.0
3,XX-FW83563B9.5,0.006030813,-0.13142727,0.9951881366675575,1.0
3,MAPT,0.0005812832,0.15949836,0.9995362031585586,1.0
3,CHGB,0.0005086228,0.099113084,0.9995941777583823,1.0
3,MLANA,0.0,0.0,1.0,1.0
3,NKX2-1,0.0,0.0,1.0,1.0
3,AGT,0.0,0.0,1.0,1.0
3,AF131217.1,0.0,0.0,1.0,1.0
3,OGN,0.0,0.0,1.0,1.0
3,AC140912.1,0.0,0.0,1.0,1.0
3,OR8S1,0.0,0.0,1.0,1.0
3,LINC01117,0.0,0.0,1.0,1.0
3,PAX1,0.0,0.0,1.0,1.0
3,PCAT19,0.0,0.0,1.0,1.0
3,PHOX2B,0.0,0.0,1.0,1.0
3,LINC00907,0.0,0.0,1.0,1.0
3,ARPP21,0.0,0.0,1.0,1.0
3,NEUROD4,0.0,0.0,1.0,1.0
3,LLNLF-187D8.1,0.0,0.0,1.0,1.0
3,MGC16275,0.0,0.0,1.0,1.0
3,APOC3,0.0,0.0,1.0,1.0
3,NEUROD1,0.0,0.0,1.0,1.0
3,AGTR2,0.0,0.0,1.0,1.0
3,AKR1B10,0.0,0.0,1.0,1.0
3,MAB21L1,0.0,0.0,1.0,1.0
3,MYOZ2,0.0,0.0,1.0,1.0
3,MS4A8,0.0,0.0,1.0,1.0
3,ANGPTL1,0.0,0.0,1.0,1.0
3,MMP10,0.0,0.0,1.0,1.0
3,APOBEC2,0.0,0.0,1.0,1.0
3,NFIA-AS2,0.0,0.0,1.0,1.0
3,C5orf66-AS1,0.0,0.0,1.0,1.0
3,LINC00682,0.0,0.0,1.0,1.0
3,FGB,0.0,0.0,1.0,1.0
3,GSX2,0.0,0.0,1.0,1.0
3,GRIK1,0.0,0.0,1.0,1.0
3,GRIA2,0.0,0.0,1.0,1.0
3,GPR183,0.0,0.0,1.0,1.0
3,CHRM2,0.0,0.0,1.0,1.0
3,GNRH2,0.0,0.0,1.0,1.0
3,GMNC,0.0,0.0,1.0,1.0
3,GLYAT,0.0,0.0,1.0,1.0
3,GIMAP4,0.0,0.0,1.0,1.0
3,FIGF,0.0,0.0,1.0,1.0
3,FGG,0.0,0.0,1.0,1.0
3,CSRP3,0.0,0.0,1.0,1.0
3,CST4,0.0,0.0,1.0,1.0
3,CTD-2339F6.1,0.0,0.0,1.0,1.0
3,CTD-2521M24.8,0.0,0.0,1.0,1.0
3,GYPE,0.0,0.0,1.0,1.0
3,CTD-2545M3.8,0.0,0.0,1.0,1.0
3,FGA,0.0,0.0,1.0,1.0
3,CTSS,0.0,0.0,1.0,1.0
3,CXCL10,0.0,0.0,1.0,1.0
3,CYP26B1,0.0,0.0,1.0,1.0
3,FAP,0.0,0.0,1.0,1.0
3,DCT,0.0,0.0,1.0,1.0
3,ESM1,0.0,0.0,1.0,1.0
3,EPYC,0.0,0.0,1.0,1.0
3,DHRS9,0.0,0.0,1.0,1.0
3,DNM3OS,0.0,0.0,1.0,1.0
3,DPT,0.0,0.0,1.0,1.0
3,DRC1,0.0,0.0,1.0,1.0
3,EMCN,0.0,0.0,1.0,1.0
3,GYPB,0.0,0.0,1.0,1.0
3,GZMA,0.0,0.0,1.0,1.0
3,BARHL2,0.0,0.0,1.0,1.0
3,HOXC8,0.0,0.0,1.0,1.0
3,KRT14,0.0,0.0,1.0,1.0
3,IGF1,0.0,0.0,1.0,1.0
3,IFI44L,0.0,0.0,1.0,1.0
3,IFI44,0.0,0.0,1.0,1.0
3,C1QTNF7,0.0,0.0,1.0,1.0
3,ICAM2,0.0,0.0,1.0,1.0
3,IBSP,0.0,0.0,1.0,1.0
3,C20orf85,0.0,0.0,1.0,1.0
3,HTR2B,0.0,0.0,1.0,1.0
3,HSPA6,0.0,0.0,1.0,1.0
3,HPCAL4,0.0,0.0,1.0,1.0
3,HOXD11,0.0,0.0,1.0,1.0
3,HOXC9,0.0,0.0,1.0,1.0
3,C4orf26,0.0,0.0,1.0,1.0
3,HOXC6,0.0,0.0,1.0,1.0
3,CFI,0.0,0.0,1.0,1.0
3,C8orf46,0.0,0.0,1.0,1.0
3,CARTPT,0.0,0.0,1.0,1.0
3,HOXC10,0.0,0.0,1.0,1.0
3,HOXB-AS3,0.0,0.0,1.0,1.0
3,HOXA9,0.0,0.0,1.0,1.0
3,HOXA7,0.0,0.0,1.0,1.0
3,HOXA10,0.0,0.0,1.0,1.0
3,HMP19,0.0,0.0,1.0,1.0
3,HLF,0.0,0.0,1.0,1.0
3,CCDC170,0.0,0.0,1.0,1.0
3,CCDC42,0.0,0.0,1.0,1.0
3,CFAP126,0.0,0.0,1.0,1.0
3,CFAP161,0.0,0.0,1.0,1.0
3,HBD,0.0,0.0,1.0,1.0
3,GABRB1,0.0,0.0,1.0,1.0
3,ZNF804A,0.0,0.0,1.0,1.0
3,SP9,0.0,0.0,1.0,1.0
3,TF,0.0,0.0,1.0,1.0
3,SFTA3,0.0,0.0,1.0,1.0
3,SLC17A6,0.0,0.0,1.0,1.0
3,SLC18A1,0.0,0.0,1.0,1.0
3,SLC18A3,0.0,0.0,1.0,1.0
3,SLC30A8,0.0,0.0,1.0,1.0
3,SLC45A2,0.0,0.0,1.0,1.0
3,WNT2,0.0,0.0,1.0,1.0
3,SRGN,0.0,0.0,1.0,1.0
3,STOML3,0.0,0.0,1.0,1.0
3,SULT1E1,0.0,0.0,1.0,1.0
3,URAD,0.0,0.0,1.0,1.0
3,PRSS1,0.0,0.0,1.0,1.0
3,TAL1,0.0,0.0,1.0,1.0
3,TBX2-AS1,0.0,0.0,1.0,1.0
3,TBX5,0.0,0.0,1.0,1.0
3,PRND,0.0,0.0,1.0,1.0
3,TDO2,0.0,0.0,1.0,1.0
3,TECRL,0.0,0.0,1.0,1.0
3,TEKT1,0.0,0.0,1.0,1.0
3,REN,0.0,0.0,1.0,1.0
3,SFRP4,0.0,0.0,1.0,1.0
3,SERPINE3,0.0,0.0,1.0,1.0
3,RP11-1085N6.5,0.0,0.0,1.0,1.0
3,RP11-327J17.9,0.0,0.0,1.0,1.0
3,RP11-290H9.5,0.0,0.0,1.0,1.0
3,RP11-32K4.1,0.0,0.0,1.0,1.0
3,RP11-382A20.7,0.0,0.0,1.0,1.0
3,RP11-387A1.5,0.0,0.0,1.0,1.0
3,RP11-21B23.2,0.0,0.0,1.0,1.0
3,RP11-111H13.1,0.0,0.0,1.0,1.0
3,RP11-462L8.1,0.0,0.0,1.0,1.0
3,RP11-510C10.2,0.0,0.0,1.0,1.0
3,SERPIND1,0.0,0.0,1.0,1.0
3,RP11-802E16.3,0.0,0.0,1.0,1.0
3,RIPPLY1,0.0,0.0,1.0,1.0
3,S100A8,0.0,0.0,1.0,1.0
3,WFIKKN2,0.0,0.0,1.0,1.0
3,SCGB1A1,0.0,0.0,1.0,1.0
3,SCRT2,0.0,0.0,1.0,1.0
3,SERPINA11,0.0,0.0,1.0,1.0
3,SERPINB2,0.0,0.0,1.0,1.0
3,TYRP1,0.0,0.0,1.0,1.0
3,WNT16,0.0,0.0,1.0,1.0
3,ZNF503-AS1,0.0,0.0,1.0,1.0
3,TMEM196,0.0,0.0,1.0,1.0
3,PLVAP,0.0,0.0,1.0,1.0
3,ZNF474,0.0,0.0,1.0,1.0
3,TYR,0.0,0.0,1.0,1.0
3,PLN,0.0,0.0,1.0,1.0
3,RFTN2,-7.26604e-05,-0.053366248,0.999942025391606,1.0
3,RGCC,-0.0001453208,-0.122517064,0.999884050783518,1.0
3,ETV3L,-0.00043596237,-0.107069336,0.9996521523603488,1.0
3,FGF19,-0.00090825494,0.08875915,0.9992753174940723,1.0
3,GPM6A,-0.0043232935,0.054101564,0.9965505215431488,1.0
3,SPAG6,-0.005994483,0.18770057,0.9952171234478095,1.0
3,ZMYND10,-0.005994483,0.16246083,0.9952171234478095,1.0
3,XXbac-BPG181B23.7,-0.0060671433,-0.056541305,0.9951591498936564,1.0
3,RUNX2,-0.0060671433,0.025066845,0.9951591498936564,1.0
3,PRPH,-0.0060671433,-0.048863348,0.9951591498936564,1.0
3,DLX1,-0.006212464,-0.46554607,0.9950432028623274,1.0
3,CRHBP,-0.006212464,-0.9797044,0.9950432028623274,1.0
3,CAPSL,-0.006212464,-0.13059747,0.9950432028623274,1.0
3,PGF,-0.011988966,0.02882109,0.9904344187590552,1.0
3,SYT4,-0.012061626,0.0009032932,0.9903764483422599,1.0
3,IL6ST,-0.012134287,-0.08324807,0.9903184779762698,1.0
3,FIBIN,-0.017910788,-0.073944405,0.9857100230510482,1.0
3,AZU1,-0.01820143,-0.11568655,0.9854781624171207,1.0
3,CAPN3,-0.018528402,-18.742264,0.9852173206710512,1.0
3,SDPR,-0.018528402,-19.094933,0.9852173206710512,1.0
3,RGS13,-0.018528402,-19.198336,0.9852173206710512,1.0
3,C7,-0.018528402,-18.654663,0.9852173206710512,1.0
3,CDC20B,-0.018528402,-18.917345,0.9852173206710512,1.0
3,PECAM1,-0.018528402,-19.760323,0.9852173206710512,1.0
3,XAGE2,-0.018528402,-18.535559,0.9852173206710512,1.0
3,GSTA2,-0.018528402,-19.1336,0.9852173206710512,1.0
3,S100A9,-0.018528402,-19.197794,0.9852173206710512,1.0
3,CD34,-0.018528402,-18.941975,0.9852173206710512,1.0
3,BRINP3,-0.018528402,-18.969484,0.9852173206710512,1.0
3,HOXA-AS3,-0.018528402,-18.864105,0.9852173206710512,1.0
3,CCNO,-0.018528402,-19.119843,0.9852173206710512,1.0
3,HOXB9,-0.018528402,-18.96307,0.9852173206710512,1.0
3,RGS1,-0.018528402,-19.111595,0.9852173206710512,1.0
3,SAMSN1,-0.018528402,-18.850693,0.9852173206710512,1.0
3,CAPN9,-0.018528402,-19.16527,0.9852173206710512,1.0
3,HOXC5,-0.018528402,-19.108913,0.9852173206710512,1.0
3,WNT10A,-0.018528402,-19.000673,0.9852173206710512,1.0
3,KCNJ2,-0.018528402,-19.158451,0.9852173206710512,1.0
3,ALPK1,-0.018528402,-18.60708,0.9852173206710512,1.0
3,RP11-343L5.2,-0.018528402,-18.680548,0.9852173206710512,1.0
3,IL37,-0.018528402,-18.655834,0.9852173206710512,1.0
3,LA16c-380H5.3,-0.018528402,-18.997458,0.9852173206710512,1.0
3,IHH,-0.018528402,-18.981806,0.9852173206710512,1.0
3,RP11-188D8.1,-0.018528402,-18.75345,0.9852173206710512,1.0
3,RP11-156E8.1,-0.018528402,-18.614552,0.9852173206710512,1.0
3,LA16c-312E8.2,-0.018528402,-18.528944,0.9852173206710512,1.0
3,LINC00305,-0.018528402,-18.525225,0.9852173206710512,1.0
3,WT1,-0.018528402,-18.808378,0.9852173206710512,1.0
3,RP11-95O2.5,-0.018528402,-19.195095,0.9852173206710512,1.0
3,CBLN2,-0.018528402,-18.808378,0.9852173206710512,1.0
3,KISS1,-0.018528402,-18.898266,0.9852173206710512,1.0
3,RP11-110I1.14,-0.018528402,-18.909052,0.9852173206710512,1.0
3,ALX3,-0.018528402,-18.996387,0.9852173206710512,1.0
3,LINC00950,-0.018528402,-18.779463,0.9852173206710512,1.0
3,SHOX,-0.018528402,-18.513494,0.9852173206710512,1.0
3,RP11-1109F11.5,-0.018528402,-18.731173,0.9852173206710512,1.0
3,RP11-490O6.2,-0.018528402,-18.602348,0.9852173206710512,1.0
3,RP11-676J12.4,-0.018528402,-19.148207,0.9852173206710512,1.0
3,LBX1,-0.018528402,-19.106907,0.9852173206710512,1.0
3,LINC01102,-0.018528402,-19.179646,0.9852173206710512,1.0
3,TFF3,-0.018528402,-18.543175,0.9852173206710512,1.0
3,HBZ,-0.018528402,-18.781914,0.9852173206710512,1.0
3,CPA5,-0.018528402,-18.61671,0.9852173206710512,1.0
3,TMEM156,-0.018528402,-18.642082,0.9852173206710512,1.0
3,MYL3,-0.018528402,-19.671532,0.9852173206710512,1.0
3,DSG3,-0.018528402,-18.622293,0.9852173206710512,1.0
3,ASPN,-0.018528402,-18.723873,0.9852173206710512,1.0
3,NPR3,-0.018528402,-18.703913,0.9852173206710512,1.0
3,FAM181A,-0.018528402,-19.144926,0.9852173206710512,1.0
3,COLEC10,-0.018528402,-18.850693,0.9852173206710512,1.0
3,DKK2,-0.018528402,-18.64603,0.9852173206710512,1.0
3,NPPA,-0.018528402,-19.111595,0.9852173206710512,1.0
3,CLEC1B,-0.018528402,-18.850693,0.9852173206710512,1.0
3,RAB27B,-0.018528402,-19.102404,0.9852173206710512,1.0
3,NPNT,-0.018528402,-19.001133,0.9852173206710512,1.0
3,OSR1,-0.018528402,-18.94022,0.9852173206710512,1.0
3,DLL4,-0.018528402,-18.556147,0.9852173206710512,1.0
3,YPEL4,-0.018528402,-18.727455,0.9852173206710512,1.0
3,NEUROG1,-0.018528402,-19.099907,0.9852173206710512,1.0
3,NHLH1,-0.018528402,-18.857655,0.9852173206710512,1.0
3,SNTG1,-0.018528402,-18.60201,0.9852173206710512,1.0
3,FCN3,-0.018528402,-18.850693,0.9852173206710512,1.0
3,TCTEX1D4,-0.018528402,-18.784883,0.9852173206710512,1.0
3,TXLNB,-0.018528402,-18.717348,0.9852173206710512,1.0
3,TNFSF10,-0.018528402,-18.820555,0.9852173206710512,1.0
3,ADAMTSL1,-0.018528402,-18.597073,0.9852173206710512,1.0
3,TH,-0.018528402,-18.667246,0.9852173206710512,1.0
3,BIRC7,-0.018528402,-18.64603,0.9852173206710512,1.0
3,AREG,-0.018528402,-18.642895,0.9852173206710512,1.0
3,DBH,-0.018528402,-18.91305,0.9852173206710512,1.0
3,CTXN3,-0.018528402,-18.975029,0.9852173206710512,1.0
3,TLX3,-0.018528402,-18.561808,0.9852173206710512,1.0
3,AGTR1,-0.018528402,-18.631002,0.9852173206710512,1.0
3,BARX2,-0.018528402,-18.535559,0.9852173206710512,1.0
3,IGF2,-0.019291336,-0.50380206,0.9846086961237953,1.0
3,EDNRA,-0.022742704,0.1536421,0.9818555117175819,1.0
3,HDAC9,-0.023469308,0.025391761,0.9812759203848188,1.0
3,RASD1,-0.02375995,0.00040687955,0.9810440866020022,1.0
3,RP11-111M22.5,-0.024486553,-0.19756414,0.9804645091919424,1.0
3,TTLL10,-0.024486553,-0.017267682,0.9804645091919424,1.0
3,DNAI1,-0.024631875,-0.4398264,0.9803485949375566,1.0
3,PCP4L1,-0.024631875,-0.2879271,0.9803485949375566,1.0
3,CLEC3A,-0.024631875,-0.42646852,0.9803485949375566,1.0
3,TDRD10,-0.024849856,-0.6133761,0.9801747243347118,1.0
3,PTHLH,-0.024849856,-1.3410629,0.9801747243347118,1.0
3,KIAA1614,-0.037056804,-19.646551,0.9704397152441052,1.0
3,IL3RA,-0.037056804,-19.88632,0.9704397152441052,1.0
3,TRPM1,-0.037056804,-19.638796,0.9704397152441052,1.0
3,IGFBP7-AS1,-0.037056804,-19.80371,0.9704397152441052,1.0
3,CPED1,-0.037056804,-19.826342,0.9704397152441052,1.0
3,CFAP45,-0.037056804,-19.814539,0.9704397152441052,1.0
3,EDN3,-0.037056804,-19.94643,0.9704397152441052,1.0
3,SMIM5,-0.037056804,-19.6862,0.9704397152441052,1.0
3,C3orf80,-0.037056804,-19.622398,0.9704397152441052,1.0
3,GJB6,-0.037056804,-19.78674,0.9704397152441052,1.0
3,TTR,-0.037056804,-21.086054,0.9704397152441052,1.0
3,APOL4,-0.037056804,-19.959566,0.9704397152441052,1.0
3,CDH5,-0.037056804,-19.90073,0.9704397152441052,1.0
3,GABRD,-0.037056804,-19.829866,0.9704397152441052,1.0
3,TTC9B,-0.037056804,-19.692343,0.9704397152441052,1.0
3,SLC8A1-AS1,-0.037056804,-19.91015,0.9704397152441052,1.0
3,HBG2,-0.037056804,-19.72579,0.9704397152441052,1.0
3,CD36,-0.037056804,-19.644976,0.9704397152441052,1.0
3,FGFBP2,-0.037056804,-19.679659,0.9704397152441052,1.0
3,C19orf45,-0.037056804,-19.799734,0.9704397152441052,1.0
3,HOXB5,-0.037056804,-20.377151,0.9704397152441052,1.0
3,FAM81B,-0.037056804,-19.879759,0.9704397152441052,1.0
3,SPRR2F,-0.037056804,-20.049103,0.9704397152441052,1.0
3,RP4-794H19.1,-0.037056804,-19.589735,0.9704397152441052,1.0
3,RP4-758J18.13,-0.037056804,-19.643074,0.9704397152441052,1.0
3,RP13-941N14.1,-0.037056804,-19.791803,0.9704397152441052,1.0
3,ST7-AS1,-0.037056804,-19.67174,0.9704397152441052,1.0
3,RP11-559M23.1,-0.037056804,-20.170166,0.9704397152441052,1.0
3,TSPAN8,-0.037056804,-20.165695,0.9704397152441052,1.0
3,CCDC81,-0.037056804,-20.344622,0.9704397152441052,1.0
3,RP11-511B23.1,-0.037056804,-20.2054,0.9704397152441052,1.0
3,PLD1,-0.037056804,-19.759655,0.9704397152441052,1.0
3,LYZ,-0.037056804,-19.85258,0.9704397152441052,1.0
3,AGAP2,-0.037056804,-19.748579,0.9704397152441052,1.0
3,NR4A2,-0.037056804,-19.75058,0.9704397152441052,1.0
3,MEOX2,-0.037056804,-19.929302,0.9704397152441052,1.0
3,NKX2-8,-0.037056804,-20.14994,0.9704397152441052,1.0
3,ODAM,-0.037056804,-20.122717,0.9704397152441052,1.0
3,PRSS2,-0.037056804,-20.528662,0.9704397152441052,1.0
3,MGP,-0.037056804,-19.927868,0.9704397152441052,1.0
3,PRSS56,-0.037056804,-19.892733,0.9704397152441052,1.0
3,PGM5-AS1,-0.037056804,-19.954067,0.9704397152441052,1.0
3,ADCYAP1,-0.037056804,-19.939495,0.9704397152441052,1.0
3,PDE1A,-0.037056804,-20.090698,0.9704397152441052,1.0
3,L3MBTL4,-0.037056804,-20.1726,0.9704397152441052,1.0
3,KDR,-0.04043551,-0.055060618,0.9677459200405923,1.0
3,WNT2B,-0.042869635,-0.18289982,0.965805455158569,1.0
3,AHSG,-0.043051284,-0.32105678,0.9656606523234621,1.0
3,RNASE1,-0.043196607,-0.95641917,0.9655448108704745,1.0
3,SOX17,-0.043269265,-1.6437731,0.9654868904165194,1.0
3,NOV,-0.043341927,-0.9126868,0.9654289701446637,1.0
3,LEPR,-0.04940907,-0.5244216,0.9605933005505836,1.0
3,TNFAIP6,-0.05511291,-0.39210013,0.9560485105700814,1.0
3,PRR9,-0.0555852,-21.315369,0.9556722523971727,1.0
3,VTN,-0.0555852,-20.60189,0.9556722523971727,1.0
3,CTD-2035E11.4,-0.0555852,-20.614637,0.9556722523971727,1.0
3,LINC01411,-0.0555852,-20.855724,0.9556722523971727,1.0
3,TPPP3,-0.0555852,-20.330524,0.9556722523971727,1.0
3,CD48,-0.0555852,-20.32506,0.9556722523971727,1.0
3,RP11-61A14.1,-0.0555852,-20.308813,0.9556722523971727,1.0
3,CH25H,-0.0555852,-20.490784,0.9556722523971727,1.0
3,SERPINB4,-0.0555852,-20.159834,0.9556722523971727,1.0
3,RGS4,-0.0555852,-20.590826,0.9556722523971727,1.0
3,POU4F1,-0.0555852,-20.395699,0.9556722523971727,1.0
3,LGALS2,-0.0555852,-20.721252,0.9556722523971727,1.0
3,SNAP25,-0.0555852,-20.360165,0.9556722523971727,1.0
3,APLN,-0.0555852,-20.255962,0.9556722523971727,1.0
3,OSR2,-0.0555852,-20.25252,0.9556722523971727,1.0
3,KCNN4,-0.0555852,-20.442522,0.9556722523971727,1.0
3,LCN15,-0.0555852,-20.49914,0.9556722523971727,1.0
3,POSTN,-0.0555852,-20.354774,0.9556722523971727,1.0
3,ATOH1,-0.0555852,-20.33549,0.9556722523971727,1.0
3,PHOX2A,-0.0555852,-20.548077,0.9556722523971727,1.0
3,PLSCR2,-0.0555852,-20.676504,0.9556722523971727,1.0
3,CTD-2314G24.2,-0.0555852,-20.619886,0.9556722523971727,1.0
3,ISL2,-0.0555852,-20.470764,0.9556722523971727,1.0
3,XKR7,-0.0555852,-20.32609,0.9556722523971727,1.0
3,RASSF9,-0.0555852,-20.81141,0.9556722523971727,1.0
3,ZG16,-0.0555852,-20.357668,0.9556722523971727,1.0
3,SCN2A,-0.0555852,-20.237183,0.9556722523971727,1.0
3,SOCS3,-0.059944827,-0.03585406,0.952199577277775,1.0
3,MSC,-0.061543357,-0.6675763,0.9509264869480089,1.0
3,SERPINE1,-0.06176134,-1.2771167,0.9507528933523721,1.0
3,DCX,-0.06771949,-0.5555384,0.9460089346138479,1.0
3,RBP1,-0.06844609,-0.019056112,0.9454305306250311,1.0
3,CCDC184,-0.06931802,-0.00054918724,0.9447364838352154,1.0
3,CRYAB,-0.0721881,-0.10101226,0.9424522122718766,1.0
3,ATP6V1C2,-0.07324168,-0.2851167,0.9416137999545348,1.0
3,HAMP,-0.07411361,-20.757803,0.9409199903692417,1.0
3,THBD,-0.07411361,-20.7631,0.9409199903692417,1.0
3,C2orf54,-0.07411361,-21.011673,0.9409199903692417,1.0
3,DMRT2,-0.07411361,-20.784025,0.9409199903692417,1.0
3,AQP1,-0.07411361,-20.860935,0.9409199903692417,1.0
3,MAL,-0.07411361,-21.000559,0.9409199903692417,1.0
3,CXCL2,-0.07411361,-20.713787,0.9409199903692417,1.0
3,SLC35D3,-0.07411361,-20.807615,0.9409199903692417,1.0
3,RGS6,-0.07411361,-20.75823,0.9409199903692417,1.0
3,FILIP1L,-0.07411361,-20.827734,0.9409199903692417,1.0
3,MYCT1,-0.07411361,-21.014183,0.9409199903692417,1.0
3,COL6A3,-0.07411361,-20.883684,0.9409199903692417,1.0
3,AC108488.4,-0.07411361,-20.774313,0.9409199903692417,1.0
3,TRH,-0.07411361,-20.56927,0.9409199903692417,1.0
3,INSM1,-0.07411361,-20.983297,0.9409199903692417,1.0
3,RP11-44N21.1,-0.07411361,-20.86182,0.9409199903692417,1.0
3,LPL,-0.07411361,-20.767496,0.9409199903692417,1.0
3,UPK1B,-0.07411361,-20.781452,0.9409199903692417,1.0
3,RP3-466P17.1,-0.07411361,-20.861925,0.9409199903692417,1.0
3,ELAVL2,-0.07705635,0.115470074,0.9385787170819909,1.0
3,PRTN3,-0.07996277,-0.7687368,0.9362668693720877,1.0
3,APOA2,-0.080108084,-1.2308327,0.9361512909274026,1.0
3,C10orf10,-0.080108084,-1.1834853,0.9361512909274026,1.0
3,LTB,-0.080108084,-0.5363429,0.9361512909274026,1.0
3,AQP3,-0.08595725,-0.48112816,0.931500401820866,1.0
3,PITX2,-0.08646587,-0.24246286,0.9310960848906895,1.0
3,ZNF592,-0.09129779,-0.061624773,0.9272559755398457,1.0
3,C8orf4,-0.09216971,-0.52015346,0.9265632012769528,1.0
3,EBF1,-0.092642,-21.269846,0.9261879717631536,1.0
3,LOX,-0.092642,-21.20184,0.9261879717631536,1.0
3,RP11-753H16.3,-0.092642,-21.119965,0.9261879717631536,1.0
3,UPK3A,-0.092642,-21.156431,0.9261879717631536,1.0
3,SYT16,-0.092642,-21.393429,0.9261879717631536,1.0
3,PENK,-0.092642,-21.389643,0.9261879717631536,1.0
3,SCGN,-0.092642,-21.119455,0.9261879717631536,1.0
3,LINC00900,-0.092642,-21.088781,0.9261879717631536,1.0
3,TMEM176A,-0.092642,-21.114796,0.9261879717631536,1.0
3,CFC1,-0.092642,-21.572779,0.9261879717631536,1.0
3,PHACTR3,-0.092642,-21.343567,0.9261879717631536,1.0
3,HES2,-0.092642,-21.193686,0.9261879717631536,1.0
3,CTD-2410N18.3,-0.092642,-21.410706,0.9261879717631536,1.0
3,KRT17,-0.092642,-21.079962,0.9261879717631536,1.0
3,FMOD,-0.092642,-21.35669,0.9261879717631536,1.0
3,RP5-1159O4.2,-0.092642,-21.349632,0.9261879717631536,1.0
3,GJB2,-0.092642,-21.320848,0.9261879717631536,1.0
3,HOXD1,-0.092642,-21.033913,0.9261879717631536,1.0
3,NTNG1,-0.092642,-20.927675,0.9261879717631536,1.0
3,LAMA4,-0.092642,-21.199545,0.9261879717631536,1.0
3,GPRC5A,-0.092642,-21.182798,0.9261879717631536,1.0
3,MITF,-0.092642,-21.15524,0.9261879717631536,1.0
3,SLC39A2,-0.092642,-21.21418,0.9261879717631536,1.0
3,NTRK2,-0.092642,-21.363724,0.9261879717631536,1.0
3,DCN,-0.092642,-21.594494,0.9261879717631536,1.0
3,CTB-113D17.1,-0.092642,-21.150537,0.9261879717631536,1.0
3,RAMP3,-0.09845484,-0.87386155,0.9215711324503991,1.0
3,NXPH4,-0.09860016,-1.1700588,0.9214557446681895,1.0
3,NUPR1,-0.098672815,-1.2640444,0.9213980513969363,1.0
3,PRCD,-0.09881814,-1.3744507,0.921282666095641,1.0
3,CXCL1,-0.09881814,-1.3662926,0.921282666095641,1.0
3,RP11-247C2.2,-0.09903612,-1.5377768,0.9211095912512506,1.0
3,NGF,-0.099399425,-0.62029195,0.9208211414841796,1.0
3,TBX3,-0.10088896,-0.15625565,0.9196386067489226,1.0
3,RGS16,-0.10964454,-0.045274846,0.9126912872596332,1.0
3,HIP1R,-0.10986252,-0.4142363,0.9125184078154,1.0
3,HIST2H2BE,-0.1100805,-0.40526107,0.9123455325112276,1.0
3,SYNPO2,-0.1111704,-21.356901,0.9114812183752821,1.0
3,CST1,-0.1111704,-21.551683,0.9114812183752821,1.0
3,ISM1,-0.1111704,-21.407084,0.9114812183752821,1.0
3,HOTAIRM1,-0.1111704,-0.42756668,0.9114812183752821,1.0
3,HS3ST2,-0.1111704,-21.323376,0.9114812183752821,1.0
3,EGR2,-0.1111704,-21.871733,0.9114812183752821,1.0
3,ONECUT1,-0.1111704,-21.411957,0.9114812183752821,1.0
3,PAPPA2,-0.1111704,-21.33502,0.9114812183752821,1.0
3,PCDHA9,-0.1111704,-21.310995,0.9114812183752821,1.0
3,GSTA1,-0.1111704,-21.500809,0.9114812183752821,1.0
3,CDX2,-0.11553003,-0.2814962,0.9080250191525514,1.0
3,SST,-0.1162203,-0.3447031,0.9074779455330592,1.0
3,TMEM100,-0.11701957,-1.1224854,0.9068445467131194,1.0
3,CLDN5,-0.11716489,-1.4173627,0.9067293896441124,1.0
3,LY6H,-0.118291125,-0.6896294,0.9058369890224066,1.0
3,RPRM,-0.12294139,-0.0756058,0.9021535092163248,1.0
3,SLN,-0.12352268,-1.1610545,0.9016932206595323,1.0
3,DLX6-AS1,-0.12951715,-0.6842845,0.8969484503413306,1.0
3,SPARCL1,-0.12969881,-21.526442,0.8968047260608492,1.0
3,VTCN1,-0.12969881,-22.147995,0.8968047260608492,1.0
3,GDF15,-0.12969881,-21.475164,0.8968047260608492,1.0
3,NPPB,-0.12969881,-22.845436,0.8968047260608492,1.0
3,PTGER2,-0.12969881,-21.657515,0.8968047260608492,1.0
3,RSPH1,-0.1359476,-1.6449337,0.8918627041239673,1.0
3,GEM,-0.14034356,-0.41770387,0.8883885524554216,1.0
3,ZCCHC12,-0.14146979,-0.66943586,0.887498822713328,1.0
3,DDC,-0.14822721,-21.98294,0.8821634596436296,1.0
3,HOXB6,-0.14822721,-22.364702,0.8821634596436296,1.0
3,MX1,-0.14822721,-21.755178,0.8821634596436296,1.0
3,ANKRD1,-0.14822721,-21.96406,0.8821634596436296,1.0
3,ATAD3C,-0.14822721,-21.79875,0.8821634596436296,1.0
3,GJA4,-0.14822721,-21.715565,0.8821634596436296,1.0
3,CLDN9,-0.1542217,-1.6974508,0.8774349396136008,1.0
3,COL3A1,-0.15443967,-2.2207665,0.8772630747594455,1.0
3,COLEC11,-0.15451233,-1.8670621,0.8772057877600498,1.0
3,APOA1,-0.15585655,-1.1460499,0.8761460945906007,1.0
3,KCNN1,-0.16043416,-1.135099,0.8725390861242712,1.0
3,CRYL1,-0.1625413,-0.262932,0.8708796027120751,1.0
3,PLAT,-0.16544773,-0.20265144,0.8685915940452047,1.0
3,AMBN,-0.16675562,-22.527771,0.8675623478786826,1.0
3,S100A3,-0.16675562,-22.404865,0.8675623478786826,1.0
3,HLX,-0.16675562,-22.050928,0.8675623478786826,1.0
3,GATA6-AS1,-0.16675562,-22.231987,0.8675623478786826,1.0
3,MYL7,-0.16675562,-22.286083,0.8675623478786826,1.0
3,SPOCK3,-0.16675562,-21.988562,0.8675623478786826,1.0
3,GABRA1,-0.16675562,-21.913088,0.8675623478786826,1.0
3,TMEM155,-0.16675562,-21.942436,0.8675623478786826,1.0
3,INHBA,-0.16675562,-22.124111,0.8675623478786826,1.0
3,EPO,-0.16675562,-21.928509,0.8675623478786826,1.0
3,RIT2,-0.16675562,-21.985325,0.8675623478786826,1.0
3,TM4SF1,-0.17307706,-2.1588125,0.8625908530204038,1.0
3,SNAI2,-0.17496623,-0.57061946,0.8611061652761979,1.0
3,IFI6,-0.17631045,-0.07743916,0.8600500513167468,1.0
3,ARHGDIB,-0.17921686,-0.6851572,0.857767419679579,1.0
3,BHMT,-0.17939852,-1.3938966,0.8576247944760229,1.0
3,SFN,-0.17954384,-0.5046962,0.8575106976593629,1.0
3,CHRNA3,-0.1831042,-0.07123918,0.8547162612673433,1.0
3,WFDC1,-0.185284,-22.323067,0.8530062784766304,1.0
3,CYP1A1,-0.185284,-22.483746,0.8530062784766304,1.0
3,CPM,-0.185284,-22.149958,0.8530062784766304,1.0
3,TRAC,-0.185284,-22.199806,0.8530062784766304,1.0
3,CNTN1,-0.185284,-22.129086,0.8530062784766304,1.0
3,CGA,-0.18601061,-1.2211002,0.8524364372691479,1.0
3,LGALS1,-0.18942565,-0.021365128,0.8497592199689995,1.0
3,COL5A1,-0.19087887,-0.7464212,0.8486205019344579,1.0
3,RBP4,-0.19106051,-1.5707768,0.8484781843388172,1.0
3,LINC00643,-0.19120583,-1.9097449,0.8483643338183371,1.0
3,SPX,-0.19142382,-1.985437,0.8481935639697675,1.0
3,PAGE4,-0.19156913,-2.0969524,0.8480797213621992,1.0
3,NPPC,-0.19523849,-0.532863,0.8452062520202577,1.0
3,WIF1,-0.20206857,-0.15867846,0.8398631245278232,1.0
3,IL32,-0.2038124,-22.337585,0.8385000931978493,1.0
3,HBA1,-0.2038124,-22.289227,0.8385000931978493,1.0
3,SMOC2,-0.2038124,-22.250854,0.8385000931978493,1.0
3,MT1M,-0.20947993,-1.7674695,0.8340736070418655,1.0
3,LRRC17,-0.20998855,-0.8918971,0.8336766130909712,1.0
3,SIX1,-0.21027918,-2.3196723,0.8334497784345812,1.0
3,RAB3A,-0.21580137,-0.49156067,0.829142574748968,1.0
3,GSC,-0.21631,-1.5996577,0.828746114715472,1.0
3,FRMD5,-0.2166733,-1.4964805,0.828462955675362,1.0
3,EFEMP1,-0.22110559,-0.1407068,0.8250102207783991,1.0
3,TNMD,-0.22219549,-1.1007845,0.8241617031990989,1.0
3,COL21A1,-0.2223408,-22.338793,0.8240485830247777,1.0
3,C9orf24,-0.2223408,-22.301022,0.8240485830247777,1.0
3,TTN,-0.2223408,-22.429277,0.8240485830247777,1.0
3,FAM84A,-0.22288577,-0.31789201,0.8236244149413999,1.0
3,MIR22HG,-0.22789933,-1.3790992,0.8197245011034419,1.0
3,FAM102B,-0.22818998,-1.8348477,0.8194985548159788,1.0
3,VAMP5,-0.23113272,-0.089808516,0.8172116956903472,1.0
3,EMP3,-0.23113272,-0.06948229,0.8172116956903472,1.0
3,SYNPR,-0.23440243,-1.4828023,0.8146725655812798,1.0
3,CA3,-0.23807178,-0.27031115,0.8118254150802626,1.0
3,AMBP,-0.23956133,-0.6217049,0.8106703485143756,1.0
3,LUM,-0.24086921,-23.960861,0.809656483420354,1.0
3,CPXM2,-0.24086921,-22.74381,0.809656483420354,1.0
3,ANKRD37,-0.24588278,-0.07928706,0.8057729732355051,1.0
3,ACTG2,-0.25176826,-1.2896091,0.8012201816528188,1.0
3,MYL4,-0.2535121,-1.8786418,0.799872494332805,1.0
3,MOXD1,-0.25874367,-0.9428339,0.7958330216723508,1.0
3,GABRP,-0.25939763,-23.233593,0.7953284696804013,1.0
3,GPNMB,-0.2648835,-1.871403,0.7910992288421445,1.0
3,BHLHE40,-0.2655374,-2.4035072,0.7905954882691141,1.0
3,TRIB3,-0.27160457,-0.50893193,0.7859260915989519,1.0
3,TSLP,-0.27709043,-1.1100656,0.7817106764750106,1.0
3,SYP,-0.27792603,-22.805464,0.7810691523875415,1.0
3,SPINK1,-0.27792603,-22.749868,0.7810691523875415,1.0
3,CALB1,-0.28148636,0.0006256897,0.7783373765612447,1.0
3,FOXJ1,-0.28337553,-1.554394,0.7768889720295311,1.0
3,MEIS2,-0.28555536,-0.13858493,0.7752186995853549,1.0
3,PDGFRA,-0.29056892,-1.7479792,0.771381029262252,1.0
3,KLF4,-0.29129553,-1.9303263,0.7708253065661893,1.0
3,MYF6,-0.29369333,-0.68552667,0.7689922575706847,1.0
3,NEFM,-0.29605478,0.022718003,0.7671882432250602,1.0
3,CRH,-0.29645443,-23.488543,0.7668830729739929,1.0
3,DUSP1,-0.29725367,-0.084542975,0.7662728409729291,1.0
3,LYPD3,-0.30201295,-2.181009,0.7626422004918196,1.0
3,GDPD5,-0.30295753,-2.7150445,0.7619222331907944,1.0
3,LINC00379,-0.3031755,-2.8288393,0.7617561161241756,1.0
3,CCNA1,-0.30800742,-1.6401141,0.7580766861379188,1.0
3,MATN3,-0.30826172,-0.40547794,0.7578831828243165,1.0
3,ASCL4,-0.31498283,-23.185942,0.7527746994003436,1.0
3,SRBD1,-0.31865218,-0.19699934,0.7499902893499494,1.0
3,DLL3,-0.32312077,-0.12385059,0.7466037714895047,1.0
3,SLC7A7,-0.324465,-0.6817246,0.7455860161072919,1.0
3,ELMO1,-0.32584554,-0.9104386,0.7445412157908615,1.0
3,RERG,-0.33351123,-23.213085,0.7387484219571178,1.0
3,CDKN1A,-0.34379268,-0.5214355,0.7310022165470396,1.0
3,FOSB,-0.35203964,-23.075588,0.7248085491956743,1.0
3,LHX1,-0.35203964,-23.260633,0.7248085491956743,1.0
3,USP18,-0.35712585,-1.2240002,0.72099759465938,1.0
3,PIFO,-0.36976877,-0.4108222,0.7115547960579356,1.0
3,CER1,-0.37202123,-2.2954817,0.7098770431816479,1.0
3,CDX4,-0.3769258,-2.874819,0.7062287429153754,1.0
3,FGF4,-0.37728912,-3.1672041,0.7059587655779931,1.0
3,SHISA3,-0.38168505,-1.7786808,0.7026949814352006,1.0
3,PCP4,-0.38284764,-0.7960374,0.7018327445652521,1.0
3,RAMP1,-0.3890964,-23.291094,0.6972048197679653,1.0
3,ISL1,-0.3890964,-23.471525,0.6972048197679653,1.0
3,RLTPR,-0.3890964,-23.223967,0.6972048197679653,1.0
3,MPZ,-0.39599916,-3.05133,0.6921056477444513,1.0
3,CHN1,-0.39937788,-0.04658142,0.6896147985726477,1.0
3,TINAGL1,-0.4139826,-2.957258,0.6788868437734685,1.0
3,TANGO6,-0.417216,-0.77905846,0.6765204260818823,1.0
3,DLX2,-0.42128497,-1.3141025,0.6735469981086954,1.0
3,HIST1H2BG,-0.42339212,-0.5333751,0.672009186148272,1.0
3,NCCRP1,-0.42560828,-1.56965,0.6703933118749066,1.0
3,APLNR,-0.432402,-3.1689923,0.6654492511132508,1.0
3,INA,-0.43727025,-0.7022864,0.6619153569204412,1.0
3,HS3ST1,-0.43952274,-2.2898297,0.6602828103028224,1.0
3,HOPX,-0.4395954,-2.4802902,0.6602301743688419,1.0
3,ARHGAP29,-0.45685223,-0.3301963,0.6477772527702352,1.0
3,MT2A,-0.46575314,-0.1426436,0.6413922099548462,1.0
3,CES1,-0.47454506,-0.9122164,0.6351112815706939,1.0
3,LGALS3BP,-0.4818474,-0.12436718,0.6299143412888121,1.0
3,TWIST2,-0.48271933,-0.8862216,0.6292950268483963,1.0
3,NPY,-0.4938727,-1.410088,0.621396075862149,1.0
3,KLF5,-0.49405438,-2.266265,0.6212677855357022,1.0
3,SCG2,-0.50026685,-23.596628,0.6168872075059286,1.0
3,ECSCR,-0.50041217,-1.2222713,0.6167849000547518,1.0
3,CDK1,-0.50150204,-0.11067251,0.6160178314185936,1.0
3,TFAP2B,-0.51567084,-1.1706134,0.6060843290465712,1.0
3,SRPX,-0.52315485,-0.45616522,0.6008664955154442,1.0
3,NFIB,-0.52500767,-3.25924,0.5995778423594282,1.0
3,TAC1,-0.5305662,-2.1597314,0.5957194132743369,1.0
3,MAFB,-0.53267336,-0.7385689,0.5942597062505179,1.0
3,MESP1,-0.53670603,-2.1604543,0.591470698593979,1.0
3,PLPP3,-0.54724175,-0.102564365,0.5842126393313016,1.0
3,CAV1,-0.55403554,-0.8092667,0.5795545353900685,1.0
3,GLT8D2,-0.56827694,-0.6049052,0.5698469210958066,1.0
3,HTR3A,-0.56943953,-2.5433774,0.5690578992858509,1.0
3,T,-0.57438046,-24.0598,0.5657103907166655,1.0
3,PLAU,-0.57623327,-0.6857076,0.5644575178357486,1.0
3,CA4,-0.57677823,-1.257923,0.5640892801180191,1.0
3,PCSK9,-0.59290886,-23.884272,0.553242165385166,1.0
3,HBA2,-0.59290886,-23.813951,0.553242165385166,1.0
3,ZFP36,-0.6025,-1.0554289,0.5468413587313579,1.0
3,HAND1,-0.6062057,-3.0477788,0.5443781769085605,1.0
3,CCBE1,-0.61303574,-0.7687477,0.5398526921667998,1.0
3,TNNT2,-0.6229176,-2.4277909,0.5333386861008655,1.0
3,ALX1,-0.6230629,-1.1456978,0.533243189190892,1.0
3,CDO1,-0.6449337,-0.1335169,0.518970165781171,1.0
3,TPD52L1,-0.6497656,-0.29272792,0.5158436461187765,1.0
3,FN1,-0.65343493,-0.66216743,0.5134759167868024,1.0
3,CXCL14,-0.6536529,-0.98274755,0.5133354378475172,1.0
3,TOX,-0.65474284,-3.5364852,0.5126333434462018,1.0
3,MMP9,-0.65641403,-1.3289403,0.5115577716072353,1.0
3,NFKBIA,-0.6667318,-0.13872796,0.5049434644319641,1.0
3,PPP1R17,-0.66858464,-0.84543,0.5037604752082057,1.0
3,CALB2,-0.6710188,-1.567241,0.5022085782989417,1.0
3,MYL9,-0.672036,-0.09961276,0.5015607744670381,1.0
3,HPGD,-0.6725083,-3.3799672,0.501260158865384,1.0
3,TACSTD2,-0.68555087,-24.533121,0.492996390843195,1.0
3,CYTL1,-0.68896586,-0.43610567,0.4908447404562124,1.0
3,S100A14,-0.7040793,-24.294867,0.48138342723299865,1.0
3,CD44,-0.70582306,-1.7062676,0.48029816077097265,1.0
3,FAM159B,-0.70611376,-0.36951232,0.4801174127720771,1.0
3,KRT23,-0.7145423,-2.5544996,0.4748918859692215,1.0
3,ANXA1,-0.7147603,-0.5640138,0.47475715847779876,1.0
3,DUSP2,-0.7414267,-1.6068493,0.4584347698224136,1.0
3,PLA2G2A,-0.7437518,-2.551441,0.457026634652818,1.0
3,CREB3L1,-0.7451324,-1.0700898,0.4561917053453144,1.0
3,TM4SF18,-0.7663492,-3.803898,0.44346855057837886,1.0
3,VGLL1,-0.7672938,-4.282325,0.4429068623903911,1.0
3,ALCAM,-0.7675481,-0.88718855,0.44275570816949783,1.0
3,HHIP,-0.7970482,-2.31181,0.42542302817574407,1.0
3,BDNF,-0.8004269,-1.8444235,0.42346348546326584,1.0
3,OLFM1,-0.8147047,-0.3771858,0.41524136567145675,1.0
3,NODAL,-0.82883716,-3.2177596,0.4071965683215941,1.0
3,HERPUD1,-0.85125285,-0.20273568,0.3946288973069274,1.0
3,MT1E,-0.8604444,-0.6638011,0.38954411221117824,1.0
3,MIXL1,-0.8669112,-3.6255012,0.3859906723654656,1.0
3,CYP1B1,-0.88514894,-3.296513,0.37607630231061073,1.0
3,HES6,-0.8876194,-0.20517527,0.37474551348647767,1.0
3,IGFBP7,-0.8935776,-2.1258779,0.3715479600482742,1.0
3,DDIT3,-0.9084003,-0.33870196,0.36366678028716837,1.0
3,HHEX,-0.91283256,-3.7242398,0.36133061120187326,1.0
3,NEFL,-0.9254755,-0.8049213,0.35471863840780327,1.0
3,GADD45B,-0.93542993,-1.3799385,0.34956677176977147,1.0
3,RAMP2,-0.94876313,-0.46633905,0.34274110013079706,1.0
3,EFNA1,-0.95973486,-1.7113236,0.337188681204171,1.0
3,PLP2,-0.9760471,-3.0547948,0.3290411220904037,1.0
3,SLC16A3,-1.0008243,-0.32853705,0.31691175953516393,1.0
3,NPW,-1.0472906,-0.69960564,0.29496555951873726,1.0
3,CXCL3,-1.0580807,-2.1875486,0.2900186562112054,1.0
3,RGS2,-1.0633849,-0.46019188,0.2876074372673669,1.0
3,MT-CO1,-1.0661824,0.06892222,0.28634122995596134,1.0
3,MFAP4,-1.0810413,-2.4677033,0.27967870839308595,1.0
3,ARL6IP1,-1.100587,-0.1159608,0.2710764356387295,1.0
3,CHCHD2,-1.1077805,-0.24171476,0.2679566654658928,1.0
3,SNHG18,-1.1117767,-1.0521839,0.2662341616157129,1.0
3,JUNB,-1.1151555,-1.0931164,0.2647838202950079,1.0
3,COL9A3,-1.1287429,-0.62388515,0.2590062947996241,1.0
3,AFP,-1.1566445,-4.4352922,0.24741762537896272,1.0
3,PCAT14,-1.1654001,-4.0061255,0.24385707791775635,1.0
3,IGFBP3,-1.1764808,-2.3001413,0.23940279728807978,1.0
3,PRKCDBP,-1.1925751,-0.1797314,0.23303582809825074,1.0
3,PCSK1N,-1.1938103,-1.6912609,0.23255217684696272,1.0
3,SNCG,-1.1942463,-1.5820223,0.23238164657673255,1.0
3,CTHRC1,-1.2414756,-2.173392,0.21443013143343825,1.0
3,PCOLCE,-1.2439096,-0.40152887,0.2135328152760111,1.0
3,CRYM,-1.2938637,-0.7220974,0.19571251254113942,0.9934645306656823
3,PLP1,-1.3109752,-0.45223948,0.18986614193309415,0.9687048057810925
3,TFPI2,-1.325253,-1.3355492,0.1850872621023899,0.9540580520741747
3,CHGA,-1.3579865,-1.9935516,0.17446797489024135,0.9039791445090225
3,ACTC1,-1.4244344,-0.68771595,0.15432075912295867,0.8079620896489983
3,LMCD1,-1.4425268,-2.8829925,0.14915380290575872,0.785020015293467
3,IGFBP6,-1.4491752,-0.76532435,0.14728864039988096,0.7834502148929838
3,ITLN2,-1.4637437,-25.099365,0.14326399461210654,0.7690425519583631
3,ELF3,-1.4649789,-2.5195415,0.14292667140570256,0.7690425519583631
3,KLF6,-1.6322068,-0.54668003,0.10263592585518518,0.5701995880843621
3,TAGLN,-1.65346,-0.21208361,0.09823728452123506,0.5488116453700284
3,HIST1H2AC,-1.6569114,-0.6365846,0.09753739960772574,0.5479629191445267
3,COL6A1,-1.7372011,-2.1677313,0.08235168320528459,0.4652637469225118
3,CKB,-1.7829771,-0.2021332,0.07459002522605077,0.42622871557743297
3,TAC3,-1.7908244,-0.32464138,0.07332146893659794,0.4213877525091836
3,ACTA1,-1.8706782,-3.3591588,0.06138969340109056,0.35485371908144836
3,CENPA,-1.8980712,-0.48996693,0.05768670286683173,0.33538780736530077
3,MIAT,-1.9528571,-1.2902117,0.05083652519843166,0.29728962104345996
3,COL1A2,-2.012693,-1.2379618,0.04414693842104926,0.25968787306499563
3,ERP27,-2.043937,-2.9233286,0.04095977626929158,0.24236554005497973
3,FHL2,-2.0792863,-0.46930775,0.03759104975917181,0.22509610634234617
3,CTGF,-2.1477687,-0.6896502,0.03173213815477679,0.19201143419509148
3,ANXA3,-2.1651344,-1.4462935,0.030377387289829784,0.1852279712794499
3,ISG15,-2.18973,-0.6247907,0.028543821467173693,0.17511546912376497
3,GADD45G,-2.197432,-3.4082687,0.027989605322350015,0.17277534149598775
3,STC1,-2.2208288,-1.9233756,0.026362566940976728,0.16374265180730888
3,NEK2,-2.227477,-1.1835359,0.025915403881769845,0.16291351002619234
3,SPP1,-2.2461507,-3.432153,0.0246943482860035,0.15629334358230063
3,BAMBI,-2.2674403,-0.9892172,0.023363340208716575,0.1488110841319527
3,ACTG1,-2.2916362,-0.11089944,0.02192664238797564,0.14055539992292077
3,KRT19,-2.3960493,-0.42383394,0.01657286420208522,0.10831937386983805
3,BMP4,-2.4162126,-1.4441737,0.015682906146623474,0.10317701412252285
3,SLC9A3R1,-2.422098,-0.5976394,0.015431189192702078,0.10219330591193429
3,MT1H,-2.4495273,-3.0477047,0.014304387267438925,0.09536258178292617
3,IGFBP2,-2.526402,-0.25104204,0.01152375402645785,0.07734063105005269
3,EGR1,-2.535993,-1.4091862,0.011212892608241307,0.07576278789352235
3,NENF,-2.6161013,-0.5817271,0.008894018202336634,0.0605035251859635
3,COL1A1,-2.828415,-2.233317,0.004677913352000986,0.03341366680000704
3,KRT7,-2.9043088,-3.289167,0.003680650509494306,0.026479500068304355
3,KRT8,-2.9092133,-0.37189037,0.0036233957678729178,0.02625649107154288
3,CYR61,-2.96429,-0.76992947,0.0030338237001423423,0.022307527206928985
3,CENPF,-3.1246514,-0.40827864,0.0017801591352520662,0.013384655152271174
3,NSG1,-3.1430707,-1.1352427,0.0016718541621729404,0.012665561834643487
3,S100A6,-3.161708,-0.83485633,0.0015684667223651654,0.011973028415001263
3,PPIC,-3.1766398,-4.6670165,0.001489919247910121,0.011549761611706363
3,TOP2A,-3.3604708,-0.6159336,0.0007780979135359634,0.006126755224692625
3,HAPLN1,-3.3960743,-1.5015916,0.0006835980907745291,0.005425381672813722
3,OLFML3,-3.4386895,-1.480509,0.0005845370723769199,0.004676296579015359
3,S100A16,-3.5399055,-1.2924119,0.0004002702995502843,0.003227986286695841
3,MT1X,-3.5758724,-0.61027545,0.000349061866850562,0.002842634943642025
3,HIST1H4C,-3.6130745,-0.36926827,0.00030258767163274366,0.002500724558948295
3,MT1G,-3.7073514,-3.052756,0.00020943823333859445,0.001745318611154954
3,TUBB2A,-3.753963,-0.47181052,0.00017406053442800545,0.0014682183295237712
3,GNAS,-3.8550699,-0.25701305,0.00011569652478051067,0.0009888591861582107
3,SERPINE2,-3.855288,-1.5650967,0.00011559347932165262,0.0009888591861582107
3,LINC00458,-3.8642251,-4.932166,0.00011144237131665162,0.0009690640984056662
3,TMEM141,-3.9193382,-0.83332056,8.879247917245124e-05,0.0007788813962495723
3,CCNB2,-3.981281,-0.43382215,6.854482938700776e-05,0.0006120074052411407
3,FOS,-4.067674,-2.6280665,4.7484686150033216e-05,0.00043563932247736895
3,CXCL12,-4.162024,-4.3366933,3.154394172424309e-05,0.0002920735344837323
3,GAPDH,-4.2366824,-0.06876637,2.2684666003477643e-05,0.00021400628305167589
3,ITM2A,-4.4327927,-3.5106103,9.302025008605692e-06,9.11963236137813e-05
3,CYP26A1,-4.445581,-2.693192,8.765463272190338e-06,8.678676507119145e-05
3,CLDN10,-4.528959,-0.94952744,5.9275044439283444e-06,5.9873782261902465e-05
3,SMAGP,-4.53241,-1.3648745,5.831446777813093e-06,5.950455895727645e-05
3,CLDN4,-4.582582,-1.8705139,4.592690606991187e-06,4.78405271561582e-05
3,RASL11B,-4.9206347,-2.0640686,8.626400511703001e-07,9.177021820960639e-06
3,LINC01356,-5.0006337,-3.9546096,5.714215643121261e-07,6.144317895829312e-06
3,NTS,-5.082522,-3.716048,3.7245602693867225e-07,4.092923372952443e-06
3,PLK1,-5.2676244,-1.5916365,1.38200487367729e-07,1.5355609707525446e-06
3,RGS5,-5.29687,-2.122071,1.1780434883277229e-07,1.323644368907554e-06
3,FGFBP3,-5.3250623,-1.3676783,1.0091835112736761e-07,1.1599810474410071e-06
3,ADM,-5.465842,-1.0171206,4.607146143562891e-08,5.420171933603402e-07
3,AURKA,-5.5251327,-1.359223,3.292363511060654e-08,3.919480370310302e-07
3,IER2,-5.583334,-0.695019,2.3595119189403167e-08,2.8427854445064055e-07
3,CDCA3,-5.6025887,-1.15675,2.1117372292662128e-08,2.575289303983186e-07
3,BASP1,-5.6399364,-0.8118843,1.7011308814755607e-08,2.1001615820685933e-07
3,LDHA,-5.68564,-0.3659146,1.3032390982540084e-08,1.6290488728175106e-07
3,PLS3,-5.762587,-1.0604347,8.283429680889948e-09,1.0485354026442972e-07
3,LGALS3,-6.1057982,-3.0345998,1.0228803602250955e-09,1.3284160522403838e-08
3,SEPP1,-6.1432548,-0.86380637,8.084740422643674e-10,1.0637816345583783e-08
3,SPINT2,-6.1488132,-0.51327395,7.806476187981413e-10,1.0408634917308551e-08
3,CDKN3,-6.234553,-0.9096621,4.5307093363484996e-10,6.206451145682877e-09
3,CRABP1,-6.385541,-0.993222,1.7079262610814853e-10,2.405529945185191e-09
3,PHLDA1,-6.569699,-2.3910303,5.0417165519398614e-11,7.638964472636153e-10
3,SFRP1,-6.673349,-0.78907067,2.500312003400202e-11,3.846633851384926e-10
3,KPNA2,-6.687663,-0.6548732,2.26762762148513e-11,3.5431681585705155e-10
3,SLC2A3,-6.767008,-0.7788452,1.3147277840935315e-11,2.120528684021825e-10
3,ACAT2,-7.1904364,-0.6821553,6.45845119760143e-13,1.0675319091018944e-11
3,CCNB1,-7.255976,-0.8667385,3.98775286284966e-13,6.758903157372305e-12
3,CTSV,-7.367873,-1.1459831,1.7337158846516976e-13,2.9891653183649957e-12
3,APOC1,-7.385203,-1.3102521,1.522213202701286e-13,2.6705494784233086e-12
3,IFITM3,-7.5267816,-0.72740096,5.200630119765979e-14,9.286839499582105e-13
3,UBE2C,-7.5764446,-0.9581128,3.5515257147420305e-14,6.457319481349146e-13
3,DDIT4,-7.592648,-1.2218847,3.134328725784248e-14,5.804312455156015e-13
3,CDC20,-7.9825077,-1.26692,1.433901208893519e-15,2.7575023247952287e-14
3,KRT18,-8.272023,-0.7038286,1.317050811953434e-16,2.687858799904967e-15
3,TNFRSF12A,-8.359433,-1.3904536,6.302025371192071e-17,1.3129219523316814e-15
3,IDH1,-8.527134,-1.1726972,1.5001873609380775e-17,3.1918880019959096e-16
3,PDPN,-8.592782,-2.8734844,8.488839443064786e-18,1.8453998789271275e-16
3,EZR,-8.841862,-1.7451074,9.413646308447242e-19,2.091921401877165e-17
3,ANXA2,-9.279822,-1.6118349,1.6976109764890694e-20,4.140514576802608e-19
3,S100A11,-9.717892,-1.5382094,2.529639146536327e-22,6.656945122464018e-21
3,CTSC,-10.124463,-1.2694455,4.303330634919518e-24,1.1953696208109774e-22
3,TPM1,-10.557882,-0.8692139,4.670788559770229e-26,1.3737613411088907e-24
3,CLDN7,-10.862693,-4.0642114,1.735543894539273e-27,5.259223922846282e-26
3,CYB5A,-11.142835,-1.2481164,7.760873571849637e-29,2.5869578572832126e-27
3,APOE,-11.676852,-0.7358954,1.6737885568589125e-31,6.437648295611203e-30
3,FTH1,-12.370941,-0.35476866,3.753970017067036e-35,1.5015880068268144e-33
3,FOXD3-AS1,-12.411267,-4.8560915,2.2702964828304242e-35,9.4595686784601e-34
3,LECT1,-12.751282,-3.1441562,3.0666052553646563e-37,1.4602882168403126e-35
3,PTTG1,-13.046174,-1.1553495,6.681955516628995e-39,3.3409777583144976e-37
3,CLDN6,-13.111823,-1.3175281,2.8174423065773523e-39,1.482864371882817e-37
3,PMAIP1,-13.4070425,-2.7555532,5.498863457304699e-41,3.054924142947055e-39
3,TERF1,-14.039042,-1.6131382,8.991974444134482e-45,5.289396731843813e-43
3,GAL,-14.365142,-3.9081206,8.563100197971504e-47,5.35193762373219e-45
3,S100A10,-14.615275,-3.4511988,2.24444889275207e-48,1.4962992618347133e-46
3,PDLIM1,-15.365785,-3.3290462,2.776565551665139e-53,1.983261108332242e-51
3,EPCAM,-15.473904,-2.7738893,5.205276966514131e-54,4.0040592050108706e-52
3,CD9,-15.87666,-3.7042348,9.194590648109151e-57,7.662158873424292e-55
3,MGST1,-16.734707,-1.3572466,7.321710220973356e-63,6.656100200884869e-61
3,TDGF1,-16.85496,-5.035121,9.647419422688958e-64,9.647419422688959e-62
3,L1TD1,-17.773024,-2.4086459,1.1435740228173776e-70,1.2706378031304197e-68
3,POU5F1,-19.896124,-3.303426,4.3963975326730774e-88,7.327329221121796e-86
3,TMSB4X,-21.651491,-1.2529284,5.884651474026905e-104,1.471162868506726e-101
4,KRT18,15.15793,1.5758854,6.71526196670733e-52,3.3576309833536645e-49
4,EPCAM,14.341602,1.9931475,1.2024719564556452e-46,4.008239854852151e-44
4,PDLIM1,13.441697,1.8575633,3.444458244213175e-41,8.611145610532938e-39
4,ANXA2,12.88084,2.1556692,5.770382585893139e-38,1.1540765171786279e-35
4,KRT19,12.790443,1.829516,1.8541264980693499e-37,3.090210830115583e-35
4,S100A10,12.537971,1.8996763,4.626907591766025e-36,6.609867988237178e-34
4,S100A11,12.332897,2.1607342,6.024089318485803e-35,7.530111648107254e-33
4,KRT8,11.97934,1.5571266,4.559434380238151e-33,5.066038200264612e-31
4,CLDN7,11.95327,2.1230588,6.242015461773787e-33,6.242015461773787e-31
4,CYB5A,11.581332,1.3251959,5.124347434662452e-31,4.270289528885376e-29
4,CLDN6,11.413259,1.2397941,3.590210775794095e-30,2.7617005967646883e-28
4,SPINT2,10.693954,1.0619606,1.0863848929508561e-26,7.759892092506115e-25
4,SLC2A3,10.61681,1.4342731,2.489237024996182e-26,1.6594913499974546e-24
4,CLDN4,9.746215,2.6524332,1.914752746719053e-22,1.1263251451288545e-20
4,FTH1,9.438024,0.51782715,3.7987557049634795e-21,1.9993451078755155e-19
4,CD9,9.265114,1.4014548,1.9486887076305065e-20,9.743443538152532e-19
4,L1TD1,8.532557,1.0529875,1.431482919735918e-17,5.505703537445839e-16
4,GAL,7.939295,1.4176091,2.033342957451438e-15,7.530899842412733e-14
4,SMAGP,7.8660197,2.0752177,3.661034292588325e-15,1.307512247352973e-13
4,MGST1,7.7128916,0.7234303,1.2299862056191766e-14,3.9676974374812146e-13
4,TMSB4X,7.4612412,0.63854057,8.571117823446073e-14,2.6784743198268977e-12
4,IGFBP2,7.4448934,0.77960014,9.70227574428064e-14,2.940083558872921e-12
4,POU5F1,7.353239,1.0494236,1.9346048825876743e-13,5.690014360551983e-12
4,IER2,7.333844,1.0274279,2.2364318825853388e-13,6.25733328835414e-12
4,TDGF1,7.3328767,1.2794213,2.2526399838074902e-13,6.25733328835414e-12
4,FOXD3-AS1,7.1029916,1.3677062,1.2208504858753362e-12,3.2127644365140425e-11
4,HAPLN1,6.239796,2.2601647,4.3814084667391933e-10,1.0431924920807602e-08
4,TPM1,6.13755,0.6238036,8.380393551573485e-10,1.9489287329240667e-08
4,CTSV,5.93533,0.96531665,2.9325512630112125e-09,6.516780584469361e-08
4,ACTG1,5.918692,0.29929614,3.2451218514846343e-09,7.054612720618771e-08
4,TERF1,5.8328414,0.7847328,5.4491301777385024e-09,1.1593893995188303e-07
4,PMAIP1,5.74525,0.91728216,9.178525205879122e-09,1.873168409363086e-07
4,ERP27,5.7022524,3.20303,1.1823463645711215e-08,2.364692729142243e-07
4,PHLDA1,5.5998125,1.3914117,2.1458401593323476e-08,4.207529724181074e-07
4,TNFRSF12A,5.3665414,0.92791754,8.026087114494603e-08,1.543478291248962e-06
4,ANXA3,5.2926855,2.3056052,1.2053295557359261e-07,2.2742067089357096e-06
4,EZR,5.266229,0.8493051,1.3925432475698754e-07,2.5787837917960657e-06
4,LGALS3,5.203208,1.5784494,1.9587752271131557e-07,3.5614095038421013e-06
4,DDIT4,5.148554,0.8137921,2.6250238056853024e-07,4.687542510152326e-06
4,ID1,4.9569263,0.5924422,7.161714728460054e-07,1.193619121410009e-05
4,PDPN,4.891535,1.0170459,1.0005265524598211e-06,1.6137525039674533e-05
4,LECT1,4.718722,0.8110183,2.3733114569143084e-06,3.708299151428607e-05
4,CTSC,4.564046,0.6063416,5.017706341132775e-06,7.60258536535269e-05
4,CLDN10,4.528545,1.0953665,5.9391198388646425e-06,8.86435796845469e-05
4,SAT1,4.4862247,0.8694435,7.249634145027253e-06,0.00010506716152213409
4,KRT7,4.36497,2.3209214,1.2714020953676117e-05,0.00018162887076680166
4,IDH1,4.2302213,0.5988493,2.3346159744067735e-05,0.0003198104074529827
4,LDHA,4.1417108,0.3457321,3.447249340531021e-05,0.0004535854395435554
4,APOE,4.048267,0.35730478,5.159829394888019e-05,0.0006531429613782303
4,EGR1,4.0389805,1.5789678,5.3684022113971485e-05,0.0006653668022729769
4,APOC1,4.0380616,0.7016512,5.389471098411113e-05,0.0006653668022729769
4,LINC00458,4.002996,1.6813631,6.254537885432606e-05,0.0007535587813774224
4,BASP1,3.8597348,0.56732804,0.00011351020051941062,0.0013354141237577719
4,S100A16,3.720004,1.3896029,0.00019921948146763105,0.0022135497940847897
4,RASL11B,3.5697782,1.1152886,0.00035728364811055005,0.0038835179142451093
4,CYR61,3.4473145,0.87788844,0.000566189131167302,0.006088055173841957
4,ANXA1,3.2468357,2.4763525,0.00116695701357572,0.012174406304382325
4,KRT23,3.2268605,3.9815547,0.001251564780306681,0.012902729693883308
4,MT1X,3.085002,0.5476384,0.00203550893530025,0.0203550893530025
4,TPD52L1,3.0571427,1.4196452,0.002234577936508548,0.021907626828515176
4,LINC01356,3.041859,1.0657885,0.0023512198759257784,0.022827377436172608
4,FOS,2.9343405,1.2158664,0.003342572611075995,0.03123899636519622
4,NTS,2.7725549,0.7865962,0.005561812676226711,0.051025804369052394
4,MLLT11,2.7480817,0.35247287,0.005994509454937514,0.05449554049943195
4,ITM2A,2.7288318,1.0946845,0.006355912473123581,0.05674921851003197
4,EFNA1,2.6778536,2.387228,0.0074095604047813065,0.06557133101576378
4,NFKBIA,2.6415305,0.6830223,0.008253239823039707,0.07239684055297987
4,FN1,2.6057878,1.7400291,0.009166327155820062,0.07902006168810398
4,TACSTD2,2.5427663,4.378894,0.01099787792575969,0.09399895663042471
4,CXCL12,2.5336733,1.1171231,0.011287389317595988,0.09565584167454227
4,MT1G,2.5273373,1.0712724,0.011493104269427588,0.09658070814645033
4,KLF6,2.5121987,0.918851,0.011998151846978344,0.09891309651618678
4,SEPP1,2.4954638,0.41992143,0.01257925511813065,0.10227036681407033
4,MAFB,2.4722965,2.1564722,0.013424815591460802,0.10826464186661937
4,ACAT2,2.42896,0.28556743,0.015142197723077391,0.12017617240537612
4,DLX5,2.3896382,0.91796213,0.016864975295699455,0.13279508106849966
4,ADM,2.3691308,0.44669735,0.017829941876096975,0.1392964209070076
4,ELF3,2.2774765,2.0908022,0.022757781165128485,0.17372352034449223
4,STC1,2.2565339,1.3005954,0.024037212183573218,0.1821000922997971
4,CXCL14,2.2336566,2.31271,0.025505674179837946,0.191771986314571
4,FHL2,2.2158577,0.56445575,0.026701242014145206,0.19926300010556122
4,VGLL1,2.207055,3.4409275,0.02731020848202132,0.20055616411235153
4,TMEM141,2.2046852,0.49059322,0.027476194483392162,0.20055616411235153
4,CYP1B1,2.1928353,3.1264431,0.028319240083715704,0.20521188466460652
4,TAGLN,2.179341,0.5111472,0.02930633208274746,0.21035892281648327
4,SLC9A3R1,2.1694744,0.60906404,0.030046682980019328,0.2130970424114846
4,GAPDH,2.0740476,0.038830053,0.038074895002677,0.2662580070117273
4,S100A6,2.0243752,0.72265214,0.042931554580350466,0.29813579569687826
4,SOCS3,1.9773631,1.0340772,0.04800059780609449,0.32877121784996227
4,GATA3,1.9682219,1.5961401,0.049042512906801214,0.33136833045135955
4,JUNB,1.9251758,1.3554246,0.054207368483091364,0.36138245655394247
4,HIST1H2AC,1.9185979,0.84451497,0.05503523252950368,0.36447173860598464
4,BMP4,1.8876435,0.85380554,0.05907382858431254,0.3886436091073193
4,NSG1,1.8810656,0.6492821,0.05996298860688033,0.39191495821490413
4,SFN,1.8525295,3.0799897,0.06394982802694461,0.4073237453945517
4,IGFBP3,1.8343437,2.1535175,0.0666029882489859,0.42153790031003735
4,SPP1,1.8307163,1.209625,0.06714290779955287,0.42228243899089857
4,NENF,1.81669,0.48287365,0.0692645957853505,0.42755923324290435
4,MT1H,1.8053722,1.0555171,0.0710164503035119,0.43568374419332456
4,ACTA1,1.7937644,1.4329025,0.07285079446200465,0.4442121613536869
4,CHGA,1.7014812,1.5917785,0.08885265662132102,0.5320518360558145
4,COL1A2,1.6600312,0.9841545,0.09690816629836448,0.5768343232045504
4,NEAT1,1.6384115,0.84631115,0.10133588757945049,0.5996206365647957
4,TM4SF18,1.6218218,2.558752,0.10484150918678717,0.6131082408584044
4,IGFBP7,1.6099237,1.7919943,0.10741452124035179,0.6245030304671616
4,FGFBP3,1.5890777,0.33354434,0.11204283947358314,0.6476464709455673
4,ITLN2,1.5640724,1.7333814,0.1178005831250409,0.673146189285948
4,PLS3,1.5210263,0.23864758,0.12825325184757536,0.7205238867841313
4,MT2A,1.5210263,0.47874776,0.12825325184757536,0.7205238867841313
4,ARHGAP29,1.5150288,1.2624172,0.12976510818853848,0.7224154449901
4,DLX2,1.5139648,2.576889,0.130034780098218,0.7224154449901
4,LMCD1,1.5092249,1.4631363,0.13124133341053418,0.7250902398372054
4,IGFBP6,1.4658402,0.89461976,0.14269182874537664,0.7797367691004188
4,HOPX,1.442721,3.2147849,0.14909906502676598,0.8059408920365729
4,PPIC,1.4319837,0.8081171,0.1521484809919606,0.8136282405987197
4,SERPINE2,1.4051887,0.40504155,0.1599651620988225,0.8495000187967512
4,KLF5,1.4032058,2.7678974,0.16055550355258597,0.8495000187967512
4,IFITM3,1.3841977,0.14983816,0.16629791986471032,0.8752522098142649
4,S100A14,1.3805703,2.9103336,0.16741113728346013,0.8764981009605243
4,ZFP36,1.3437151,1.9045553,0.1790405467643923,0.9325028477312098
4,GNG11,1.3323005,0.6189301,0.1827614340423448,0.9343219691649572
4,VAMP5,1.3311882,0.9905706,0.18312710595633164,0.9343219691649572
4,CGA,1.3189515,3.6776845,0.1871853392364643,0.9501793869871283
4,CDO1,1.2929788,0.41064623,0.19601842170902417,0.9850171945177093
4,PLK2,1.2460634,1.7690194,0.21274115188025622,1.0
4,CTHRC1,1.2420973,1.1231092,0.21420067572085377,1.0
4,CXCL3,1.2324723,1.3153391,0.21777268601300692,1.0
4,NPW,1.2052904,0.76472163,0.2280911962194021,1.0
4,TFPI2,1.179753,0.9548832,0.2380984704630289,1.0
4,ASCL4,1.1750615,4.479796,0.2399701309066129,1.0
4,MEIS2,1.1630182,0.8565037,0.2448221094442865,1.0
4,DDIT3,1.1628731,0.3930042,0.24488098375095002,1.0
4,SERTAD4,1.1253892,1.0853066,0.26042415826321275,1.0
4,ALCAM,1.0565639,1.063224,0.29071071051936326,1.0
4,HES4,1.0355244,0.8591478,0.30042406955215883,1.0
4,SLC2A1,1.0249805,0.21436132,0.3053723680852126,1.0
4,PLAU,1.0141948,1.2703658,0.3104897909173463,1.0
4,HPGD,0.99924964,2.3030016,0.3176737820945067,1.0
4,SNHG18,0.9704233,0.71144354,0.33183556148943183,1.0
4,COL6A1,0.96036303,0.7544844,0.33687252967746184,1.0
4,SIX1,0.9552362,3.7600188,0.3394582586428255,1.0
4,FAM84A,0.9418871,1.700364,0.3462504528930509,1.0
4,SLC16A3,0.90982014,0.44107378,0.3629173564200001,1.0
4,CRABP1,0.86464596,0.14318873,0.3872331385759674,1.0
4,CALB2,0.8344653,1.2876067,0.4040188151118167,1.0
4,CALB1,0.82208353,0.5999001,0.4110293548655658,1.0
4,GATA2,0.7944663,1.5162582,0.4269240042367378,1.0
4,HERPUD1,0.78266495,0.24501581,0.43382390260442827,1.0
4,NPY,0.76950926,1.3454313,0.44159104351748124,1.0
4,SYNPR,0.76834846,2.7204316,0.44228018170016803,1.0
4,PLP2,0.7385548,1.2029254,0.46017739146798164,1.0
4,LINC00643,0.7381195,3.4088788,0.4604418455197691,1.0
4,CRH,0.72772074,3.654559,0.46678457082852354,1.0
4,MPPED2,0.7084709,0.6544136,0.4786528860931686,1.0
4,AMBN,0.69647604,5.663802,0.48613076931010923,1.0
4,AFP,0.6791125,1.1167142,0.4970665913611654,1.0
4,INA,0.6789674,0.96877205,0.49715852605499344,1.0
4,DLX6-AS1,0.66682744,2.6222172,0.5048823737492021,1.0
4,CREB3L1,0.6658117,0.9006326,0.5055314468393659,1.0
4,PCP4,0.662281,1.270301,0.507791162282965,1.0
4,HTR3A,0.65971756,1.4663471,0.5094350931857159,1.0
4,DUSP2,0.65439725,0.84669644,0.512855898515768,1.0
4,AMBP,0.65096325,1.5265083,0.5150702118846768,1.0
4,CPXM2,0.647239,3.3445175,0.5174772511405075,1.0
4,CDKN1A,0.642354,1.3274052,0.5206433404747284,1.0
4,BDNF,0.614495,0.9404554,0.538888283320382,1.0
4,NDUFA4L2,0.61357605,0.5778974,0.5394955287002532,1.0
4,H1F0,0.6087878,0.27572793,0.5426651310098503,1.0
4,PLA2G2A,0.60748184,1.2190677,0.5435311758221388,1.0
4,TFAP2B,0.6007589,1.2194706,0.5480005595715775,1.0
4,NCCRP1,0.5878451,1.5526229,0.5566362636322428,1.0
4,LTB,0.5805418,3.610017,0.5615493184364546,1.0
4,USP18,0.5671443,1.211974,0.5706161520712459,1.0
4,NEFM,0.564726,0.2466748,0.5722601648645518,1.0
4,GADD45G,0.5612436,0.48148826,0.5746314886698269,1.0
4,RAB3A,0.55084485,1.1170039,0.5817400569891953,1.0
4,CA4,0.53473884,1.0310925,0.5928304796732251,1.0
4,RGCC,0.52090603,2.9105353,0.6024322388868641,1.0
4,ARHGDIB,0.52085763,1.5259484,0.602465934068841,1.0
4,MT-CO1,0.5178589,0.005682025,0.6045566908904141,1.0
4,PCAT14,0.5166498,1.1927024,0.6054006580202856,1.0
4,CYTL1,0.5103138,0.42550778,0.6098316471853986,1.0
4,SLN,0.49382085,1.8858216,0.6214327101882497,1.0
4,CES1,0.4839541,0.844372,0.6284184433694144,1.0
4,CRYAB,0.47036314,0.55072325,0.6380955898740812,1.0
4,AC007325.4,0.4620925,1.468689,0.6440149932465795,1.0
4,FOSB,0.46030295,2.1289787,0.6452987935517067,1.0
4,GPNMB,0.4590454,2.019706,0.6462015566037919,1.0
4,HIST1H2BG,0.45744932,0.51997405,0.647348121791719,1.0
4,TBX3,0.45498264,0.8500865,0.6491217325575889,1.0
4,TSLP,0.45116168,1.3637687,0.6518730192858537,1.0
4,MMP9,0.43766746,1.0660206,0.6616273568149997,1.0
4,GDPD5,0.4368936,2.1341715,0.6621885108129727,1.0
4,CRYM,0.43505567,0.1749818,0.6635220115634721,1.0
4,SLC40A1,0.4288164,2.425811,0.6680568308581468,1.0
4,RGS5,0.42876804,0.077774584,0.6680920321370809,1.0
4,PCSK9,0.41614443,1.2572479,0.6773043256441276,1.0
4,CTGF,0.415032,0.061521363,0.6781184809967631,1.0
4,TIMP3,0.41435486,0.74802244,0.6786142379525734,1.0
4,EFEMP1,0.4102921,0.399041,0.6815916945017124,1.0
4,MSX2,0.3866893,0.2678554,0.6989862454094731,1.0
4,KLF4,0.38591543,1.4393806,0.6995593038773121,1.0
4,HES6,0.38572195,0.049213707,0.6997025952504979,1.0
4,RAMP2,0.3852383,0.15644245,0.7000608704569342,1.0
4,MYF6,0.3836422,0.93252915,0.701243651927186,1.0
4,NPPB,0.3751781,3.4003062,0.7075280239117498,1.0
4,GLT8D2,0.3612002,0.35934803,0.7179497904275294,1.0
4,S100A3,0.35051122,2.9594784,0.725955063225433,1.0
4,ICAM1,0.35002756,2.6824822,0.7263180094072073,1.0
4,BHLHE40,0.34446543,1.7834429,0.7304962884738128,1.0
4,PACRG,0.3387582,2.5795817,0.7347918944565044,1.0
4,CXCL1,0.338468,2.579757,0.7350105382421375,1.0
4,CYP1A1,0.33798432,2.3417969,0.7353749922698527,1.0
4,MT1E,0.33682355,0.31787685,0.7362499248889975,1.0
4,HIST2H2BE,0.33130977,1.5510879,0.7404105094470366,1.0
4,COL1A1,0.32594112,0.10531984,0.7444689155724402,1.0
4,LINC00379,0.3207659,1.7351773,0.7483878023083177,1.0
4,RAMP1,0.3198953,1.566726,0.7490476966190924,1.0
4,ISL1,0.3190247,1.49854,0.7497077747355276,1.0
4,RLTPR,0.3167031,1.1924006,0.7514688782337622,1.0
4,CKB,0.31360766,0.017624402,0.7538190297169688,1.0
4,TTN,0.31351095,1.9315935,0.7538925088355812,1.0
4,MATN3,0.31196323,0.627691,0.7550684773766364,1.0
4,CAV1,0.30761024,0.2775304,0.7583789255288709,1.0
4,GADD45B,0.30630434,0.3213426,0.7593729275260594,1.0
4,ELMO1,0.30461153,0.7870458,0.7606620402919584,1.0
4,MYL9,0.29987162,0.09705241,0.7642750826284623,1.0
4,ECEL1,0.2930036,1.1293947,0.7695194056578332,1.0
4,GJB2,0.28439438,3.7009351,0.7761081691299362,1.0
4,HES2,0.28439438,3.8093407,0.7761081691299362,1.0
4,RP5-1159O4.2,0.28439438,3.941546,0.7761081691299362,1.0
4,PENK,0.28400743,2.721141,0.7764046759625945,1.0
4,NGF,0.28274992,1.3292946,0.7773685479996195,1.0
4,RBP4,0.2778649,1.9231765,0.7811160594381258,1.0
4,PAGE4,0.27641392,1.540439,0.7822301658939137,1.0
4,TRIB3,0.27336684,0.5068671,0.7845712416171818,1.0
4,PAPPA2,0.27172238,2.7137756,0.7858354911157436,1.0
4,PDGFRA,0.2702714,1.1055053,0.7869514747181439,1.0
4,SRPX,0.26678902,0.22637199,0.7896316171581583,1.0
4,NEFL,0.26098505,0.08481646,0.7941040422243418,1.0
4,NODAL,0.26059812,0.56336117,0.7944024465062381,1.0
4,VTCN1,0.25982425,2.656032,0.7949993453003924,1.0
4,RNASE1,0.25963077,2.837818,0.7951485887665493,1.0
4,HHEX,0.25508434,0.3953657,0.7986579570553547,1.0
4,EDN1,0.25479415,0.42477265,0.7988820982669491,1.0
4,MIR22HG,0.25232747,1.2928699,0.80078796595019,1.0
4,LIM2,0.24802285,2.4832199,0.8041167276345531,1.0
4,MX1,0.24744245,2.2190049,0.8045658227521324,1.0
4,SNCG,0.24086462,0.22253153,0.8096600411100686,1.0
4,KCNN1,0.2398973,1.2632005,0.8104098771273309,1.0
4,OLFML3,0.23515739,0.08239864,0.8140865767281981,1.0
4,GABRA1,0.23506066,1.9593891,0.8141616543742621,1.0
4,C8orf4,0.23046584,1.7026291,0.8177297971146307,1.0
4,SYT4,0.22287233,1.8134199,0.8236348748539268,1.0
4,HDAC9,0.21706836,1.1866215,0.8281550713129652,1.0
4,LYPD1,0.2151337,0.00010466294,0.8296630769437968,1.0
4,ANKS1B,0.21319905,0.6956476,0.8311717103515301,1.0
4,COL9A3,0.210684,0.12951246,0.8331338634472116,1.0
4,EDN3,0.20584735,22.837692,0.836910147546528,1.0
4,GJB6,0.20584735,22.677511,0.836910147546528,1.0
4,TWIST2,0.20454146,0.48488346,0.8379303927060769,1.0
4,LEPR,0.19868913,1.4308958,0.842505926363893,1.0
4,VTN,0.19361065,3.9784372,0.8464807502914055,1.0
4,POSTN,0.19361065,4.266957,0.8464807502914055,1.0
4,SNAP25,0.19351393,3.8885858,0.8465564994854337,1.0
4,BAALC,0.18829036,0.51068336,0.8506490437398505,1.0
4,RP11-513G11.4,0.18640406,1.3756515,0.852127902289693,1.0
4,ZNF385D,0.18596877,0.40578493,0.8524692513815455,1.0
4,MYCT1,0.18147069,3.1269395,0.8559981320671541,1.0
4,CXCL2,0.18137397,3.15867,0.8560740538740755,1.0
4,LPL,0.18127723,2.9946692,0.8561499770130421,1.0
4,TANGO6,0.17750466,0.2769175,0.8591120111000752,1.0
4,PRSS35,0.17402227,0.5014804,0.8618479584553711,1.0
4,CAPSL,0.16942747,2.8080125,0.8654604215909164,1.0
4,PRPH,0.16913727,2.5039332,0.865688672387899,1.0
4,SYT16,0.16913727,2.529447,0.865688672387899,1.0
4,GPRC5A,0.16904053,2.4553156,0.8657647584775019,1.0
4,TNNT2,0.16594508,0.46127835,0.8682001664819357,1.0
4,MIR7-3HG,0.16154374,0.9172691,0.8716651612769768,1.0
4,CST1,0.15719077,2.3924496,0.8750945034819942,1.0
4,EGR2,0.15709403,2.5622587,0.8751707379821365,1.0
4,ISM1,0.15690057,2.0839105,0.8753232104571628,1.0
4,ONECUT1,0.15690057,2.0236456,0.8753232104571628,1.0
4,CDX4,0.15646528,0.7968558,0.8756662904398975,1.0
4,CDX2,0.15598162,0.881758,0.8760475178244158,1.0
4,CHCHD2,0.15414369,0.118536,0.877496443453264,1.0
4,CYP4X1,0.14485733,1.8633046,0.8848235096052952,1.0
4,ELAVL3,0.14466387,1.9132112,0.884976263844179,1.0
4,SOST,0.14437367,1.4112482,0.8852054032168787,1.0
4,SPARCL1,0.14418021,1.5395061,0.88535816813343,1.0
4,EMP1,0.14248739,0.50697935,0.8866950423059304,1.0
4,MPZ,0.14122985,0.49375138,0.8876883578123606,1.0
4,TNFAIP6,0.13890827,1.1317282,0.8895226334307187,1.0
4,SPON2,0.13765074,0.9792971,0.8905164470338361,1.0
4,ATAD3C,0.13281411,1.7881438,0.8943403967689441,1.0
4,DDC,0.13271737,1.6977412,0.8944169011198825,1.0
4,ANKRD1,0.13233045,1.2647134,0.8947229283383874,1.0
4,APOA1,0.13025069,1.5048078,0.8963680919813335,1.0
4,TINAGL1,0.12938009,0.57904935,0.8970568978780951,1.0
4,RERG,0.12488202,0.64143914,0.9006169530306933,1.0
4,RIT2,0.12057741,1.4266553,0.9040257616232017,1.0
4,CDH7,0.12038395,0.4102375,0.904179008526502,1.0
4,VWC2,0.12019048,1.3071339,0.9043322589989868,1.0
4,INHBA,0.12009375,1.1819383,0.9044088855719069,1.0
4,CRTAC1,0.11999702,1.0063266,0.9044855130350032,1.0
4,SLITRK6,0.11990028,0.9033507,0.9045621413875691,1.0
4,EPO,0.11990028,1.1510851,0.9045621413875691,1.0
4,CRYL1,0.11956172,0.19246757,0.9048303476159187,1.0
4,PLAT,0.11603097,0.019035937,0.9076279967394008,1.0
4,TAC1,0.11201656,0.31201738,0.9108102762322635,1.0
4,LHX1,0.11201656,0.3046997,0.9108102762322635,1.0
4,WFDC1,0.10834072,1.2272267,0.9137254273043066,1.0
4,NXPH4,0.10785705,0.97054994,0.9141090870973483,1.0
4,CPM,0.10785705,0.9950828,0.9141090870973483,1.0
4,CNTN1,0.10766359,0.9657215,0.9142625566236583,1.0
4,ELAVL2,0.10592239,0.096724845,0.9156439255296355,1.0
4,RP11-343L5.2,0.10292368,21.569082,0.9180235446829728,1.0
4,XAGE2,0.10292368,21.423908,0.9180235446829728,1.0
4,WT1,0.10292368,21.697094,0.9180235446829728,1.0
4,DSG3,0.10292368,21.510754,0.9180235446829728,1.0
4,CBLN2,0.10292368,21.697094,0.9180235446829728,1.0
4,SHOX,0.10292368,21.40182,0.9180235446829728,1.0
4,DKK2,0.10292368,21.534521,0.9180235446829728,1.0
4,WNT10A,0.10292368,21.889692,0.9180235446829728,1.0
4,TXLNB,0.10292368,21.605934,0.9180235446829728,1.0
4,BARX2,0.10292368,21.423908,0.9180235446829728,1.0
4,RP11-490O6.2,0.10292368,21.490782,0.9180235446829728,1.0
4,BIRC7,0.10292368,21.534521,0.9180235446829728,1.0
4,RAB27B,0.10292368,21.991598,0.9180235446829728,1.0
4,IHH,0.10292368,21.870792,0.9180235446829728,1.0
4,S100A9,0.10292368,22.087168,0.9180235446829728,1.0
4,C7,0.10292368,21.543163,0.9180235446829728,1.0
4,FOXJ1,0.10195635,0.724003,0.9187913214797951,1.0
4,RASD1,0.09982823,0.4564891,0.9204806959866546,1.0
4,TMEM100,0.09591055,1.1896439,0.9235916139216213,1.0
4,SMOC2,0.09581382,0.962178,0.9236684416948957,1.0
4,HBA1,0.095039956,0.6214202,0.924283089455739,1.0
4,SHISA3,0.09373406,0.34529236,0.9253204098745144,1.0
4,SOSTDC1,0.0933955,0.33406585,0.9255893655968845,1.0
4,WIF1,0.09170268,0.10714733,0.9269342711668633,1.0
4,ADCYAP1,0.090735346,3.3554842,0.9277028826250618,1.0
4,L3MBTL4,0.090735346,3.1512792,0.9277028826250618,1.0
4,RP4-758J18.13,0.090735346,3.2699335,0.9277028826250618,1.0
4,NKX2-8,0.090735346,3.1555252,0.9277028826250618,1.0
4,PRSS56,0.090735346,3.3144996,0.9277028826250618,1.0
4,TTR,0.090735346,5.0545154,0.9277028826250618,1.0
4,CFAP45,0.090735346,3.2709548,0.9277028826250618,1.0
4,RP11-511B23.1,0.090735346,3.1684833,0.9277028826250618,1.0
4,SPRR2F,0.090638615,2.645176,0.9277797474932055,1.0
4,KIAA1614,0.090638615,2.896311,0.9277797474932055,1.0
4,C3orf80,0.090638615,3.0159316,0.9277797474932055,1.0
4,CLEC1A,0.090638615,2.941595,0.9277797474932055,1.0
4,OTX2-AS1,0.090638615,2.5110161,0.9277797474932055,1.0
4,NR4A2,0.090638615,2.7532592,0.9277797474932055,1.0
4,GABRD,0.090638615,2.653695,0.9277797474932055,1.0
4,RP4-794H19.1,0.090638615,2.9694667,0.9277797474932055,1.0
4,FRMD5,0.08889742,0.45857966,0.9291634296710294,1.0
4,LYPD3,0.087059505,0.3345548,0.9306242153702532,1.0
4,TOX,0.08386732,0.14202455,0.9331619221974279,1.0
4,C9orf24,0.082706526,0.53654665,0.9340848944979916,1.0
4,COL21A1,0.082609795,0.50054324,0.9341618128733629,1.0
4,T,0.07965945,-0.006643735,0.9365081152136429,1.0
4,ZG16,0.078547016,2.285016,0.9373929308556433,1.0
4,CH25H,0.078547016,2.74962,0.9373929308556433,1.0
4,XKR7,0.078547016,2.1756077,0.9373929308556433,1.0
4,LGALS2,0.078547016,3.2106113,0.9373929308556433,1.0
4,OSR2,0.078450285,2.0824196,0.9374698750158098,1.0
4,PLSCR2,0.078353554,1.3993447,0.9375468197598856,1.0
4,POU4F1,0.078353554,1.8006411,0.9375468197598856,1.0
4,CTD-2314G24.2,0.078353554,1.4995042,0.9375468197598856,1.0
4,RP11-61A14.1,0.078353554,1.8199122,0.9375468197598856,1.0
4,KCNN4,0.078353554,1.7416147,0.9375468197598856,1.0
4,LINC01411,0.078353554,1.425006,0.9375468197598856,1.0
4,ATOH1,0.078353554,1.8881395,0.9375468197598856,1.0
4,RGS6,0.066358685,1.5815437,0.9470922602488439,1.0
4,NRG4,0.066358685,1.7361109,0.9470922602488439,1.0
4,THBD,0.066358685,1.9351765,0.9470922602488439,1.0
4,RP3-466P17.1,0.066358685,1.7222704,0.9470922602488439,1.0
4,C2orf54,0.066358685,1.7082186,0.9470922602488439,1.0
4,C1orf168,0.066358685,1.7754139,0.9470922602488439,1.0
4,INSM1,0.06606849,1.044204,0.9473232980067247,1.0
4,SYNM,0.06606849,1.3241017,0.9473232980067247,1.0
4,AC108488.4,0.06606849,1.3043481,0.9473232980067247,1.0
4,TM4SF1,0.06007106,0.9624142,0.9520990416606003,1.0
4,HAND1,0.059297193,-0.37917656,0.9527153956182285,1.0
4,GABRP,0.059200462,0.61658126,0.9527924418591808,1.0
4,AQP3,0.059006996,0.51527286,0.9529465356640155,1.0
4,FBXO32,0.05891026,0.38447306,0.9530235832264612,1.0
4,NRN1,0.058620065,0.31373516,0.9532547285452897,1.0
4,ANKRD37,0.055524617,0.054534394,0.955720519389928,1.0
4,NTNG1,0.05417036,1.1690881,0.9567994375513524,1.0
4,UPK3A,0.054073624,1.2528903,0.9568765061864964,1.0
4,SLC39A2,0.054073624,1.3559127,0.9568765061864964,1.0
4,LINC00900,0.053976893,1.0009938,0.9569535752247639,1.0
4,LOX,0.053976893,0.9910953,0.9569535752247639,1.0
4,HMGCS2,0.05388016,1.0105041,0.9570306446654355,1.0
4,MITF,0.05388016,1.0208565,0.9570306446654355,1.0
4,KRT17,0.053783424,0.8247026,0.9571077145077924,1.0
4,RUNX2,0.053783424,0.62669706,0.9571077145077924,1.0
4,NFIB,0.053541593,-0.048352815,0.9573003908663387,1.0
4,SPINK1,0.047253963,0.48245332,0.9623108189908871,1.0
4,CA9,0.04638337,0.21105084,0.9630046924010414,1.0
4,PCOLCE,0.04285262,0.02835332,0.9658190163320307,1.0
4,CFAP77,0.04198203,1.4263457,0.9665130260177469,1.0
4,HS3ST2,0.04178856,0.75181866,0.9666672538556118,1.0
4,TTLL10,0.041498363,0.520732,0.9668985979485136,1.0
4,PCDHA9,0.041498363,0.58046824,0.9668985979485136,1.0
4,FGF4,0.03820945,-0.16060668,0.9695206876986616,1.0
4,JUN,0.03753232,0.10259053,0.9700605715432069,1.0
4,ZFHX4-AS1,0.034630336,0.31936783,0.9723745117919744,1.0
4,AHSG,0.029793696,1.033184,0.9762315860484074,1.0
4,GDF15,0.029503498,0.52168167,0.9764630290780916,1.0
4,RP4-665J23.1,0.029406765,0.33876538,0.9765401771959685,1.0
4,PTGER2,0.0292133,0.17308056,0.9766944740893684,1.0
4,FGF7,0.022587104,0.21375547,0.9819796304969525,1.0
4,GNB5,0.021958342,-0.091959596,0.9824811864181262,1.0
4,FAM102B,0.02142631,-0.11749046,0.9829055853065674,1.0
4,FOXF1,0.021232845,-0.061539922,0.9830599133808957,1.0
4,NR4A1,0.019540021,0.08099197,0.9844103104371089,1.0
4,GLIPR1,0.017218435,0.07957593,0.9862623554010453,1.0
4,GJA4,0.017121702,0.06111074,0.986339525617058,1.0
4,PHYHIPL,0.01702497,-0.09072515,0.9864166959608823,1.0
4,MSC,0.016928237,-0.008494468,0.9864938664317965,1.0
4,ECSCR,0.016299473,0.0640392,0.9869954775406972,1.0
4,SCG2,0.01596091,0.27719346,0.9872655779720606,1.0
4,ATP6V1C2,0.009770011,0.03396703,0.9922047832004183,1.0
4,MMP23B,0.00938308,-0.046180792,0.9925134954109567,1.0
4,APOA2,0.005320303,0.8927618,0.9957550324547966,1.0
4,RIMS1,0.00522357,0.27245852,0.995832212974413,1.0
4,SPOCK3,0.005126837,0.04544525,0.9959093935330281,1.0
4,C10orf10,0.0050301044,-0.01500493,0.9959865741299195,1.0
4,MYL7,0.004836639,-0.42691752,0.996140935435643,1.0
4,HOXD11,0.0,0.0,1.0,1.0
4,GSX2,0.0,0.0,1.0,1.0
4,HOXC8,0.0,0.0,1.0,1.0
4,HOXC9,0.0,0.0,1.0,1.0
4,FGB,0.0,0.0,1.0,1.0
4,FGA,0.0,0.0,1.0,1.0
4,CTSS,0.0,0.0,1.0,1.0
4,CXCL10,0.0,0.0,1.0,1.0
4,KRT14,0.0,0.0,1.0,1.0
4,FAP,0.0,0.0,1.0,1.0
4,GIMAP4,0.0,0.0,1.0,1.0
4,HPCAL4,0.0,0.0,1.0,1.0
4,CTD-2545M3.8,0.0,0.0,1.0,1.0
4,HSPA6,0.0,0.0,1.0,1.0
4,HOXC6,0.0,0.0,1.0,1.0
4,DHRS9,0.0,0.0,1.0,1.0
4,GYPB,0.0,0.0,1.0,1.0
4,CARTPT,0.0,0.0,1.0,1.0
4,CCDC170,0.0,0.0,1.0,1.0
4,GZMA,0.0,0.0,1.0,1.0
4,CCDC42,0.0,0.0,1.0,1.0
4,GYPE,0.0,0.0,1.0,1.0
4,GABRB1,0.0,0.0,1.0,1.0
4,C20orf85,0.0,0.0,1.0,1.0
4,FIGF,0.0,0.0,1.0,1.0
4,DNM3OS,0.0,0.0,1.0,1.0
4,DCT,0.0,0.0,1.0,1.0
4,HOXA10,0.0,0.0,1.0,1.0
4,HOXA7,0.0,0.0,1.0,1.0
4,HOXA9,0.0,0.0,1.0,1.0
4,HOXB-AS3,0.0,0.0,1.0,1.0
4,HOXC10,0.0,0.0,1.0,1.0
4,FGG,0.0,0.0,1.0,1.0
4,HTR2B,0.0,0.0,1.0,1.0
4,EPYC,0.0,0.0,1.0,1.0
4,ARPP21,0.0,0.0,1.0,1.0
4,HBD,0.0,0.0,1.0,1.0
4,IGF1,0.0,0.0,1.0,1.0
4,BARHL2,0.0,0.0,1.0,1.0
4,ICAM2,0.0,0.0,1.0,1.0
4,EMCN,0.0,0.0,1.0,1.0
4,GPR183,0.0,0.0,1.0,1.0
4,IFI44L,0.0,0.0,1.0,1.0
4,CTD-2521M24.8,0.0,0.0,1.0,1.0
4,C4orf26,0.0,0.0,1.0,1.0
4,GNRH2,0.0,0.0,1.0,1.0
4,IFI44,0.0,0.0,1.0,1.0
4,DPT,0.0,0.0,1.0,1.0
4,HLF,0.0,0.0,1.0,1.0
4,DRC1,0.0,0.0,1.0,1.0
4,CSRP3,0.0,0.0,1.0,1.0
4,GMNC,0.0,0.0,1.0,1.0
4,CHRM2,0.0,0.0,1.0,1.0
4,C8orf46,0.0,0.0,1.0,1.0
4,GLYAT,0.0,0.0,1.0,1.0
4,C1QTNF7,0.0,0.0,1.0,1.0
4,CFI,0.0,0.0,1.0,1.0
4,CYP26B1,0.0,0.0,1.0,1.0
4,GRIA2,0.0,0.0,1.0,1.0
4,IBSP,0.0,0.0,1.0,1.0
4,CST4,0.0,0.0,1.0,1.0
4,GRIK1,0.0,0.0,1.0,1.0
4,ESM1,0.0,0.0,1.0,1.0
4,HMP19,0.0,0.0,1.0,1.0
4,CFAP161,0.0,0.0,1.0,1.0
4,CTD-2339F6.1,0.0,0.0,1.0,1.0
4,CFAP126,0.0,0.0,1.0,1.0
4,C5orf66-AS1,0.0,0.0,1.0,1.0
4,ZNF804A,0.0,0.0,1.0,1.0
4,TEKT1,0.0,0.0,1.0,1.0
4,STOML3,0.0,0.0,1.0,1.0
4,SFTA3,0.0,0.0,1.0,1.0
4,NFIA-AS2,0.0,0.0,1.0,1.0
4,SP9,0.0,0.0,1.0,1.0
4,AKR1B10,0.0,0.0,1.0,1.0
4,NEUROD4,0.0,0.0,1.0,1.0
4,NEUROD1,0.0,0.0,1.0,1.0
4,APOC3,0.0,0.0,1.0,1.0
4,MYOZ2,0.0,0.0,1.0,1.0
4,PRND,0.0,0.0,1.0,1.0
4,SERPINE3,0.0,0.0,1.0,1.0
4,SRGN,0.0,0.0,1.0,1.0
4,TF,0.0,0.0,1.0,1.0
4,MS4A8,0.0,0.0,1.0,1.0
4,PRSS1,0.0,0.0,1.0,1.0
4,MMP10,0.0,0.0,1.0,1.0
4,MLANA,0.0,0.0,1.0,1.0
4,TECRL,0.0,0.0,1.0,1.0
4,SERPIND1,0.0,0.0,1.0,1.0
4,SLC45A2,0.0,0.0,1.0,1.0
4,RP11-802E16.3,0.0,0.0,1.0,1.0
4,NKX2-1,0.0,0.0,1.0,1.0
4,AGT,0.0,0.0,1.0,1.0
4,RP11-387A1.5,0.0,0.0,1.0,1.0
4,RP11-510C10.2,0.0,0.0,1.0,1.0
4,PCAT19,0.0,0.0,1.0,1.0
4,PAX1,0.0,0.0,1.0,1.0
4,RP11-462L8.1,0.0,0.0,1.0,1.0
4,AGTR2,0.0,0.0,1.0,1.0
4,OR8S1,0.0,0.0,1.0,1.0
4,OGN,0.0,0.0,1.0,1.0
4,SFRP4,0.0,0.0,1.0,1.0
4,URAD,0.0,0.0,1.0,1.0
4,APOBEC2,0.0,0.0,1.0,1.0
4,PHOX2B,0.0,0.0,1.0,1.0
4,TMEM196,0.0,0.0,1.0,1.0
4,RP11-382A20.7,0.0,0.0,1.0,1.0
4,RP11-32K4.1,0.0,0.0,1.0,1.0
4,RP11-327J17.9,0.0,0.0,1.0,1.0
4,RP11-290H9.5,0.0,0.0,1.0,1.0
4,PLN,0.0,0.0,1.0,1.0
4,PLVAP,0.0,0.0,1.0,1.0
4,MGC16275,0.0,0.0,1.0,1.0
4,AF131217.1,0.0,0.0,1.0,1.0
4,TDO2,0.0,0.0,1.0,1.0
4,RIPPLY1,0.0,0.0,1.0,1.0
4,SLC18A1,0.0,0.0,1.0,1.0
4,LINC01117,0.0,0.0,1.0,1.0
4,MAB21L1,0.0,0.0,1.0,1.0
4,SCGB1A1,0.0,0.0,1.0,1.0
4,ANGPTL1,0.0,0.0,1.0,1.0
4,SCRT2,0.0,0.0,1.0,1.0
4,TBX2-AS1,0.0,0.0,1.0,1.0
4,RP11-111H13.1,0.0,0.0,1.0,1.0
4,REN,0.0,0.0,1.0,1.0
4,AC140912.1,0.0,0.0,1.0,1.0
4,TYR,0.0,0.0,1.0,1.0
4,ZNF474,0.0,0.0,1.0,1.0
4,SLC18A3,0.0,0.0,1.0,1.0
4,LLNLF-187D8.1,0.0,0.0,1.0,1.0
4,TAL1,0.0,0.0,1.0,1.0
4,WNT16,0.0,0.0,1.0,1.0
4,LINC00907,0.0,0.0,1.0,1.0
4,SLC30A8,0.0,0.0,1.0,1.0
4,SERPINA11,0.0,0.0,1.0,1.0
4,S100A8,0.0,0.0,1.0,1.0
4,ZNF503-AS1,0.0,0.0,1.0,1.0
4,SERPINB2,0.0,0.0,1.0,1.0
4,WNT2,0.0,0.0,1.0,1.0
4,WFIKKN2,0.0,0.0,1.0,1.0
4,SULT1E1,0.0,0.0,1.0,1.0
4,LINC00682,0.0,0.0,1.0,1.0
4,TBX5,0.0,0.0,1.0,1.0
4,RP11-21B23.2,0.0,0.0,1.0,1.0
4,RP11-1085N6.5,0.0,0.0,1.0,1.0
4,SLC17A6,0.0,0.0,1.0,1.0
4,TYRP1,0.0,0.0,1.0,1.0
4,BHMT,-0.00062876305,0.57765996,0.9994983196837219,1.0
4,GAD2,-0.0017895565,-0.06228402,0.9985721413063255,1.0
4,NTM,-0.0049333717,-0.18157522,0.9960637547643653,1.0
4,PRCD,-0.0073516914,-0.35587308,0.9941342518304884,1.0
4,RAMP3,-0.0073516914,-0.22927956,0.9941342518304884,1.0
4,TRAC,-0.007545157,-0.46339458,0.9939798929282185,1.0
4,CD44,-0.009818377,-0.13875777,0.9921661942552099,1.0
4,COL5A1,-0.010253674,-0.14820252,0.9918188945837957,1.0
4,PGF,-0.010495507,-0.13259342,0.9916259509874975,1.0
4,AREG,-0.012236697,-18.45717,0.9902367722389733,1.0
4,PECAM1,-0.012236697,-19.574558,0.9902367722389733,1.0
4,RP11-110I1.14,-0.012236697,-18.72332,0.9902367722389733,1.0
4,HBZ,-0.012236697,-18.596186,0.9902367722389733,1.0
4,SDPR,-0.012236697,-18.909197,0.9902367722389733,1.0
4,TMEM156,-0.012236697,-18.45636,0.9902367722389733,1.0
4,DBH,-0.012236697,-18.727318,0.9902367722389733,1.0
4,YPEL4,-0.012236697,-18.541729,0.9902367722389733,1.0
4,FGF5,-0.012236697,-18.442982,0.9902367722389733,1.0
4,GSTA2,-0.012236697,-18.94786,0.9902367722389733,1.0
4,RGS13,-0.012236697,-19.012594,0.9902367722389733,1.0
4,GPR12,-0.012236697,-18.711123,0.9902367722389733,1.0
4,CAPN9,-0.012236697,-18.97953,0.9902367722389733,1.0
4,RGS1,-0.012236697,-18.925858,0.9902367722389733,1.0
4,FMO1,-0.012236697,-18.917498,0.9902367722389733,1.0
4,CLEC1B,-0.012236697,-18.664963,0.9902367722389733,1.0
4,CCNO,-0.012236697,-18.934103,0.9902367722389733,1.0
4,RP11-156E8.1,-0.012236697,-18.42883,0.9902367722389733,1.0
4,RP11-188D8.1,-0.012236697,-18.567724,0.9902367722389733,1.0
4,CD34,-0.012236697,-18.756243,0.9902367722389733,1.0
4,DLL4,-0.012236697,-18.370424,0.9902367722389733,1.0
4,CPA5,-0.012236697,-18.430988,0.9902367722389733,1.0
4,CAPN3,-0.012236697,-18.556538,0.9902367722389733,1.0
4,NPPA,-0.012236697,-18.925858,0.9902367722389733,1.0
4,FCN3,-0.012236697,-18.664963,0.9902367722389733,1.0
4,SAMSN1,-0.012236697,-18.664963,0.9902367722389733,1.0
4,RP11-95O2.5,-0.012236697,-19.009354,0.9902367722389733,1.0
4,TNFSF10,-0.012236697,-18.634827,0.9902367722389733,1.0
4,CTXN3,-0.012236697,-18.789295,0.9902367722389733,1.0
4,ALX3,-0.012236697,-18.810654,0.9902367722389733,1.0
4,CBLN4,-0.012236697,-18.540987,0.9902367722389733,1.0
4,ENPP3,-0.012236697,-18.769625,0.9902367722389733,1.0
4,ALPK1,-0.012236697,-18.421358,0.9902367722389733,1.0
4,CDC20B,-0.012236697,-18.731615,0.9902367722389733,1.0
4,IL37,-0.012236697,-18.47011,0.9902367722389733,1.0
4,TH,-0.012236697,-18.481522,0.9902367722389733,1.0
4,COLEC10,-0.012236697,-18.664963,0.9902367722389733,1.0
4,SERPINA1,-0.012236697,-18.794262,0.9902367722389733,1.0
4,BRINP3,-0.012236697,-18.78375,0.9902367722389733,1.0
4,KCNF1,-0.012236697,-18.926191,0.9902367722389733,1.0
4,KCNJ2,-0.012236697,-18.972712,0.9902367722389733,1.0
4,KISS1,-0.012236697,-18.712534,0.9902367722389733,1.0
4,LINC01102,-0.012236697,-18.993906,0.9902367722389733,1.0
4,LINC00950,-0.012236697,-18.593737,0.9902367722389733,1.0
4,LINC00305,-0.012236697,-18.339502,0.9902367722389733,1.0
4,TCTEX1D4,-0.012236697,-18.599157,0.9902367722389733,1.0
4,LA16c-312E8.2,-0.012236697,-18.343224,0.9902367722389733,1.0
4,LA16c-380H5.3,-0.012236697,-18.811724,0.9902367722389733,1.0
4,LBX1,-0.012236697,-18.92117,0.9902367722389733,1.0
4,CORIN,-0.012236697,-18.64069,0.9902367722389733,1.0
4,NEUROG1,-0.012236697,-18.914171,0.9902367722389733,1.0
4,MYL3,-0.012236697,-19.485771,0.9902367722389733,1.0
4,NHLH1,-0.012236697,-18.671925,0.9902367722389733,1.0
4,BDKRB1,-0.012236697,-18.509588,0.9902367722389733,1.0
4,OSR1,-0.012236697,-18.754488,0.9902367722389733,1.0
4,OLIG2,-0.012236697,-18.45659,0.9902367722389733,1.0
4,ASPN,-0.012236697,-18.538147,0.9902367722389733,1.0
4,APOB,-0.012236697,-18.401638,0.9902367722389733,1.0
4,TLX3,-0.012236697,-18.376085,0.9902367722389733,1.0
4,RP11-676J12.4,-0.012236697,-18.962467,0.9902367722389733,1.0
4,TFF3,-0.012236697,-18.357452,0.9902367722389733,1.0
4,NPR3,-0.012236697,-18.518187,0.9902367722389733,1.0
4,ADAMTSL1,-0.012236697,-18.411348,0.9902367722389733,1.0
4,HOXA-AS3,-0.012236697,-18.678375,0.9902367722389733,1.0
4,RP11-1109F11.5,-0.012236697,-18.545446,0.9902367722389733,1.0
4,FAM181A,-0.012236697,-18.959187,0.9902367722389733,1.0
4,HOXC5,-0.012236697,-18.923176,0.9902367722389733,1.0
4,SNTG1,-0.012236697,-18.416288,0.9902367722389733,1.0
4,HOXB9,-0.012236697,-18.777338,0.9902367722389733,1.0
4,NPNT,-0.012236697,-18.8154,0.9902367722389733,1.0
4,AGTR1,-0.012236697,-18.445278,0.9902367722389733,1.0
4,PIFO,-0.015477245,-0.01893886,0.9876514382553929,1.0
4,CLDN5,-0.019636754,-0.336204,0.9843331436509928,1.0
4,IL32,-0.019926952,-0.60506827,0.9841016441750089,1.0
4,APOM,-0.02224854,0.0455544,0.9822496981974128,1.0
4,LRRC17,-0.02437666,-0.42678326,0.9805521648372673,1.0
4,TLX2,-0.024473393,-19.715778,0.980475006264231,1.0
4,RP11-559M23.1,-0.024473393,-19.984375,0.980475006264231,1.0
4,FAM81B,-0.024473393,-19.693985,0.980475006264231,1.0
4,RP13-941N14.1,-0.024473393,-19.606035,0.980475006264231,1.0
4,RP11-525K10.3,-0.024473393,-19.759317,0.980475006264231,1.0
4,RP11-285F16.1,-0.024473393,-19.816763,0.980475006264231,1.0
4,FGFBP2,-0.024473393,-19.493898,0.980475006264231,1.0
4,C19orf45,-0.024473393,-19.613966,0.980475006264231,1.0
4,PGM5-AS1,-0.024473393,-19.76829,0.980475006264231,1.0
4,TRPM1,-0.024473393,-19.453035,0.980475006264231,1.0
4,HOXB5,-0.024473393,-20.191343,0.980475006264231,1.0
4,PDE1A,-0.024473393,-19.904913,0.980475006264231,1.0
4,SMCR2,-0.024473393,-19.799267,0.980475006264231,1.0
4,IL3RA,-0.024473393,-19.700548,0.980475006264231,1.0
4,ODAM,-0.024473393,-19.936928,0.980475006264231,1.0
4,SMIM5,-0.024473393,-19.500439,0.980475006264231,1.0
4,SMPX,-0.024473393,-19.671803,0.980475006264231,1.0
4,IGFBP7-AS1,-0.024473393,-19.617943,0.980475006264231,1.0
4,MGP,-0.024473393,-19.742094,0.980475006264231,1.0
4,SLC8A1-AS1,-0.024473393,-19.724377,0.980475006264231,1.0
4,CDH5,-0.024473393,-19.714956,0.980475006264231,1.0
4,TSPAN8,-0.024473393,-19.979904,0.980475006264231,1.0
4,CCDC81,-0.024473393,-20.158817,0.980475006264231,1.0
4,HSD17B2,-0.024473393,-19.87572,0.980475006264231,1.0
4,AGAP2,-0.024473393,-19.562815,0.980475006264231,1.0
4,MYH6,-0.024473393,-19.722687,0.980475006264231,1.0
4,ST7-AS1,-0.024473393,-19.48598,0.980475006264231,1.0
4,HBG2,-0.024473393,-19.540028,0.980475006264231,1.0
4,MEOX2,-0.024473393,-19.743526,0.980475006264231,1.0
4,KCNA3,-0.024473393,-19.578764,0.980475006264231,1.0
4,GPX2,-0.024473393,-19.41294,0.980475006264231,1.0
4,COL15A1,-0.024473393,-19.78976,0.980475006264231,1.0
4,GAS2,-0.024473393,-19.722702,0.980475006264231,1.0
4,RAD21-AS1,-0.024473393,-19.69313,0.980475006264231,1.0
4,CD36,-0.024473393,-19.459217,0.980475006264231,1.0
4,PRSS2,-0.024473393,-20.342842,0.980475006264231,1.0
4,CPED1,-0.024473393,-19.640572,0.980475006264231,1.0
4,TTC9B,-0.024473393,-19.50658,0.980475006264231,1.0
4,LYZ,-0.024473393,-19.66681,0.980475006264231,1.0
4,PLD1,-0.024473393,-19.573889,0.980475006264231,1.0
4,APOL4,-0.024473393,-19.77379,0.980475006264231,1.0
4,MFAP4,-0.027133545,-0.15983604,0.9783532195845474,1.0
4,GSC,-0.027133545,-0.2932662,0.9783532195845474,1.0
4,GEM,-0.03550093,-0.3866806,0.971680304413478,1.0
4,PPP1R17,-0.03579113,0.01982039,0.9714489066959154,1.0
4,MEGF11,-0.03671009,-20.23403,0.9707161632054985,1.0
4,SCN2A,-0.03671009,-20.051386,0.9707161632054985,1.0
4,AC012358.8,-0.03671009,-20.226955,0.9707161632054985,1.0
4,CTD-2035E11.4,-0.03671009,-20.428808,0.9707161632054985,1.0
4,LCN15,-0.03671009,-20.313322,0.9707161632054985,1.0
4,SERPINB4,-0.03671009,-19.974043,0.9707161632054985,1.0
4,EPHA5-AS1,-0.03671009,-20.06534,0.9707161632054985,1.0
4,ISL2,-0.03671009,-20.28495,0.9707161632054985,1.0
4,RGS4,-0.03671009,-20.405,0.9707161632054985,1.0
4,RASGRP3,-0.03671009,-20.413994,0.9707161632054985,1.0
4,PRR9,-0.03671009,-21.129454,0.9707161632054985,1.0
4,RASSF9,-0.03671009,-20.625563,0.9707161632054985,1.0
4,TPPP3,-0.03671009,-20.14472,0.9707161632054985,1.0
4,SLPI,-0.03671009,-20.359789,0.9707161632054985,1.0
4,CD48,-0.03671009,-20.139257,0.9707161632054985,1.0
4,PHOX2A,-0.03671009,-20.362255,0.9707161632054985,1.0
4,APLN,-0.03671009,-20.070166,0.9707161632054985,1.0
4,ISG15,-0.03806435,-0.06739271,0.9696363759264581,1.0
4,SLC7A7,-0.04019247,-0.12493264,0.9679396805629732,1.0
4,PAK3,-0.041449998,-0.1492671,0.9669371555687206,1.0
4,COLEC11,-0.04420688,-0.6741214,0.9647394973656694,1.0
4,COL3A1,-0.044303615,-1.2099843,0.9646623913176116,1.0
4,CLDN9,-0.04449708,-0.72740865,0.9645081802135537,1.0
4,HBA2,-0.045367673,-0.030454107,0.9638142467568158,1.0
4,CTSK,-0.04797946,-0.15840513,0.9617326129318144,1.0
4,SLC35D3,-0.048946787,-20.621767,0.9609617028798738,1.0
4,DMRT2,-0.048946787,-20.598179,0.9609617028798738,1.0
4,C1orf194,-0.048946787,-20.781176,0.9609617028798738,1.0
4,RP11-231G3.1,-0.048946787,-20.689917,0.9609617028798738,1.0
4,HAMP,-0.048946787,-20.57196,0.9609617028798738,1.0
4,MAL,-0.048946787,-20.814688,0.9609617028798738,1.0
4,ARX,-0.048946787,-21.156582,0.9609617028798738,1.0
4,UPK1B,-0.048946787,-20.595606,0.9609617028798738,1.0
4,FILIP1L,-0.048946787,-20.641884,0.9609617028798738,1.0
4,MORN5,-0.048946787,-20.922215,0.9609617028798738,1.0
4,RP11-44N21.1,-0.048946787,-20.675964,0.9609617028798738,1.0
4,ASCL1,-0.048946787,-21.307823,0.9609617028798738,1.0
4,LINC00562,-0.048946787,-20.63941,0.9609617028798738,1.0
4,AQP1,-0.048946787,-20.675081,0.9609617028798738,1.0
4,COL6A3,-0.048946787,-20.697826,0.9609617028798738,1.0
4,C11orf88,-0.048946787,-20.61264,0.9609617028798738,1.0
4,TRH,-0.048946787,-20.383446,0.9609617028798738,1.0
4,ACTG2,-0.051510207,-0.4232711,0.9589189696786451,1.0
4,ETV3L,-0.05629848,-0.70267147,0.955104031023601,1.0
4,MAPT,-0.05629848,-0.79743665,0.955104031023601,1.0
4,RFTN2,-0.05678214,-1.110552,0.9547187394101794,1.0
4,GPM6A,-0.06055472,-0.47875756,0.9517138349633832,1.0
4,HOXD1,-0.061183482,-20.848036,0.9512130831367428,1.0
4,SPAG6,-0.061183482,-20.921991,0.9512130831367428,1.0
4,XXbac-BPG181B23.7,-0.061183482,-20.820673,0.9512130831367428,1.0
4,SCGN,-0.061183482,-20.933567,0.9512130831367428,1.0
4,ZMYND10,-0.061183482,-20.915968,0.9512130831367428,1.0
4,DCN,-0.061183482,-21.40853,0.9512130831367428,1.0
4,CTD-2410N18.3,-0.061183482,-21.224775,0.9512130831367428,1.0
4,CTB-113D17.1,-0.061183482,-20.964647,0.9512130831367428,1.0
4,LAMA4,-0.061183482,-21.013647,0.9512130831367428,1.0
4,CRHBP,-0.061183482,-21.53645,0.9512130831367428,1.0
4,CFC1,-0.061183482,-21.386818,0.9512130831367428,1.0
4,NTRK2,-0.061183482,-21.177801,0.9512130831367428,1.0
4,FMOD,-0.061183482,-21.170767,0.9512130831367428,1.0
4,TMEM176A,-0.061183482,-20.92891,0.9512130831367428,1.0
4,EBF1,-0.061183482,-21.083937,0.9512130831367428,1.0
4,DLX1,-0.061183482,-21.101297,0.9512130831367428,1.0
4,RP11-753H16.3,-0.061183482,-20.934078,0.9512130831367428,1.0
4,PHACTR3,-0.061183482,-21.157646,0.9512130831367428,1.0
4,CHRNA3,-0.06316651,-0.44552836,0.9496339160233603,1.0
4,IL6ST,-0.06355344,-0.45316476,0.9493258087237741,1.0
4,MESP1,-0.066116855,-0.5143182,0.9472847914056018,1.0
4,ALX1,-0.06761622,-0.13823318,0.9460911482918005,1.0
4,ANGPT2,-0.06771295,-0.056362133,0.9460141431853206,1.0
4,SPX,-0.06790641,-0.5489065,0.9458601344862376,1.0
4,PTX3,-0.06839008,-0.73109126,0.9454751216029489,1.0
4,IGF2,-0.06868027,-1.0253041,0.9452441199801214,1.0
4,SYP,-0.06877701,-0.9954186,0.9451671204613393,1.0
4,FIBIN,-0.0690672,-1.0970654,0.9449361249815139,1.0
4,ZIC4,-0.07342018,-21.304234,0.9414717592041657,1.0
4,ACPP,-0.07342018,-21.103075,0.9414717592041657,1.0
4,DNAI1,-0.07342018,-21.144106,0.9414717592041657,1.0
4,SYNPO2,-0.07342018,-21.170979,0.9414717592041657,1.0
4,TDRD10,-0.07342018,-21.077942,0.9414717592041657,1.0
4,RP11-111M22.5,-0.07342018,-21.35892,0.9414717592041657,1.0
4,PCP4L1,-0.07342018,-21.182386,0.9414717592041657,1.0
4,PTHLH,-0.07342018,-21.807617,0.9414717592041657,1.0
4,CLEC3A,-0.07342018,-21.32747,0.9414717592041657,1.0
4,GSTA1,-0.07342018,-21.314861,0.9414717592041657,1.0
4,MT1M,-0.07990128,-0.10113401,0.9363157743244834,1.0
4,BGN,-0.07990128,-0.32924995,0.9363157743244834,1.0
4,LINC01361,-0.085656874,-21.46008,0.9317391830372251,1.0
4,CLEC14A,-0.085656874,-21.603289,0.9317391830372251,1.0
4,NOV,-0.085656874,-21.513802,0.9317391830372251,1.0
4,SOX17,-0.085656874,-22.189138,0.9317391830372251,1.0
4,CCNA1,-0.08976802,-0.7578341,0.9284715615478779,1.0
4,ALDH1A1,-0.09276674,-0.9905115,0.9260888773357038,1.0
4,NKX2-5,-0.09305693,-1.290886,0.9258583298238826,1.0
4,ZCCHC12,-0.0935406,-1.2126641,0.9254740978155609,1.0
4,ESAM,-0.09789357,-21.856146,0.9220168026688205,1.0
4,SERPINE1,-0.09789357,-22.022875,0.9220168026688205,1.0
4,HBE1,-0.09789357,-21.801691,0.9220168026688205,1.0
4,HOXB6,-0.09789357,-22.178543,0.9220168026688205,1.0
4,CA3,-0.09963477,-0.2469499,0.9206342933997808,1.0
4,NR2F1,-0.1047616,-0.9758988,0.9165649799396757,1.0
4,PCSK1N,-0.1047616,-0.17524077,0.9165649799396757,1.0
4,NFIA,-0.10563219,-1.4228346,0.915874178563795,1.0
4,CYP26A1,-0.10693809,-0.072063155,0.9148380957713972,1.0
4,PPP1R42,-0.11013027,-21.915579,0.9123060615633937,1.0
4,XX-FW83563B9.5,-0.11013027,-21.924805,0.9123060615633937,1.0
4,SLC5A12,-0.11013027,-21.861437,0.9123060615633937,1.0
4,HLX,-0.11013027,-21.864862,0.9123060615633937,1.0
4,EGFL6,-0.11013027,-21.876547,0.9123060615633937,1.0
4,GATA6-AS1,-0.11013027,-22.04587,0.9123060615633937,1.0
4,PRTN3,-0.11013027,-21.826256,0.9123060615633937,1.0
4,TMEM155,-0.11013027,-21.756397,0.9123060615633937,1.0
4,FOXS1,-0.11013027,-21.809025,0.9123060615633937,1.0
4,APLNR,-0.11298389,-0.91526496,0.9100433290854826,1.0
4,TMEFF2,-0.11724013,-1.0628382,0.9066697669201012,1.0
4,HES7,-0.118207455,-1.4781483,0.9059032807966514,1.0
4,RP11-407N17.5,-0.122366965,-22.047487,0.9026083979740657,1.0
4,RP11-247C2.2,-0.122366965,-22.095078,0.9026083979740657,1.0
4,ADGRL4,-0.122366965,-22.351376,0.9026083979740657,1.0
4,NUPR1,-0.122366965,-22.009573,0.9026083979740657,1.0
4,RSPO2,-0.122366965,-22.036901,0.9026083979740657,1.0
4,RP1-40E16.9,-0.12328593,-0.5406667,0.9018806829061055,1.0
4,HIP1R,-0.1295252,-1.1909707,0.8969420914932534,1.0
4,TMEM176B,-0.12962192,-1.3124844,0.8968655551019072,1.0
4,EDNRA,-0.13049252,-1.5058653,0.8961767708489804,1.0
4,STMN2,-0.1360063,-0.7030936,0.8918163087913873,1.0
4,RGS2,-0.13721545,-0.12888442,0.8908604995972986,1.0
4,IL11RA,-0.14403512,-0.5937409,0.8854727446176079,1.0
4,RSPH1,-0.14684036,-22.253197,0.8832580264701032,1.0
4,NTF3,-0.15651365,-0.21382435,0.8756281692866998,1.0
4,ACTC1,-0.1584483,-0.29461414,0.8741035607182605,1.0
4,LUM,-0.15907706,-23.773758,0.8736081632766153,1.0
4,DCX,-0.15907706,-22.452242,0.8736081632766153,1.0
4,CCDC184,-0.16115682,-0.84223765,0.8719698950087036,1.0
4,PITX2,-0.1620274,-0.17443806,0.8712842709026262,1.0
4,HS3ST1,-0.17116866,-0.643549,0.8640911531298002,1.0
4,CHGB,-0.17131375,-22.373592,0.8639770657872479,1.0
4,NPPC,-0.18272822,-0.13618109,0.8550112701058397,1.0
4,HOTAIRM1,-0.1829217,-0.4204635,0.8548594652758529,1.0
4,AZU1,-0.18355045,-22.627747,0.8543661367081337,1.0
4,DHRS2,-0.18355045,-23.131042,0.8543661367081337,1.0
4,S100B,-0.19037011,-1.3735071,0.8490191162988248,1.0
4,LY6H,-0.19056357,-1.4720215,0.8488675278378792,1.0
4,STMN4,-0.19191784,-2.1093345,0.8478065653977107,1.0
4,ALDH1A2,-0.19578715,-22.747654,0.8447767697749555,1.0
4,TNMD,-0.2042029,-1.8182635,0.8381949452684616,1.0
4,MEST,-0.21184479,0.042757154,0.8322281243793905,1.0
4,TNNI1,-0.22026055,-23.039557,0.8256682488086716,1.0
4,MIXL1,-0.22596778,-0.91528755,0.8212264834661903,1.0
4,FBLN2,-0.22983709,-0.5058992,0.8182183649359784,1.0
4,ZNF592,-0.23128808,-0.5188582,0.8170910075781878,1.0
4,MROH8,-0.23249725,-22.952719,0.8161518319775931,1.0
4,CCBE1,-0.23380314,-0.34247243,0.8151378188812124,1.0
4,SST,-0.24652348,-0.94428724,0.8052770218793126,1.0
4,LHX9,-0.25697064,-23.211355,0.7972014443849179,1.0
4,WNT2B,-0.25697064,-23.024061,0.7972014443849179,1.0
4,LIMD1,-0.26456416,-1.9904925,0.7913452364998056,1.0
4,ELAVL4,-0.2666439,-0.9922793,0.7897433440310497,1.0
4,PRRX1,-0.26906222,-0.98333246,0.7878817955242543,1.0
4,RP11-834C11.4,-0.26920733,-23.64717,0.7877701410190809,1.0
4,MYL4,-0.281444,-23.549625,0.7783698548288136,1.0
4,VWF,-0.2898114,-2.2619495,0.7719605177564449,1.0
4,SRBD1,-0.29909775,-0.449829,0.7648654570599129,1.0
4,CER1,-0.29967815,-1.1186852,0.7644226634064564,1.0
4,BAMBI,-0.30296707,-0.13761859,0.7619149579774047,1.0
4,KDR,-0.31104425,-0.8344034,0.7557669775755337,1.0
4,MIAT,-0.3252156,-0.31220648,0.7450178963094576,1.0
4,GALP,-0.3303908,-23.666662,0.741104682853652,1.0
4,MOXD1,-0.3426275,-23.505999,0.7318787041696032,1.0
4,DLL3,-0.34417522,-0.4541355,0.7307145065747056,1.0
4,PMP22,-0.35210732,-0.71910846,0.7247577777497294,1.0
4,TAC3,-0.3627963,-0.040249225,0.7167570606277536,1.0
4,TGFBI,-0.36980942,-0.8549629,0.711524495601631,1.0
4,CREB5,-0.3915743,-23.890184,0.6953727830215708,1.0
4,SDC2,-0.40806723,-0.060325816,0.6832243139573518,1.0
4,ZIC1,-0.42828438,-24.022015,0.6684440850659005,1.0
4,SOX3,-0.43428183,-0.19758657,0.664083804895722,1.0
4,TAGLN3,-0.44197208,-0.8733946,0.6585094136017806,1.0
4,LAMP5,-0.44376162,-1.7661303,0.657214931353737,1.0
4,DUSP1,-0.4462767,-0.36365303,0.6553973966797062,1.0
4,PTTG1,-0.4508715,-0.07696273,0.6520821721285384,1.0
4,LEFTY2,-0.46417224,-1.3371714,0.6425243425944631,1.0
4,PLPP3,-0.46455917,-0.21963419,0.6422471707796611,1.0
4,SFRP1,-0.46750954,-0.09089471,0.6401353762018316,1.0
4,ACTA2,-0.47698933,-0.44613522,0.6333697115088147,1.0
4,RSPO1,-0.47723117,-24.112206,0.6331975152928996,1.0
4,CHN1,-0.4846796,-0.26242355,0.6279036412544431,1.0
4,PRKCDBP,-0.48685607,-0.10827842,0.626360321675441,1.0
4,GNG3,-0.49304697,-0.9077218,0.6219793903919286,1.0
4,RTN1,-0.51103926,-0.79053086,0.609323552037174,1.0
4,IFI6,-0.5314499,-1.785333,0.5951070523804658,1.0
4,RPRM,-0.55727756,-0.52754766,0.5773378123265198,1.0
4,SNAI2,-0.57198095,-3.2992415,0.56733489281328,1.0
4,LGALS3BP,-0.5721744,-0.57646817,0.5672038306502092,1.0
4,CCDC80,-0.5757535,-1.7057909,0.5647818008448107,1.0
4,TSPAN7,-0.5837823,-0.7664502,0.5593667671097242,1.0
4,APCDD1,-0.59959817,-24.48349,0.5487740864829211,1.0
4,OLFM1,-0.6212663,-0.5277439,0.5344244337450557,1.0
4,CCKBR,-0.6855452,-0.4123633,0.4929999379557962,1.0
4,IGFBP5,-0.689608,-1.0152175,0.4904407393405389,1.0
4,HHIP,-0.6974917,-24.50121,0.4854951225726718,1.0
4,PEG10,-0.72709197,-0.31718802,0.4671696323710789,1.0
4,DKK4,-0.7397639,-2.5847628,0.45944324296926187,1.0
4,LGALS1,-0.7487117,-0.38941634,0.4540309768111662,1.0
4,RGS16,-0.80491346,-0.70547414,0.4208696160563101,1.0
4,FGF19,-0.81661814,-0.6247371,0.4141466885249968,1.0
4,CXCR4,-0.8498942,-3.1554503,0.3953839044856343,1.0
4,NEK2,-0.8941978,-0.50632197,0.37121605611452835,1.0
4,FAM159B,-0.9012593,-0.57171905,0.36745045897627593,1.0
4,LMO1,-0.9386949,-1.4676063,0.3478874108940079,1.0
4,CCL2,-0.9782586,-1.4640033,0.32794643490190833,1.0
4,EMP3,-1.0061177,-0.9663678,0.3143589785626154,1.0
4,MAB21L2,-1.125776,-25.35256,0.26026030239097675,1.0
4,PLP1,-1.2463051,-0.76994425,0.21265238939020636,1.0
4,AURKA,-1.2478045,-0.4441878,0.21210265887084512,1.0
4,HIST1H4C,-1.2671511,-0.119235374,0.2051012811180971,1.0
4,COL9A2,-1.31189,-2.0704546,0.1895572617962722,0.9573599080619807
4,FABP7,-1.3332195,-0.371656,0.1824597657296907,0.9343219691649572
4,RBP1,-1.3396039,-0.2997416,0.18037415104189491,0.9343219691649572
4,DOK5,-1.434934,-0.7458004,0.1513058864663664,0.8134725078836903
4,H3F3B,-1.4629382,-0.05386953,0.14348428785245848,0.7798059122416222
4,RIPPLY3,-1.4906038,-3.0378125,0.13606555041000232,0.7476129143406721
4,TRPM3,-1.5603964,-2.310734,0.11866621504576434,0.6742398582145702
4,CDKN3,-1.5826933,-0.2651086,0.11349136548764895,0.6522492269405112
4,GAP43,-1.634252,-0.63929147,0.10220595575029454,0.6012115044134972
4,HEY1,-1.738288,-3.7084055,0.08216006771773843,0.49494016697432786
4,CCNB1,-1.7545391,-0.2729573,0.07933816332318044,0.48083735347382084
4,FGF8,-1.8236064,-2.5419395,0.06821160123187525,0.42367454181288977
4,ENO2,-1.8266535,-0.79395545,0.06775188941092347,0.4234493088182717
4,PLK1,-1.8562053,-0.7121549,0.06342429697344083,0.40656600624000533
4,TTYH1,-1.8683937,-0.9364882,0.061707220379855245,0.39811109922487253
4,CDCA3,-1.8740525,-0.53597635,0.06092318578353645,0.3956051024904964
4,FEZF1-AS1,-1.9509068,-2.0724638,0.05106814309778097,0.3427392154213488
4,CDC20,-1.97035,-0.3638516,0.048798270693923125,0.33136833045135955
4,DIO3,-2.0139766,-1.6993476,0.04401200153319788,0.3035310450565371
4,FGF17,-2.0744345,-2.6841283,0.03803897776019468,0.2662580070117273
4,HES1,-2.1774065,-0.44049355,0.02945024919430766,0.21035892281648327
4,SERPINF1,-2.2129557,-0.6223674,0.026900691493242052,0.19926438143142258
4,AC009501.4,-2.3045619,-2.5146,0.021191129352806672,0.1630086873292821
4,CA2,-2.3379345,-0.8509878,0.019390642313140253,0.1503150566910097
4,RPL10,-2.4642193,-0.035971813,0.013731209985437413,0.10984967988349931
4,PLTP,-2.5101674,-0.63897014,0.012067397774974786,0.09891309651618678
4,GNAS,-2.5219204,-0.16366298,0.011671614131832538,0.09726345109860449
4,KPNA2,-2.6202977,-0.2977375,0.008785307265365836,0.07639397622057248
4,SARAF,-2.733475,-0.28450143,0.00626698967594879,0.0564593664499891
4,TUBB2A,-2.8363986,-0.5060381,0.00456254646310203,0.04224580058427805
4,NELL2,-2.9681003,-1.1401699,0.002996465588636612,0.02826854328902464
4,FEZF1,-2.999877,-1.7797008,0.002700886556246623,0.025722729107110695
4,TUBB4B,-3.0323792,-0.35856235,0.0024263418416290736,0.02333021001566417
4,CENPA,-3.0697665,-1.1890708,0.002142262368037888,0.021210518495424633
4,SPARC,-3.1041067,-0.54557097,0.0019085457538093131,0.019278239937467807
4,RSPO3,-3.1809125,-2.9216473,0.001468120191538061,0.014980818281000622
4,DKK1,-3.2464006,-2.4646657,0.0011687430052207033,0.012174406304382325
4,SSTR2,-3.4067352,-3.5128024,0.0006574490927693941,0.006994139284780788
4,TOP2A,-3.6586757,-0.8652234,0.00025352200812965694,0.0027859561332929336
4,TUBB2B,-3.819639,-0.42906678,0.0001336471600892124,0.001501653484148454
4,ZNF503,-3.8340037,-1.8129452,0.00012607421209446964,0.0014326615010735188
4,RPL34,-3.847788,-0.12982705,0.00011918903448265122,0.0013699889020994394
4,EMX2,-3.8541725,-5.617803,0.00011612168345034621,0.0013502521331435608
4,ARL6IP1,-3.9472294,-0.48503217,7.906076996480194e-05,0.0009411996424381182
4,PMEL,-4.0165386,-0.7530092,5.905921470247819e-05,0.0007202343256399779
4,CDK1,-4.093683,-0.7995196,4.245748515817587e-05,0.0005443267327971265
4,CITED2,-4.103114,-0.49560776,4.0762563991522626e-05,0.0005293839479418523
4,TMEM88,-4.1653137,-2.6462882,3.1092496216689124e-05,0.0004145666162225217
4,CCNB2,-4.1857724,-0.59599847,2.8419786548217474e-05,0.0003840511695705064
4,TMEM98,-4.242893,-0.57724524,2.2065643731141576e-05,0.00030646727404363305
4,ID2,-4.3287435,-0.5658456,1.4996242034711095e-05,0.00021121467654522673
4,MAP1B,-4.5092955,-0.66422874,6.504331885377483e-06,9.565193949084533e-05
4,CLU,-4.637031,-0.58874613,3.534495217656869e-06,5.437684950241337e-05
4,UBE2C,-4.8635793,-0.7750226,1.1528191747099765e-06,1.8298717058888517e-05
4,PAX6,-4.929164,-3.835327,8.258225731514494e-07,1.3538074969695892e-05
4,CDH6,-4.9679055,-2.3923373,6.76799574508567e-07,1.1471179228958764e-05
4,CENPF,-5.09124,-0.8309696,3.557299567680042e-07,6.133275116689727e-06
4,NUSAP1,-5.0917234,-0.97511435,3.5482352337839086e-07,6.133275116689727e-06
4,LHX5-AS1,-5.755407,-2.9977129,8.643330441463763e-09,1.8006938419716173e-07
4,SOX2,-6.093246,-0.80434626,1.10643681047169e-09,2.5146291147083866e-08
4,SFRP2,-6.314329,-0.81447405,2.713361734351549e-10,6.617955449637924e-09
4,ID3,-6.426249,-0.6058198,1.3079125651667433e-10,3.269781412916858e-09
4,CRABP2,-6.880796,-0.95831555,5.951897031731212e-12,1.5261274440336443e-10
4,BST2,-7.3099027,-1.3256938,2.6733576060642654e-13,7.2252908272007175e-12
4,NNAT,-7.737123,-1.7965727,1.0169159387119638e-14,3.389719795706546e-13
4,DLK1,-7.837725,-2.4366062,4.5878171520473514e-15,1.5820059144990865e-13
4,HMGB2,-8.683895,-0.7164005,3.824412332564009e-18,1.5297649330256035e-16
4,PTN,-8.715769,-1.3778212,2.887925522488769e-18,1.203302301036987e-16
4,TUBA1A,-8.750012,-0.7913259,2.1332998524113693e-18,9.27521674961465e-17
4,TPBG,-8.974336,-2.0690358,2.850676332945457e-19,1.2957619695206623e-17
4,GPC3,-9.200303,-1.6703062,3.5694137599135854e-20,1.6997208380540883e-18
4,FRZB,-9.594344,-3.155023,8.445250968572378e-22,4.691806093651321e-20
4,FST,-10.435533,-2.7455351,1.7065444712026946e-25,1.0665902945016841e-23
4,TUBA1B,-11.786841,-0.602064,4.563387790818529e-32,4.148534355289572e-30
4,VIM,-15.321698,-2.522066,5.476736125278368e-53,5.476736125278368e-50
5,TMSB4X,13.709235,0.77272445,8.939460621430426e-43,8.939460621430426e-40
5,POU5F1,8.731348,0.96811885,2.5165541691953602e-18,5.03310833839072e-16
5,HIST1H4C,7.945814,0.664562,1.929192836646949e-15,2.710344739101185e-13
5,L1TD1,7.9313207,0.76088226,2.168275791280948e-15,2.710344739101185e-13
5,MGST1,7.627381,0.6221161,2.3957143327166993e-14,2.3957143327166994e-12
5,TUBB2A,7.3007765,0.8196717,2.8611149185807894e-13,2.3842624321506578e-11
5,APOE,6.463272,0.38337728,1.0246288598291072e-10,6.40393037393192e-09
5,PTN,6.074004,0.6055044,1.2475940496622773e-09,6.237970248311387e-08
5,ID3,5.7769203,0.46133408,7.608028634972947e-09,3.3078385369447596e-07
5,CRABP1,4.896716,0.6128421,9.74513462332178e-07,3.248378207773927e-05
5,SFRP1,4.8241415,0.489081,1.4060749042654989e-06,4.535725497630642e-05
5,ADM,4.737535,0.72270864,2.1633344017816694e-06,6.555558793277785e-05
5,PMAIP1,4.536649,0.5593582,5.715509968518771e-06,0.00014655153765432745
5,TERF1,4.203544,0.41036284,2.627678476989126e-05,0.0006256377326164586
5,TDGF1,4.166706,0.53803015,3.090323822026036e-05,0.0007186799586107061
5,LECT1,4.128909,0.55361956,3.644885085371353e-05,0.0008283829739480348
5,FGFBP3,3.9538844,0.689526,7.689262011657485e-05,0.0017087248914794413
5,FOXD3-AS1,3.845111,0.58611643,0.00012049790245254455,0.002619519618533577
5,ACAT2,3.836834,0.33476767,0.00012463067779421816,0.002651716548813152
5,FTH1,3.7834775,0.07633041,0.00015465231506862171,0.003221923230596286
5,MT-CO1,3.1847625,0.035423152,0.0014487280804041992,0.02541628211235437
5,GAL,3.0561671,0.3900496,0.002241862586559881,0.03736437644266468
5,SSTR2,2.9878197,0.9370161,0.0028097525719172354,0.04459924717328945
5,CTSC,2.917625,0.29269922,0.003527081910665558,0.05426279862562397
5,PLP1,2.7826,0.8414165,0.00539252755255946,0.07815257322549941
5,APOC1,2.5930815,0.34022176,0.00951202659276312,0.12515824464162
5,CD9,2.5563145,0.28299126,0.010578748163527812,0.13738633978607548
5,TNFRSF12A,2.3790872,0.28575817,0.017355572737215913,0.21165332606360868
5,FABP7,2.2983065,0.40115264,0.021544353556649732,0.2595705247789124
5,CYP26A1,1.9768534,0.57404697,0.048058213314231955,0.5339801479359106
5,OLFML3,1.8867655,0.56275827,0.059191881236318494,0.626304906648286
5,SEPP1,1.8296435,0.20356598,0.06730326782378676,0.6730326782378676
5,IFITM3,1.793587,0.15613928,0.07287911058526166,0.714501084169232
5,FST,1.7880453,0.26648167,0.07376869438318574,0.7162009163416092
5,PDPN,1.6063776,0.2826886,0.10819097035828802,0.9490435996341055
5,PLS3,1.5216893,0.2088626,0.12808694681011168,1.0
5,NENF,1.5184212,0.28774387,0.1289082656404042,1.0
5,CKB,1.5110322,0.16701227,0.13078023955469442,1.0
5,CLDN6,1.4623294,0.13619052,0.14365097617128544,1.0
5,IER2,1.3991328,0.14199403,0.16177314499035056,1.0
5,PPP1R17,1.3449239,1.1387169,0.17864983239134635,1.0
5,FRZB,1.3225795,0.17520145,0.1859752605078332,1.0
5,TAC3,1.2363281,0.18240254,0.21633660713200198,1.0
5,FAM159B,1.217252,0.50272214,0.22350835711077432,1.0
5,IDH1,1.1263826,0.1458845,0.2600036118825716,1.0
5,NTS,1.1137006,0.45548803,0.26540762445859567,1.0
5,HHIP,1.1050329,1.6360636,0.2691453321305991,1.0
5,TUBB2B,1.0775377,0.08531198,0.281240149012281,1.0
5,HES6,1.071996,0.31190377,0.28372185262591887,1.0
5,SFRP2,1.0474491,0.08142481,0.2948924809779375,1.0
5,RBP1,1.0045366,0.1412462,0.31512003249256515,1.0
5,MIAT,0.9993857,0.45922527,0.31760788914123084,1.0
5,NEFL,0.97089577,0.72686595,0.33160019184868894,1.0
5,S100A10,0.9372194,0.06729098,0.3486457256856226,1.0
5,PDLIM1,0.9262426,0.10688248,0.35431992913597177,1.0
5,PCSK1N,0.90887153,0.7685011,0.3634179409673016,1.0
5,ISG15,0.903543,0.1806374,0.366237781019387,1.0
5,COL9A3,0.8955502,0.37549862,0.37049305328500104,1.0
5,FOS,0.8901506,0.23224717,0.3733850299977013,1.0
5,COL1A1,0.8521048,0.30780247,0.39415592390215837,1.0
5,S100A6,0.839636,0.071377695,0.4011124963310915,1.0
5,SPP1,0.8313235,0.31456348,0.4057909044977104,1.0
5,MT1G,0.8308972,0.33151293,0.40603169820964935,1.0
5,CYB5A,0.82681197,0.07502226,0.4083436285400678,1.0
5,PLPP3,0.81924546,0.19757959,0.412646377589139,1.0
5,FGF19,0.7801695,0.29094863,0.435291112672478,1.0
5,RPRM,0.77953005,0.509518,0.43566752873066383,1.0
5,PPIC,0.74869555,0.3521274,0.454040707148225,1.0
5,LGALS3BP,0.7279498,0.36454526,0.46664432008536005,1.0
5,MFAP4,0.7136338,0.7843317,0.47545366379296183,1.0
5,MIXL1,0.69178677,0.8962073,0.4890712522121622,1.0
5,EPCAM,0.6891225,0.06571607,0.4907461883676062,1.0
5,RIPPLY3,0.6869556,0.51279074,0.49211073986201714,1.0
5,LINC01356,0.6580038,0.15579171,0.5105356840186888,1.0
5,CHN1,0.6122494,0.18234023,0.5403727620193945,1.0
5,EGR1,0.59008265,0.24196646,0.5551352280149657,1.0
5,LEFTY2,0.5893722,0.7772173,0.5556116239006132,1.0
5,ALX1,0.5724985,0.69471115,0.5669843142128632,1.0
5,HHEX,0.5575075,0.7649266,0.5771807235108655,1.0
5,BAMBI,0.5430849,0.086526774,0.5870713257073168,1.0
5,LRRC17,0.52489686,1.585193,0.599654902329341,1.0
5,SHISA3,0.5210603,1.4339331,0.6023247685675703,1.0
5,RAMP2,0.51072294,0.19350159,0.6095450852003135,1.0
5,CXCL12,0.49889356,0.13850111,0.6178543683993188,1.0
5,SCG2,0.492748,1.3581215,0.6221906715353449,1.0
5,AFP,0.48219746,0.5454029,0.6296656755700482,1.0
5,NSG1,0.47814777,0.101745024,0.632545029483703,1.0
5,NODAL,0.47793463,0.6363691,0.6326967293392276,1.0
5,SRPX,0.4723219,0.5337395,0.6366970377657062,1.0
5,CCBE1,0.46955106,0.39849508,0.6386757947783805,1.0
5,SRBD1,0.44908947,0.32987803,0.6533671204369049,1.0
5,HOTAIRM1,0.44170055,1.0134957,0.658705909091218,1.0
5,CHCHD2,0.42901862,0.08677705,0.6679096704966666,1.0
5,SERPINE2,0.4268872,0.07901784,0.6694614827479988,1.0
5,TMEM155,0.41825497,3.3647523,0.6757607077743213,1.0
5,BDNF,0.41612357,0.6020363,0.6773195943757916,1.0
5,CRYM,0.41154101,0.21131784,0.6806758769493437,1.0
5,APCDD1,0.4050757,0.6118423,0.6854218584550098,1.0
5,IFI6,0.39928538,0.3833195,0.6896829498405135,1.0
5,SNCG,0.39253587,0.26148248,0.6946623067381625,1.0
5,EZR,0.38742048,0.04378838,0.69844494519035,1.0
5,TWIST2,0.38440096,0.55680007,0.7006812799850177,1.0
5,HS3ST1,0.37964082,0.9543984,0.7042120638257807,1.0
5,VWF,0.37679893,0.7316728,0.706323043410032,1.0
5,S100A16,0.37296236,-0.04116978,0.7091764507420493,1.0
5,LAMP5,0.37221637,0.47651488,0.7097317555468532,1.0
5,CDX4,0.36344203,1.1789606,0.7162746999825025,1.0
5,RSPH1,0.36056462,2.250121,0.718424933676763,1.0
5,TNNT2,0.35669255,0.76038766,0.7213219779118158,1.0
5,GJA4,0.35317573,3.3841438,0.7239567091044293,1.0
5,ZCCHC12,0.34880632,1.4764484,0.7272347212804483,1.0
5,ELAVL2,0.34745643,0.22693995,0.7282484539721295,1.0
5,T,0.33399296,1.0174003,0.7383848625784393,1.0
5,PHLDA1,0.3326786,-0.05968471,0.7393769067552123,1.0
5,TOX,0.32717243,0.72648895,0.7435374658031106,1.0
5,CLDN10,0.32568043,-0.022302106,0.7446661395956058,1.0
5,CXCL3,0.32120448,0.46032664,0.7480554433955161,1.0
5,SPX,0.3030164,1.6157085,0.7618773754349171,1.0
5,MATN3,0.3018796,0.47750542,0.76274382562099,1.0
5,ECSCR,0.2925369,0.45859003,0.7698761360244135,1.0
5,ANKS1B,0.2902279,1.042299,0.7716419046874321,1.0
5,PIFO,0.2863203,0.2731148,0.7746328206792085,1.0
5,DLL3,0.27893138,0.2459181,0.780297488129287,1.0
5,CTSV,0.27683547,-0.042630807,0.7819064329265693,1.0
5,SNAI2,0.2751659,0.60257596,0.783188803263467,1.0
5,SNHG18,0.27214637,0.20590799,0.7855094779415825,1.0
5,PLAT,0.27044123,0.36037138,0.7868208207012289,1.0
5,SERPINE1,0.26891372,3.1753478,0.7879960789844714,1.0
5,FAM102B,0.26401147,1.134091,0.7917710869134895,1.0
5,MPZ,0.2600328,0.88189155,0.794838459439729,1.0
5,TNMD,0.25754616,0.734659,0.7967571824877038,1.0
5,FHL2,0.24831003,0.048186887,0.8038945418982254,1.0
5,CD44,0.24799031,0.24883226,0.8041419010863218,1.0
5,CHGA,0.23861209,0.18296419,0.8114063962323758,1.0
5,DUSP1,0.23275068,0.06282305,0.8159550083118143,1.0
5,RAMP3,0.23033509,1.7751871,0.8178314031677663,1.0
5,NUPR1,0.23012194,1.8269442,0.8179970177089884,1.0
5,GADD45G,0.22493549,0.18282224,0.8220294582464756,1.0
5,MT1H,0.2187899,0.09773296,0.8268137091125455,1.0
5,APLNR,0.21861228,0.2837617,0.8269520787987984,1.0
5,OLFM1,0.2151665,0.109588586,0.8296375088592989,1.0
5,CHRNA3,0.21371002,0.6369138,0.8307731881680921,1.0
5,NFIB,0.21090366,0.76686287,0.8329624432142043,1.0
5,WIF1,0.20351475,0.2296206,0.8387327137052394,1.0
5,COL5A1,0.20092154,0.5358676,0.8407599308093142,1.0
5,MT1M,0.19886117,0.98150754,0.8423713502803998,1.0
5,LY6H,0.19250244,0.50459695,0.847348659295239,1.0
5,ITM2A,0.1895895,-0.029233191,0.849630815066129,1.0
5,GNG3,0.18355049,0.20493892,0.854366108392695,1.0
5,TRIB3,0.18241373,0.36370417,0.8552580501070631,1.0
5,FGF7,0.17985603,0.9494685,0.8572655935701101,1.0
5,UPK1B,0.17655234,3.494572,0.8598600358474157,1.0
5,HAMP,0.17648129,2.782148,0.8599158470298314,1.0
5,CDKN1A,0.16720963,0.016315313,0.8672051096019202,1.0
5,MYL9,0.16525583,0.01056291,0.8687426242608692,1.0
5,C10orf10,0.16507821,1.6402456,0.868882423026779,1.0
5,EGFL6,0.16479403,1.6097567,0.8691061095765391,1.0
5,INHBA,0.16458088,1.359172,0.8692738813647439,1.0
5,FOXS1,0.16408356,1.2380382,0.8696653717453133,1.0
5,HTR3A,0.16092195,0.4009496,0.8721548752049775,1.0
5,KCNN1,0.1596431,0.68031055,0.8731622266075103,1.0
5,UPK3A,0.15736958,2.403963,0.8749535803724926,1.0
5,LINC00900,0.15736958,2.4549055,0.8749535803724926,1.0
5,HOXD1,0.15722749,2.272091,0.8750655613606362,1.0
5,RP11-753H16.3,0.15722749,2.1255534,0.8750655613606362,1.0
5,PHACTR3,0.1570854,1.768743,0.8751775448505921,1.0
5,APOM,0.15445665,0.068501815,0.8772496879603042,1.0
5,NXPH4,0.14571784,1.365654,0.884144134367389,1.0
5,WFDC1,0.1453626,0.9710108,0.8844245857181795,1.0
5,CXCL1,0.14507842,1.000365,0.8846489572277546,1.0
5,PLA2G2A,0.14500737,0.22380121,0.884705051551303,1.0
5,HBA2,0.1441548,0.3951422,0.8853782284313809,1.0
5,PCSK9,0.14138396,0.29983908,0.8875666222291229,1.0
5,LHX1,0.14049587,0.33380657,0.8882682127467572,1.0
5,MROH8,0.14028274,0.5998247,0.888436607518137,1.0
5,CLEC3A,0.13825789,1.9539165,0.8900366079115711,1.0
5,TDRD10,0.1381158,1.7954308,0.8901489055376436,1.0
5,MOXD1,0.13605542,0.38209057,0.8917774676559046,1.0
5,PAGE4,0.13427924,0.9983225,0.8931817672330075,1.0
5,CD36,0.13058479,21.431208,0.896103778313797,1.0
5,HBA1,0.12586014,0.8383164,0.8998426302570506,1.0
5,HIP1R,0.12149074,0.5085544,0.9033023467544826,1.0
5,TMEM141,0.119927704,0.005136148,0.9045404184186249,1.0
5,CYTL1,0.11957247,0.021596141,0.9048218308187571,1.0
5,NOV,0.118861996,1.4073657,0.9053846914449797,1.0
5,PTGER2,0.11879095,1.3982489,0.9054409801266234,1.0
5,TSLP,0.117547624,0.37503055,0.9064261087071668,1.0
5,PHOX2A,0.11129547,2.7260745,0.9113820500445733,1.0
5,SERPINB4,0.11122442,2.7264726,0.9114383877455929,1.0
5,FGF4,0.111188896,0.8334888,0.9114665567630676,1.0
5,C9orf24,0.10713921,0.82079005,0.9146785454134025,1.0
5,CDH7,0.10674845,0.21080016,0.9149885487122787,1.0
5,TFAP2B,0.106499776,0.37319595,0.9151858302746853,1.0
5,NPPC,0.106499776,0.33943218,0.9151858302746853,1.0
5,GSC,0.10269875,0.47811282,0.9182020630281519,1.0
5,LYPD3,0.10092257,0.25462988,0.9196119239380431,1.0
5,MESP1,0.09918191,0.14573255,0.9209938328758822,1.0
5,RGS16,0.09378233,-0.039624073,0.9252820703430662,1.0
5,SYNM,0.09200615,1.7004077,0.9266931555938336,1.0
5,DCX,0.08777884,0.6278494,0.9300524579110612,1.0
5,PLTP,0.08483038,-0.01317069,0.9323962423155672,1.0
5,ZNF592,0.08404886,0.16451983,0.9330175855034516,1.0
5,LMCD1,0.08205954,0.06640482,0.9345993696416984,1.0
5,IGFBP3,0.08042545,-0.30124605,0.9358988857864838,1.0
5,PRTN3,0.08007021,0.69546646,0.9361814120158877,1.0
5,GABRA1,0.079714976,0.5594589,0.9364639462815336,1.0
5,TMEM176A,0.07292997,1.5413725,0.9418618455057555,1.0
5,GPRC5A,0.07285892,1.2527019,0.9419183825765653,1.0
5,DLX1,0.07278787,1.0066544,0.9419749199400357,1.0
5,SPAG6,0.07278787,1.1772557,0.9419749199400357,1.0
5,NTNG1,0.07264578,1.1559427,0.9420879955438227,1.0
5,RP5-1159O4.2,0.07264578,0.89953506,0.9420879955438227,1.0
5,HES2,0.07264578,1.0306095,0.9420879955438227,1.0
5,CTB-113D17.1,0.072574735,1.0408587,0.9421445337835717,1.0
5,LAMA4,0.072503686,0.88091815,0.9422010723148456,1.0
5,XXbac-BPG181B23.7,0.072503686,1.0392796,0.9422010723148456,1.0
5,TFPI2,0.072503686,0.013512348,0.9422010723148456,1.0
5,ACTA1,0.06941313,0.093620636,0.9446607764171022,1.0
5,TM4SF1,0.068134286,0.3497217,0.9456787407118004,1.0
5,LA16c-380H5.3,0.065292396,20.783165,0.9479411987488083,1.0
5,RP11-156E8.1,0.065292396,20.400043,0.9479411987488083,1.0
5,SNTG1,0.065292396,20.387495,0.9479411987488083,1.0
5,OSR1,0.065292396,20.725891,0.9479411987488083,1.0
5,TNFSF10,0.065292396,20.606155,0.9479411987488083,1.0
5,AREG,0.065292396,20.4284,0.9479411987488083,1.0
5,RP11-110I1.14,0.065292396,20.694704,0.9479411987488083,1.0
5,RP11-1109F11.5,0.065292396,20.516724,0.9479411987488083,1.0
5,HBZ,0.065292396,20.567492,0.9479411987488083,1.0
5,LINC00305,0.065292396,20.310673,0.9479411987488083,1.0
5,YPEL4,0.065292396,20.513004,0.9479411987488083,1.0
5,HOXA-AS3,0.065292396,20.64973,0.9479411987488083,1.0
5,NHLH1,0.065292396,20.643276,0.9479411987488083,1.0
5,TLX3,0.065292396,20.347273,0.9479411987488083,1.0
5,MYL4,0.06170451,-0.2726787,0.9507981493718037,1.0
5,TRAC,0.061242703,1.0360729,0.9511659224121831,1.0
5,COL6A1,0.05964414,-0.07535811,0.9524390627616144,1.0
5,NEFM,0.05918233,0.022018153,0.9528068816057434,1.0
5,ZNF385D,0.058010053,0.25799102,0.9537406205635741,1.0
5,CES1,0.05769034,0.10583849,0.9539952877174718,1.0
5,BAALC,0.056162827,0.158739,0.9552120951681672,1.0
5,BHLHE40,0.05598521,0.08350896,0.9553535912358855,1.0
5,ELMO1,0.05474188,0.08165015,0.9563441028578638,1.0
5,DNAI1,0.053711697,0.94235146,0.9571648636265528,1.0
5,PCDHA9,0.053427506,0.7029642,0.9573912884196436,1.0
5,SYNPO2,0.05335646,0.6497191,0.957447895155808,1.0
5,GSTA1,0.05335646,0.7807321,0.957447895155808,1.0
5,ZIC4,0.053285412,0.64504546,0.957504502106559,1.0
5,HS3ST2,0.053214367,0.49961036,0.9575611092716121,1.0
5,SLC7A7,0.05225523,0.0055429935,0.9583253268305364,1.0
5,AC007325.4,0.051296093,0.16357026,0.9590895826929607,1.0
5,NPY,0.049733054,-0.034599945,0.9603351169446368,1.0
5,KDR,0.04880944,0.0011137662,0.9610711601632992,1.0
5,RBP4,0.04870287,0.09477165,0.9611560903741325,1.0
5,SPINK1,0.04841868,0.15171093,0.9613825730888361,1.0
5,GABRD,0.046038598,2.1805215,0.9632794864075784,1.0
5,TTC9B,0.046038598,1.8295654,0.9632794864075784,1.0
5,LYZ,0.046038598,2.1236818,0.9632794864075784,1.0
5,MGP,0.046038598,1.9909384,0.9632794864075784,1.0
5,ST7-AS1,0.04596755,1.7350609,0.9633361139341534,1.0
5,ADCYAP1,0.04596755,1.4792892,0.9633361139341534,1.0
5,TSPAN8,0.04596755,1.5549217,0.9633361139341534,1.0
5,MEOX2,0.04596755,1.629108,0.9633361139341534,1.0
5,PLD1,0.04596755,1.3365138,0.9633361139341534,1.0
5,HBG2,0.04596755,1.640636,0.9633361139341534,1.0
5,APOL4,0.04596755,1.2544451,0.9633361139341534,1.0
5,PRSS56,0.04596755,1.5201472,0.9633361139341534,1.0
5,RP4-758J18.13,0.04596755,1.5641791,0.9633361139341534,1.0
5,SMIM5,0.04596755,1.7314368,0.9633361139341534,1.0
5,SMCR2,0.04596755,1.605459,0.9633361139341534,1.0
5,IL32,0.04134948,0.2585264,0.9670172867996372,1.0
5,DUSP2,0.04106529,0.05690755,0.9672438442772999,1.0
5,CAV1,0.03712217,0.0012153842,0.9703875940382414,1.0
5,EDNRA,0.036660366,0.16662543,0.9707558119921983,1.0
5,SOX17,0.03378295,-0.7376901,0.9730502304401244,1.0
5,BGN,0.028987264,-0.0019559348,0.9768747474710383,1.0
5,ALDH1A2,0.02884517,-0.06473733,0.9769880750382074,1.0
5,USP18,0.026926896,0.0044239806,0.9785180417256131,1.0
5,CD48,0.026784802,1.0491192,0.9786313758042643,1.0
5,XKR7,0.026713753,0.85136425,0.978688043005488,1.0
5,APLN,0.026713753,0.66735554,0.978688043005488,1.0
5,ISL2,0.026713753,0.706246,0.978688043005488,1.0
5,MEGF11,0.026713753,0.7825522,0.978688043005488,1.0
5,ATOH1,0.026713753,0.8098411,0.978688043005488,1.0
5,POSTN,0.026713753,0.56948525,0.978688043005488,1.0
5,RASGRP3,0.026642706,0.3190255,0.9787447103142626,1.0
5,TAC1,0.026642706,0.02922367,0.9787447103142626,1.0
5,OSR2,0.026642706,0.6634686,0.9787447103142626,1.0
5,SCN2A,0.026642706,0.57698685,0.9787447103142626,1.0
5,LCN15,0.026642706,0.28039023,0.9787447103142626,1.0
5,ZG16,0.026642706,0.39895046,0.9787447103142626,1.0
5,S100B,0.026109852,0.18878298,0.9791697185294063,1.0
5,KLF4,0.024333673,-0.00615588,0.9805864546079714,1.0
5,LINC00458,0.020106362,-0.042580232,0.9839585245050395,1.0
5,FRMD5,0.018543324,0.13974263,0.9852054160518916,1.0
5,MX1,0.014919916,0.16128574,0.9880960712169117,1.0
5,ESAM,0.014706774,0.0095000155,0.9882661149934608,1.0
5,HBE1,0.014635727,-0.14998914,0.9883227963711418,1.0
5,MIR22HG,0.010408417,0.027150195,0.991695434385714,1.0
5,TRH,0.007531005,0.29638425,0.9939911841070984,1.0
5,AC108488.4,0.007531005,0.5234504,0.9939911841070984,1.0
5,MAL,0.007531005,0.3067999,0.9939911841070984,1.0
5,RP11-231G3.1,0.007459958,0.1043789,0.9940478699929235,1.0
5,LPL,0.0073889107,-0.0041326606,0.9941045559087927,1.0
5,NRG4,0.0073889107,0.062124494,0.9941045559087927,1.0
5,INSM1,0.0073889107,0.15937535,0.9941045559087927,1.0
5,SLC35D3,0.0073889107,-0.13499233,0.9941045559087927,1.0
5,DMRT2,0.0073889107,-0.08484351,0.9941045559087927,1.0
5,ASCL1,0.0073889107,-0.5754483,0.9941045559087927,1.0
5,LINC00562,0.0073889107,-0.114908144,0.9941045559087927,1.0
5,CXCL2,0.0073889107,-0.06196451,0.9941045559087927,1.0
5,RP11-44N21.1,0.0073178634,-0.07733374,0.9941612418544198,1.0
5,CA3,0.0064297733,-0.1042193,0.9948698185689009,1.0
5,CLDN9,0.0024866527,-0.09682381,0.9980159403066873,1.0
5,CFAP161,0.0,0.0,1.0,1.0
5,MS4A8,0.0,0.0,1.0,1.0
5,CFAP126,0.0,0.0,1.0,1.0
5,MMP10,0.0,0.0,1.0,1.0
5,NEUROD1,0.0,0.0,1.0,1.0
5,CARTPT,0.0,0.0,1.0,1.0
5,MLANA,0.0,0.0,1.0,1.0
5,CCDC42,0.0,0.0,1.0,1.0
5,MAB21L1,0.0,0.0,1.0,1.0
5,CHRM2,0.0,0.0,1.0,1.0
5,LINC00907,0.0,0.0,1.0,1.0
5,LINC01117,0.0,0.0,1.0,1.0
5,MYOZ2,0.0,0.0,1.0,1.0
5,AF131217.1,0.0,0.0,1.0,1.0
5,MGC16275,0.0,0.0,1.0,1.0
5,AGT,0.0,0.0,1.0,1.0
5,AC140912.1,0.0,0.0,1.0,1.0
5,CCDC170,0.0,0.0,1.0,1.0
5,LLNLF-187D8.1,0.0,0.0,1.0,1.0
5,CFI,0.0,0.0,1.0,1.0
5,C1QTNF7,0.0,0.0,1.0,1.0
5,LINC00682,0.0,0.0,1.0,1.0
5,GMNC,0.0,0.0,1.0,1.0
5,HOXA10,0.0,0.0,1.0,1.0
5,HMP19,0.0,0.0,1.0,1.0
5,HLF,0.0,0.0,1.0,1.0
5,DHRS9,0.0,0.0,1.0,1.0
5,ARPP21,0.0,0.0,1.0,1.0
5,HBD,0.0,0.0,1.0,1.0
5,GZMA,0.0,0.0,1.0,1.0
5,GYPE,0.0,0.0,1.0,1.0
5,GYPB,0.0,0.0,1.0,1.0
5,GSX2,0.0,0.0,1.0,1.0
5,GRIK1,0.0,0.0,1.0,1.0
5,GRIA2,0.0,0.0,1.0,1.0
5,GPR183,0.0,0.0,1.0,1.0
5,GNRH2,0.0,0.0,1.0,1.0
5,GLYAT,0.0,0.0,1.0,1.0
5,HOXA9,0.0,0.0,1.0,1.0
5,DNM3OS,0.0,0.0,1.0,1.0
5,DPT,0.0,0.0,1.0,1.0
5,GIMAP4,0.0,0.0,1.0,1.0
5,DRC1,0.0,0.0,1.0,1.0
5,GABRB1,0.0,0.0,1.0,1.0
5,BARHL2,0.0,0.0,1.0,1.0
5,NEUROD4,0.0,0.0,1.0,1.0
5,FIGF,0.0,0.0,1.0,1.0
5,FGG,0.0,0.0,1.0,1.0
5,EMCN,0.0,0.0,1.0,1.0
5,FGB,0.0,0.0,1.0,1.0
5,EPYC,0.0,0.0,1.0,1.0
5,FGA,0.0,0.0,1.0,1.0
5,FAP,0.0,0.0,1.0,1.0
5,HOXA7,0.0,0.0,1.0,1.0
5,HOXB-AS3,0.0,0.0,1.0,1.0
5,CSRP3,0.0,0.0,1.0,1.0
5,IFI44L,0.0,0.0,1.0,1.0
5,AGTR2,0.0,0.0,1.0,1.0
5,AKR1B10,0.0,0.0,1.0,1.0
5,CST4,0.0,0.0,1.0,1.0
5,ANGPTL1,0.0,0.0,1.0,1.0
5,CTD-2339F6.1,0.0,0.0,1.0,1.0
5,CTD-2521M24.8,0.0,0.0,1.0,1.0
5,CTD-2545M3.8,0.0,0.0,1.0,1.0
5,C8orf46,0.0,0.0,1.0,1.0
5,KRT14,0.0,0.0,1.0,1.0
5,CTSS,0.0,0.0,1.0,1.0
5,C5orf66-AS1,0.0,0.0,1.0,1.0
5,CXCL10,0.0,0.0,1.0,1.0
5,IGF1,0.0,0.0,1.0,1.0
5,ESM1,0.0,0.0,1.0,1.0
5,IFI44,0.0,0.0,1.0,1.0
5,HOXC10,0.0,0.0,1.0,1.0
5,APOC3,0.0,0.0,1.0,1.0
5,C4orf26,0.0,0.0,1.0,1.0
5,C20orf85,0.0,0.0,1.0,1.0
5,ICAM2,0.0,0.0,1.0,1.0
5,CYP26B1,0.0,0.0,1.0,1.0
5,IBSP,0.0,0.0,1.0,1.0
5,HTR2B,0.0,0.0,1.0,1.0
5,HSPA6,0.0,0.0,1.0,1.0
5,HPCAL4,0.0,0.0,1.0,1.0
5,HOXD11,0.0,0.0,1.0,1.0
5,DCT,0.0,0.0,1.0,1.0
5,HOXC9,0.0,0.0,1.0,1.0
5,HOXC8,0.0,0.0,1.0,1.0
5,HOXC6,0.0,0.0,1.0,1.0
5,APOBEC2,0.0,0.0,1.0,1.0
5,ZNF804A,0.0,0.0,1.0,1.0
5,PLN,0.0,0.0,1.0,1.0
5,TEKT1,0.0,0.0,1.0,1.0
5,SERPINB2,0.0,0.0,1.0,1.0
5,WFIKKN2,0.0,0.0,1.0,1.0
5,SERPIND1,0.0,0.0,1.0,1.0
5,SERPINE3,0.0,0.0,1.0,1.0
5,PHOX2B,0.0,0.0,1.0,1.0
5,SFRP4,0.0,0.0,1.0,1.0
5,SFTA3,0.0,0.0,1.0,1.0
5,SLC17A6,0.0,0.0,1.0,1.0
5,TF,0.0,0.0,1.0,1.0
5,SLC18A1,0.0,0.0,1.0,1.0
5,OR8S1,0.0,0.0,1.0,1.0
5,SLC18A3,0.0,0.0,1.0,1.0
5,WNT16,0.0,0.0,1.0,1.0
5,PCAT19,0.0,0.0,1.0,1.0
5,TECRL,0.0,0.0,1.0,1.0
5,WNT2,0.0,0.0,1.0,1.0
5,TDO2,0.0,0.0,1.0,1.0
5,PAX1,0.0,0.0,1.0,1.0
5,SLC30A8,0.0,0.0,1.0,1.0
5,TBX5,0.0,0.0,1.0,1.0
5,SERPINA11,0.0,0.0,1.0,1.0
5,SCRT2,0.0,0.0,1.0,1.0
5,PLVAP,0.0,0.0,1.0,1.0
5,SCGB1A1,0.0,0.0,1.0,1.0
5,RP11-21B23.2,0.0,0.0,1.0,1.0
5,RP11-327J17.9,0.0,0.0,1.0,1.0
5,RP11-32K4.1,0.0,0.0,1.0,1.0
5,RP11-111H13.1,0.0,0.0,1.0,1.0
5,RP11-1085N6.5,0.0,0.0,1.0,1.0
5,RP11-382A20.7,0.0,0.0,1.0,1.0
5,RP11-387A1.5,0.0,0.0,1.0,1.0
5,RP11-462L8.1,0.0,0.0,1.0,1.0
5,RIPPLY1,0.0,0.0,1.0,1.0
5,RP11-510C10.2,0.0,0.0,1.0,1.0
5,REN,0.0,0.0,1.0,1.0
5,RP11-802E16.3,0.0,0.0,1.0,1.0
5,TMEM196,0.0,0.0,1.0,1.0
5,PRSS1,0.0,0.0,1.0,1.0
5,PRND,0.0,0.0,1.0,1.0
5,S100A8,0.0,0.0,1.0,1.0
5,TYR,0.0,0.0,1.0,1.0
5,TYRP1,0.0,0.0,1.0,1.0
5,URAD,0.0,0.0,1.0,1.0
5,TBX2-AS1,0.0,0.0,1.0,1.0
5,RP11-290H9.5,0.0,0.0,1.0,1.0
5,ZNF503-AS1,0.0,0.0,1.0,1.0
5,ZNF474,0.0,0.0,1.0,1.0
5,NFIA-AS2,0.0,0.0,1.0,1.0
5,OGN,0.0,0.0,1.0,1.0
5,SULT1E1,0.0,0.0,1.0,1.0
5,SLC45A2,0.0,0.0,1.0,1.0
5,STOML3,0.0,0.0,1.0,1.0
5,SRGN,0.0,0.0,1.0,1.0
5,TAL1,0.0,0.0,1.0,1.0
5,NKX2-1,0.0,0.0,1.0,1.0
5,SP9,0.0,0.0,1.0,1.0
5,TIMP3,-0.00060390134,-0.020976769,0.9995181564643371,1.0
5,GLT8D2,-0.0014919916,-0.041895967,0.9988095633988403,1.0
5,PPP1R42,-0.0042273095,0.17297925,0.9966271050910349,1.0
5,XX-FW83563B9.5,-0.0045825457,-0.16824666,0.996343670451187,1.0
5,RIT2,-0.0045825457,-0.21894492,0.996343670451187,1.0
5,RERG,-0.008880902,-0.16842932,0.9929141583653248,1.0
5,TNNI1,-0.009804516,-0.43133357,0.9921772533360599,1.0
5,IL11RA,-0.0100887045,-0.005059549,0.9919505146403856,1.0
5,ITLN2,-0.010941272,-0.083342575,0.9912703025270896,1.0
5,PENK,-0.011793838,-0.6058713,0.990590096758893,1.0
5,KRT17,-0.011793838,-0.05563351,0.990590096758893,1.0
5,PRPH,-0.011864886,-0.25811425,0.9905334132467838,1.0
5,CRHBP,-0.011864886,-0.44536653,0.9905334132467838,1.0
5,DCN,-0.011935933,-0.6440225,0.9904767297824568,1.0
5,EBF1,-0.011935933,-0.74583316,0.9904767297824568,1.0
5,ZMYND10,-0.011935933,-0.53144455,0.9904767297824568,1.0
5,CTD-2410N18.3,-0.011935933,-0.5741156,0.9904767297824568,1.0
5,MITF,-0.012006979,-0.5743754,0.9904200463661984,1.0
5,SYT16,-0.012006979,-0.4158549,0.9904200463661984,1.0
5,CAPSL,-0.012006979,-0.79068375,0.9904200463661984,1.0
5,AQP3,-0.016554002,-0.15214226,0.9867924207983867,1.0
5,CHGB,-0.016625049,-0.16257472,0.9867357411201796,1.0
5,PCP4,-0.016696095,-0.078076094,0.9866790615089203,1.0
5,TRPM3,-0.018436752,-0.10779031,0.985290432735137,1.0
5,GNB5,-0.019253796,-0.05182718,0.9846386425037171,1.0
5,BARX2,-0.01928932,-18.561237,0.9846103040274475,1.0
5,RP11-490O6.2,-0.01928932,-18.628025,0.9846103040274475,1.0
5,HOXC5,-0.01928932,-19.134594,0.9846103040274475,1.0
5,HOXB9,-0.01928932,-18.98875,0.9846103040274475,1.0
5,CCNO,-0.01928932,-19.145521,0.9846103040274475,1.0
5,KCNF1,-0.01928932,-19.13761,0.9846103040274475,1.0
5,KCNJ2,-0.01928932,-19.18413,0.9846103040274475,1.0
5,MYL3,-0.01928932,-19.697216,0.9846103040274475,1.0
5,ASPN,-0.01928932,-18.74955,0.9846103040274475,1.0
5,CD34,-0.01928932,-18.967653,0.9846103040274475,1.0
5,CTXN3,-0.01928932,-19.000708,0.9846103040274475,1.0
5,OLIG2,-0.01928932,-18.667994,0.9846103040274475,1.0
5,RP11-343L5.2,-0.01928932,-18.706226,0.9846103040274475,1.0
5,KISS1,-0.01928932,-18.923944,0.9846103040274475,1.0
5,C7,-0.01928932,-18.680342,0.9846103040274475,1.0
5,RP11-188D8.1,-0.01928932,-18.779129,0.9846103040274475,1.0
5,NPNT,-0.01928932,-19.026814,0.9846103040274475,1.0
5,CBLN4,-0.01928932,-18.752392,0.9846103040274475,1.0
5,BRINP3,-0.01928932,-18.995163,0.9846103040274475,1.0
5,IL37,-0.01928932,-18.68151,0.9846103040274475,1.0
5,CAPN3,-0.01928932,-18.767942,0.9846103040274475,1.0
5,IHH,-0.01928932,-19.007486,0.9846103040274475,1.0
5,RGS13,-0.01928932,-19.224016,0.9846103040274475,1.0
5,BDKRB1,-0.01928932,-18.720991,0.9846103040274475,1.0
5,CBLN2,-0.01928932,-18.834057,0.9846103040274475,1.0
5,RGS1,-0.01928932,-19.137274,0.9846103040274475,1.0
5,GSTA2,-0.01928932,-19.159279,0.9846103040274475,1.0
5,RP11-676J12.4,-0.01928932,-19.173887,0.9846103040274475,1.0
5,BIRC7,-0.01928932,-18.67171,0.9846103040274475,1.0
5,RAB27B,-0.01928932,-19.128082,0.9846103040274475,1.0
5,CAPN9,-0.01928932,-19.19095,0.9846103040274475,1.0
5,GPR12,-0.01928932,-18.922533,0.9846103040274475,1.0
5,RP11-95O2.5,-0.01928932,-19.220776,0.9846103040274475,1.0
5,SAMSN1,-0.01928932,-18.876371,0.9846103040274475,1.0
5,S100A9,-0.01928932,-19.223475,0.9846103040274475,1.0
5,TMEM156,-0.01928932,-18.66776,0.9846103040274475,1.0
5,NEUROG1,-0.01928932,-19.125587,0.9846103040274475,1.0
5,SERPINA1,-0.01928932,-19.005674,0.9846103040274475,1.0
5,FGF5,-0.01928932,-18.654383,0.9846103040274475,1.0
5,NPR3,-0.01928932,-18.729591,0.9846103040274475,1.0
5,COLEC10,-0.01928932,-18.876371,0.9846103040274475,1.0
5,DBH,-0.01928932,-18.938728,0.9846103040274475,1.0
5,ALX3,-0.01928932,-19.022068,0.9846103040274475,1.0
5,FCN3,-0.01928932,-18.876371,0.9846103040274475,1.0
5,XAGE2,-0.01928932,-18.561237,0.9846103040274475,1.0
5,WNT10A,-0.01928932,-19.026354,0.9846103040274475,1.0
5,TH,-0.01928932,-18.692924,0.9846103040274475,1.0
5,PECAM1,-0.01928932,-19.786007,0.9846103040274475,1.0
5,TXLNB,-0.01928932,-18.743027,0.9846103040274475,1.0
5,CLEC1B,-0.01928932,-18.876371,0.9846103040274475,1.0
5,DLL4,-0.01928932,-18.581823,0.9846103040274475,1.0
5,FAM181A,-0.01928932,-19.170607,0.9846103040274475,1.0
5,TFF3,-0.01928932,-18.568851,0.9846103040274475,1.0
5,ENPP3,-0.01928932,-18.981037,0.9846103040274475,1.0
5,DKK2,-0.01928932,-18.67171,0.9846103040274475,1.0
5,LINC00950,-0.01928932,-18.805141,0.9846103040274475,1.0
5,LINC01102,-0.01928932,-19.205326,0.9846103040274475,1.0
5,AGTR1,-0.01928932,-18.65668,0.9846103040274475,1.0
5,ALPK1,-0.01928932,-18.63276,0.9846103040274475,1.0
5,LBX1,-0.01928932,-19.132586,0.9846103040274475,1.0
5,APOB,-0.01928932,-18.613039,0.9846103040274475,1.0
5,CDC20B,-0.01928932,-18.943026,0.9846103040274475,1.0
5,CPA5,-0.01928932,-18.64239,0.9846103040274475,1.0
5,NPPA,-0.01928932,-19.137274,0.9846103040274475,1.0
5,ADAMTSL1,-0.01928932,-18.62275,0.9846103040274475,1.0
5,DSG3,-0.01928932,-18.647972,0.9846103040274475,1.0
5,LA16c-312E8.2,-0.01928932,-18.55462,0.9846103040274475,1.0
5,FMO1,-0.01928932,-19.128916,0.9846103040274475,1.0
5,SHOX,-0.01928932,-18.539173,0.9846103040274475,1.0
5,TCTEX1D4,-0.01928932,-18.810562,0.9846103040274475,1.0
5,CORIN,-0.01928932,-18.852098,0.9846103040274475,1.0
5,WT1,-0.01928932,-18.834057,0.9846103040274475,1.0
5,SDPR,-0.01928932,-19.120613,0.9846103040274475,1.0
5,ECEL1,-0.021527307,-0.22099225,0.982825020659023,1.0
5,RP11-247C2.2,-0.023729771,-0.2911688,0.9810681590476699,1.0
5,RSPO2,-0.023800818,-0.37451705,0.9810114875754303,1.0
5,NTM,-0.025470428,-0.016399542,0.97967973618222,1.0
5,CCDC184,-0.02706899,-0.15983829,0.9784047080805955,1.0
5,JUN,-0.030195067,-0.07973548,0.9759114822273982,1.0
5,EGR2,-0.031118682,-0.9201211,0.975174891258211,1.0
5,ISM1,-0.031189729,-0.6056601,0.9751182312833129,1.0
5,PAPPA2,-0.031189729,-0.784219,0.9751182312833129,1.0
5,RP11-111M22.5,-0.031189729,-0.48042247,0.9751182312833129,1.0
5,ACPP,-0.031260777,-0.7676936,0.97506157143397,1.0
5,CST1,-0.031260777,-0.9090213,0.97506157143397,1.0
5,TTLL10,-0.031260777,-0.67528176,0.97506157143397,1.0
5,PTHLH,-0.031260777,-0.8166637,0.97506157143397,1.0
5,CA4,-0.033676382,-0.046088316,0.9731352133015828,1.0
5,AZU1,-0.035310466,-0.23126447,0.9718321768517997,1.0
5,CA9,-0.035452563,-0.2602334,0.9717188728375398,1.0
5,DHRS2,-0.03623408,-0.6863537,0.9710957110230672,1.0
5,GJB6,-0.03857864,-19.812424,0.9692263329772881,1.0
5,CPED1,-0.03857864,-19.852026,0.9692263329772881,1.0
5,EDN3,-0.03857864,-19.972116,0.9692263329772881,1.0
5,C3orf80,-0.03857864,-19.648083,0.9692263329772881,1.0
5,CDH5,-0.03857864,-19.926416,0.9692263329772881,1.0
5,CCDC81,-0.03857864,-20.370312,0.9692263329772881,1.0
5,GAS2,-0.03857864,-19.934162,0.9692263329772881,1.0
5,SPRR2F,-0.03857864,-20.07479,0.9692263329772881,1.0
5,TLX2,-0.03857864,-19.927237,0.9692263329772881,1.0
5,SLC8A1-AS1,-0.03857864,-19.935837,0.9692263329772881,1.0
5,RP11-525K10.3,-0.03857864,-19.97078,0.9692263329772881,1.0
5,FGFBP2,-0.03857864,-19.705343,0.9692263329772881,1.0
5,SMPX,-0.03857864,-19.883259,0.9692263329772881,1.0
5,CLEC1A,-0.03857864,-19.860973,0.9692263329772881,1.0
5,RP4-794H19.1,-0.03857864,-19.615417,0.9692263329772881,1.0
5,GPX2,-0.03857864,-19.624378,0.9692263329772881,1.0
5,FAM81B,-0.03857864,-19.905443,0.9692263329772881,1.0
5,COL15A1,-0.03857864,-20.001225,0.9692263329772881,1.0
5,RP11-511B23.1,-0.03857864,-20.231089,0.9692263329772881,1.0
5,CFAP45,-0.03857864,-19.840223,0.9692263329772881,1.0
5,RP11-559M23.1,-0.03857864,-20.195854,0.9692263329772881,1.0
5,RP13-941N14.1,-0.03857864,-19.817488,0.9692263329772881,1.0
5,RP11-285F16.1,-0.03857864,-20.028229,0.9692263329772881,1.0
5,RAD21-AS1,-0.03857864,-19.904587,0.9692263329772881,1.0
5,L3MBTL4,-0.03857864,-20.198288,0.9692263329772881,1.0
5,IL3RA,-0.03857864,-19.912006,0.9692263329772881,1.0
5,C19orf45,-0.03857864,-19.825418,0.9692263329772881,1.0
5,NKX2-8,-0.03857864,-20.175629,0.9692263329772881,1.0
5,AGAP2,-0.03857864,-19.774263,0.9692263329772881,1.0
5,TRPM1,-0.03857864,-19.664478,0.9692263329772881,1.0
5,PRSS2,-0.03857864,-20.554354,0.9692263329772881,1.0
5,HOXB5,-0.03857864,-20.402842,0.9692263329772881,1.0
5,IGFBP7-AS1,-0.03857864,-19.829395,0.9692263329772881,1.0
5,TTR,-0.03857864,-21.111755,0.9692263329772881,1.0
5,MYH6,-0.03857864,-19.934147,0.9692263329772881,1.0
5,NR4A2,-0.03857864,-19.776264,0.9692263329772881,1.0
5,PDE1A,-0.03857864,-20.116385,0.9692263329772881,1.0
5,OTX2-AS1,-0.03857864,-19.848316,0.9692263329772881,1.0
5,KCNA3,-0.03857864,-19.790213,0.9692263329772881,1.0
5,PGM5-AS1,-0.03857864,-19.979753,0.9692263329772881,1.0
5,ODAM,-0.03857864,-20.148403,0.9692263329772881,1.0
5,KIAA1614,-0.03857864,-19.672234,0.9692263329772881,1.0
5,HSD17B2,-0.03857864,-20.087189,0.9692263329772881,1.0
5,NGF,-0.039928537,-0.16468912,0.9681501004453661,1.0
5,IL6ST,-0.039928537,-0.14549264,0.9681501004453661,1.0
5,TMEM100,-0.04301909,-0.46725452,0.9656863159832668,1.0
5,ALCAM,-0.044120323,-0.17003125,0.9648084937040582,1.0
5,LMO1,-0.046606977,-0.12967467,0.9628264728869836,1.0
5,TMEM176B,-0.048027918,-0.36701837,0.9616939919063826,1.0
5,CLEC14A,-0.050443526,-0.88146615,0.9597689528265151,1.0
5,SPARCL1,-0.05051457,-0.9885232,0.9597123375259624,1.0
5,SOST,-0.05051457,-1.1291783,0.9597123375259624,1.0
5,LINC01361,-0.05058562,-1.1089649,0.9596557224285972,1.0
5,RP1-40E16.9,-0.05452874,-0.43032137,0.9565139116619088,1.0
5,SLN,-0.055061594,-0.4419947,0.9560893933690985,1.0
5,POU4F1,-0.05786796,-20.42139,0.9538538053837435,1.0
5,PRR9,-0.05786796,-21.341076,0.9538538053837435,1.0
5,SLPI,-0.05786796,-20.571304,0.9538538053837435,1.0
5,SNAP25,-0.05786796,-20.385855,0.9538538053837435,1.0
5,PLSCR2,-0.05786796,-20.702198,0.9538538053837435,1.0
5,LGALS2,-0.05786796,-20.746948,0.9538538053837435,1.0
5,KCNN4,-0.05786796,-20.468212,0.9538538053837435,1.0
5,RGS4,-0.05786796,-20.61652,0.9538538053837435,1.0
5,AC012358.8,-0.05786796,-20.438456,0.9538538053837435,1.0
5,TPPP3,-0.05786796,-20.356213,0.9538538053837435,1.0
5,EPHA5-AS1,-0.05786796,-20.276827,0.9538538053837435,1.0
5,LINC01411,-0.05786796,-20.881422,0.9538538053837435,1.0
5,VTN,-0.05786796,-20.627584,0.9538538053837435,1.0
5,RASSF9,-0.05786796,-20.837109,0.9538538053837435,1.0
5,RP11-61A14.1,-0.05786796,-20.334503,0.9538538053837435,1.0
5,CTD-2035E11.4,-0.05786796,-20.640331,0.9538538053837435,1.0
5,CH25H,-0.05786796,-20.516474,0.9538538053837435,1.0
5,CTD-2314G24.2,-0.05786796,-20.64558,0.9538538053837435,1.0
5,PDGFRA,-0.059537567,-0.30515838,0.9525239431369734,1.0
5,CDX2,-0.06081642,-0.51159644,0.9515054144526686,1.0
5,COL21A1,-0.06280574,-0.7905926,0.9499211945582602,1.0
5,CER1,-0.064297736,-0.48669714,0.9487331591818782,1.0
5,RLTPR,-0.06618048,-0.25355333,0.9472341346564527,1.0
5,GDPD5,-0.06632258,-0.32542995,0.9471210082436399,1.0
5,RGS2,-0.067281716,-0.10370023,0.9463574329564909,1.0
5,RAMP1,-0.06738829,-0.44139045,0.94627259428672,1.0
5,WNT2B,-0.067672476,-0.42601484,0.9460463608152918,1.0
5,GLIPR1,-0.06962627,-0.98872954,0.9444911244415412,1.0
5,ANKRD1,-0.06969732,-1.1213564,0.9444345743421222,1.0
5,PHYHIPL,-0.06969732,-0.93328714,0.9444345743421222,1.0
5,ATAD3C,-0.06998151,-1.3522086,0.9442083767475282,1.0
5,STMN2,-0.071970835,-0.33360934,0.942625120563107,1.0
5,NKX2-5,-0.073960155,-0.20629703,0.9410420910421852,1.0
5,RSPO1,-0.07705071,-0.21748435,0.9385832058527757,1.0
5,THBD,-0.07715728,-20.788795,0.9384984270165715,1.0
5,AQP1,-0.07715728,-20.886633,0.9384984270165715,1.0
5,FILIP1L,-0.07715728,-20.853432,0.9384984270165715,1.0
5,ARX,-0.07715728,-21.36821,0.9384984270165715,1.0
5,MORN5,-0.07715728,-21.133802,0.9384984270165715,1.0
5,MYCT1,-0.07715728,-21.039883,0.9384984270165715,1.0
5,C2orf54,-0.07715728,-21.037373,0.9384984270165715,1.0
5,COL6A3,-0.07715728,-20.909382,0.9384984270165715,1.0
5,C11orf88,-0.07715728,-20.824184,0.9384984270165715,1.0
5,RGS6,-0.07715728,-20.783926,0.9384984270165715,1.0
5,C1orf194,-0.07715728,-20.99274,0.9384984270165715,1.0
5,C1orf168,-0.07715728,-20.89029,0.9384984270165715,1.0
5,RP3-466P17.1,-0.07715728,-20.887623,0.9384984270165715,1.0
5,CCNA1,-0.077867754,-0.29479912,0.9379332526364268,1.0
5,PMP22,-0.08046097,-0.12061868,0.9358706336069006,1.0
5,CPXM2,-0.08131354,-0.47212866,0.935192605603991,1.0
5,COLEC11,-0.08152668,-0.7850826,0.935023105928328,1.0
5,RP11-513G11.4,-0.08181087,-0.9247028,0.9347971109437159,1.0
5,PITX2,-0.08404886,-0.18253586,0.9330175855034516,1.0
5,SLC9A3R1,-0.08415543,-0.08604843,0.9329328544751678,1.0
5,EPO,-0.08888007,-1.2561858,0.9291772230426045,1.0
5,HLX,-0.08895112,-1.1888037,0.929120759207178,1.0
5,MYL7,-0.08902217,-1.6043231,0.9290642957285864,1.0
5,S100A3,-0.08916426,-1.6231611,0.9289513698430394,1.0
5,APOA2,-0.08916426,-2.0343897,0.9289513698430394,1.0
5,LTB,-0.089235306,-2.1124837,0.9288949074366494,1.0
5,SLC5A12,-0.089306355,-1.6256324,0.9288384453882254,1.0
5,RIMS1,-0.089306355,-1.5644752,0.9288384453882254,1.0
5,SPOCK3,-0.089306355,-1.4616605,0.9288384453882254,1.0
5,TAGLN3,-0.0899813,-0.12167457,0.9283020738358055,1.0
5,LIMD1,-0.09062073,-0.31962883,0.9277939624089586,1.0
5,NR2F1,-0.093284994,-0.5907935,0.9256771507119275,1.0
5,SCGN,-0.096446596,-21.145157,0.9231658845284998,1.0
5,NTRK2,-0.096446596,-21.389433,0.9231658845284998,1.0
5,FMOD,-0.096446596,-21.382397,0.9231658845284998,1.0
5,LOX,-0.096446596,-21.227543,0.9231658845284998,1.0
5,RUNX2,-0.096446596,-21.28232,0.9231658845284998,1.0
5,HMGCS2,-0.096446596,-21.330473,0.9231658845284998,1.0
5,SLC39A2,-0.096446596,-21.239885,0.9231658845284998,1.0
5,GJB2,-0.096446596,-21.346556,0.9231658845284998,1.0
5,CFC1,-0.096446596,-21.598492,0.9231658845284998,1.0
5,RPL34,-0.097974114,0.031471204,0.9219528489299746,1.0
5,APOA1,-0.09861354,-0.81775147,0.9214451203232007,1.0
5,NRN1,-0.100744955,-0.77635,0.91975292400291,1.0
5,ETV3L,-0.10102914,-0.86667776,0.9195273251120404,1.0
5,FBXO32,-0.10117124,-1.0022157,0.9194145280944125,1.0
5,RAB3A,-0.101277806,-0.26930606,0.9193299313952064,1.0
5,ACTG2,-0.10625111,-0.65933424,0.9153831170617281,1.0
5,CNTN1,-0.10827596,-1.3671119,0.9137767915977046,1.0
5,RP11-407N17.5,-0.108418055,-1.5889481,0.9136640801506888,1.0
5,CPM,-0.108418055,-1.5377681,0.9136640801506888,1.0
5,PRCD,-0.10863119,-1.7922041,0.9134950162365698,1.0
5,AMBP,-0.11229013,-0.2605378,0.9105933691328004,1.0
5,BHMT,-0.11367555,-0.9149972,0.9094949962463306,1.0
5,ONECUT1,-0.11573592,-21.437664,0.907861839138175,1.0
5,PCP4L1,-0.11573592,-21.394018,0.907861839138175,1.0
5,CFAP77,-0.11573592,-21.765602,0.907861839138175,1.0
5,LGALS3,-0.117085814,-0.069265105,0.9067920503612965,1.0
5,PAK3,-0.119323805,-0.49865934,0.9050188266133574,1.0
5,ANGPT2,-0.119394846,-0.77181345,0.9049625415036319,1.0
5,SYP,-0.119465895,-0.51546687,0.9049062568713523,1.0
5,FIBIN,-0.12017637,-1.0196316,0.9043434368697013,1.0
5,PTX3,-0.12038951,-1.0447426,0.904174600226729,1.0
5,NCCRP1,-0.12099341,-0.31044444,0.9036962532901655,1.0
5,GPM6A,-0.12898622,-0.44997025,0.8973685493802824,1.0
5,TGFBI,-0.12959012,-0.11333619,0.8968907161522308,1.0
5,CALB2,-0.1303006,-0.07139338,0.896328607300405,1.0
5,HDAC9,-0.13236097,-0.84634984,0.8946987868855321,1.0
5,FOXJ1,-0.13250306,-0.90427226,0.8945864017812628,1.0
5,NPPB,-0.13502523,-22.871206,0.8925919203603163,1.0
5,AHSG,-0.13502523,-21.745455,0.8925919203603163,1.0
5,GDF15,-0.13502523,-21.500875,0.8925919203603163,1.0
5,CYP4X1,-0.13502523,-21.861603,0.8925919203603163,1.0
5,RNASE1,-0.13502523,-21.727716,0.8925919203603163,1.0
5,ELAVL3,-0.13502523,-21.633118,0.8925919203603163,1.0
5,VTCN1,-0.13502523,-22.173729,0.8925919203603163,1.0
5,TANGO6,-0.13719217,-0.16186905,0.8908788937281912,1.0
5,ZFHX4-AS1,-0.13989197,-1.1582274,0.8887453443375156,1.0
5,S100A14,-0.1415971,-0.54719394,0.8873982535918514,1.0
5,LEPR,-0.14649937,-0.9490663,0.8835271925441665,1.0
5,RASL11B,-0.14742298,-0.05643985,0.882798170570508,1.0
5,NR4A1,-0.15097533,-0.1388862,0.879995170319102,1.0
5,HOXB6,-0.15431456,-22.390446,0.8773617197946504,1.0
5,DDC,-0.15431456,-22.008667,0.8773617197946504,1.0
5,LIM2,-0.15431456,-22.024393,0.8773617197946504,1.0
5,MSC,-0.15431456,-21.79859,0.8773617197946504,1.0
5,SPON2,-0.15825768,-1.0216577,0.8742537560156499,1.0
5,ALDH1A1,-0.15960757,-1.8344102,0.8731902115343803,1.0
5,TNFAIP6,-0.15967862,-1.455795,0.8731342418393453,1.0
5,CREB3L1,-0.16003385,-0.22969964,0.8728544028940313,1.0
5,SST,-0.16056672,-0.4362116,0.8724346743149428,1.0
5,HIST1H2AC,-0.16863057,-0.074357264,0.8660872322375408,1.0
5,CRTAC1,-0.17360388,-22.231876,0.8621767849850409,1.0
5,ICAM1,-0.17360388,-21.912125,0.8621767849850409,1.0
5,GATA6-AS1,-0.17360388,-22.257723,0.8621767849850409,1.0
5,VWC2,-0.17360388,-22.00367,0.8621767849850409,1.0
5,SLITRK6,-0.17360388,-22.381666,0.8621767849850409,1.0
5,AMBN,-0.17360388,-22.553522,0.8621767849850409,1.0
5,FBLN2,-0.17662339,-0.34640154,0.859804225365066,1.0
5,MYF6,-0.17704967,-0.6449997,0.8594693771876394,1.0
5,GADD45B,-0.1795008,-0.10055282,0.8575444923960313,1.0
5,GALP,-0.18284002,-0.9428563,0.8549235502279174,1.0
5,MAPT,-0.18500696,-1.0969787,0.8532235801745981,1.0
5,RFTN2,-0.18578847,-2.1154246,0.8526106430040326,1.0
5,GABRP,-0.18593056,-2.8559732,0.852499209432469,1.0
5,HIST1H2BG,-0.1907973,-0.33036536,0.8486844012944801,1.0
5,SYT4,-0.19289319,-22.167505,0.8470426133600548,1.0
5,CYP1A1,-0.19289319,-22.509495,0.8470426133600548,1.0
5,ADGRL4,-0.19289319,-22.563345,0.8470426133600548,1.0
5,PACRG,-0.19289319,-22.385881,0.8470426133600548,1.0
5,FAM84A,-0.19584166,-0.6350374,0.8447341045129961,1.0
5,GPNMB,-0.19669423,-1.1342505,0.8440668314095978,1.0
5,FOSB,-0.19719155,-1.2458048,0.8436776404069757,1.0
5,C8orf4,-0.19790202,-1.6947039,0.8431217194893584,1.0
5,MIR7-3HG,-0.2043318,-1.801869,0.8380942224362858,1.0
5,IGF2,-0.20454495,-2.1198199,0.8379276770092534,1.0
5,CLDN5,-0.21218252,-22.18323,0.8319646462659864,1.0
5,SMOC2,-0.21218252,-22.276592,0.8319646462659864,1.0
5,MMP23B,-0.21292852,-0.55424994,0.8313827229639685,1.0
5,PCAT14,-0.21598354,-0.62970084,0.829000576121481,1.0
5,RASD1,-0.21676506,-1.4074541,0.8283914412706819,1.0
5,PRSS35,-0.21882543,-0.5933046,0.8267860358204121,1.0
5,SIX1,-0.22386979,-1.98157,0.8228586282693972,1.0
5,CRH,-0.22443816,-2.942658,0.822416379579332,1.0
5,SLC40A1,-0.23147184,-22.828693,0.8169482631031311,1.0
5,TTN,-0.23147184,-22.455025,0.8169482631031311,1.0
5,NPW,-0.23545048,-0.21921776,0.8138591096937184,1.0
5,LINC00379,-0.23626752,-1.6750424,0.8132250864481942,1.0
5,DLX6-AS1,-0.23640962,-1.6441163,0.813114834017224,1.0
5,RP4-665J23.1,-0.24710223,-1.0811377,0.8048291127750081,1.0
5,COL3A1,-0.25076115,-23.418585,0.8019987755758266,1.0
5,LUM,-0.25076115,-23.986744,0.8019987755758266,1.0
5,RP11-834C11.4,-0.25591207,-2.1145492,0.7980187276082856,1.0
5,ZFP36,-0.25676465,-0.5564086,0.7973604641212583,1.0
5,GEM,-0.257333,-0.72746646,0.7969217018156572,1.0
5,ATP6V1C2,-0.26237738,-2.2160916,0.7930305134986441,1.0
5,NFIA,-0.26308784,-2.7452536,0.792482870175634,1.0
5,PLP2,-0.26756382,-0.4980183,0.7890350813142024,1.0
5,TINAGL1,-0.26763487,-1.2552465,0.7889803876082139,1.0
5,RGCC,-0.27005047,-22.82212,0.7871214220664924,1.0
5,CREB5,-0.27900243,-1.0940903,0.7802429640689831,1.0
5,CRYAB,-0.28102726,-0.464593,0.7786894836624727,1.0
5,HES7,-0.2822706,-2.6039975,0.7777360297348987,1.0
5,GAD2,-0.28255478,-2.8818176,0.7775181443346093,1.0
5,LINC00643,-0.28933978,-23.096252,0.7723213621435776,1.0
5,CRYL1,-0.2902279,-0.86652625,0.7716419046874321,1.0
5,ELAVL4,-0.29651555,-0.68765706,0.7668363829101463,1.0
5,DLX2,-0.2974747,-0.86313015,0.76610411976303,1.0
5,ACTC1,-0.29814965,-0.36128214,0.76558894866267,1.0
5,HIST2H2BE,-0.300956,-2.4663987,0.7634480354169015,1.0
5,ASCL4,-0.32791844,-23.211737,0.7429733353221816,1.0
5,FOXF1,-0.32791844,-23.16562,0.7429733353221816,1.0
5,SYNPR,-0.33939257,-2.5505686,0.7343140227718136,1.0
5,PGF,-0.34052932,-0.79246444,0.7334579500748204,1.0
5,MT1E,-0.34688804,-0.14178228,0.7286754311631476,1.0
5,RGS5,-0.35278496,-0.14584443,0.7242496596681315,1.0
5,TMEFF2,-0.36649707,-23.22751,0.7139941960210954,1.0
5,PRRX1,-0.36937448,-1.2385849,0.7118486128893124,1.0
5,HPGD,-0.37150592,-1.5805612,0.7102607606431237,1.0
5,TM4SF18,-0.37591082,-0.70689046,0.7069831890412284,1.0
5,MMP9,-0.37672788,-0.8310627,0.7063758469384842,1.0
5,HOPX,-0.38365498,-1.8687346,0.7012341869987739,1.0
5,LGALS1,-0.39672765,-0.20235685,0.6915682973915338,1.0
5,STMN4,-0.3982907,-3.2004352,0.6904159124503244,1.0
5,EFEMP1,-0.40155888,-0.47260302,0.6880087006007292,1.0
5,ISL1,-0.4050757,-23.497349,0.6854218584550098,1.0
5,LHX9,-0.4050757,-23.423817,0.6854218584550098,1.0
5,CXCR4,-0.42457816,-0.6060635,0.6711442065817197,1.0
5,PLAU,-0.4307948,-0.6064345,0.6666175768423328,1.0
5,MT1X,-0.43825477,-0.040993318,0.6612016141896242,1.0
5,KLF5,-0.44106114,-1.7668524,0.6591687435195943,1.0
5,TAGLN,-0.45839664,-0.20027207,0.6466674982086582,1.0
5,COL9A2,-0.4596755,-0.45126894,0.6457491579362863,1.0
5,CGA,-0.46294367,-24.127638,0.6434047430763128,1.0
5,ARHGDIB,-0.46816564,-2.427271,0.6396661400778183,1.0
5,CTHRC1,-0.477757,-0.6236916,0.63282315769095,1.0
5,SFN,-0.48731285,-1.5886242,0.6260366304420527,1.0
5,PMEL,-0.49558988,-0.065865114,0.6201838025236894,1.0
5,SERTAD4,-0.49633586,-0.49536708,0.6196574669399542,1.0
5,GATA2,-0.50003034,-1.1745526,0.6170537287978437,1.0
5,ZIC1,-0.50702846,-2.5872827,0.6121348423946941,1.0
5,JUNB,-0.507064,-0.42711642,0.6121099177210447,1.0
5,IGFBP5,-0.5078455,-0.5367862,0.6115616885284214,1.0
5,VAMP5,-0.5112203,-0.53494686,0.6091968362836362,1.0
5,EMP3,-0.51360035,-0.26210207,0.6075314432141687,1.0
5,TBX3,-0.51388454,-1.4079518,0.6073327261432242,1.0
5,INA,-0.5150923,-0.9656559,0.6064885024728308,1.0
5,GNAS,-0.52315617,0.0057716905,0.6008655666029693,1.0
5,PLK2,-0.55409724,-1.1009507,0.5795122905605992,1.0
5,BASP1,-0.56297815,-0.04917499,0.573449759630811,1.0
5,CTGF,-0.57878613,-0.15468898,0.5627334705397598,1.0
5,PEG10,-0.5880578,-0.23872109,0.5564934821674585,1.0
5,SOSTDC1,-0.60898125,-1.8404074,0.5425368816711111,1.0
5,DDIT3,-0.6137769,-0.24410713,0.5393627538961991,1.0
5,CLDN7,-0.6278443,-0.17065156,0.5301059657709797,1.0
5,STC1,-0.6380395,-0.6052695,0.5234479415413431,1.0
5,HAND1,-0.6429773,-3.4827015,0.5202388153253181,1.0
5,CALB1,-0.64834136,-0.63499594,0.5167641713481572,1.0
5,COL1A2,-0.6521069,-0.41074285,0.5143322200886444,1.0
5,CTSK,-0.6614141,-1.3569044,0.5083468021345082,1.0
5,CYP1B1,-0.68049026,-1.9740734,0.4961940915407702,1.0
5,ANKRD37,-0.68787915,-0.7343666,0.49152887898774666,1.0
5,CCDC80,-0.68979746,-1.2659945,0.49032157984911284,1.0
5,NTF3,-0.69438,-0.9148192,0.48744394293690596,1.0
5,IGFBP7,-0.71317196,-1.673269,0.47573934704430487,1.0
5,TACSTD2,-0.7137048,-24.559107,0.47540972087791367,1.0
5,TMEM88,-0.71374035,-0.18459263,0.47538775025593716,1.0
5,MPPED2,-0.7563332,-0.9882823,0.44944947275097236,1.0
5,SERPINF1,-0.7915726,-0.14161777,0.4286099415439468,1.0
5,ELF3,-0.7943434,-1.0198798,0.42699553342709984,1.0
5,ARHGAP29,-0.797434,-0.7698155,0.4251990350063338,1.0
5,PCOLCE,-0.83366805,-0.33216178,0.40446806448792605,1.0
5,CDKN3,-0.83533764,-0.13368715,0.4035276166185351,1.0
5,TSPAN7,-0.86947584,-0.8270218,0.3845869103723052,1.0
5,H1F0,-0.88588774,-0.37610078,0.37567801264998857,1.0
5,VGLL1,-0.8873087,-24.867832,0.37491272070609616,1.0
5,DOK5,-0.9059586,-0.31959614,0.36495776634284904,1.0
5,TPD52L1,-0.9065625,-0.5363713,0.36463819983548507,1.0
5,EMP1,-0.9229744,-1.9762359,0.3560205424581011,1.0
5,IGFBP6,-0.9349459,-0.575446,0.34981619946456377,1.0
5,CLU,-0.95057625,-0.09142348,0.34181952891833955,1.0
5,DDIT4,-0.95785856,-0.16501957,0.3381340693835373,1.0
5,HES1,-0.96155304,-0.14102896,0.33627416680546374,1.0
5,ENO2,-0.97732556,-0.26226464,0.32840801827562727,1.0
5,GNG11,-0.989368,-0.52539355,0.3224831091679552,1.0
5,PRKCDBP,-1.0394208,-0.2770734,0.29860907572509776,1.0
5,SOCS3,-1.0468097,-0.62628067,0.2951873519597933,1.0
5,CDH6,-1.0552288,-0.18602596,0.29132069385014114,1.0
5,NDUFA4L2,-1.0579641,-1.5834752,0.2900717999243406,1.0
5,RTN1,-1.0580707,-1.0669433,0.29002321476915083,1.0
5,KRT23,-1.0994912,-25.458214,0.27155386149810856,1.0
5,FGF8,-1.1151927,-0.87677413,0.2647678727629691,1.0
5,HERPUD1,-1.1155479,-0.29519495,0.2646157077057931,1.0
5,FN1,-1.1292245,-1.1259075,0.25880314901911394,1.0
5,CXCL14,-1.1629008,-2.6269858,0.2448697275963686,1.0
5,CCL2,-1.1995968,-1.7612435,0.23029598931681505,1.0
5,GAP43,-1.2316746,-0.33750817,0.21807067322618334,1.0
5,FGF17,-1.2494364,-0.79291636,0.21150551158762898,1.0
5,DKK4,-1.2752265,-3.3666155,0.20222907941289225,1.0
5,CA2,-1.2834325,-0.28832343,0.19934060520026098,1.0
5,EFNA1,-1.2880505,-2.2228782,0.19772837198142823,1.0
5,TTYH1,-1.320448,-0.4041516,0.18668546399926267,1.0
5,KRT7,-1.333059,-1.207258,0.1825124595174873,1.0
5,MEIS2,-1.3523128,-0.83399063,0.17627528895680278,1.0
5,MAB21L2,-1.3545862,-2.487715,0.1755494148083322,1.0
5,LYPD1,-1.3548704,-1.616966,0.1754588375421836,1.0
5,CITED2,-1.3965042,-0.12224998,0.16256274244802627,1.0
5,MAFB,-1.4109267,-2.0971272,0.15826622850769445,1.0
5,ACTA2,-1.4619386,-2.3543148,0.1437580355425912,1.0
5,DIO3,-1.467125,-0.8782217,0.14234204112201956,1.0
5,BMP4,-1.5037854,-0.883839,0.1326366281489285,1.0
5,GATA3,-1.5073733,-2.0461633,0.13171499914445603,1.0
5,NEAT1,-1.5222932,-0.6736066,0.1279356277142315,1.0
5,MT2A,-1.5438915,-0.33024454,0.12261460314499259,1.0
5,NEK2,-1.5542644,-0.8246569,0.12012134682971055,1.0
5,ANXA2,-1.5574616,-0.3952018,0.11936093393853799,1.0
5,NFKBIA,-1.6201962,-0.44091037,0.10519012028199937,0.9308860201946846
5,MAP1B,-1.6529136,-0.19579464,0.09834846437020436,0.8781112890196818
5,TMEM98,-1.6556488,-0.1528773,0.09779295303700263,0.8781112890196818
5,SPARC,-1.6712081,-0.21795933,0.0946805646206723,0.8607324056424754
5,HES4,-1.671812,-1.4697701,0.0945613832481017,0.8607324056424754
5,MLLT11,-1.6839967,-0.1529852,0.09218231004254282,0.8535399078013224
5,KLF6,-1.6873358,-0.60029703,0.09153878150185975,0.8535399078013224
5,EDN1,-1.7135879,-2.0354993,0.0866044469265433,0.8170230842126727
5,ID1,-1.7426107,-0.1600512,0.0814016508256247,0.7752538173869019
5,LHX5-AS1,-1.7824681,-0.4114145,0.07467292461499254,0.7180088905287745
5,SLC16A3,-1.8239952,-0.8554684,0.06815279420963688,0.674780140689474
5,SLC2A3,-1.8325208,-0.25921747,0.06687385225300126,0.6730326782378676
5,HEY1,-1.8406913,-1.781029,0.06566680655723571,0.6700694546656705
5,CYR61,-1.8609397,-0.4614322,0.0627526816217774,0.6469348620801794
5,CDO1,-1.8798739,-0.68173474,0.06012527103823546,0.626304906648286
5,ANXA1,-1.8810817,-3.5306168,0.059960810848361655,0.626304906648286
5,CENPF,-1.881579,-0.22698686,0.05989320046203796,0.626304906648286
5,GAPDH,-1.8991276,-0.038130876,0.057547693485666754,0.6255184074528995
5,ANXA3,-1.9232126,-1.31481,0.054453347437204945,0.5983884333758785
5,PLK1,-2.0969586,-0.57650924,0.03599723719576718,0.404463339278283
5,S100A11,-2.0978112,-0.52094555,0.035921826558140205,0.404463339278283
5,FEZF1-AS1,-2.1419315,-1.3262999,0.03219899264878854,0.37010336377917863
5,SOX2,-2.1422513,-0.1652985,0.032173270485262605,0.37010336377917863
5,NNAT,-2.2022862,-0.34571317,0.027645102885265362,0.32523650453253367
5,ERP27,-2.2451632,-3.1337667,0.024757661947641778,0.29473407080525926
5,MSX2,-2.460898,-0.78659624,0.013858975727088394,0.17109846576652338
5,BST2,-2.4805427,-0.2706447,0.013118260034659466,0.16397825043324332
5,CCKBR,-2.5269718,-1.1258502,0.011505070050321569,0.1456337981053363
5,SLC2A1,-2.5323715,-0.35132468,0.011329388365634657,0.1452485687901879
5,SMAGP,-2.5966337,-0.8350015,0.009414225422629504,0.12515824464162
5,CRABP2,-2.598481,-0.24449563,0.009363724144235292,0.12515824464162
5,FEZF1,-2.6240225,-1.0198799,0.008689806446099633,0.11903844446711825
5,CDCA3,-2.6360295,-0.50664145,0.008388246309347858,0.11650342096316471
5,RSPO3,-2.658729,-1.2366828,0.00784360288432227,0.11047328006087705
5,HAPLN1,-2.7479289,-1.354204,0.005997303659657614,0.08567576656653733
5,AC009501.4,-2.7906637,-1.724429,0.0052600098448004244,0.07735308595294742
5,SOX3,-2.806507,-0.8317215,0.005008179317614771,0.07474894503902643
5,SAT1,-2.8973765,-0.40288,0.0037629775117062167,0.05701481078342752
5,SARAF,-2.920467,-0.22449888,0.003495072799937198,0.05426279862562397
5,AURKA,-3.0380857,-0.69289935,0.0023808630815158028,0.03840101744380327
5,ACTG1,-3.0418866,-0.10394328,0.002351004205381213,0.03840101744380327
5,CDC20,-3.0795772,-0.46148288,0.002072946511928919,0.03513468664286303
5,CDK1,-3.1140351,-0.445906,0.0018454754473124185,0.031818542195041696
5,NELL2,-3.189274,-0.7709872,0.0014263057338969997,0.02541628211235437
5,DLX5,-3.268705,-1.2459211,0.0010804092783276867,0.019643805060503394
5,UBE2C,-3.2697706,-0.4566496,0.0010763473966476,0.019643805060503394
5,TPM1,-3.3884904,-0.25769246,0.0007027846700189787,0.013260088113565636
5,ID2,-3.6141365,-0.38612914,0.00030135033487489234,0.0057951987475940835
5,CLDN4,-3.6183639,-1.49407,0.00029647150095578193,0.0057951987475940835
5,RPL10,-3.721027,-0.05213045,0.00019841422951827502,0.0039682845903655
5,CENPA,-3.7727494,-0.9676496,0.00016145846290132888,0.003295070671455691
5,NUSAP1,-4.258073,-0.5750925,2.0619670556574863e-05,0.0005029187940628015
5,PTTG1,-4.404963,-0.29966605,1.0580191939770901e-05,0.00026450479849427253
5,SDC2,-4.6014442,-0.5428906,4.195717413706133e-06,0.0001104136161501614
5,H3F3B,-4.6035047,-0.12648503,4.1544025143856516e-06,0.0001104136161501614
5,SPINT2,-4.6183176,-0.38245362,3.868634008873024e-06,0.00010746205580202847
5,HMGB2,-4.6183887,-0.18414828,3.867309932960957e-06,0.00010746205580202847
5,EMX2,-4.6609817,-2.3796754,3.1470473571664422e-06,9.25602163872483e-05
5,CCNB1,-4.779879,-0.5225362,1.7540055162409757e-06,5.481267238253049e-05
5,TOP2A,-4.9328794,-0.8327113,8.102619388473234e-07,2.7940066856804252e-05
5,IGFBP2,-5.18325,-0.43092504,2.1805270154550592e-07,7.787596483768069e-06
5,DKK1,-5.256286,-2.8359194,1.4699338400769354e-07,5.444199407692353e-06
5,ZNF503,-5.3103175,-1.7641729,1.0943428240075494e-07,4.209010861567498e-06
5,TUBB4B,-5.374935,-0.5162776,7.661024006195092e-08,3.0644096024780367e-06
5,KPNA2,-5.413869,-0.4846773,6.167728006772322e-08,2.5698866694884674e-06
5,CCNB2,-5.849815,-0.5910876,4.921207168636056e-09,2.2369123493800258e-07
5,VIM,-5.8858356,-0.5350159,3.96047568244855e-09,1.885940801165976e-07
5,TUBA1B,-6.0973077,-0.18646708,1.0786972041870782e-09,5.67735370624778e-08
5,MEST,-6.3370566,-0.40394333,2.341959797768961e-10,1.3010887765383119e-08
5,LDHA,-6.442917,-0.4636683,1.1719883267102674e-10,6.894048980648631e-09
5,PAX6,-6.4782276,-2.6318648,9.28064023657692e-11,6.187093491051281e-09
5,TUBA1A,-6.531975,-0.34715393,6.490814816464712e-11,4.636296297474794e-09
5,KRT18,-6.7923985,-0.5293736,1.1028462147371393e-11,8.483432421054918e-10
5,KRT8,-7.3289466,-0.7038788,2.319684272688951e-13,2.1088038842626827e-11
5,ARL6IP1,-7.750186,-0.67465883,9.17582172837747e-15,1.0195357475974968e-12
5,GPC3,-8.372169,-0.9867461,5.656741656039045e-17,9.427902760065074e-15
5,TPBG,-9.846363,-1.4197267,7.10693833260853e-23,1.7767345831521323e-20
5,KRT19,-10.452999,-1.242291,1.4196291800481967e-25,4.7320972668273225e-23
5,DLK1,-10.464367,-2.2711325,1.2591515993303683e-25,4.7320972668273225e-23
