group,names,scores,logfoldchanges,pvals,pvals_adj
0,CCBE1,24.252672,0.8509593,6.196616176592844e-130,6.196616176592844e-127
0,RP11-188D8.1,22.459661,1.3609298,1.029684466591617e-111,5.148422332958084e-109
0,CRABP2,21.63538,1.1921934,8.345974240808382e-104,2.781991413602794e-101
0,BMP4,21.079065,1.096308,1.2380654468117728e-98,2.4761308936235457e-96
0,CES1,20.887505,0.8426715,6.956078950948803e-97,9.937255644212575e-95
0,GPR12,20.651,1.9094585,9.562269153664903e-95,1.1952836442081128e-92
0,LINC01117,18.705252,1.0757549,4.486075141073676e-78,1.8691979754473648e-76
0,GPC3,17.55744,1.0452689,5.217545333486698e-69,1.4907272381390564e-67
0,RPL10,17.02077,0.2180628,5.760847624686783e-65,1.1756831887115883e-63
0,FIGF,16.721224,0.9175286,9.181363413952446e-63,1.7656468103754706e-61
0,LINC00379,16.717583,2.5519893,9.759939109848753e-63,1.8414979452544817e-61
0,NPW,16.623817,0.5695698,4.685250511577737e-62,8.67638983625507e-61
0,MEIS2,16.236435,0.76740843,2.7865787958546595e-59,4.287044301314861e-58
0,NTF3,16.066029,0.5443507,4.414744908985905e-58,6.306778441408434e-57
0,RIPPLY1,15.929721,2.427102,3.9411216757191344e-57,5.185686415419914e-56
0,PDGFRA,15.795427,0.57532245,3.3451890684951967e-56,4.2344165423989835e-55
0,HES7,15.514829,1.8233918,2.753684748879979e-54,3.2396291163293873e-53
0,HBD,15.388439,0.7144349,1.9569576308357163e-53,2.2238154895860412e-52
0,RP11-110I1.14,15.319627,0.92190844,5.65415711536955e-53,6.352985522887135e-52
0,IGF1,15.084516,0.6959505,2.0477178047116052e-51,2.1110492832078402e-50
0,KCNN1,15.04174,0.59520555,3.911321418423293e-51,3.8346288415914637e-50
0,SERPINF1,15.019345,0.7469955,5.484709779492524e-51,5.273759403358196e-50
0,TBX2-AS1,14.765094,0.67998475,2.4598049021210012e-49,2.2160404523612622e-48
0,AF131217.1,14.689229,0.841092,7.556878310846337e-49,6.628840623549418e-48
0,OSR1,14.595308,0.62689114,3.008481078693408e-48,2.528135360246562e-47
0,RPL34,14.449391,0.28054386,2.529114192735371e-47,2.0561904005978628e-46
0,FGA,14.423509,1.7781518,3.6814036480171025e-47,2.8987430299347263e-46
0,PEG10,14.302699,0.5430795,2.1048571217932034e-46,1.606761161674201e-45
0,ALX3,14.132294,0.77962327,2.4019086286052376e-45,1.753217977084115e-44
0,PAX1,14.072625,0.7324055,5.595320871251777e-45,4.0545803414867944e-44
0,KIAA1614,13.95414,0.5154628,2.968617092246776e-44,2.0759560085641794e-43
0,CYP26B1,13.905785,0.59686,5.842250516230684e-44,4.001541449473071e-43
0,HLF,13.888117,1.1209362,7.477573911795215e-44,5.08678497401035e-43
0,TBX5,13.83364,0.7667108,1.5972941555932404e-43,1.0792528078332706e-42
0,BDNF,13.518479,0.5355205,1.2166400560835347e-41,7.651824252097702e-41
0,PTGER2,13.497635,0.60861516,1.6147818598660924e-41,1.0029700992957096e-40
0,ENPP3,13.054845,0.8434095,5.963117321103005e-39,3.3500659107320255e-38
0,DMRT2,13.03121,0.52271336,8.130785322399405e-39,4.542338168938215e-38
0,GAS2,12.992309,0.5607526,1.3528291291490022e-38,7.433127083236276e-38
0,MSC,12.904278,0.697315,4.2578658910765444e-38,2.289175210256207e-37
0,WFDC1,12.790985,0.7732063,1.8412564118524199e-37,9.690823220275893e-37
0,SPOCK3,12.747356,0.4858954,3.2249502140803327e-37,1.6796615698335064e-36
0,HOXA10,12.714268,0.68267816,4.927030388226911e-37,2.5266822503727744e-36
0,ALDH1A2,12.684976,0.59957886,7.163597139141285e-37,3.65489649956188e-36
0,HOXC5,12.669865,0.6178004,8.686391081939914e-37,4.4093355745887886e-36
0,ALX1,12.606167,0.57075906,1.9526221779917108e-36,9.763110889958553e-36
0,LDHA,12.532394,1.3491557,4.9641207601280535e-36,2.433392529474536e-35
0,BRINP3,12.4380865,0.4819638,1.6234700208572678e-35,7.842850342305642e-35
0,RASL11B,12.419488,0.3170902,2.0486786600276524e-35,9.84941663474833e-35
0,DUSP2,12.327815,0.6191361,6.416291331874832e-35,3.055376824702301e-34
0,ZNF503,12.244202,0.40955544,1.8044470488050662e-34,8.471582388756179e-34
0,IL37,12.220101,0.94510865,2.4278204599747018e-34,1.1292188185928846e-33
0,RP11-1109F11.5,12.18926,0.5044472,3.546292340400997e-34,1.6267396056885307e-33
0,USP18,12.1507845,1.1286018,5.6817636220171655e-34,2.5593529828906152e-33
0,FHL2,12.119672,0.5699403,8.309136361218658e-34,3.726070117138412e-33
0,LINC01102,12.071627,0.51316977,1.4915653090406557e-33,6.629179151291803e-33
0,TWIST2,12.054889,0.60477316,1.827800438711285e-33,8.074734852039914e-33
0,RASSF9,12.0087805,0.32046515,3.195216847238737e-33,1.3892247161907552e-32
0,TPD52L1,11.933226,0.43745837,7.943443533754328e-33,3.4387201444823927e-32
0,PRRX1,11.917727,0.636363,9.568291166803746e-33,4.106562732533796e-32
0,TBX3,11.726865,0.64207876,9.28339716417331e-32,3.8361145306501283e-31
0,GAPDH,11.648211,0.18189731,2.343283569924954e-31,9.52554296717461e-31
0,LHX9,11.548865,0.553252,7.4801247843233415e-31,3.0161793485174765e-30
0,GSC,11.426041,0.48246527,3.0992022333253793e-30,1.2249811198914542e-29
0,PRSS1,11.26509,5.7212596,1.9515278866756655e-29,7.564061576262269e-29
0,HOXD11,11.126456,0.62925684,9.326977730277564e-29,3.5463793651245487e-28
0,OSR2,11.094143,0.5097272,1.3393831322379762e-28,5.054275970709344e-28
0,CXCL10,10.948535,2.205049,6.753095180198394e-28,2.4736612381679097e-27
0,DNM3OS,10.940708,0.522277,7.362244001461688e-28,2.677179636895159e-27
0,ISM1,10.8763895,0.6228563,1.4936169770972074e-27,5.3727229391985876e-27
0,HOXA9,10.875848,0.5338306,1.5025286122747857e-27,5.385407212454428e-27
0,WIF1,10.861899,0.5736808,1.750702355645683e-27,6.208164381722281e-27
0,CTD-2521M24.8,10.837799,0.33400834,2.27887876822558e-27,7.996065853423089e-27
0,MT1M,10.757052,,5.4898170029466776e-27,1.9061864593564855e-26
0,HBG2,10.6722765,0.48082492,1.37223239071913e-26,4.715575225838935e-26
0,RP11-382A20.7,10.63384,0.5196374,2.0739338613260434e-26,7.102513223719328e-26
0,IGFBP6,10.624386,0.4913817,2.2951758586578767e-26,7.833364705316986e-26
0,SNCG,10.601564,0.5722244,2.930362410086017e-26,9.933431898596669e-26
0,RGS2,10.550846,0.43789387,5.034171329451942e-26,1.6780571098173142e-25
0,RUNX2,10.534612,0.49090803,5.982981313781705e-26,1.9877014331500684e-25
0,RP11-327J17.9,10.507838,0.4203086,7.949504088760692e-26,2.6149684502502276e-25
0,HOXA-AS3,10.492262,2.5465953,9.375640081636356e-26,3.073980354634871e-25
0,CTSC,10.401054,0.37579045,2.4520568491640483e-25,7.884427167730059e-25
0,EDN3,10.377187,0.6187002,3.1491940055068506e-25,1.0093570530470675e-24
0,FAP,10.141843,0.4750196,3.602370329906024e-24,1.1050215735908048e-23
0,MAB21L1,10.124175,0.5017187,4.3160259347625986e-24,1.315861565476402e-23
0,SIX1,10.020878,0.4841691,1.2340144680355995e-23,3.694654095914968e-23
0,SFRP1,9.969036,0.6893084,2.0823989263111352e-23,6.179225300626514e-23
0,TMEM100,9.961442,0.42482775,2.2477870111146065e-23,6.650257429333155e-23
0,APOC3,9.88147,0.6134203,5.00925321050964e-23,1.464693921201649e-22
0,RP11-834C11.4,9.865894,0.6280076,5.851072364542446e-23,1.7008931292274553e-22
0,ISL1,9.858455,1.0533977,6.301145943025546e-23,1.8211404459611405e-22
0,SLC35D3,9.698357,1.8013802,3.0639393364903516e-22,8.630815032367187e-22
0,PRSS2,9.690064,5.3861384,3.323174215116342e-22,9.308611246824487e-22
0,TGFBI,9.664957,0.49385643,4.247962237076764e-22,1.183276389157873e-21
0,WNT16,9.64419,0.5057695,5.202042963833662e-22,1.4410091312558622e-21
0,HOXA7,9.576849,0.43714812,1.0005069962990485e-21,2.7411150583535575e-21
0,AHSG,9.49308,0.45633498,2.243062235293172e-21,6.062330365657222e-21
0,CH25H,9.486261,0.36287516,2.3947009023350157e-21,6.4373680170296125e-21
0,CA9,9.458054,0.3791,3.1372771140420018e-21,8.366072304112005e-21
0,RP11-753H16.3,9.369248,1.5269855,7.305111985835795e-21,1.9376954869590968e-20
0,MPPED2,9.359484,0.32558486,8.012702699253732e-21,2.1197626188501938e-20
0,PCOLCE,9.320273,0.65154594,1.160412612933247e-20,3.0457023961502543e-20
0,HOTAIRM1,9.303225,0.46348426,1.3624920705028744e-20,3.566733168855692e-20
0,AGTR2,9.097716,0.48021555,9.225132211923969e-20,2.377611394825765e-19
0,BIRC7,8.950326,1.5694095,3.5443324723570434e-19,9.04166447029858e-19
0,KCNF1,8.941957,0.5489173,3.8233797537755243e-19,9.728701663550952e-19
0,DPT,8.933782,0.52382576,4.1168923894888465e-19,1.0448965455555447e-18
0,RP11-290H9.5,8.711574,0.3522163,2.9968566083184507e-18,7.39964594646531e-18
0,SERPINA1,8.704211,0.7492235,3.1978977443260703e-18,7.876595429374557e-18
0,APOB,8.664226,0.6527384,4.54591680203135e-18,1.1141952946155271e-17
0,VWC2,8.57945,0.4191757,9.53282367747385e-18,2.3137921547266627e-17
0,COL6A1,8.577977,0.17672724,9.655609788075006e-18,2.3379200455387423e-17
0,NDUFA4L2,8.572359,0.74645185,1.0138644151723146e-17,2.4489478627350596e-17
0,AC007325.4,8.561704,0.24880573,1.1121155921656193e-17,2.673354788859662e-17
0,GLT8D2,8.509164,0.52097994,1.7519146824869337e-17,4.151456593570933e-17
0,APOC1,8.482895,0.41045907,2.1965982742260403e-17,5.1929037215745634e-17
0,NFIB,8.399513,0.38463914,4.483337060150027e-17,1.0450669137878851e-16
0,RBP4,8.312877,0.37411878,9.340929154756605e-17,2.1572584653017565e-16
0,APOA2,8.210897,0.9659926,2.1954111945484535e-16,5.035346776487279e-16
0,ZG16,8.129531,0.53736,4.309546715567233e-16,9.794424353561894e-16
0,PGF,8.11535,0.36852962,4.843869816873491e-16,1.098383178429363e-15
0,SLC16A3,8.093575,0.4445015,5.793874788803731e-16,1.3108314001818395e-15
0,SERPINA11,8.046925,1.3776504,8.490052777382971e-16,1.9164904689352078e-15
0,IFI44L,7.9409156,0.38963532,2.0069448260608394e-15,4.4698103030308224e-15
0,CD48,7.869158,1.9921666,3.570364942428052e-15,7.856681860547214e-15
0,URAD,7.863501,1.8024634,3.735436021814285e-15,8.191745661873432e-15
0,DLL3,7.846143,0.30245435,4.290287002129741e-15,9.387936547329849e-15
0,CXCL12,7.8206477,0.44847038,5.255217089009633e-15,1.1449274703724691e-14
0,SDC2,7.8017397,0.21896444,6.1059447996385714e-15,1.324499956537651e-14
0,TYR,7.696467,2.7603223,1.3988000361522782e-14,3.014655250328185e-14
0,MFAP4,7.693561,0.5351802,1.430954815329376e-14,3.070718487831279e-14
0,SCGB1A1,7.5790277,1.9235461,3.481539641709814e-14,7.360548925390728e-14
0,CFC1,7.53168,2.570224,5.009153315688724e-14,1.0545585927765736e-13
0,GNAS,7.4553504,0.3043227,8.96292039808233e-14,1.859527053544052e-13
0,CRABP1,7.4227266,0.57373136,1.1473362126498737e-13,2.3754372932709603e-13
0,FGG,7.410638,0.6162994,1.256935726358214e-13,2.591620054346833e-13
0,LIMD1,7.402656,0.27097088,1.334872483348633e-13,2.7410112594427787e-13
0,IL11RA,7.3789434,0.4317193,1.5955059913807137e-13,3.2627934384063673e-13
0,SHOX,7.370187,0.39192447,1.703890723671413e-13,3.47732800749268e-13
0,RP11-407N17.5,7.36205,0.21429175,1.811068687378849e-13,3.688530931525151e-13
0,AMBP,7.352906,0.74983555,1.939431624820932e-13,3.941934196790512e-13
0,GABRB1,7.3499613,0.33639225,1.9826406935551495e-13,4.0215835569069967e-13
0,LAMP5,7.2970343,0.77618426,2.941796358776305e-13,5.929339205045338e-13
0,MEOX2,7.296802,0.3453904,2.946881584907533e-13,5.929339205045338e-13
0,SERTAD4,7.2768087,0.39611584,3.418087245278957e-13,6.849874239035986e-13
0,SPINK1,7.2340336,0.60671043,4.68856431472693e-13,9.358411805842176e-13
0,ADAMTSL1,7.169018,0.3285497,7.553784821544863e-13,1.4928428501076805e-12
0,IFI44,7.1670804,0.3517056,7.661410058212621e-13,1.5111262442233966e-12
0,NENF,7.158324,0.23194711,8.166952947608095e-13,1.6045094199622977e-12
0,DKK1,7.1524343,0.38300192,8.525233322215824e-13,1.6716143769050635e-12
0,GSTA2,7.1477847,0.7291607,8.818942693371141e-13,1.725820487939558e-12
0,PLD1,7.124305,0.2545317,1.0460739097422693e-12,2.0363084704849903e-12
0,C19orf45,7.089433,0.33618137,1.3466227386741218e-12,2.614801434318683e-12
0,CDX2,7.0700603,1.6391126,1.5486637570928988e-12,2.9896983727662136e-12
0,TAC1,7.044178,0.2455599,1.865595578536521e-12,3.5945964904364565e-12
0,LRRC17,7.0148087,0.35499075,2.302640982857508e-12,4.4281557362644385e-12
0,FBLN2,6.8836145,0.27400872,5.835263238856466e-12,1.1009930639351822e-11
0,HEY1,6.8807473,0.23547386,5.953936699307167e-12,1.121268681602103e-11
0,CYP4X1,6.862459,0.531402,6.768505678523413e-12,1.2722755034818444e-11
0,CYTL1,6.833787,0.41693404,8.270168023336593e-12,1.5487206036210848e-11
0,EDNRA,6.83309,0.469267,8.310491505407969e-12,1.5533628982070968e-11
0,RBP1,6.80558,0.396769,1.006428579451656e-11,1.870685091917576e-11
0,GNRH2,6.7668343,0.7733447,1.3163085771276643e-11,2.4421309408676518e-11
0,LA16c-380H5.3,6.760712,0.5271974,1.3731501568532395e-11,2.5428706608393324e-11
0,IGF2,6.6447067,0.28865162,3.038214431099392e-11,5.5644952950538306e-11
0,FOXF1,6.541565,1.2197158,6.087842245276693e-11,1.1068804082321259e-10
0,MMP23B,6.5396276,0.1780148,6.167222298884676e-11,1.1192780941714476e-10
0,RAMP2,6.5208745,0.20090576,6.98986566716497e-11,1.263990174894208e-10
0,HBZ,6.4835234,0.53651774,8.960500533478611e-11,1.6116008153738507e-10
0,GRIA2,6.344425,0.38827732,2.2325742368514063e-10,3.9938716222744293e-10
0,GATA6-AS1,6.257634,0.49521285,3.9086138051831843e-10,6.893498774573518e-10
0,CTSK,6.2351613,0.2645338,4.513123032592572e-10,7.93167492547025e-10
0,CDX4,6.1844044,,6.233744883042818e-10,1.0917241476432256e-09
0,NPY,6.1628613,0.8058861,7.144201768305285e-10,1.2489863231302946e-09
0,NGF,6.12985,0.25262326,8.796204877112111e-10,1.5324398740613435e-09
0,LHX1,6.1160564,,9.591946676450786e-10,1.6652685202171504e-09
0,PLK2,6.087462,0.28329274,1.1471478978324392e-09,1.988124606295389e-09
0,HOXB-AS3,5.93736,0.8126345,2.8964869971270446e-09,4.9682452780909856e-09
0,SYNPO2,5.854676,0.21902548,4.7794156342697365e-09,8.169941255161943e-09
0,PLS3,5.841812,0.32122847,5.1636037077724225e-09,8.811610422819835e-09
0,RP11-95O2.5,5.8249965,0.31274718,5.711386125306391e-09,9.713241709704748e-09
0,INHBA,5.8245316,0.30554655,5.727308364706927e-09,9.723783301709554e-09
0,L3MBTL4,5.8112025,0.41563886,6.202559350920518e-09,1.0495024282437425e-08
0,CST1,5.7733865,1.0142858,7.769388398286212e-09,1.3079778448293287e-08
0,CHCHD2,5.6899276,0.11904896,1.270931341566671e-08,2.1217551612131402e-08
0,AC140912.1,5.679389,0.34574255,1.3517686568917613e-08,2.2529477614862688e-08
0,DSG3,5.6435876,0.27838078,1.665427907887559e-08,2.7664915413414602e-08
0,TFF3,5.62282,1.0160067,1.8786547579614424e-08,3.110355559538812e-08
0,ZNF385D,5.6204176,0.27112043,1.9049662509384545e-08,3.1487045470057096e-08
0,KRT8,5.5159583,0.22994368,3.468846938318282e-08,5.71473960184231e-08
0,LGALS2,5.4156837,0.38506642,6.105499971209657e-08,9.97630714249944e-08
0,LEPR,5.39972,0.19034606,6.674491226989862e-08,1.0888240174534849e-07
0,CAPN9,5.3920484,0.9856088,6.965896120667563e-08,1.1308272923161629e-07
0,CA4,5.384842,0.56834775,7.250841815729788e-08,1.1751769555477777e-07
0,WNT2B,5.373838,0.1968536,7.707816717433318e-08,1.2472195335652618e-07
0,PLSCR2,5.3152537,,1.0650869765106197e-07,1.7123584831360444e-07
0,TRPM1,5.2290826,1.5579462,1.7035304917521748e-07,2.7212947152590653e-07
0,COL3A1,5.2171493,0.4527534,1.8169805004446435e-07,2.893281051663445e-07
0,C7,5.20692,0.26522577,1.920007134996096e-07,3.052475572330836e-07
0,HIP1R,5.1337676,0.12174012,2.839986696160402e-07,4.493649835696839e-07
0,LGALS1,5.120904,0.35061347,3.040744578276977e-07,4.796127095074096e-07
0,FGB,5.1116824,0.38377467,3.1930226650370447e-07,5.020475888423026e-07
0,ITLN2,5.0668144,0.74801594,4.0452801296916866e-07,6.330641830503421e-07
0,NPR3,4.995987,0.3542349,5.853564270281208e-07,9.103521415678395e-07
0,CD44,4.980876,0.28477746,6.329711262705612e-07,9.828744196747844e-07
0,PTX3,4.942982,0.27102834,7.693645455871691e-07,1.189126036456212e-06
0,ALPK1,4.905244,0.28284216,9.331139435831643e-07,1.437771869927834e-06
0,LYPD3,4.805589,0.14647117,1.542965624214749e-06,2.3520817442298e-06
0,HBA1,4.663081,0.5177987,3.1150972014849754e-06,4.705584896502984e-06
0,ANGPTL1,4.5919437,0.10745764,4.391371145152027e-06,6.613510760771125e-06
0,RP11-559M23.1,4.542349,0.2740954,5.5630923923424e-06,8.36555246968782e-06
0,ACTA2,4.53181,0.2020337,5.848049932509495e-06,8.741479719745134e-06
0,CPA5,4.526308,0.14692286,6.002312522800018e-06,8.958675407164206e-06
0,PDLIM1,4.5224333,-0.023894394,6.1132769219593665e-06,9.110695859850023e-06
0,EBF1,4.5155363,0.18645564,6.3156679221157105e-06,9.398315360291235e-06
0,AZU1,4.510577,0.16825238,6.465153682188605e-06,9.606469067145029e-06
0,SLITRK6,4.482525,0.21130294,7.3765044379792255e-06,1.0944368602343064e-05
0,PGM5-AS1,4.463307,0.1237429,8.070434891915508e-06,1.1956199839874826e-05
0,AC012358.8,4.455945,0.6793156,8.352440305206252e-06,1.2355680924861317e-05
0,DKK4,4.4313025,0.6607922,9.366551355297572e-06,1.3835378663659633e-05
0,SOSTDC1,4.273064,0.13537277,1.9280510138433956e-05,2.8023997294235403e-05
0,MESP1,4.156051,1.3747776,3.2379548907637445e-05,4.6723735797456634e-05
0,TECRL,4.062208,0.6363006,4.8610682404408037e-05,6.974272941808901e-05
0,BHMT,4.0572486,0.3749059,4.965418671256605e-05,7.113780331313188e-05
0,DCT,4.0525994,1.0941054,5.065172728123466e-05,7.246312915770339e-05
0,S100A14,3.9977348,-0.066955626,6.395151570090774e-05,9.084022116606214e-05
0,POU4F1,3.9912255,0.52039486,6.57327212428752e-05,9.323790247216341e-05
0,KRT18,3.945273,0.18268847,7.970917440480949e-05,0.0001127428209403246
0,BGN,3.934269,0.19673552,8.345029952059879e-05,0.00011786765469011129
0,HTR2B,3.914586,0.38244084,9.055946336505127e-05,0.00012772843916086216
0,CST4,3.9024198,0.49575096,9.523582290182645e-05,0.00013394630506586
0,RP11-511B23.1,3.8690207,0.21143475,0.00010927337270537468,0.00015325858724456477
0,TMEM196,3.8666184,0.25313643,0.0001103548845016633,0.0001543424958065221
0,HSD17B2,3.8383338,0.6377207,0.00012387198863296215,0.0001727642798228203
0,HHIP,3.7751005,0.23970512,0.00015994324487455657,0.00022214339565910637
0,RP11-44N21.1,3.743406,0.09867779,0.00018154242895965128,0.00025144380742333973
0,MMP10,3.7098134,0.3810752,0.0002074120901397845,0.0002864807874858902
0,HMGCS2,3.6556077,0.23085442,0.0002565734520274054,0.0003529208418533775
0,CGA,3.6461537,-0.09320608,0.00026619480986760476,0.0003656522113566
0,DCN,3.6424341,0.19074632,0.0002700721622155388,0.000370469358320355
0,TYRP1,3.5922968,0.72304785,0.00032777629275726526,0.0004471709314560236
0,FN1,3.578968,0.13438918,0.00034495353960688907,0.00046805093569455777
0,C5orf66-AS1,3.555798,-0.2710832,0.00037683352086687185,0.0005099235735681622
0,CTD-2314G24.2,3.4748964,0.2737127,0.0005110507529373004,0.0006878206634418579
0,GALP,3.4625752,0.725293,0.0005350325125052582,0.000717614934118083
0,MAB21L2,3.4624202,0.17076124,0.0005353407408520899,0.000717614934118083
0,GPX2,3.445217,0.19531842,0.0005706012734319671,0.0007628359270480844
0,LINC01356,3.4246814,,0.0006155204509760964,0.0008196011331239632
0,RP11-510C10.2,3.3512967,0.17034675,0.0008043409756303082,0.0010639430894580795
0,AGT,3.2786865,0.16334358,0.0010429138381379461,0.001372255050181508
0,GNB5,3.2279294,0.05442214,0.0012468976544363372,0.001636348627869209
0,IHH,3.117968,0.43346864,0.0018210245111961215,0.0023711256656199498
0,FGFBP2,3.1150236,0.16045757,0.0018393025357190547,0.0023918108396866773
0,ATP6V1C2,3.1078167,0.48823842,0.0018847489562787015,0.0024477259172450668
0,RGS13,3.0906136,0.40810642,0.0019974343314607935,0.002590706007082741
0,NXPH4,3.0800745,0.102955244,0.002069487456013601,0.002677215337663132
0,S100A11,3.0009165,0.27427787,0.002691683377963004,0.0034731398425329085
0,LMO1,2.9733682,0.1553375,0.002945509507827724,0.0037860019380819075
0,COL1A2,2.9693387,0.26686656,0.002984416037185871,0.0038310860554375747
0,HOXB5,2.9670913,0.1374607,0.0030063170085952834,0.003854252575122158
0,COL1A1,2.9381866,0.08711988,0.0033013808900976805,0.004227120217794725
0,C1QTNF7,2.8793702,0.18597934,0.003984701295134496,0.005095525952857412
0,ALDH1A1,2.8669329,0.21153513,0.00414470933291919,0.005293370795554521
0,TH,2.821019,0.17075753,0.004787139029506807,0.006098266279626506
0,CER1,2.7981586,-1.5800949,0.0051394852556986715,0.006530476817914449
0,FRMD5,2.751741,0.12557913,0.005927938432127832,0.007522764507776437
0,BASP1,2.7425969,0.12299379,0.0060955454637113705,0.007715880333811861
0,SMOC2,2.6722343,-0.003955766,0.007534804000183521,0.009465834171084824
0,SOX17,2.664175,0.28901994,0.007717739365649371,0.009683487284378131
0,EPHA5-AS1,2.653171,0.117163494,0.007973942269039138,0.009992408858445033
0,RAB3A,2.616595,0.035564765,0.0088811661096213,0.01105998270189452
0,FGF5,2.601794,0.4139808,0.009273754597414571,0.011520192046477728
0,TSLP,2.6012516,0.21319854,0.00928843235544289,0.011524109622137579
0,FAM159B,2.5910225,1.1355637,0.009569121137450136,0.011857647010471048
0,TNFAIP6,2.5802512,0.14981179,0.009872847063035897,0.012218870127519673
0,PPP1R17,2.5549889,0.26100153,0.01061912136984277,0.013045603648455492
0,SHISA3,2.5353057,0.382376,0.011234919149883947,0.013751431028009728
0,EPO,2.5287964,0.1130287,0.011445436519713807,0.013991976185469202
0,BST2,2.4775743,0.19929515,0.013227886655798365,0.016111920409011406
0,SYT16,2.4523895,0.06912763,0.01419110003513113,0.017243134915104655
0,TMEFF2,2.4051967,0.17910826,0.016163760227627378,0.01961621386847983
0,CTD-2035E11.4,2.30159,-0.9490698,0.021358307067738176,0.02564022457111426
0,ANGPT2,2.2151089,0.11168593,0.026752591937329807,0.03203903226027522
0,RP11-462L8.1,2.2058098,0.34664145,0.027397316911764193,0.03273275616698231
0,LA16c-312E8.2,2.2044926,0.084340416,0.027489728389163182,0.03280397182477707
0,LCN15,2.2022452,0.008059377,0.027647992130597245,0.03295350671108134
0,CNTN1,2.1955035,0.1151624,0.028127506879040712,0.03348512723695323
0,GADD45G,2.1802375,0.07455363,0.029239862627332976,0.034767969830360256
0,PMP22,2.1106496,0.0717921,0.0348024355874521,0.04128402798037023
0,AFP,2.1097972,0.07413303,0.03487582335289815,0.041322065584002546
0,SLC5A12,2.0564828,0.47922397,0.039736006971086486,0.04691382168959444
0,LAMA4,2.0409844,0.16183445,0.041252382369548084,0.048589378527147335
0,TPM1,2.023626,0.050292727,0.043008632869657476,0.05059839161136174
0,SNHG18,1.9662045,-0.011935873,0.04927498467456859,0.05776668777792332
0,IGFBP2,1.8935946,0.022838721,0.05827884547244963,0.06776609938656934
0,DCX,1.8906499,0.046350297,0.058671098547250354,0.06814297159959391
0,ACPP,1.8805759,0.16775344,0.06002963145729034,0.06963994368595167
0,APOBEC2,1.8415974,,0.06553405702210399,0.07567443074145958
0,CREB5,1.7941723,0.06325485,0.07278566774105223,0.08395117386511215
0,RP5-1159O4.2,1.7794489,0.04447523,0.0751662043870229,0.08659700966246878
0,XKR7,1.7255919,-0.20542358,0.08442085682774786,0.09703546761810099
0,RP11-21B23.2,1.715828,0.13398096,0.08619354387900446,0.0989592926280189
0,APOA1,1.665768,-0.03674615,0.09575961638604796,0.10943956158405481
0,POSTN,1.6411257,-0.06344513,0.10077134109857558,0.11464316393467074
0,PRCD,1.6403507,-0.68774164,0.10093226919478823,0.11469357621376328
0,NHLH1,1.6398083,-0.05629736,0.10104504064432544,0.11469357621376328
0,SCRT2,1.6217526,0.020354882,0.10485632668079996,0.11875008684122305
0,COL6A3,1.5932356,0.025423806,0.11110735562147026,0.12540333591588065
0,COL5A1,1.5552645,-0.44076815,0.11988309232121193,0.1351556846913325
0,COLEC11,1.5182233,0.24381092,0.1289581139724211,0.14522310132029403
0,GNG11,1.510784,-0.008680023,0.1308434735539174,0.1470151388246263
0,RP11-247C2.2,1.4945883,-0.009538847,0.135021935633413,0.15136988299709978
0,TMEM176B,1.4909462,-0.021199202,0.13597564094753253,0.1522683549244485
0,PAGE4,1.4776175,0.5651348,0.1395101882820048,0.15605166474497179
0,LUM,1.4109744,0.22463423,0.15825216980709933,0.1762273605869703
0,HS3ST2,1.4088047,-0.038802177,0.15889295475187248,0.17662414064715076
0,REN,1.3889667,-0.07574424,0.16484289241557537,0.1829554854778861
0,CRYM,1.3841622,0.0579047,0.166308812315498,0.18437784070454322
0,TMEM88,1.3300728,-0.041900784,0.1834943109790068,0.20298043249890133
0,CTSS,1.3013232,0.06397176,0.19314785187106076,0.2131874744713695
0,OGN,1.2961313,0.074200995,0.19493027778384375,0.2149176160792103
0,OLFML3,1.2369274,-0.04823532,0.21611405946333928,0.23722728810465343
0,AGTR1,1.172764,0.14537622,0.2408904740889758,0.2624079238442002
0,PAPPA2,1.1718341,0.025190955,0.24126368643905016,0.26252849449298166
0,CCL2,1.1243315,0.04072379,0.26087243704943897,0.2832491173175233
0,SLC40A1,1.1209219,-0.06814407,0.26232114570941445,0.28451317322062303
0,CYB5A,0.99367994,0.046600956,0.32037870999609386,0.3456081013981595
0,RP11-285F16.1,0.9809713,0.05774455,0.3266069166823118,0.35194710849387045
0,TDO2,0.88131654,-0.12119347,0.37814651586139203,0.40486779000149037
0,EPCAM,0.85985124,-0.6620914,0.3898710408173507,0.4169398002687
0,CDC20B,0.8591538,-0.00835491,0.3902556530515032,0.4169398002687
0,CA3,0.85713905,0.013307974,0.39136804982806506,0.4176820168922786
0,SNAP25,0.843113,-0.041462235,0.3991652580053989,0.4255493155707878
0,TOX,0.8390059,0.009774007,0.40146599456280374,0.42754632008818294
0,MT1G,0.8207178,-0.10390986,0.41180703226348525,0.43809258751434604
0,LOX,0.7712004,0.027234826,0.44058815382616145,0.4677156622358402
0,CCDC42,0.72129554,0.07564146,0.4707276904774753,0.49759798147724665
0,FGF4,0.66402894,-0.07749876,0.5066717717509573,0.5339007078513777
0,RTN1,0.64884055,-0.21436366,0.5164414545622743,0.5436225837497625
0,TMEM141,0.59645593,-0.15761256,0.5508706790776263,0.5774325776495035
0,COLEC10,0.5890942,-0.14297377,0.5557980836148444,0.5813787485510925
0,LYZ,0.5153993,-0.10279851,0.6062740170284577,0.6315354344046435
0,GSTA1,0.44705135,0.039898276,0.654837976748047,0.6792925070000487
0,SMPX,0.42558607,0.0015278155,0.6704094881498326,0.6932879918819365
0,AMBN,0.42109153,0.041222952,0.6736882391203066,0.6959589247110606
0,CXCL14,0.4136523,0.010849716,0.6791287595717321,0.7008552730358433
0,EMP3,0.3662272,-0.08688021,0.7141955456054017,0.7332603137632461
0,RP3-466P17.1,0.35646322,-0.00940496,0.7214936991417392,0.7399935375812711
0,CCKBR,0.33127832,-0.22584212,0.740434273856432,0.7586416740332296
0,SNAI2,0.26866478,0.05946887,0.7881876635590359,0.8050946512349703
0,ACAT2,0.15606889,0.004336828,0.8759787181519848,0.8893184955857714
0,RP13-941N14.1,0.14080296,0.020674616,0.8880255983454663,0.899721984139277
0,ALCAM,0.09485021,-0.021254856,0.9244338042766311,0.9328292676858033
0,FOXD3-AS1,0.07865438,3.1473918,0.9373075307381501,0.9448664624376513
0,MYOZ2,0.060908712,-0.1982465,0.9514319097982401,0.956212974671598
0,RFTN2,0.030221881,-0.003285098,0.9758900981081077,0.9788265778416326
0,VIM,0.016428305,0.063079484,0.98689269910005,0.9875109162643249
0,GYPB,-0.015653385,-0.07887986,0.9875109162643249,0.9875109162643249
0,MIXL1,-0.020612873,0.093648896,0.9835544718162867,0.9855255228620108
0,C3orf80,-0.05339199,0.036694206,0.9574195875668673,0.9612646461514732
0,IFITM3,-0.06803798,-0.11478364,0.9457554023170441,0.9514641874416943
0,TMEM98,-0.06997528,-0.032316417,0.9442133367214974,0.9508694226802592
0,LINC00458,-0.10469169,0.074005276,0.9166204522296689,0.9258792446764332
0,ASPN,-0.123212285,-0.01332604,0.9019389988974462,0.9119706763371549
0,AC108488.4,-0.13243383,-0.1196059,0.8946411565005722,0.9055072434216318
0,NEUROD4,-0.14413512,-0.52505696,0.8853937693249754,0.8979652832910501
0,CPED1,-0.18931296,-0.02537077,0.8498475373549237,0.8636661964989062
0,GAL,-0.23797794,0.027400682,0.8118982051017927,0.8259391710089448
0,CALB2,-0.24394482,-0.21931866,0.8072735539910076,0.8220708289114131
0,INSM1,-0.26293036,-0.41405314,0.7926042528652997,0.8079554055711515
0,ISL2,-0.26757988,-0.18614742,0.78902271712483,0.805125221555949
0,UPK3A,-0.29198986,-0.31643036,0.7702943736665049,0.7876220589637064
0,MT1H,-0.30934808,0.09498959,0.7570567663260559,0.7748789829335271
0,AREG,-0.36793202,-0.31039217,0.7129239191831519,0.7327070084102281
0,RP11-513G11.4,-0.38637513,-0.047630455,0.6992188714982663,0.7193609789076815
0,IGFBP7,-0.39776644,-0.1388877,0.6908023521598898,0.7114339363129658
0,APLNR,-0.40319088,1.6023523,0.6868078029557796,0.708049281397711
0,WNT2,-0.42558607,-0.45078504,0.6704094881498326,0.6932879918819365
0,MT1E,-0.4313205,0.79271483,0.6662353580819118,0.6903993347999087
0,MT1X,-0.44774878,-0.17729276,0.6543345065461983,0.6792925070000487
0,T,-0.47262374,0.098702945,0.6364816556708659,0.6616233426932078
0,PCSK9,-0.49873853,-0.05526194,0.6179635999285757,0.643042247584366
0,GPR183,-0.5216762,-0.5816836,0.6018958271638628,0.6276285997537673
0,RIT2,-0.52369094,-0.08596491,0.6004935107262741,0.6268199485660482
0,CLEC1A,-0.5630569,-0.051574457,0.5733961471951912,0.5991600284171277
0,NEUROD1,-0.59126395,-0.5458718,0.554343562369201,0.5804644632138231
0,HOXC10,-0.5978508,0.021513768,0.5499394931046837,0.5770613778643061
0,ARPP21,-0.6289251,-0.1350599,0.5293980995404295,0.5560904406937285
0,NNAT,-0.63799167,-0.029090123,0.5234791130616495,0.5504512229880647
0,SERPINE2,-0.68247205,0.0031647345,0.4949405020742128,0.5220891372090852
0,TAC3,-0.6839444,-0.6747778,0.4940102686355613,0.521658150618333
0,PITX2,-0.7237753,-0.5524208,0.4692036955033707,0.496511847093514
0,ETV3L,-0.75562453,-1.0867114,0.449874354509299,0.4765618162174778
0,S100A10,-0.76678336,-0.27109614,0.443210330537679,0.470000350517157
0,FGF7,-0.80196476,-0.13162887,0.42257336039360005,0.44906839574240176
0,ATAD3C,-0.8904606,-0.11584604,0.37321861702272674,0.4000199539364702
0,GJB6,-0.89255285,-0.2102515,0.3720966619127495,0.3992453453999458
0,RASD1,-0.90332425,-0.15846558,0.36635381964755687,0.3935057139071502
0,KRT19,-0.91184837,-0.39849073,0.36184853325583766,0.3890844443611157
0,SRGN,-0.94757223,-0.14653589,0.3433472829567076,0.3695880333226131
0,EMX2,-1.0349832,-0.25900033,0.30067676591226067,0.3247049307907782
0,ELAVL4,-1.0892276,-0.4904666,0.276053538389065,0.2984362577179081
0,PCAT14,-1.095272,,0.27339750861564094,0.295884749584027
0,RGS1,-1.1066632,-0.34515396,0.2684395356336241,0.2908337330808495
0,RAMP3,-1.1306083,-1.1088746,0.258219987609555,0.28067389957560324
0,RP11-343L5.2,-1.1845428,-0.16209796,0.23619828603749515,0.25757719306160864
0,MAPT,-1.1954691,-0.29418465,0.23190379518758386,0.2531700820825151
0,TMEM176A,-1.1964765,-0.56018186,0.23151065853476016,0.25301711315274333
0,RP11-231G3.1,-1.200816,-0.08625631,0.22982255847541033,0.25144700052014257
0,CFI,-1.216237,-0.09576074,0.22389466264808455,0.24522964145463805
0,SLC7A7,-1.2220489,-0.5528744,0.221689145171044,0.24308020303842542
0,TTN,-1.2521157,,0.21052768173454528,0.23134910080719262
0,MITF,-1.2659093,-0.20967641,0.20554553944000964,0.22612270565457604
0,NRN1,-1.2928766,-0.21295223,0.1960537542319084,0.21591823153293876
0,NPPA,-1.3185264,-0.9871861,0.18732748780397313,0.20699169923090951
0,CHRM2,-1.3515381,-0.022345055,0.17652315260012907,0.19548521882627803
0,TIMP3,-1.4085721,-0.08725279,0.15896172658243568,0.17662414064715076
0,ZFHX4-AS1,-1.4398015,-0.04110562,0.1499235949042808,0.16713890178849589
0,WT1,-1.4428235,0.05609459,0.14907017253402222,0.16637296041743552
0,KRT14,-1.4439859,-3.779974,0.14874292235053738,0.16619320933020937
0,ELAVL3,-1.5096992,-0.87863123,0.13112019901017777,0.14716071718314003
0,PHOX2A,-1.517216,-1.7493805,0.12921218055990888,0.14534553493803024
0,SULT1E1,-1.5940105,-0.12933756,0.11093368659523446,0.1253487984126943
0,LINC00682,-1.6145458,-1.634569,0.1064090767704859,0.12037225879014242
0,LTB,-1.6312841,-0.26263043,0.10283037882796106,0.11658773109746152
0,COL21A1,-1.6475575,-2.2305853,0.09944351632316921,0.11326140811294899
0,HDAC9,-1.6590263,-0.09102228,0.09711049792856542,0.11073032831079295
0,ZNF592,-1.6594137,-0.0016786144,0.09703245057087342,0.11073032831079295
0,CTD-2410N18.3,-1.6855285,-0.083167,0.09188664337985257,0.10513345924468258
0,SLC45A2,-1.686536,-1.2279937,0.09169261965134684,0.10503163763040875
0,MLLT11,-1.7140844,-0.117620215,0.08651323704413366,0.09921242780290558
0,NEAT1,-1.7560463,-0.05539951,0.07908050981782341,0.0910017374198198
0,RAD21-AS1,-1.8490367,-0.14009842,0.064452518769239,0.07451158239218382
0,DKK2,-1.8549261,-0.0750511,0.06360678657536106,0.07361896594370493
0,RP4-794H19.1,-1.8653874,-0.39108258,0.06212711152773786,0.07198970049564063
0,GAD2,-1.8961518,-0.7500858,0.057939974488058925,0.0674504941653771
0,TNNI1,-1.9144399,-0.56740016,0.055563969724461156,0.06475987147373095
0,TLX2,-1.9187795,-0.557143,0.05501224964364482,0.06419165652700679
0,ADCYAP1,-1.9408647,-0.35536867,0.05227469235639411,0.06106856583690901
0,MEST,-1.9418721,-0.108319506,0.052152587854232754,0.06099717877688041
0,TSPAN8,-1.9652747,-0.19801866,0.04938245599320321,0.057824889921783626
0,ONECUT1,-1.9935592,-0.69099766,0.04620024264907681,0.05422563691206198
0,FAM102B,-1.9945667,-0.1394982,0.046090164633396824,0.05416000544464962
0,ENO2,-2.042844,-0.57984054,0.04106786737142534,0.04842908888139781
0,TFAP2B,-2.0604348,-0.96543336,0.03935698855122654,0.046521263062915534
0,SLC30A8,-2.072756,-0.17163818,0.0381949863000465,0.045201167218989945
0,FGF17,-2.1314175,-1.1200131,0.03305476080548916,0.03925743563597287
0,TLX3,-2.209297,-0.8374934,0.027153990986775327,0.03248085046264992
0,HLX,-2.257962,-0.2910609,0.023948031182260562,0.028714665686163744
0,GJB2,-2.309339,-0.18198757,0.02092476841673155,0.025149962039340803
0,RAB27B,-2.3216603,-0.23597626,0.020251229634713368,0.024369710751760972
0,HOXC6,-2.3521922,-0.12512234,0.018663127006300507,0.022485695188313864
0,MYL3,-2.359864,-0.089062944,0.01828163869365517,0.022052640161224574
0,NUPR1,-2.3631186,-0.42952517,0.018121868818461843,0.021886314998142323
0,CHRNA3,-2.3657534,-4.554661,0.017993428223133275,0.02175747064465934
0,SPRR2F,-2.382569,-1.2712371,0.01719230512089908,0.0208139287177955
0,TFPI2,-2.4003148,-0.6451094,0.01638097904343883,0.01985573217386525
0,SFRP4,-2.4630833,-0.3972869,0.013774791305899581,0.016757653656812144
0,DHRS9,-2.4831538,,0.013022487870726927,0.01588108276917918
0,SRPX,-2.5239146,-0.27299735,0.011605614788322326,0.014170469827011388
0,CYP1B1,-2.5497193,-0.23332661,0.010780966809310216,0.013211969129056637
0,CD36,-2.5513468,-0.12322267,0.010730752647263924,0.01316656766535451
0,SPON2,-2.5582435,-1.6451746,0.010520240834286387,0.012940025626428521
0,XXbac-BPG181B23.7,-2.5640554,-0.14388664,0.010345703939871234,0.012741014704274918
0,MLANA,-2.5652177,-0.6389741,0.010311107403965214,0.01271406584952554
0,PMEL,-2.56824,-0.33560628,0.010221637823950554,0.01261930595549451
0,APOE,-2.5759118,-0.21889955,0.009997619003819427,0.01235799629643934
0,CORIN,-2.6026464,-0.10502497,0.00925073136299103,0.011505884779839588
0,PTHLH,-2.6242666,-0.11653487,0.008683577166054451,0.010827402950192582
0,SMAGP,-2.6293037,-0.3210488,0.008555992933719876,0.01068163911825203
0,NEUROG1,-2.6300786,-0.5975621,0.0085365140499059,0.010670642562382376
0,TTC9B,-2.6386802,-1.7063309,0.00832294619838837,0.010416703627519862
0,NOV,-2.6845555,-0.060964596,0.007262633900660213,0.009135388554289576
0,HS3ST1,-2.6878102,-0.11650171,0.007192228721829161,0.00905822257157325
0,H3F3B,-2.7051682,-0.064528465,0.006826979047839699,0.008609053023757501
0,ACTG1,-2.709469,-0.05774622,0.006739098015963701,0.008508962141368308
0,LGALS3,-2.7239213,-0.306221,0.006451186373780335,0.008155734985815847
0,L1TD1,-2.7452316,-0.27266788,0.00604681945548236,0.0076639029854022305
0,HOXB6,-2.815827,-0.22761321,0.0048651875020021785,0.006189805982191067
0,SYNPR,-2.8349674,-1.1117786,0.004583036105952728,0.005845709318817255
0,CTHRC1,-2.974608,-0.17705894,0.0029336317196439134,0.0037755877987695153
0,GYPE,-2.994446,1.2746528,0.0027494376625685772,0.003543089771351259
0,HBA2,-3.072093,,0.00212563534838132,0.002746298899717468
0,XX-FW83563B9.5,-3.0868938,-0.05050621,0.0020225977063595933,0.002619945215491701
0,KCNJ2,-3.17415,-0.17225839,0.0015027605893753546,0.0019592706510760814
0,ACTG2,-3.1763196,-0.24714343,0.001491564867949038,0.0019472126213433917
0,CFAP77,-3.1832166,-1.00655,0.0014564868272279646,0.0019039043493176008
0,C8orf46,-3.2183979,-0.4178261,0.0012890888475181514,0.0016872890674321354
0,GABRA1,-3.227232,-0.20365973,0.001249941037560533,0.001638192709777894
0,MYL7,-3.2587712,-1.0477204,0.001118958834926718,0.001470379546552849
0,INA,-3.2797716,-1.4238802,0.0010389119367784929,0.0013687904305381988
0,PHOX2B,-3.2989895,,0.0009703353501090472,0.00128012579170059
0,RAMP1,-3.3013918,-0.8694158,0.000962064446015707,0.0012708909458595866
0,PLP1,-3.3546288,,0.0007947155431272373,0.0010526033683804466
0,CYR61,-3.3846183,-0.27957806,0.0007127732831028348,0.0009453226566350594
0,HMP19,-3.3874078,-1.81916,0.0007055640428158873,0.0009370040409241531
0,LECT1,-3.3907402,,0.0006970418203140155,0.0009269173142473611
0,SLC2A1,-3.4328182,-0.56902874,0.0005973424785852599,0.0007964566381136799
0,HTR3A,-3.4367702,,0.0005886946326103494,0.0007859741423369151
0,IFI6,-3.4548259,-0.075639784,0.0005506482045279565,0.0007371461908004772
0,NODAL,-3.4697044,1.460441,0.0005210314552199262,0.0007003110957257073
0,IGFBP3,-3.5163546,-0.99944264,0.0004375162521413496,0.0005896445446648917
0,EGFL6,-3.5306907,-2.4052913,0.0004144762662161735,0.0005593471878760776
0,HAPLN1,-3.552466,-0.53399193,0.00038163854457719926,0.0005157277629421612
0,RP1-40E16.9,-3.5601375,-0.6178323,0.0003706605709472884,0.0005022500961345372
0,NPPB,-3.5872598,-0.93902963,0.0003341713747574883,0.0004540371939639787
0,PHLDA1,-3.5909019,-0.23246877,0.0003295356759299012,0.00044834785840802883
0,DDC,-3.5911343,-0.6110436,0.0003292418329971687,0.00044834785840802883
0,SLPI,-3.6125996,-0.26423803,0.00030314255183313166,0.0004141291691709449
0,OTX2-AS1,-3.6247272,-1.467563,0.00028926668527859515,0.00039571365975184014
0,ARX,-3.6333675,-1.020621,0.0002797461261597009,0.0003832138714516451
0,PLN,-3.7032652,,0.00021284209904804218,0.0002931709353278818
0,CCNB2,-3.7042727,-0.7941027,0.00021199811280901763,0.00029241119008140365
0,SYNM,-3.7217858,-0.43993717,0.00019781873633221373,0.00027360821069462483
0,ITM2A,-3.7721558,-0.17713541,0.00016184321862521017,0.0002244704835301112
0,HOXC9,-3.8001304,-0.19618668,0.0001446200285343392,0.00020114051256514494
0,RGS5,-3.8377914,-0.4039555,0.00012414586768768666,0.0001729051082001207
0,COL9A3,-3.8572419,-0.15915357,0.00011467366294354352,0.00016015874712785408
0,HOXB9,-3.8670058,-0.88368237,0.00011017976676829227,0.00015431339883514324
0,MT-CO1,-3.889246,-0.089315765,0.00010055611003063704,0.00014123049161606326
0,PCP4,-3.9104013,-0.24770236,9.214286331016279e-05,0.00012977868071853914
0,OR8S1,-3.9457378,-0.28614485,7.95546437853163e-05,0.00011268363142396076
0,STMN2,-4.0191226,-1.0163231,5.841524729660128e-05,8.309423513030055e-05
0,CDC20,-4.02044,-1.0519899,5.8089529305235945e-05,8.274861724392585e-05
0,MATN3,-4.0376434,-0.28959012,5.3990868807755634e-05,7.701978431919492e-05
0,MIAT,-4.043533,-0.7331041,5.2651814974928445e-05,7.521687853561206e-05
0,ICAM1,-4.0763116,-0.31230855,4.575565778439924e-05,6.574088762126328e-05
0,EFEMP1,-4.0929728,-0.12348725,4.25878115633248e-05,6.127742670981987e-05
0,MYH6,-4.148999,2.7966766,3.3393184922564414e-05,4.811698115643288e-05
0,SPINT2,-4.167055,-0.59830624,3.085601723052605e-05,4.458962027532667e-05
0,RIMS1,-4.1882877,-0.28775075,2.8106702595630833e-05,4.067540173029064e-05
0,CENPF,-4.1965017,-0.8957086,2.710692061563816e-05,3.928539219657705e-05
0,LLNLF-187D8.1,-4.237805,-1.5272189,2.25715552920555e-05,3.275987705668433e-05
0,LINC00900,-4.2739162,-0.21284287,1.920690791359351e-05,2.7957653440456346e-05
0,SLC8A1-AS1,-4.2756214,-1.0836676,1.906050550920578e-05,2.778499345365274e-05
0,YPEL4,-4.287245,-0.34861022,1.809027203543988e-05,2.640915625611661e-05
0,PLAT,-4.28988,-0.36892763,1.787698890089856e-05,2.6135948685524208e-05
0,PMAIP1,-4.296699,-0.21443245,1.7336030528222706e-05,2.538218232536267e-05
0,CXCL2,-4.2996435,-0.46915516,1.7107289044600203e-05,2.508400153167185e-05
0,KRT17,-4.330563,-0.24908318,1.4872855203995757e-05,2.183972864022872e-05
0,SLC18A1,-4.365667,,1.267354735735617e-05,1.8637569643170837e-05
0,CDH7,-4.3853498,-1.1047437,1.157994888964267e-05,1.7054416626866968e-05
0,PHYHIPL,-4.389922,-0.41423288,1.1339136644228e-05,1.672439033071976e-05
0,PTN,-4.5365367,-0.32196745,5.71855172441484e-06,8.560706174273713e-06
0,PAX6,-4.5370016,-1.4055111,5.7059635150187524e-06,8.55466793855885e-06
0,TDGF1,-4.542,1.0078746,5.5723047178301694e-06,8.3668239006459e-06
0,CSRP3,-4.6045747,1.9500837,4.133095070991324e-06,6.233929217181484e-06
0,TF,-4.6829967,-0.61920863,2.8271110068090913e-06,4.277021190331454e-06
0,RLTPR,-4.6990376,-0.6677047,2.613904344466435e-06,3.960461127979447e-06
0,TAGLN3,-4.707794,-0.6699148,2.5041182603053724e-06,3.7998759640445707e-06
0,IGFBP5,-4.732204,-0.33982584,2.2209493083604764e-06,3.375302900243885e-06
0,MT2A,-4.7514997,-0.6848533,2.0191355380270693e-06,3.073265659097518e-06
0,VTN,-4.806209,,1.5381913211852492e-06,2.348383696466029e-06
0,TINAGL1,-4.8431726,-1.4568027,1.2778216750013208e-06,1.9538557721732734e-06
0,TRPM3,-4.8502245,-1.5579274,1.233218660523098e-06,1.8885431248439478e-06
0,MOXD1,-4.860298,-0.5850508,1.1720896260849399e-06,1.7976834755903985e-06
0,NKX2-5,-4.9033837,,9.419961386963293e-07,1.4469986769528868e-06
0,SLC17A6,-4.9039264,,9.393971246263858e-07,1.4452263455790551e-06
0,AQP1,-4.9191146,,8.693647020668809e-07,1.3416121945476557e-06
0,SERPINE3,-4.9762263,,6.483580611257371e-07,1.0036502494206455e-06
0,CTD-2545M3.8,-4.978086,,6.421605150362237e-07,9.955976977305793e-07
0,LHX5-AS1,-5.0291533,-1.2575837,4.926500249575689e-07,7.673676401208238e-07
0,CHGA,-5.0360503,,4.752358837801119e-07,7.413976346023586e-07
0,HES6,-5.0661173,-0.6260196,4.0601213836926046e-07,6.343939662019694e-07
0,NEK2,-5.0675893,-1.1707228,4.02885124089485e-07,6.314813857201958e-07
0,ELAVL2,-5.070844,-1.2064822,3.9605502197460654e-07,6.217504269617057e-07
0,SST,-5.1181917,,3.084788807875868e-07,4.857935130513178e-07
0,PRTN3,-5.1333027,-0.9279638,2.847014622922204e-07,4.497653432736499e-07
0,DBH,-5.13617,,2.8039418142436807e-07,4.443647883112014e-07
0,CXCL1,-5.1571703,-0.62018234,2.507098489350992e-07,3.979521411668241e-07
0,TNMD,-5.222186,-0.24045196,1.768232012906488e-07,2.8201467510470305e-07
0,ARHGAP29,-5.2511683,-0.34162033,1.5113772173588608e-07,2.4182035477741774e-07
0,HMGB2,-5.2730985,-0.6095691,1.3413968815530456e-07,2.1496744896683425e-07
0,GLYAT,-5.305722,-1.4395224,1.1222763904168647e-07,1.8014067261907941e-07
0,RP11-802E16.3,-5.324398,-0.3008969,1.0128793062880136e-07,1.631045581784241e-07
0,BAMBI,-5.3409815,-0.38265464,9.244481071005303e-08,1.4910453340331133e-07
0,NPNT,-5.3493505,,8.827049078249499e-08,1.4260176216881259e-07
0,RPRM,-5.3942957,-0.6027197,6.879282439999959e-08,1.1185825105690991e-07
0,FOXS1,-5.3946834,-2.8260062,6.86445486700164e-08,1.117989392019811e-07
0,HAND1,-5.441566,-1.4401046,5.281425279370014e-08,8.643903894222609e-08
0,FILIP1L,-5.5085964,-0.22033611,3.6170600786035125e-08,5.929606686235267e-08
0,VWF,-5.510224,-0.4982291,3.583777485893783e-08,5.8846920950636834e-08
0,FRZB,-5.514098,-0.56350523,3.5057243172658556e-08,5.765993942871473e-08
0,CTB-113D17.1,-5.585236,-0.25652972,2.3338299151038508e-08,3.8512044803693906e-08
0,C10orf10,-5.6344433,-0.47730765,1.756245483225469e-08,2.9125132391798822e-08
0,CBLN4,-5.6565285,-0.7290623,1.5446516081559122e-08,2.570135787281052e-08
0,MGC16275,-5.7308435,-0.64189225,9.993241923986552e-09,1.671110689629858e-08
0,MGST1,-5.747737,-0.41704732,9.044588999171111e-09,1.5150065325244744e-08
0,SLC2A3,-5.7508364,-0.7820012,8.880298224151019e-09,1.4899829235152716e-08
0,WFIKKN2,-5.7619176,-1.8055568,8.3163490795486e-09,1.3977057276552269e-08
0,GATA3,-5.8070955,-0.4586148,6.356582309351507e-09,1.0719363084909794e-08
0,MSX2,-5.8103504,-0.279267,6.234224867045755e-09,1.05307852483881e-08
0,CDKN3,-5.8218193,-1.1261712,5.821052311542139e-09,9.866190358545999e-09
0,SCG2,-5.8365426,-0.6863363,5.3295134445051864e-09,9.079239258100829e-09
0,TEKT1,-5.903031,-1.4858775,3.56883706278733e-09,6.111022367786524e-09
0,SMCR2,-5.956035,-0.25623462,2.5843055405197e-09,4.440387526666151e-09
0,CPM,-5.959445,-0.28779817,2.530961265239333e-09,4.356215602821571e-09
0,ACTA1,-5.967117,,2.4148278507263243e-09,4.1634962943557314e-09
0,CRYL1,-6.073436,-0.21353543,1.252021689112819e-09,2.1623863369824164e-09
0,RGS16,-6.076303,-0.27133167,1.2298502305299422e-09,2.127768564930696e-09
0,PRSS35,-6.126208,-0.3666702,8.999829545225298e-10,1.5651877469957042e-09
0,CFAP45,-6.157747,-1.3165236,7.378712206147014e-10,1.2877333693101247e-09
0,AKR1B10,-6.224313,,4.836718792832461e-10,8.485471566372739e-10
0,MPZ,-6.2398887,,4.378829328937562e-10,7.70920656503092e-10
0,PLK1,-6.281347,-1.5921185,3.3565264690802905e-10,5.9302587792938e-10
0,MGP,-6.2874684,,3.2268429177837555e-10,5.71122640315709e-10
0,APOL4,-6.298705,-0.3758093,3.001427406270346e-10,5.321679798351678e-10
0,TAGLN,-6.3018045,-0.5920525,2.9419992008739213e-10,5.225575845246752e-10
0,MYL4,-6.3042846,,2.895285381209214e-10,5.151753347347356e-10
0,CTGF,-6.333654,-0.4366928,2.394223903270165e-10,4.2677787937079583e-10
0,PCDHA9,-6.338226,-0.86571556,2.3242596936789391e-10,4.1504637387123907e-10
0,NKX2-1,-6.4449325,-1.4407074,1.1565200744782267e-10,2.0726166209287215e-10
0,ODAM,-6.459656,-0.61688983,1.0494138912988444e-10,1.8840464834808694e-10
0,GNG3,-6.4981694,-0.72789675,8.130326280369844e-11,1.4649236541206924e-10
0,KCNN4,-6.5025864,-2.3477416,7.895065925702051e-11,1.4251021526537997e-10
0,ZCCHC12,-6.5328856,-0.37764043,6.451435805471419e-11,1.1687383705564164e-10
0,RP11-387A1.5,-6.545827,-2.030454,5.91670753217333e-11,1.0777245049496045e-10
0,NEFM,-6.58775,-1.0002643,4.465414307777861e-11,8.148566255069089e-11
0,RP11-111H13.1,-6.6330056,-0.76966,3.2891973207571375e-11,6.013157807599886e-11
0,VGLL1,-6.6572604,,2.7897864041705874e-11,5.1188741360928205e-11
0,RP4-758J18.13,-6.689497,-0.8979075,2.239388419140305e-11,4.116522829302031e-11
0,HIST1H4C,-6.6901946,-0.8644499,2.2287414936402712e-11,4.1044963050465394e-11
0,PTTG1,-6.6986413,-0.9330006,2.1036647853667665e-11,3.881300342005104e-11
0,ANKRD1,-6.700036,-3.4144633,2.0836820076079978e-11,3.8515379068539696e-11
0,KRT7,-6.8213882,-2.4891527,9.01647527050501e-12,1.6790456742094988e-11
0,TNNT2,-6.8296027,,8.515016340494833e-12,1.588622451584857e-11
0,JUN,-6.861917,-0.41368818,6.794263742957609e-12,1.2747211525248795e-11
0,CCNO,-6.90322,-1.6444393,5.083679494433482e-12,9.609980140706015e-12
0,STMN4,-6.9165487,-1.8261665,4.627795268913715e-12,8.764763766882035e-12
0,ELMO1,-6.9418883,-0.7110471,3.86892434965723e-12,7.341412428192088e-12
0,SYP,-6.9539,-2.2866523,3.553240322717446e-12,6.755209739006551e-12
0,WNT10A,-6.9569993,-2.0595503,3.4759624394490834e-12,6.620880837045873e-12
0,STC1,-6.992181,-0.38558343,2.7064568427042645e-12,5.164993974626459e-12
0,TACSTD2,-7.0058193,,2.45544412984693e-12,4.694921854391835e-12
0,MIR7-3HG,-7.0110116,,2.3660144590392573e-12,4.532594749117351e-12
0,ANKS1B,-7.0144987,,2.3077513012439303e-12,4.429465069566085e-12
0,LMCD1,-7.074555,-0.79410744,1.49929260707995e-12,2.8999857003480657e-12
0,TANGO6,-7.083079,-0.19789888,1.4098628158160199e-12,2.7322922787132166e-12
0,RP11-32K4.1,-7.124227,-2.182469,1.046662553829285e-12,2.0363084704849903e-12
0,RERG,-7.1448402,-0.36991894,9.010071544471234e-13,1.7597795985295378e-12
0,ZNF804A,-7.162276,-0.55047,7.934858027246098e-13,1.5619799266232478e-12
0,COL9A2,-7.180874,-0.27003878,6.926723254227561e-13,1.3716283671737744e-12
0,CRHBP,-7.205749,,5.772573394841724e-13,1.1453518640558977e-12
0,ATOH1,-7.2168303,-2.2387319,5.321336769380223e-13,1.0579198348668435e-12
0,ELF3,-7.221325,-1.6391776,5.14835592328719e-13,1.0255689090213525e-12
0,FIBIN,-7.274097,-2.0861297,3.487459785620671e-13,6.974919571241342e-13
0,TERF1,-7.2876577,-0.33820754,3.153896820467627e-13,6.333126145517323e-13
0,ISG15,-7.305326,-0.18730004,2.7659524399212257e-13,5.587782706911567e-13
0,S100B,-7.3439946,-3.1492844,2.0731158777251233e-13,4.1965908455974156e-13
0,POU5F1,-7.402346,0.9686989,1.3379930617316262e-13,2.7417890609254637e-13
0,AC009501.4,-7.4028883,-1.4334347,1.3325367440919275e-13,2.7410112594427787e-13
0,RNASE1,-7.412575,,1.2387039773651518e-13,2.559305738357752e-13
0,EPYC,-7.477978,-0.67581797,7.547470808993095e-14,1.5691207503104148e-13
0,SLC18A3,-7.484875,,7.161526644839351e-14,1.4919847176748647e-13
0,TRH,-7.48596,-1.3833315,7.10260890132888e-14,1.4827993530957996e-13
0,SNTG1,-7.503938,,6.192858974644301e-14,1.2955771913481801e-13
0,NTS,-7.5082774,2.970432,5.991036733054836e-14,1.2559825436173659e-13
0,CKB,-7.5149417,-1.5107082,5.693621625676157e-14,1.1961389969907893e-13
0,NCCRP1,-7.5747657,-1.9403794,3.5977629138718375e-14,7.590217117873076e-14
0,PLPP3,-7.60677,-0.394141,2.8103096067657744e-14,5.954045777046133e-14
0,PHACTR3,-7.618161,-2.3561208,2.5731475279292714e-14,5.463158233395481e-14
0,CCDC81,-7.6390066,-0.94025826,2.189041047336254e-14,4.657534143268626e-14
0,MYL9,-7.641176,-0.53866184,2.1524597806180354e-14,4.5894664831941054e-14
0,NRG4,-7.660704,-0.49352616,1.8491610161565724e-14,3.951198752471308e-14
0,CREB3L1,-7.6895313,-1.5475398,1.4767491894200964e-14,3.1622038317346816e-14
0,CAPSL,-7.694646,-1.8436816,1.4188661774320755e-14,3.0513251127571515e-14
0,CCDC80,-7.742691,-0.3699843,9.73344798350351e-15,2.1022565839100453e-14
0,FMO1,-7.773455,,7.637366505069992e-15,1.653109633132033e-14
0,TUBA1B,-7.8142934,-0.3718429,5.527216806935323e-15,1.2015688710728963e-14
0,UPK1B,-7.829482,-1.8748077,4.898843870763496e-15,1.0696165656688855e-14
0,CALB1,-7.869003,-1.5764939,3.574790246548983e-15,7.856681860547214e-15
0,KRT23,-7.8763647,,3.370438126401774e-15,7.440260764683827e-15
0,HHEX,-7.9253397,,2.275237795768092e-15,5.033711937540026e-15
0,LIM2,-7.929834,-1.9742967,2.1943887908232122e-15,4.8656070749960355e-15
0,H1F0,-7.936421,-0.40912077,2.0809898703182702e-15,4.624421934040601e-15
0,LBX1,-7.954399,-0.77369213,1.8000308962666263e-15,4.0179261077380046e-15
0,JUNB,-7.9569564,-0.7054618,1.763229877050543e-15,3.9445858546992014e-15
0,TSPAN7,-7.9601336,-0.51869625,1.7185383187973711e-15,3.853224930038948e-15
0,PCP4L1,-8.007016,-6.1631904,1.1752510170798713e-15,2.6410135215278008e-15
0,NFIA,-8.0205,-0.273084,1.0531583015855913e-15,2.3719781567243047e-15
0,ID2,-8.149834,-0.52904433,3.644245650252976e-16,8.301242939072839e-16
0,SCN2A,-8.155104,-0.4116981,3.488814802515003e-16,7.965330599349322e-16
0,TOP2A,-8.202683,-1.3920916,2.350796852073003e-16,5.379397830830671e-16
0,NEFL,-8.227558,-1.6555835,1.9106806810626105e-16,4.3923693817531273e-16
0,ANKRD37,-8.244529,-0.60599905,1.6581191010134728e-16,3.820550923994177e-16
0,PRPH,-8.317449,-2.0070472,8.98766956793434e-17,2.0804790666514676e-16
0,CLDN7,-8.37518,-5.306839,5.513924424563822e-17,1.2793328131238568e-16
0,C4orf26,-8.392616,-1.0155829,4.7544125956610964e-17,1.1056773478281619e-16
0,GEM,-8.40982,-0.44930422,4.106420419202868e-17,9.594440231782401e-17
0,THBD,-8.437562,,3.240261592624845e-17,7.58843464314952e-17
0,UBE2C,-8.453835,-1.572889,2.818876150990644e-17,6.617080166644704e-17
0,CAPN3,-8.454687,,2.7983601343754306e-17,6.584376786765719e-17
0,CXCL3,-8.47313,-0.44954658,2.3888470349895522e-17,5.634073195730076e-17
0,MYF6,-8.523268,-0.71863216,1.5511354116271232e-17,3.6844071535086065e-17
0,CENPA,-8.537062,-1.6819392,1.3767839950505629e-17,3.278057131072769e-17
0,ANXA3,-8.543028,-1.3497982,1.3074937707442043e-17,3.120510192706932e-17
0,FBXO32,-8.551087,-2.569822,1.2193418731114734e-17,2.917085820840846e-17
0,AGAP2,-8.558139,-0.6064933,1.1470379037086577e-17,2.7506904165675246e-17
0,TUBB2B,-8.561936,-0.70416474,1.1098748537989324e-17,2.673354788859662e-17
0,FMOD,-8.617808,,6.8247952083712435e-18,1.66053411395894e-17
0,CDK1,-8.619745,-1.121976,6.7103162553024624e-18,1.6366625012932837e-17
0,FOXJ1,-8.624163,-2.0490065,6.456343701112039e-18,1.5785681420811834e-17
0,TAL1,-8.679414,,3.97812402196559e-18,9.774260496229953e-18
0,SOX3,-8.717385,-1.967244,2.8470000948565082e-18,7.047029937763634e-18
0,GABRD,-8.765043,-2.5612507,1.8670559439753444e-18,4.632893161229142e-18
0,PIFO,-8.812236,-1.658022,1.2267457158957772e-18,3.0516062584472066e-18
0,PLP2,-8.814948,-1.2545077,1.1974092069484319e-18,2.986057872689356e-18
0,FAM81B,-8.828974,-2.2466185,1.0564048558466634e-18,2.6410121396166586e-18
0,FGF8,-8.832771,-2.0200713,1.021140479981267e-18,2.559249323261321e-18
0,HOPX,-8.859196,,8.05938129087002e-19,2.024970173585432e-18
0,HES2,-8.892594,,5.969823565358277e-19,1.5037338955562409e-18
0,HSPA6,-8.901584,-0.59108096,5.5055380633772e-19,1.390287389741717e-18
0,BHLHE40,-8.920143,-0.5505339,4.656860303297663e-19,1.1789519755183957e-18
0,GPNMB,-8.953968,-3.568957,3.429271123268778e-19,8.77051438176158e-19
0,NFKBIA,-9.058428,-0.32815593,1.323445322905862e-19,3.3934495459124666e-19
0,ZNF474,-9.064317,-0.6631631,1.2538733682253904e-19,3.2233248540498465e-19
0,CCNB1,-9.198069,-1.421008,3.644425111717995e-20,9.417119151726085e-20
0,IGFBP7-AS1,-9.218759,-2.4189062,3.005597614735626e-20,7.786522317967943e-20
0,MROH8,-9.242626,-0.31972456,2.4052029133186633e-20,6.24728029433419e-20
0,EMP1,-9.254328,-0.48742104,2.1558345652565655e-20,5.614152513688972e-20
0,DLX6-AS1,-9.286254,-1.711722,1.59813919059178e-20,4.172687181701776e-20
0,EMCN,-9.349643,-0.514097,8.794444217497323e-21,2.3143274256571905e-20
0,CYP1A1,-9.355454,,8.324110135819506e-21,2.1963351281845662e-20
0,KLF4,-9.373704,-0.45056814,7.003092522027144e-21,1.8625246069221126e-20
0,FOSB,-9.464098,-0.800502,2.9610490937280824e-21,7.917243566117868e-21
0,GLIPR1,-9.468283,-3.3417878,2.8448177704944955e-21,7.626857293550927e-21
0,C2orf54,-9.489903,,2.312492144283129e-21,6.233132464375011e-21
0,SOCS3,-9.495638,-0.5664998,2.1886808507387073e-21,5.9313844193460906e-21
0,FAM84A,-9.500984,-1.8962251,2.0791537032159985e-21,5.649874193521735e-21
0,HOXD1,-9.5497265,-1.9369797,1.30038644113566e-21,3.543287305546757e-21
0,LINC00305,-9.566233,,1.1087224318744597e-21,3.0292962619520756e-21
0,GDF15,-9.577702,-0.9264823,9.922858303496526e-22,2.7260599734880567e-21
0,CTXN3,-9.591573,,8.675253594343432e-22,2.3898770232351054e-21
0,MORN5,-9.624894,-1.3250922,6.277153161129095e-22,1.734020210256656e-21
0,RP11-111M22.5,-9.663176,-0.92352587,4.322545603470348e-22,1.2007071120750966e-21
0,C20orf85,-9.686965,,3.425560699109277e-22,9.568605304774517e-22
0,HBE1,-9.696574,-0.8148167,3.1179180182191655e-22,8.758196680390915e-22
0,GADD45B,-9.720519,-0.46589574,2.4652110324676213e-22,6.963872973072377e-22
0,SSTR2,-9.732531,,2.1907402928461955e-22,6.206063152538798e-22
0,BARX2,-9.741132,,2.0129904162766919e-22,5.71872277351333e-22
0,C8orf4,-9.768564,-0.7644079,1.536133897608935e-22,4.376449850737707e-22
0,ACTC1,-9.795997,,1.171366630513458e-22,3.3467618014670226e-22
0,LEFTY2,-9.811728,,1.0023778232345305e-22,2.8721427599843285e-22
0,NPPC,-9.830015,-2.9886315,8.360593994648724e-23,2.402469538692162e-22
0,LY6H,-9.857525,-1.0012962,6.359762149748117e-23,1.8327844811954229e-22
0,IL6ST,-9.8649645,-1.3159674,5.905542233222235e-23,1.7117513719484739e-22
0,IDH1,-9.87469,-0.8295569,5.359864452801842e-23,1.5626426976098665e-22
0,CLDN4,-9.894567,-2.6420658,4.3951130210362254e-23,1.2888894489842301e-22
0,VTCN1,-9.908748,-4.3530426,3.813979494398788e-23,1.121758674823173e-22
0,TPBG,-9.9152565,-1.4909626,3.573368398570069e-23,1.0540909730295187e-22
0,SDPR,-9.986549,-1.1359953,1.7455260079516667e-23,5.195017880808531e-23
0,ZFP36,-9.989262,-1.0791321,1.6984230267782495e-23,5.0699194829201474e-23
0,APOM,-10.04769,-0.40579465,9.404560480934166e-24,2.824192336616867e-23
0,HIST2H2BE,-10.052108,-0.52818173,8.992336113941522e-24,2.708534974078772e-23
0,CTD-2339F6.1,-10.064197,,7.953427301651448e-24,2.4028481273871442e-23
0,CLDN9,-10.083802,,6.515525282940089e-24,1.974401600890936e-23
0,ERP27,-10.107669,,5.108509301590527e-24,1.5527383895411935e-23
0,IER2,-10.125492,-0.6095821,4.2582968298439204e-24,1.3022314464354496e-23
0,MMP9,-10.159744,-1.8239185,2.9986297339573043e-24,9.226553027560936e-24
0,COL15A1,-10.167028,,2.782693482276944e-24,8.588560130484395e-24
0,CPXM2,-10.175862,-1.3010608,2.5413905845539933e-24,7.868082305120723e-24
0,GPM6A,-10.181907,-1.6202852,2.3883518588291328e-24,7.417241797606003e-24
0,CCDC184,-10.190741,-0.84181124,2.180960465708189e-24,6.794269363576913e-24
0,CXCR4,-10.248395,-2.0139675,1.203251582226265e-24,3.760161194457078e-24
0,PRR9,-10.251804,,1.1615458143234688e-24,3.6412094492898705e-24
0,LINC00562,-10.254207,-0.44492117,1.1330253710895584e-24,3.5629728650615045e-24
0,SPX,-10.296285,-0.7833977,7.323527364858687e-25,2.3102609983781345e-24
0,RP11-156E8.1,-10.344253,-0.9081247,4.443710101370701e-25,1.4062373738514878e-24
0,FEZF1-AS1,-10.345415,-1.8389404,4.390111619749406e-25,1.393686228491875e-24
0,CA2,-10.345957,-2.1555154,4.365318712965536e-25,1.3902288894794702e-24
0,NTRK2,-10.374629,-0.88754296,3.2346549942462235e-25,1.0334361003981545e-24
0,RSPH1,-10.411981,-3.579711,2.186255619868872e-25,7.052437483447974e-25
0,BDKRB1,-10.413298,,2.156202987511977e-25,6.97800319583164e-25
0,IL32,-10.452586,-1.435433,1.4258314749788349e-25,4.629322970710503e-25
0,RGS6,-10.457391,-0.8644676,1.3553674594536752e-25,4.414877718090148e-25
0,HIST1H2AC,-10.483777,-0.70693415,1.0256427535784768e-25,3.3517737045048265e-25
0,TTR,-10.523569,-1.2146935,6.72759875699e-26,2.220329622768977e-25
0,MEGF11,-10.529148,-0.64944196,6.340555498190166e-26,2.099521688142439e-25
0,CCNA1,-10.570219,-2.1637175,4.095368776036394e-26,1.369688553858326e-25
0,PRSS56,-10.5844,,3.52028451242146e-26,1.1813035276582082e-25
0,NUSAP1,-10.587345,-1.4394511,3.411309451628054e-26,1.1485890409522068e-25
0,LYPD1,-10.599511,-1.6862683,2.995422017731582e-26,1.0119668978822914e-25
0,C9orf24,-10.614389,-2.2737303,2.5545885721575338e-26,8.689076776046034e-26
0,XAGE2,-10.714276,-2.6663082,8.723646921449575e-27,3.008154110844681e-26
0,AURKA,-10.723188,-2.5350776,7.922438174283522e-27,2.741328087987378e-26
0,CDH6,-10.817031,-1.282263,2.8588871158365462e-27,9.96127914925626e-27
0,MIR22HG,-10.818813,-1.3399539,2.8038386336234547e-27,9.803631586095996e-27
0,EFNA1,-10.846788,-0.6643062,2.065569261074834e-27,7.273131200967725e-27
0,SLN,-10.858412,,1.8188488558478937e-27,6.427027759179837e-27
0,CFAP126,-10.862209,-4.0888324,1.744768866096495e-27,6.208164381722281e-27
0,S100A6,-10.868641,-0.5897133,1.6260522310670578e-27,5.807329396668063e-27
0,RGS4,-10.881582,,1.4109283211813586e-27,5.093604047586132e-27
0,DRC1,-10.892741,-2.5345788,1.2482609487635741e-27,4.522684596969471e-27
0,GATA2,-10.94528,-0.6703766,7.000082950405316e-28,2.5547747994179982e-27
0,KISS1,-10.953262,,6.409691716121245e-28,2.3565043073975164e-27
0,SERPINE1,-10.966514,-2.7653584,5.53665505472123e-28,2.0430461456535903e-27
0,SPAG6,-10.988366,-2.503537,4.347254103033071e-28,1.6100941122344704e-27
0,ADM,-11.027655,-0.80767953,2.8110113691490433e-28,1.0449856390888635e-27
0,GJA4,-11.060201,,1.9565858171055879e-28,7.3006933474089095e-28
0,RGCC,-11.060433,-2.7264469,1.951521017197853e-28,7.3006933474089095e-28
0,EDN1,-11.073685,-1.3841817,1.6833392380137635e-28,6.328343000051743e-28
0,FEZF1,-11.111114,-2.1027262,1.1076986442430956e-28,4.195828197890513e-28
0,RP4-665J23.1,-11.149937,-1.3126081,7.165730013701527e-29,2.7350114556112696e-28
0,KPNA2,-11.150712,-1.1080596,7.103594408394584e-29,2.7216836813772353e-28
0,CYP26A1,-11.177059,-1.7716982,5.281125725353259e-29,2.0312022020589456e-28
0,ICAM2,-11.213016,,3.51994303008356e-29,1.3590513629666256e-28
0,NELL2,-11.342582,-0.88871604,8.072706076640982e-30,3.141130769121005e-29
0,PCAT19,-11.351494,,7.290667457265832e-30,2.847916975494466e-29
0,CTSV,-11.3589325,-2.3058915,6.695767992479778e-30,2.6257913695999126e-29
0,PECAM1,-11.38342,,5.0576549758969395e-30,1.991202746416118e-29
0,S100A3,-11.483075,-2.868711,1.604702159563859e-30,6.367865712554997e-30
0,DLL4,-11.50516,,1.2425859551841519e-30,4.950541654120127e-30
0,FST,-11.509112,,1.1869404533453773e-30,4.747761813381509e-30
0,CHGB,-11.544371,,7.8815910001006e-31,3.165297590401847e-30
0,PENK,-11.640771,-0.41997698,2.556934347510747e-31,1.035196092109614e-30
0,CDCA3,-11.655727,-2.475469,2.145414155552197e-31,8.75679247164162e-31
0,PPIC,-11.662933,-0.84659195,1.9713080896284462e-31,8.079131514870682e-31
0,C1orf168,-11.680447,,1.604495767222577e-31,6.6028632395990825e-31
0,GPRC5A,-11.759489,-1.0640138,6.311525214931536e-32,2.618890130676986e-31
0,CHN1,-11.766308,-0.80719393,5.821692548232951e-32,2.425705228430396e-31
0,CLDN10,-11.813579,-0.8749403,3.321197272801258e-32,1.3896222898750035e-31
0,HOXC8,-11.820397,-2.8140814,3.062319728440546e-32,1.2866889615296413e-31
0,GRIK1,-11.821404,-2.7269986,3.0258145794671766e-32,1.2767150124334078e-31
0,NR2F1,-11.836825,-0.43859562,2.518035395468515e-32,1.0669641506222522e-31
0,ASCL4,-11.850232,,2.1459598232376426e-32,9.13174392867082e-32
0,SFN,-11.859221,,1.927600733884672e-32,8.23760997386612e-32
0,PLAU,-11.930436,-1.5682837,8.214196010653845e-33,3.5406017287301054e-32
0,TPPP3,-12.010253,-1.3508773,3.138835318280115e-33,1.3706704446638057e-32
0,RSPO3,-12.042025,-1.5000169,2.1364682794919274e-33,9.370474910052313e-33
0,ECSCR,-12.054656,,1.8329648114130604e-33,8.074734852039914e-33
0,CARTPT,-12.099601,,1.0612545001361798e-33,4.737743304179374e-33
0,TRIB3,-12.160587,-1.0678501,5.039499660567932e-34,2.280316588492277e-33
0,RP11-61A14.1,-12.164539,-0.5584498,4.801452829556058e-34,2.182478558889117e-33
0,GABRP,-12.175776,,4.183964774155136e-34,1.9104861982443544e-33
0,RASGRP3,-12.203441,,2.9796271278852467e-34,1.3731000589332935e-33
0,TMEM155,-12.20499,,2.923431929759331e-34,1.3534407082219124e-33
0,LINC00643,-12.227618,-3.9487457,2.213341996274012e-34,1.0342719608757064e-33
0,FCN3,-12.273881,,1.2510997179520596e-34,5.90141376392481e-34
0,SMIM5,-12.292634,-4.67259,9.921977002255456e-35,4.702358768841449e-34
0,CLEC1B,-12.3743105,,3.599728636137801e-35,1.722358199108996e-34
0,HIST1H2BG,-12.464201,-0.49622098,1.170388215686305e-35,5.681496192651966e-35
0,NTM,-12.515036,-0.91922194,6.177998433605941e-36,3.013657772490703e-35
0,PRKCDBP,-12.548822,-3.5469265,4.0346574737067525e-36,1.987515996899878e-35
0,APLN,-12.54952,,3.9992801185486666e-36,1.9798416428458743e-35
0,ID3,-12.57455,-1.0045549,2.9145623574152194e-36,1.4500310235896612e-35
0,GSX2,-12.638868,,1.2889618897778858e-36,6.477195426019527e-36
0,EGR1,-12.644913,-0.9018057,1.1935743959929934e-36,6.028153515116129e-36
0,ANXA1,-12.725581,-2.3814356,4.2628867356758635e-37,2.1973642967401356e-36
0,C11orf88,-12.740692,-3.1390493,3.512627588283889e-37,1.8200142944476107e-36
0,BAALC,-12.749139,-1.5171468,3.1520655457359016e-37,1.6502960972439274e-36
0,SERPINB4,-12.812528,,1.395147206004964e-37,7.381731248703513e-37
0,NSG1,-12.83903,-1.4739947,9.910857812732454e-38,5.271732879113008e-37
0,ARHGDIB,-12.88816,,5.248114764649065e-38,2.8064784837695536e-37
0,FOS,-12.950929,-1.199245,2.3212976326667307e-38,1.2547554771171517e-37
0,CD34,-12.977199,,1.647996358760732e-38,8.956501949786588e-38
0,TDRD10,-12.98704,,1.449252003115438e-38,7.919409853089825e-38
0,ID1,-13.004786,-0.9954294,1.1492121710387224e-38,6.34923851402609e-38
0,FGFBP3,-13.009357,-2.8518898,1.0824862484887806e-38,6.013812491604337e-38
0,ESAM,-13.08406,,4.061556110433739e-39,2.294664469171604e-38
0,SLC39A2,-13.125595,,2.3492924659456068e-39,1.3348252647418221e-38
0,MYCT1,-13.13598,,2.048244656147899e-39,1.1704255177987995e-38
0,PACRG,-13.165116,-1.4669318,1.3932303019964609e-39,8.007070701129086e-39
0,CRTAC1,-13.191309,,9.84611699304465e-40,5.691397105806156e-39
0,KLF5,-13.20208,-1.3084552,8.534556071699403e-40,4.961951204476398e-39
0,PLVAP,-13.212386,,7.442688741084547e-40,4.352449556189794e-39
0,IL3RA,-13.261361,,3.8779171182557796e-40,2.2811277166210467e-39
0,C1orf194,-13.264539,,3.717021244985857e-40,2.199420855021217e-39
0,ADGRL4,-13.276162,,3.1829373257006416e-40,1.8946055510122866e-39
0,ZMYND10,-13.278874,-4.7382975,3.0697339251825048e-40,1.838164027055392e-39
0,ARL6IP1,-13.303052,-1.2467567,2.222092909706631e-40,1.3386101865702595e-39
0,CLDN6,-13.319635,,1.7797475552142328e-40,1.0786348819480198e-39
0,SAMSN1,-13.382326,,7.670835457339929e-41,4.677338693499957e-40
0,ZIC4,-13.431611,-1.1961342,3.947284910344085e-41,2.4216471842601746e-40
0,CDO1,-13.467413,-1.0875922,2.432415130878861e-41,1.501490821530161e-40
0,SLC9A3R1,-13.509568,-3.9173615,1.3732452260372226e-41,8.582782662732641e-41
0,PCSK1N,-13.572569,-1.8270007,5.824410505914083e-42,3.6863357632367614e-41
0,NFIA-AS2,-13.643319,-1.3981928,2.2125562947963355e-42,1.4092715253479843e-41
0,GDPD5,-13.673077,-0.9933542,1.470447223852517e-42,9.425943742644341e-42
0,NR4A1,-13.683616,-1.7595251,1.2720747701309264e-42,8.206934000844686e-42
0,LINC01361,-13.727166,-0.86110055,6.981145418249452e-43,4.533211310551592e-42
0,TM4SF18,-13.750956,,5.026110626675475e-43,3.2850396252780884e-42
0,S100A16,-13.75855,-1.1285982,4.525117096779031e-43,2.9770507215651524e-42
0,DUSP1,-13.786602,-0.98893476,3.068773066705676e-43,2.0323000441759443e-42
0,GAP43,-13.80861,-1.2274529,2.2615380944231636e-43,1.507692062948776e-42
0,CBLN2,-13.825425,-2.3533528,1.7905034443843113e-43,1.2016801640163164e-42
0,MAL,-13.937789,-6.46701,3.733270839822391e-44,2.5746695447050975e-43
0,SERPIND1,-13.944802,,3.3838566771414585e-44,2.3499004702371243e-43
0,MAFB,-13.9563875,-0.77597183,2.876503747502316e-44,2.0257068644382507e-43
0,TTLL10,-14.000402,-1.6421878,1.549903627728387e-44,1.0992224310130405e-43
0,SERPINB2,-14.015359,,1.2556262300357602e-44,8.968758785969715e-44
0,OLIG2,-14.046665,,8.074772855261749e-45,5.809189104504855e-44
0,SCGN,-14.143918,,2.036252341345535e-45,1.4972443686364228e-44
0,DLX5,-14.215443,-1.9366614,7.348510068953931e-46,5.4433407918177265e-45
0,SEPP1,-14.230747,-0.54213494,5.904720628860199e-46,4.406507931985223e-45
0,DDIT3,-14.2775135,-0.61398494,3.0219068772266174e-46,2.2721104340049752e-45
0,KCNA3,-14.288672,,2.5746958003752897e-46,1.9505271214964315e-45
0,GIMAP4,-14.365313,,8.542068690218895e-47,6.57082206939915e-46
0,HES4,-14.393985,-1.1205564,5.644797086746403e-47,4.37581169515225e-46
0,SPARC,-14.406925,-0.83733296,4.680876589638998e-47,3.656934835655467e-46
0,FTH1,-14.425368,-0.17557518,3.58349898872359e-47,2.844046816447294e-46
0,HPGD,-14.431181,,3.2939418209767675e-47,2.635153456781414e-46
0,TUBB4B,-14.439549,-1.1467202,2.9174183582134508e-47,2.3527567404947183e-46
0,SYT4,-14.494724,-1.6388674,1.3082713701636523e-47,1.0723535821013545e-46
0,ECEL1,-14.554703,,5.4522348323047326e-48,4.505979200251845e-47
0,CDKN1A,-14.5779505,-0.73919773,3.879910783919364e-48,3.2332589865994704e-47
0,SP9,-14.623206,-4.4843965,1.997681085922611e-48,1.692950072815772e-47
0,OLFM1,-14.629328,-2.70996,1.825825559011225e-48,1.5605346658215598e-47
0,LINC00950,-14.657767,,1.2015972491883766e-48,1.0358596975761867e-47
0,CDH5,-14.666601,,1.0549861660601792e-48,9.173792748349383e-48
0,PLTP,-14.700388,-1.8521532,6.409162118726231e-49,5.671824883828523e-48
0,TXLNB,-14.742776,-5.0673084,3.4241557691903375e-49,3.057281936777087e-48
0,ST7-AS1,-14.772998,,2.1876204336596168e-49,1.9887458487814697e-48
0,EGR2,-14.827475,-2.5682142,9.732598089422064e-50,8.928989072864278e-49
0,SARAF,-14.858859,-0.6745539,6.095455173275747e-50,5.6439399752553214e-49
0,HERPUD1,-14.8749,-0.46644354,4.797028793712376e-50,4.483204480105025e-49
0,KDR,-14.901324,,3.2310996177384127e-50,3.0482071865456724e-49
0,TNFRSF12A,-14.935188,-1.8945282,1.9452307123519775e-50,1.852600678430455e-49
0,ANXA2,-15.020662,-1.107889,5.376783977219594e-51,5.220178618659801e-50
0,CRH,-15.04484,-3.0557973,3.7323632824121624e-51,3.695409190507091e-50
0,DNAI1,-15.054449,-6.6773624,3.227786134094445e-51,3.2277861340944447e-50
0,CAV1,-15.057703,,3.0727708810152886e-51,3.1038089707225134e-50
0,DLX1,-15.076302,,2.319006081830167e-51,2.3663327365613947e-50
0,RP11-1085N6.5,-15.11466,,1.2963839703904152e-51,1.3503999691566825e-50
0,DDIT4,-15.166889,-0.81890404,5.8588129812514636e-52,6.167171559212067e-51
0,SPP1,-15.174949,,5.181814705278467e-52,5.512568835402624e-51
0,STOML3,-15.1909895,-2.8462815,4.057472111997761e-52,4.3628732387072695e-51
0,DLK1,-15.208968,-3.988863,3.083668570661083e-52,3.351813663762047e-51
0,PAK3,-15.221057,-2.5141788,2.5635721604789974e-52,2.8171122642626346e-51
0,SRBD1,-15.224311,-0.33537593,2.4391385935376305e-52,2.7101539928195894e-51
0,VAMP5,-15.495533,-1.896972,3.7186272727724335e-54,4.27428422157751e-53
0,TMSB4X,-15.4966955,-0.81543535,3.6519738950058704e-54,4.24648127326264e-53
0,LGALS3BP,-15.528933,-1.8156176,2.2102931634420658e-54,2.631301385050078e-53
0,HAMP,-15.632074,-4.448248,4.402364345721582e-55,5.30405342858022e-54
0,LINC00907,-15.668108,,2.499087732070158e-55,3.047667965939217e-54
0,SFTA3,-15.6899605,,1.77165331189013e-55,2.187226310975469e-54
0,LINC01411,-15.708559,-2.4288874,1.3214926135193925e-55,1.6518657668992405e-54
0,SFRP2,-15.873927,-1.2670785,9.60397452051571e-57,1.2312787846815014e-55
0,PRND,-15.887487,,7.736658425867914e-57,1.0047608345283005e-55
0,TUBA1A,-15.975208,-0.8749226,1.9021660809906268e-57,2.536221441320836e-56
0,RP11-490O6.2,-16.001556,-2.3837438,1.2462108488150744e-57,1.6840687146149655e-56
0,PLA2G2A,-16.018217,,9.534557474486738e-58,1.3061037636283203e-56
0,PDE1A,-16.03511,-2.1561081,7.265479324437365e-58,1.0090943506163007e-56
0,MAP1B,-16.036892,-1.392603,7.059983773667526e-58,9.943639117841588e-57
0,SOST,-16.122677,,1.767853034286682e-58,2.5621058467922926e-57
0,CLU,-16.146389,-2.5951712,1.2040806044318496e-58,1.770706771223308e-57
0,EZR,-16.157082,-1.686041,1.0124105788285232e-58,1.511060565415706e-57
0,LPL,-16.193659,,5.590345160844542e-59,8.470219940673547e-58
0,KLF6,-16.280294,-1.0141134,1.3621132597568003e-59,2.1283019683700005e-58
0,RP11-676J12.4,-16.286263,-1.5640581,1.235546271505179e-59,1.9611845579447286e-58
0,FABP7,-16.287657,-0.89247423,1.2076909438088105e-59,1.9478886190464687e-58
0,DOK5,-16.321598,-0.7107905,6.929762406224488e-60,1.1360266239712275e-58
0,ASCL1,-16.443804,,9.290196636377705e-61,1.548366106062951e-59
0,IBSP,-16.484022,,4.779726071327872e-61,8.101230629369274e-60
0,NR4A2,-16.510601,,3.078028186000059e-61,5.306945148275963e-60
0,NKX2-8,-16.538033,,1.9529541439614355e-61,3.42623534028322e-60
0,CCDC170,-16.54183,-1.259763,1.8336551773129227e-61,3.2743842452016474e-60
0,FAM181A,-16.576935,,1.0231725385840147e-61,1.8603137065163903e-60
0,RSPO1,-16.733004,-4.820739,7.534190712152015e-63,1.4772922965003952e-61
0,PDPN,-16.863888,-5.4325266,8.294990465129916e-64,1.658998093025983e-62
0,GMNC,-17.111784,,1.2122903545847633e-65,2.5256049053849233e-64
0,TM4SF1,-17.111784,-2.3133347,1.2122903545847633e-65,2.5256049053849233e-64
0,ZIC1,-17.12922,-1.513002,8.985184012620496e-66,1.9533008723088036e-64
0,CLDN5,-17.15115,,6.162101026999197e-66,1.3693557837775995e-64
0,TUBB2A,-17.153708,-2.655789,5.896782683075959e-66,1.3401778825172634e-64
0,DLX2,-17.175482,,4.052700150714025e-66,9.424884071427966e-65
0,FGF19,-17.196173,,2.836600769469993e-66,6.7538113558809344e-65
0,APCDD1,-17.217327,-0.7684249,1.9686949515339748e-66,4.801695003741402e-65
0,TRAC,-17.250494,,1.1094554034128086e-66,2.7736385085320215e-65
0,S100A9,-17.27785,,6.907615498953538e-67,1.771183461270138e-65
0,PPP1R42,-17.406487,,7.366928709915327e-68,1.9386654499777177e-66
0,RIPPLY3,-17.43198,,4.718286519677646e-68,1.2752125728858503e-66
0,CLEC14A,-17.454222,,3.197089310031433e-68,8.880803638976204e-67
0,TMEM156,-17.647873,,1.0566020972492819e-69,3.10765322720377e-68
0,ESM1,-17.671276,,6.979984850093771e-70,2.1151469242708394e-68
0,TTYH1,-17.735672,-4.193631,2.2242099916070254e-70,6.950656223771954e-69
0,AQP3,-17.898018,,1.221943317240725e-71,3.9417526362604034e-70
0,SPARCL1,-18.079117,,4.654797135107065e-73,1.5515990450356883e-71
0,BARHL2,-18.321667,,5.558435003288135e-75,1.9167017252717704e-73
0,HPCAL4,-18.372501,-2.801227,2.181237991511632e-75,7.790135683970115e-74
0,SOX2,-18.399778,,1.3190285824700174e-75,4.8852910461852496e-74
0,CFAP161,-18.561813,-3.24097,6.545634233780745e-77,2.51755162837721e-75
0,TNFSF10,-18.572042,,5.410440141953195e-77,2.1641760567812778e-75
0,SAT1,-18.714628,-1.0539668,3.762356533190281e-78,1.6358071883436005e-76
0,MX1,-18.861166,-1.4428524,2.37915507573584e-79,1.0814341253344727e-77
0,RSPO2,-18.975777,,2.7048516289257408e-80,1.2880245852027336e-78
0,DHRS2,-19.076052,-1.4142232,3.99312276454164e-81,1.99656138227082e-79
0,ZNF503-AS1,-19.091085,,2.994862250361561e-81,1.5762432896639794e-79
0,DIO3,-19.321934,,3.512458254305937e-83,1.9513656968366316e-81
0,CD9,-19.339989,-4.144062,2.475281801380633e-83,1.4560481184591957e-81
0,HES1,-19.356417,-1.137145,1.7997566608554835e-83,1.124847913034677e-81
0,RP11-525K10.3,-19.447935,,3.0340396872685414e-84,2.0226931248456944e-82
0,S100A8,-19.488697,,1.3692568915678855e-84,9.780406368342038e-83
0,NTNG1,-19.708464,-1.5310256,1.8242248313281912e-86,1.403249870252455e-84
0,CITED2,-19.76015,-1.6336393,6.56087498417353e-87,5.467395820144609e-85
0,GZMA,-19.85407,-3.661182,1.0162467425347605e-87,9.238606750316005e-86
0,CRYAB,-20.073606,,1.255565463792226e-89,1.2555654637922258e-87
0,TCTEX1D4,-20.36606,,3.3453108980751376e-92,3.7170121089723755e-90
0,MS4A8,-21.012577,,5.032880831308913e-98,8.388134718848188e-96
0,CLEC3A,-21.317274,,7.849835456506008e-101,1.962458864126502e-98
1,AURKA,28.580116,3.8700762,1.18709535673412e-179,1.18709535673412e-176
1,CENPA,28.530407,3.5846689,4.9168680527051644e-179,1.5524311474179073e-176
1,NEK2,28.524986,3.1660428,5.7403204483919595e-179,1.5524311474179073e-176
1,TOP2A,28.522234,3.3756316,6.20972458967163e-179,1.5524311474179073e-176
1,KPNA2,28.495544,3.0693605,1.3302082536549085e-178,2.660416507309817e-176
1,NUSAP1,28.485453,3.125271,1.7739475338025185e-178,2.9565792230041975e-176
1,CDCA3,28.475613,3.720572,2.348657341895565e-178,3.1713772608450145e-176
1,CENPF,28.472025,3.2069664,2.6014932837227086e-178,3.1713772608450145e-176
1,UBE2C,28.468773,4.2183166,2.8542395347605125e-178,3.1713772608450145e-176
1,PLK1,28.44692,3.798563,5.319708601654558e-178,5.319708601654558e-176
1,CCNB1,28.331242,3.692417,1.4252546090104741e-176,1.2956860081913402e-174
1,TUBB4B,28.249006,2.565068,1.4639028985303326e-175,1.2199190821086104e-173
1,CDKN3,28.211475,3.3138607,4.2289254141404477e-175,3.253019549338806e-173
1,ARL6IP1,28.168774,3.1377673,1.4115016787902534e-174,1.008215484850181e-172
1,CDC20,28.12607,3.4999137,4.702641116497874e-174,3.1350940776652494e-172
1,HMGB2,28.104136,2.8363426,8.719876142741147e-174,5.449922589213216e-172
1,CCNB2,28.033827,3.0276651,6.290286514479194e-173,3.700168537928937e-171
1,PTTG1,27.943419,3.4895387,7.925257133033384e-172,4.402920629462991e-170
1,CDK1,27.075613,2.7225816,1.9078792986859108e-161,1.004146999308374e-159
1,FAM102B,24.488377,1.0863166,1.9645647558348093e-132,9.822823779174047e-131
1,GEM,24.43158,1.0616254,7.899858864228938e-132,3.761837554394732e-130
1,TANGO6,22.310816,0.60316473,2.901590333067684e-110,1.3189046968489475e-108
1,CCNA1,21.427164,2.0133932,7.45882948353401e-102,3.2429693406669606e-100
1,CLDN10,21.220158,1.1541891,6.221498518190935e-100,2.5922910492462227e-98
1,HIST1H2BG,20.816656,0.69572675,3.0579988111425605e-96,1.223199524457024e-94
1,TOX,19.15669,0.642048,8.51159018162189e-82,3.1524408080081077e-80
1,RP11-510C10.2,19.034924,1.1473582,8.762173035538377e-81,2.920724345179459e-79
1,H3F3B,19.018242,0.4321043,1.2045482059035946e-80,3.885639373882563e-79
1,CTSS,18.802229,0.82111204,7.24084514638374e-79,2.262764108244919e-77
1,XX-FW83563B9.5,17.79414,0.34980437,7.846241176082171e-71,2.3077179929653442e-69
1,MEGF11,17.762447,0.8451205,1.380808539752707e-70,3.9451672564363053e-69
1,TUBA1B,17.563866,0.8716949,4.659179375378008e-69,1.2260998356257917e-67
1,SRBD1,17.302649,0.37229785,4.492572972559177e-67,1.0957495055022382e-65
1,HIST1H4C,17.04827,2.1168993,3.6003539325639723e-65,8.182622574009029e-64
1,RP11-559M23.1,16.765202,0.90600735,4.38531185552952e-63,9.136066365686501e-62
1,RP11-290H9.5,16.385386,0.7217886,2.432256400429514e-60,4.769130196920616e-59
1,MPPED2,16.080463,0.60903084,3.4974831933363045e-58,6.725929217954432e-57
1,NFIA,16.018663,0.49153757,9.466420656175325e-58,1.75304086225469e-56
1,NTNG1,15.874292,0.7635354,9.548122367794327e-57,1.675109187332338e-55
1,GRIK1,15.651274,1.434019,3.2563603334246626e-55,5.338295628565021e-54
1,DHRS9,15.123668,2.4478586,1.1306521317338913e-51,1.6875404951252107e-50
1,VWC2,15.026546,0.76447225,4.9200244635822586e-51,7.028606376546083e-50
1,LINC00562,15.006487,0.5716039,6.658167651449256e-51,9.2474550714573e-50
1,IFI6,14.551275,0.31327066,5.732449720259193e-48,6.990792341779503e-47
1,INHBA,14.515578,0.73097557,9.65394834443596e-48,1.1492795648138047e-46
1,RGS6,14.351358,0.8360332,1.0447022788649063e-46,1.2008072170860993e-45
1,GABRB1,13.906239,0.6202797,5.805333388603744e-44,6.2422939662405846e-43
1,ZNF503,13.838265,0.4440665,1.4977799675540976e-43,1.593382944206487e-42
1,ZFHX4-AS1,13.465455,0.5149981,2.4977523445493563e-41,2.522982166211471e-40
1,ALPK1,13.330342,0.6416878,1.5418826050803895e-40,1.526616440673653e-39
1,RASSF9,13.186807,0.3875603,1.045201186119389e-39,9.954297010660847e-39
1,ID2,12.7958975,0.8396689,1.728434768782182e-37,1.5161708498089317e-36
1,CHN1,12.741603,0.24667019,3.4718909853824684e-37,3.0190356394630156e-36
1,IFI44,12.522587,0.586065,5.6173920322053275e-36,4.8011897711156644e-35
1,FAP,12.515581,0.51241314,6.13571591111193e-36,5.199759246705026e-35
1,NTF3,12.481135,0.46082246,9.462708198280939e-36,7.756318195312245e-35
1,CLEC3A,12.3006525,3.3652425,8.984563027339723e-35,6.964777540573429e-34
1,MAB21L1,12.2357645,0.61647326,2.0020968998275507e-34,1.5167400756269322e-33
1,FGF4,12.164956,,4.777024287681168e-34,3.5385365093934575e-33
1,HAMP,12.15378,1.0326086,5.47732914199001e-34,4.0274478985220656e-33
1,APCDD1,12.051361,0.4563183,1.907724465566158e-33,1.382409033018955e-32
1,ST7-AS1,11.939769,1.1736624,7.342713287051023e-33,5.207598075922711e-32
1,KLF6,11.808909,0.53318524,3.5108408191970066e-32,2.4380839022201437e-31
1,RGS13,11.733013,0.9703137,8.632965869355106e-32,5.9129903214761e-31
1,CA9,11.715332,0.48114157,1.0637384024576808e-31,7.236315662977421e-31
1,H1F0,11.646608,0.57031316,2.3877486726969263e-31,1.602515887716058e-30
1,LGALS1,11.599069,0.75972986,4.1658790403176075e-31,2.7433819579497603e-30
1,RP11-111M22.5,11.578801,0.69760025,5.2778687617298895e-31,3.449587425967248e-30
1,RUNX2,11.5567,0.52840203,6.828279258363054e-31,4.4053414570084214e-30
1,CREB5,11.542021,0.45137507,8.099942669944137e-31,5.192270942271883e-30
1,CYP26A1,11.534431,0.89045197,8.846981452070529e-31,5.635020033165942e-30
1,ZNF474,11.425007,0.60467213,3.1363040437430413e-30,1.9241129102718044e-29
1,GSC,11.350195,0.50365454,7.399771685102745e-30,4.484710112183482e-29
1,TUBB2B,11.346775,0.7734653,7.694857431250296e-30,4.63545628388572e-29
1,PAK3,11.31967,0.72132933,1.0486672357721129e-29,6.24206687959591e-29
1,T,11.2194195,,3.274134959184565e-29,1.925961740696803e-28
1,PDGFRA,11.189144,0.4195517,4.6086094169531136e-29,2.6794240796239035e-28
1,PRRX1,11.157368,0.5380405,6.591445147382488e-29,3.766540084218565e-28
1,SLITRK6,11.11992,0.5009686,1.0036219240654917e-28,5.6383254160982685e-28
1,MAB21L2,11.045608,0.5127687,2.3020410121095777e-28,1.2789116733942098e-27
1,WIF1,10.99223,0.5898807,4.1650519111885575e-28,2.275984650922709e-27
1,LHX9,10.903573,0.51606154,1.1081824563994092e-27,5.9261093925102094e-27
1,HOXB5,10.86525,0.4402321,1.687611950838376e-27,8.929163761049607e-27
1,KCNJ2,10.733014,0.47348773,7.12337531704351e-27,3.7295158727976487e-26
1,ATOH1,10.68681,1.0984025,1.1733834301696066e-26,6.111372032133368e-26
1,GAS2,10.642105,0.46418256,1.897913378860458e-26,9.783058653919886e-26
1,CCDC170,10.632931,0.56335473,2.094248318544869e-26,1.0684940400739128e-25
1,PLSCR2,10.466543,,1.2305542501214584e-25,6.152771250607292e-25
1,RP11-32K4.1,10.428178,0.94179493,1.843909768240742e-25,9.173680439008665e-25
1,SP9,10.420588,0.83129144,1.9971493527549962e-25,9.886877983935625e-25
1,VIM,10.405325,0.43021652,2.344543116222818e-25,1.1549473478930137e-24
1,GABRD,10.40324,0.9971324,2.396432211316388e-25,1.1747216722139157e-24
1,SERTAD4,10.396401,0.4158223,2.574747970435701e-25,1.2559746197247323e-24
1,RP11-382A20.7,10.357035,0.5278574,3.8882872855362446e-25,1.8875180997748763e-24
1,BASP1,10.316585,0.41874212,5.929496489420772e-25,2.8235697568670345e-24
1,LRRC17,10.230513,0.44054586,1.4475052060401735e-24,6.764043018879315e-24
1,IFI44L,10.226426,0.4721847,1.5098869946536593e-24,7.022730207691439e-24
1,TUBA1A,10.205576,0.60444915,1.8720779875479556e-24,8.667027720129424e-24
1,PTHLH,10.164041,0.5212878,2.869315775492423e-24,1.3161998970148729e-23
1,EFEMP1,10.082473,0.3150307,6.604251354852426e-24,2.9615476927589354e-23
1,TUBB2A,10.026176,0.7735903,1.1695848726211837e-23,5.175154303633556e-23
1,LINC01411,9.901739,0.68447644,4.0909686399701536e-23,1.7942844912149795e-22
1,DHRS2,9.864959,0.4883462,5.905866934508121e-23,2.567768232394835e-22
1,SOX2,9.489062,0.6283265,2.3312089241122653e-21,9.7949954794633e-21
1,CER1,9.477636,,2.6010750610860588e-21,1.0883159251406105e-20
1,ASCL1,9.443108,0.74762654,3.618834403469331e-21,1.5078476681122212e-20
1,FGF8,9.437687,0.6284824,3.811001791703187e-21,1.5813285442751814e-20
1,EBF1,9.410414,0.40535077,4.941868525872535e-21,2.0336907513878745e-20
1,PAX1,9.409246,0.5009645,4.997072356438382e-21,2.0479804739501566e-20
1,MSX2,9.400489,0.41515437,5.4310067857467436e-21,2.2167374635700994e-20
1,MROH8,9.387311,0.3144486,6.155134101826541e-21,2.5020870332628215e-20
1,RFTN2,9.348613,0.35527772,8.880500104966693e-21,3.5664659056091134e-20
1,MAFB,9.173133,0.38291228,4.59466387204002e-20,1.8117249670153638e-19
1,CORIN,9.158955,0.3374815,5.24024407311225e-20,2.054997675730294e-19
1,OSR2,9.101741,0.4428914,8.889569832853437e-20,3.445569702656371e-19
1,RP11-21B23.2,9.100323,0.4916487,9.006393940061393e-20,3.4773721776298817e-19
1,TNFAIP6,9.096319,0.4456969,9.344503623477427e-20,3.5940398551836254e-19
1,MT1X,9.071299,1.2228905,1.1760707145433791e-19,4.471751766324635e-19
1,EMX2,9.059122,0.5406134,1.3150525197777638e-19,4.981259544612742e-19
1,SOSTDC1,9.04044,0.26627317,1.5604329660153112e-19,5.82251106722131e-19
1,ZNF592,9.029847,0.2566206,1.7191158465780103e-19,6.390765228914536e-19
1,RP5-1159O4.2,8.999072,0.45915535,2.2763433158506817e-19,8.368909249451035e-19
1,RP11-247C2.2,8.979388,0.56637836,2.722755122396319e-19,9.973461986799703e-19
1,PTGER2,8.975636,0.39888147,2.817207827545495e-19,1.0281780392501805e-18
1,DKK1,8.779139,0.4220626,1.6473137469179315e-18,5.82089663221884e-18
1,DNM3OS,8.672967,0.39475834,4.210041657302554e-18,1.4669134694433987e-17
1,NFIB,8.667129,0.41865855,4.431537048599021e-18,1.5387281418746603e-17
1,HBD,8.652116,0.4191674,5.055310114814862e-18,1.7492422542611983e-17
1,EMP1,8.640106,0.33579722,5.616075488616149e-18,1.9365777546952237e-17
1,CH25H,8.607996,0.32844537,7.434870626655939e-18,2.546188570772582e-17
1,PCDHA9,8.579389,0.80971116,9.537833814409077e-18,3.255233383757364e-17
1,ZMYND10,8.578555,0.81280684,9.607232812405412e-18,3.2677662627229296e-17
1,ID1,8.529014,0.5814217,1.4760053814492613e-17,4.969715089054752e-17
1,XXbac-BPG181B23.7,8.506329,0.46554124,1.7952816288561757e-17,6.024434996161664e-17
1,IGF1,8.473051,0.391961,2.3904868300001513e-17,7.994939230769738e-17
1,TAC1,8.394735,0.28478304,4.669444824888084e-17,1.5360015871342382e-16
1,NTS,8.374803,,5.5316710959345585e-17,1.810297826241601e-16
1,ZIC1,8.370799,0.47916815,5.722892892196436e-17,1.8641344925721289e-16
1,PTX3,8.346696,0.3808374,7.019942297418031e-17,2.271825986219428e-16
1,BHMT,8.34461,0.82385325,7.144904080549942e-17,2.304807767919336e-16
1,SOX3,8.34411,0.52818084,7.175219844028897e-17,2.3071446443822823e-16
1,HOXC5,8.328597,0.4223466,8.180598414143983e-17,2.621986671199995e-16
1,RP11-676J12.4,8.279806,0.5613276,1.2337562847550019e-16,3.9276741025624583e-16
1,HOXC9,8.16371,0.40008405,3.248887473349822e-16,1.0089712650154726e-15
1,ZCCHC12,8.159373,0.27974102,3.367684002693415e-16,1.0426266262208715e-15
1,MT1H,8.096237,-1.9464939,5.668531595415751e-16,1.7388133728269175e-15
1,MIXL1,8.075219,-2.9779394,6.735534095199382e-16,2.0591386119381555e-15
1,LOX,8.039189,0.26713154,9.043457816347387e-16,2.7487713727499656e-15
1,EMP3,7.962793,0.2598872,1.6819916405437157e-15,5.096944365283987e-15
1,CTSK,7.926846,0.31185952,2.247815904956614e-15,6.784179169379925e-15
1,FRMD5,7.9265957,0.32770482,2.2523474842341352e-15,6.784179169379925e-15
1,C11orf88,7.918339,0.7935668,2.4070433337030416e-15,7.206716567973178e-15
1,C7,7.893068,0.42241418,2.9484689317930605e-15,8.775205154146013e-15
1,NKX2-8,7.884394,0.8517672,3.1606531773246903e-15,9.378792811052493e-15
1,ADAMTSL1,7.839857,0.33445036,4.5105966375780544e-15,1.3227556121929777e-14
1,TWIST2,7.821425,0.3734681,5.2228671244505625e-15,1.5138745288262502e-14
1,NODAL,7.8208413,,5.247149727760562e-15,1.516517262358544e-14
1,RP11-802E16.3,7.8001575,0.29304948,6.183003749500886e-15,1.776725215373818e-14
1,FEZF1-AS1,7.784978,0.49681875,6.972531719772598e-15,1.9978600916253864e-14
1,SFRP2,7.756788,0.4282386,8.710741800564972e-15,2.488783371589992e-14
1,CBLN4,7.723093,0.7477746,1.1354008129830092e-14,3.207346929330535e-14
1,TNMD,7.5964046,0.314684,3.044719055784036e-14,8.528624806117748e-14
1,IL11RA,7.566463,0.37340015,3.8352372243965494e-14,1.068311204567284e-13
1,DMRT2,7.5307665,0.28244212,5.0443321474046927e-14,1.4012033742790814e-13
1,CTB-113D17.1,7.528014,0.27456594,5.1517784602644955e-14,1.4258721438354214e-13
1,GATA2,7.527764,0.36890736,5.1616571606842255e-14,1.4258721438354214e-13
1,C1QTNF7,7.520258,0.3582421,5.4668354307248273e-14,1.506015270172129e-13
1,FHL2,7.493986,0.31894886,6.681290501172634e-14,1.8228314760924303e-13
1,COL9A2,7.493819,0.24294882,6.689791517259219e-14,1.8228314760924303e-13
1,CCDC42,7.419841,0.36672345,1.1726113563803138e-13,3.1778085538761895e-13
1,HOXA10,7.3748035,0.43935692,1.6458775912032685e-13,4.4244021268905066e-13
1,SPOCK3,7.374053,0.28421736,1.655176264684295e-13,4.437469878510174e-13
1,SHISA3,7.3565383,0.53220713,1.8874089770466884e-13,5.033090605457835e-13
1,PENK,7.29849,0.22773007,2.9101536880730554e-13,7.739770447002807e-13
1,TPBG,7.28648,0.43061545,3.1815824173472093e-13,8.439210656093393e-13
1,AMBN,7.283811,0.3383919,3.2451955476369716e-13,8.585173406447014e-13
1,SERPINE2,7.280725,0.17943,3.320306410742042e-13,8.760702930717789e-13
1,FEZF1,7.2502,0.46238455,4.1615756402276673e-13,1.0865732742108791e-12
1,ITM2A,7.246113,0.27640462,4.2890240524686034e-13,1.1169333469970321e-12
1,PAPPA2,7.225429,0.20424853,4.995220521614009e-13,1.2940985807290179e-12
1,GLT8D2,7.2190905,0.34262684,5.233642332265957e-13,1.3523623597586452e-12
1,GNG3,7.2160044,0.35311675,5.353725268716028e-13,1.3798261001845432e-12
1,ASPN,7.1793075,0.36082587,7.006545907318876e-13,1.7965502326458657e-12
1,KCNF1,7.1741366,0.41513142,7.276502918783275e-13,1.860998188947129e-12
1,HEY1,7.1486154,0.20371355,8.765768548645685e-13,2.2304754576706577e-12
1,RP11-834C11.4,7.111418,0.39347458,1.1485706441722107e-12,2.915153919218809e-12
1,ALX1,7.0797243,0.30392718,1.4444130748111678e-12,3.638320087685561e-12
1,HDAC9,6.978724,0.270692,2.9787340832765116e-12,7.409786276807243e-12
1,PLPP3,6.976472,0.1302972,3.0268477616927708e-12,7.510788490552781e-12
1,MT2A,6.9410257,0.64361763,3.892629888031357e-12,9.635222495127121e-12
1,PEG10,6.932602,0.27804998,4.1316915798114554e-12,1.0176580245841022e-11
1,FABP7,6.9109173,0.335525,4.815294481158729e-12,1.1831190371397369e-11
1,HOXC10,6.8736362,0.32990107,6.258562650294846e-12,1.5302109169425053e-11
1,CCDC80,6.7814765,0.19314173,1.1895396201610117e-11,2.8732841066691106e-11
1,FGF5,6.7486157,0.83051187,1.4926239001171056e-11,3.579433813230469e-11
1,ZNF385D,6.7281404,0.30565476,1.7184520069423606e-11,4.091552397481811e-11
1,GRIA2,6.7169228,0.39263597,1.8560246088739634e-11,4.398162580270056e-11
1,PLK2,6.7046623,0.2629179,2.018725048173129e-11,4.772399641071227e-11
1,RP11-231G3.1,6.6904006,0.47249627,2.2256056230561797e-11,5.2367191130733643e-11
1,HOXC6,6.630267,0.27306587,3.3507979565880725e-11,7.865722902788903e-11
1,AC140912.1,6.584229,0.3904935,4.5725230301417325e-11,1.0708484848107102e-10
1,SARAF,6.53744,0.21627203,6.258076332839673e-11,1.4587590519439796e-10
1,C8orf46,6.5215936,0.385018,6.956437300062137e-11,1.6140225754204495e-10
1,MT1G,6.5124607,-1.4856349,7.392950196889073e-11,1.7113310640946927e-10
1,ALCAM,6.4766393,0.26104,9.378800392025943e-11,2.161013915213351e-10
1,DKK4,6.47322,1.1154567,9.593621560065879e-11,2.2003719174463025e-10
1,ALX3,6.4609594,0.36720985,1.0404107455899392e-10,2.380802621487275e-10
1,RIPPLY3,6.3975735,0.5971003,1.5786544275309156e-10,3.5878509716611717e-10
1,SCN2A,6.2365227,0.21219565,4.474039261552975e-10,1.0009036379313144e-09
1,MEIS2,6.2129197,0.3067169,5.200896552403735e-10,1.1583288535420347e-09
1,MATN3,6.1607933,0.27269852,7.238146988691967e-10,1.5978249423161074e-09
1,NELL2,6.0678825,0.26005524,1.2960763343440036e-09,2.8360532480175133e-09
1,PCSK9,6.0641294,0.3006461,1.3267029528763507e-09,2.896731338157971e-09
1,GPC3,5.9567065,0.34078833,2.5737153984235694e-09,5.582190775977802e-09
1,BARHL2,5.956373,0.3979812,2.5789721385017446e-09,5.582190775977802e-09
1,OGN,5.8916526,0.32390365,3.823524213570873e-09,8.222632717356715e-09
1,RGS2,5.887399,0.25010568,3.923207126994808e-09,8.418899414151949e-09
1,ISM1,5.8533707,0.3130602,4.817087560840111e-09,1.0292922138547245e-08
1,DLX5,5.831853,0.27666414,5.481526508086431e-09,1.168768978270028e-08
1,TAGLN3,5.8159227,0.28240794,6.0300263263082074e-09,1.2802603665197893e-08
1,GABRP,5.757124,0.29686412,8.555908691122065e-09,1.8012439349730666e-08
1,TERF1,5.75262,0.2752706,8.78707448181752e-09,1.846024050802e-08
1,IL37,5.7273493,0.47592425,1.0201206067673616e-08,2.138617624250234e-08
1,CPED1,5.707833,0.27505612,1.144236462250668e-08,2.388802635178848e-08
1,SIX1,5.6812277,0.29046646,1.3373147835407404e-08,2.7630470734312818e-08
1,TEKT1,5.6369405,0.54697424,1.7309777184059256e-08,3.547085488536733e-08
1,SFRP1,5.591903,0.36599615,2.245941111420493e-08,4.5835532886132515e-08
1,CCNO,5.5698013,0.48277822,2.550298449027619e-08,5.194090527551159e-08
1,AGTR1,5.5545387,0.5890464,2.7834582412530814e-08,5.657435449701385e-08
1,APOL4,5.5356064,0.28517935,3.1015356993551765e-08,6.278412346872827e-08
1,RAD21-AS1,5.4913197,0.28526843,3.9894204367583624e-08,8.027002890861896e-08
1,PMAIP1,5.460127,0.2602777,4.757945979742218e-08,9.534961883250937e-08
1,LINC01361,5.4514527,0.24058387,4.995994543680456e-08,9.991989087360912e-08
1,KLF4,5.4034963,0.23108982,6.53542824846292e-08,1.3044766962999838e-07
1,NEUROG1,5.3684673,0.37755185,7.940862372590275e-08,1.5762965626176525e-07
1,AC009501.4,5.368384,0.34089205,7.944534675592969e-08,1.5762965626176525e-07
1,TBX3,5.340861,0.3029238,9.250621498982112e-08,1.824580177314026e-07
1,IL6ST,5.329768,-0.2745546,9.833812104323523e-08,1.935789784315654e-07
1,TBX5,5.3196764,0.30723262,1.0395185958069999e-07,2.0422762196601177e-07
1,SYT4,5.3192596,0.19558625,1.041903831075241e-07,2.0429486883828256e-07
1,NNAT,5.2889843,0.22320777,1.22997375838698e-07,2.404483963605555e-07
1,RP4-794H19.1,5.2397766,0.15677664,1.6077093663446242e-07,3.12783923413351e-07
1,ASCL4,5.2136717,0.31220108,1.851389688490727e-07,3.5949314339625765e-07
1,GPRC5A,5.2100854,0.13746402,1.8875370911699246e-07,3.6580176185463654e-07
1,PITX2,5.1713867,-0.08041842,2.3236333000616744e-07,4.4857785715476337e-07
1,CRABP1,5.1713867,0.3135554,2.3236333000616744e-07,4.4857785715476337e-07
1,PAX6,5.160127,0.38510832,2.467821381176494e-07,4.7458103484163343e-07
1,TLX3,5.113255,0.48115575,3.16654635142565e-07,6.077824091028119e-07
1,MAP1B,5.1084175,0.24845035,3.2486821917483715e-07,6.223529102966229e-07
1,CDO1,5.0999103,0.12769388,3.3981429208167126e-07,6.485005574077695e-07
1,NPR3,5.070219,0.26765376,3.973581286214921e-07,7.511495815151079e-07
1,HBG2,5.0471997,0.20861785,4.483322486996291e-07,8.395734994375076e-07
1,PGM5-AS1,5.016925,0.1634698,5.250513798803835e-07,9.77749310764215e-07
1,HOXC8,5.004998,-0.5086973,5.586258349901428e-07,1.0383379832530535e-06
1,RP4-665J23.1,4.953872,0.20689519,7.275099103135579e-07,1.3447502963282032e-06
1,CXCL12,4.929602,0.21715172,8.239729712143909e-07,1.5146561970852773e-06
1,LAMA4,4.849952,0.20879267,1.2349109852480267e-06,2.261741731223492e-06
1,RSPO3,4.7919874,0.24010481,1.6513718492575167e-06,2.9916156689447763e-06
1,RP4-758J18.13,4.789235,0.48352945,1.6741814351590661e-06,3.02745286647209e-06
1,L1TD1,4.779227,0.4320989,1.7597052365584916e-06,3.1763632428853638e-06
1,CFAP161,4.7240977,0.38319477,2.3113930052355717e-06,4.127487509349234e-06
1,COL9A3,4.701412,0.1943771,2.583684293911969e-06,4.605497850110461e-06
1,LINC00900,4.6784763,0.10398031,2.890144420507465e-06,5.133471439622496e-06
1,OR8S1,4.669135,0.24911541,3.02470159230118e-06,5.36294608564039e-06
1,ID3,4.6160913,0.33197758,3.9103526377155894e-06,6.920978119850602e-06
1,DKK2,4.6071672,0.22398296,4.081920629262967e-06,7.211873903291463e-06
1,SHOX,4.5811453,0.24751073,4.624361826179964e-06,8.141482088345009e-06
1,ADCYAP1,4.5682178,0.28938484,4.918883510057146e-06,8.629620193082713e-06
1,BRINP3,4.551454,0.17979766,5.327644047428328e-06,9.297808110695164e-06
1,ACTG1,4.420553,0.096459605,9.844843761777913e-06,1.703260166397563e-05
1,ZIC4,4.405833,0.22831506,1.0537820103375454e-05,1.8168655350647335e-05
1,WNT2B,4.403831,0.15972574,1.0635571684373859e-05,1.8305631126288914e-05
1,LBX1,4.373556,0.34881705,1.2223887365044762e-05,2.0967216749647965e-05
1,LA16c-312E8.2,4.3090024,0.17242357,1.6399268090613003e-05,2.8032936907030777e-05
1,EZR,4.3049154,0.13592346,1.67049454033393e-05,2.8506732770203586e-05
1,FGFBP2,4.2710543,0.1891605,1.9455126070483587e-05,3.303077431321492e-05
1,DOK5,4.2684684,0.12010201,1.968195730765773e-05,3.330280424307569e-05
1,GADD45G,4.2620463,0.16811326,2.0256324580396506e-05,3.421676449391302e-05
1,SEPP1,4.2381935,0.13394965,2.2532567551567924e-05,3.7933615406680006e-05
1,POSTN,4.2027473,0.11930269,2.6369503760133886e-05,4.4244133825728e-05
1,MT1E,4.171221,,3.0297190246712137e-05,5.074906238980258e-05
1,SYP,4.0752244,0.31783333,4.596999432927785e-05,7.610926213456598e-05
1,TBX2-AS1,4.0435314,0.18734539,5.265210732239098e-05,8.702827656593551e-05
1,MFAP4,4.0281854,0.25240192,5.620904268155684e-05,9.260138827274603e-05
1,DCN,4.0220966,0.17569382,5.7682324365621e-05,9.487224402240296e-05
1,TMEFF2,4.0185103,0.32562968,5.8567186897255515e-05,9.616943661289904e-05
1,DNAI1,3.8900704,0.36175945,0.00010021516882802689,0.00016295149402931203
1,MEOX2,3.8805625,0.18574616,0.00010421518970345595,0.00016918050276535057
1,OLIG2,3.8640487,0.25625283,0.00011152297761115278,0.00018075036889976138
1,COL1A2,3.8356917,0.26394427,0.00012521136749737245,0.00020260739077244733
1,CLEC1A,3.828686,0.15418933,0.00012882928601797066,0.00020778917099672687
1,GABRA1,3.7892365,0.1833465,0.0001511110413173789,0.00024255383839065636
1,SNAI2,3.7585442,0.20675589,0.0001709048312639049,0.00027344773002224785
1,POU5F1,3.7195117,-0.6765352,0.00019960826299169512,0.00031784755253454634
1,CD9,3.707585,0.31947136,0.0002092450631670069,0.00033213502090001095
1,HOXA9,3.7048328,0.22913128,0.00021153016068839984,0.0003352300486345481
1,LUM,3.6888196,0.3040016,0.00022529694077508863,0.0003559193377173596
1,HIST1H2AC,3.6850665,0.15421832,0.00022864300685849202,0.00036063565750550793
1,SFTA3,3.5956588,0.7093837,0.00032357181193663775,0.000507962028157987
1,FIGF,3.5778105,0.20842509,0.0003464844973266223,0.0005405374373270239
1,SRPX,3.5567095,-0.0050641675,0.0003755288652471642,0.0005849359271762682
1,HTR3A,3.5047498,0.54356164,0.0004570367397390646,0.0007085840926187049
1,STOML3,3.4763927,0.239349,0.0005082073955021596,0.0007854828369430596
1,VTCN1,3.4603794,-0.017157,0.0005394146890517936,0.0008311474407577713
1,SFRP4,3.404166,0.08402169,0.0006636640568096134,0.0010147768452746383
1,NEUROD1,3.3933237,0.39471138,0.0006905000136055241,0.0010541984940542351
1,SSTR2,3.3537908,0.4155298,0.0007971261642453613,0.0012095996422539625
1,NGF,3.3263512,0.12222185,0.0008799096758823646,0.0013331964786096433
1,RPRM,3.3220978,0.11444753,0.0008934339848038482,0.001351639916495988
1,STC1,3.3091702,0.13552746,0.0009357290328274594,0.0014092304711256919
1,INSM1,3.2975774,0.32903245,0.0009752282137285757,0.0014621112649603834
1,RIT2,3.2844832,0.08594219,0.0010216963060362438,0.001529485488078209
1,HS3ST1,3.280563,0.11884045,0.0010360006688400244,0.0015485809698655073
1,TTC9B,3.2607968,0.23722492,0.0011109966204382103,0.0016483629383356234
1,HMP19,3.2387784,0.22286023,0.0012004280710717625,0.0017784119571433517
1,LINC01102,3.1971605,0.14567782,0.0013878771641266095,0.0020440017144721786
1,CTHRC1,3.1931572,0.07632591,0.0014072636682885727,0.0020664664732578156
1,OLFM1,3.169304,0.056232758,0.0015280452742540975,0.0022405355927479433
1,CXCL14,3.1361096,0.14677662,0.001712051968752941,0.0024920698235122865
1,AGAP2,2.9784784,0.104920805,0.0028968339655298238,0.004174112342261995
1,SNHG18,2.9501216,0.020487474,0.0031764896171877746,0.004557373912751471
1,TGFBI,2.9180114,0.16165423,0.0035227139102471643,0.005039647940267761
1,RP1-40E16.9,2.8336914,0.082523175,0.004601375705332705,0.006526774050117312
1,COL6A3,2.7655513,0.021386959,0.005682667099827893,0.008026365960208889
1,GMNC,2.7262685,0.18465015,0.006405485203560456,0.00899646798252873
1,SERPINB2,2.6719735,-0.11053231,0.007540662474623819,0.01051696300505414
1,TDGF1,2.6579618,-0.92700815,0.007861481619434136,0.010933910458183777
1,FOXJ1,2.6371944,0.08935871,0.00835948940983634,0.011578240179828725
1,AGTR2,2.6139252,0.13803068,0.008950865630172928,0.012363074074824487
1,ELAVL4,2.61184,0.052386515,0.00900563817001963,0.012421569889682248
1,KCNN1,2.520514,0.05989175,0.011718356392427205,0.016030583300174015
1,TTYH1,2.5093381,0.097082205,0.012095765861981165,0.01649481682133128
1,SDC2,2.5090044,0.12594414,0.01210719554685716,0.01649481682133128
1,SPAG6,2.4829829,0.13400544,0.013028737559087854,0.017726173549779393
1,FAM181A,2.4590461,0.12167812,0.013930668071997632,0.01892753814130113
1,CNTN1,2.4256852,0.086394936,0.015279520517404381,0.020675941160222436
1,S100A9,2.4208477,-0.1527736,0.015484360143496927,0.02089657239338317
1,SCG2,2.413258,0.031694364,0.015810618117494332,0.021279432190436518
1,LINC00950,2.3788962,0.2675585,0.0173645651525018,0.023276896987267832
1,NRG4,2.3522906,0.111471586,0.018658185691366576,0.024977490885363555
1,HBZ,2.344284,0.17151725,0.019063646069255816,0.025418194759007754
1,VWF,2.3402808,0.09186768,0.019269249730751763,0.02565812214480927
1,DRC1,2.25521,0.1253683,0.02412015432037449,0.031862819445673034
1,NOV,2.2418654,0.050885335,0.024970066231958306,0.032898637986769834
1,TPM1,2.192658,0.076853015,0.028332036925543706,0.0371811508209235
1,ARX,2.1902392,0.07360446,0.028506892986767726,0.03736158975985285
1,NTM,2.1410315,-0.019969886,0.032271490146407275,0.042129882697659625
1,COL3A1,2.1400309,0.09186196,0.03235228067002266,0.04218028770537505
1,TTLL10,2.0813153,0.042366132,0.03740506126511371,0.04857800164300482
1,NXPH4,2.0362778,0.026895447,0.041722471580054696,0.05376607162378182
1,KIAA1614,2.0203478,0.04795094,0.04334731980165888,0.05578805637279135
1,LYPD1,2.0016656,0.05149941,0.04532070559538885,0.05810346871203699
1,HAND1,1.9838175,-0.6584861,0.04727619500976903,0.06045549233985809
1,PTN,1.9342762,0.1491154,0.05307917568810137,0.0675307578729025
1,NEFL,1.9286048,-0.029185154,0.0537799387697269,0.0683353732779249
1,PMP22,1.9088384,0.050054856,0.056282943630234394,0.07106432276544747
1,RSPO1,1.8858192,-0.024821134,0.059319318810081845,0.07470946953410812
1,TCTEX1D4,1.8675541,0.20364408,0.06182425909967235,0.07747400889683252
1,HIST2H2BE,1.8524581,0.07183904,0.06396006391106024,0.08005014256703409
1,HOXB6,1.8411154,-0.09868025,0.065604654752164,0.0817146640560618
1,ACTG2,1.8282714,0.019017218,0.06750883858282823,0.08396621714282118
1,CDC20B,1.8187634,0.6005545,0.06894752982716373,0.08554284097662994
1,SNCG,1.805836,0.0067606163,0.0709439593639765,0.08791073031471686
1,NRN1,1.8038343,0.04579756,0.07125728059095586,0.08818970370167804
1,GALP,1.8020829,0.22199051,0.07153236626475541,0.08842072467831323
1,LEPR,1.8007485,0.063259415,0.07174253893652154,0.08857103572410066
1,JUN,1.7460363,0.04781169,0.08080465375352254,0.09890410496147191
1,ONECUT1,1.7430338,-0.092303686,0.08132772007834456,0.09942264068257281
1,HBA2,1.7398645,2.3160841,0.08188282340898524,0.09997902736139835
1,PPP1R42,1.7111739,0.09842799,0.08704901473630564,0.1056420081751282
1,ANXA2,1.6544601,0.03711262,0.09803407535292577,0.11825582069110467
1,SLC17A6,1.6351941,-0.19860981,0.10200838307547115,0.12260622965801822
1,HOXD11,1.6034175,0.12088301,0.10884249451406522,0.1306632587203664
1,SERPINB4,1.5728087,0.28709552,0.11576310516192044,0.13880468244834585
1,RP11-525K10.3,1.5677212,0.12978727,0.11694621195133237,0.14005534365429026
1,ELAVL3,1.5169289,-0.15238161,0.1292846274264147,0.15409371564530955
1,MIAT,1.4723085,-0.065826684,0.14093759671128198,0.16758334924052554
1,IER2,1.4612993,0.07137413,0.1439333190229269,0.1709421841127398
1,CPXM2,1.451708,-0.00941414,0.14658281505481752,0.173882342888277
1,INA,1.4111743,-0.14984237,0.1581932358099144,0.18698964043725108
1,BMP4,1.4098399,0.08702413,0.15858698474156685,0.1872337482190872
1,CTD-2035E11.4,1.3734763,-0.17365883,0.1696043454962416,0.19953452411322542
1,TRAC,1.3505405,0.1459363,0.17684267844056434,0.20659191406607985
1,LINC00458,1.343618,-0.08637984,0.17907192892839496,0.2089520757624212
1,NEUROD4,1.3266873,-0.021961194,0.18461214475920595,0.21466528460372786
1,PCSK1N,1.2539601,-0.028991243,0.2098565038004646,0.2431709198151386
1,CCL2,1.2443688,-0.01279693,0.2133638610117965,0.2469489132080978
1,MS4A8,1.2225173,0.09081425,0.22151207266769746,0.2559332303986481
1,HS3ST2,1.2221837,-0.0010559217,0.2216381775252293,0.2559332303986481
1,STMN4,1.190574,-0.11135687,0.23382085004201036,0.26968956175549064
1,MT-CO1,1.1684723,0.05546791,0.2426163022830483,0.27919022126933063
1,TSPAN8,1.1403656,0.05621674,0.25413402309430944,0.29177270160081453
1,TH,1.1200987,-0.0980272,0.2626716944210227,0.30088395695420694
1,LINC01356,1.1186808,-0.76872754,0.2632763060678983,0.3012314714735679
1,EPYC,1.1110078,0.0893287,0.26656498082187496,0.3046456923678571
1,MESP1,1.089073,0.34399354,0.276121736492732,0.3148480461718723
1,CD44,1.062384,0.059515506,0.2880613800572489,0.3280881321836548
1,PRKCDBP,1.0472882,-0.5788203,0.29496670595749086,0.3351894385880578
1,OLFML3,1.0097569,-0.09795224,0.31261177115847194,0.35443511469214506
1,CTSV,1.0022507,-0.06298275,0.3162225458933876,0.3581229285315828
1,GLIPR1,0.99115807,-0.7141326,0.32160838838666983,0.36381039410256766
1,RP11-156E8.1,0.9824842,0.0970403,0.3258613572129406,0.36820492340445266
1,HES6,0.9692232,-0.02696697,0.3324338494764224,0.37478449771862726
1,SPARCL1,0.96521986,-0.00276347,0.33443470871212566,0.3766156629641055
1,IGFBP2,0.9552949,0.03661135,0.3394285754988732,0.38138042190884625
1,DCX,0.84245104,-0.11325446,0.39953554461237417,0.44666918257524724
1,LHX5-AS1,0.842034,-0.035758454,0.3997689184048463,0.44666918257524724
1,FRZB,0.8180974,-0.05857994,0.41330156064108137,0.46040582915035705
1,GNB5,0.8178472,0.01170479,0.4134444345770206,0.46040582915035705
1,FGF19,0.8022509,0.026516672,0.42240783671743876,0.46934204079715414
1,ELAVL2,0.78898984,-0.17926916,0.43011792839973606,0.47737838890092793
1,CFAP45,0.7869882,0.016970793,0.43128877241788766,0.47784581560723116
1,WT1,0.78582054,-0.0053433417,0.431972617308937,0.47784581560723116
1,RP3-466P17.1,0.761467,0.02856056,0.4463782027294042,0.49214796331797594
1,OTX2-AS1,0.7532935,-0.04518313,0.45127356532870455,0.49699731864394775
1,HES2,0.73469466,-0.9577585,0.462525456243294,0.5082697321354879
1,STMN2,0.7233519,-0.3049529,0.4694637046465543,0.5153278865494558
1,FAM81B,0.7100075,0.009544149,0.4776994986470804,0.5237933099200442
1,APOM,0.66997415,0.0006245402,0.5028742588968166,0.5501906552481581
1,S100A8,0.6617173,-0.0038231534,0.5081524184364707,0.5553578343567986
1,SLC8A1-AS1,0.65212595,-0.14159633,0.5143199050240084,0.5614846124716248
1,C5orf66-AS1,0.6252703,-0.61353904,0.5317936691027523,0.5780365968508177
1,LMCD1,0.604086,-0.383394,0.545786463087591,0.5926020228964072
1,LA16c-380H5.3,0.6011669,0.03136126,0.5477288216258409,0.5935427049684969
1,PHOX2B,0.60100013,-1.4878485,0.5478399166859227,0.5935427049684969
1,SLPI,0.57472825,0.0805227,0.5654751031959019,0.6106642583109091
1,TMEM155,0.54570407,-0.12896097,0.5852693589692722,0.6313585317899376
1,NEFM,0.5261462,-0.12456905,0.5987866654286866,0.6441370307563805
1,CALB1,0.50400275,-0.055961873,0.6142594625403413,0.6597845999359196
1,C2orf54,0.5028351,-1.281717,0.6150802233556306,0.6599573211970285
1,CBLN2,0.4888234,-0.065896295,0.6249667110846309,0.6691292409899687
1,LINC00682,0.43110874,-0.7139023,0.6663893100050104,0.7096797763631635
1,PPP1R17,0.38832313,-0.8486439,0.6977769211983924,0.7387148258922698
1,TRPM3,0.3879061,-0.11833587,0.6980855104681949,0.7387148258922698
1,CDH6,0.3868219,-0.023181364,0.6988880760912803,0.7387823214495565
1,CFAP77,0.38373598,-0.051855132,0.7011741413488657,0.7404161999460039
1,GAP43,0.38223472,-0.038463425,0.7022872617577816,0.7408093478457611
1,HOTAIRM1,0.36463675,0.0018568091,0.7153825745820959,0.7530342890337851
1,RGS1,0.36105043,-0.30880642,0.718061742792667,0.755059666448651
1,NTRK2,0.33394456,-0.0064654513,0.7384214024695859,0.77402662732661
1,FILIP1L,0.32060012,-0.02040758,0.7485134532821383,0.782145719208086
1,CCBE1,0.31467852,0.03744175,0.7530057570596644,0.7860185355528857
1,HOXA7,0.28723902,0.043358926,0.7739293128454899,0.80492508812769
1,PLS3,0.2720597,0.009417384,0.7855761006520812,0.8140684980850582
1,CAPSL,0.237948,-0.10466896,0.8119214247568808,0.8370323966565781
1,CYP26B1,0.23244342,-0.01831289,0.8161936272583352,0.8393083891216317
1,CYP1A1,0.2318596,-0.6878342,0.8166470626153477,0.8393083891216317
1,GADD45B,0.22376953,-0.060246196,0.8229366352105488,0.8449041429266415
1,MX1,0.22243509,-0.029553924,0.8239751958923783,0.845102765017824
1,CLDN5,0.19699726,0.07638178,0.8438296829168523,0.8636946600991324
1,RLTPR,0.18765615,-0.10500198,0.8511462047360612,0.8702926428794082
1,UPK1B,0.1643868,-0.31654492,0.869426662461767,0.8862657109702009
1,CA2,0.15654694,-0.090936095,0.8756019283782017,0.8916516582262747
1,C1orf194,0.14520416,-0.061960112,0.8845496809925235,0.8998470813759141
1,TLX2,0.121517785,-0.28907925,0.903280929404265,0.9157136785067586
1,SYNPR,0.12085056,-0.2844678,0.9038094006861707,0.9157136785067586
1,PACRG,0.10050029,-0.035088383,0.9199471486291767,0.9309825226247126
1,RP11-110I1.14,0.099499464,-0.00779611,0.9207417148758408,0.9309825226247126
1,SCRT2,0.08440357,-0.38263658,0.9327355711351385,0.942157142560746
1,HBE1,0.07531267,-0.09771368,0.9399659415336976,0.9485024637070611
1,SNAP25,0.056547053,-0.124209195,0.9549060118218219,0.9626068667558688
1,CHGB,0.04203498,-3.4141736,0.9664708142033858,0.9723046420557201
1,C8orf4,0.038365256,-0.13120231,0.9693964607956894,0.9742677997946627
1,VGLL1,0.026605472,-0.898995,0.9787744085475518,0.9807358803081682
1,RP11-1085N6.5,0.023686377,-0.12364323,0.9811027728673851,0.9820848577251102
1,FCN3,0.0020850683,0.14830324,0.9983363573515928,0.9983363573515928
1,NR2F1,-0.029524568,0.03678563,0.9764462250504685,0.9793843781850236
1,C20orf85,-0.029774776,-0.08077131,0.9762466755201067,0.9793843781850236
1,NHLH1,-0.04970803,-0.5392436,0.9603550575661489,0.9671249320907844
1,COL21A1,-0.12827341,-1.9011223,0.8979326104765156,0.9116067111436706
1,GPM6A,-0.13661368,-0.1617826,0.8913361635669899,0.9058294345192986
1,ISL2,-0.1679731,-0.110016175,0.8666044357952066,0.8842902406073537
1,SLC5A12,-0.17072539,-0.13021614,0.8644396917408959,0.8829823204707823
1,KCNA3,-0.21459523,-0.060649335,0.8300829087144356,0.850494783518889
1,CLU,-0.23302723,-0.2571401,0.815740253430554,0.8393083891216317
1,SLC30A8,-0.25195965,-0.09327186,0.801072244065828,0.8266999422763963
1,DSG3,-0.25654683,-0.050809305,0.7975286394021379,0.8238932225228698
1,PCP4,-0.26055014,-0.029038519,0.7944394423766908,0.8215506125922346
1,GAL,-0.26964104,0.17425378,0.7874364236071143,0.8151515772330375
1,PRPH,-0.28290206,-0.3894621,0.7772519036946316,0.8062779083969208
1,AZU1,-0.28565437,-0.054709647,0.7751428598669655,0.80492508812769
1,TSPAN7,-0.28648838,-0.06742796,0.7745040822395758,0.80492508812769
1,NFKBIA,-0.29107556,-0.052712224,0.7709935441291169,0.8031182751344969
1,BAMBI,-0.31342748,-0.1816725,0.7539559121682416,0.7861896894350799
1,SMOC2,-0.32276857,-0.17821652,0.7468705081930557,0.7812453014571712
1,PLA2G2A,-0.323269,0.93881905,0.7464915300119339,0.7812453014571712
1,KRT17,-0.33427817,-0.08043444,0.7381696694947733,0.77402662732661
1,CHGA,-0.33761427,-2.2536204,0.7356538877762779,0.7727456804372668
1,SLC18A3,-0.37989944,-3.4049807,0.7040200515658256,0.7418546381094053
1,COL1A1,-0.38823974,-0.17269975,0.6978386350563965,0.7387148258922698
1,EDNRA,-0.40633813,0.021595905,0.6844941782374634,0.7266392550291544
1,RASL11B,-0.40767255,0.027440216,0.6835140810587352,0.7263699054821842
1,MAL,-0.4272722,-0.07272314,0.6691810725424818,0.7118947580239169
1,PRCD,-0.4426183,-0.9155648,0.6580418373703623,0.7015371400536912
1,CRYM,-0.45479512,-0.0654898,0.6492566478413808,0.692909976351527
1,COL5A1,-0.4609669,-0.51886755,0.6448223432973317,0.6889127599330467
1,PRSS35,-0.47564578,-0.09409935,0.6343267442599565,0.6784243254117182
1,FST,-0.49399439,-0.71456563,0.6213101370777661,0.6659272637489454
1,CYR61,-0.52577084,-0.08079141,0.5990474386034339,0.6441370307563805
1,FOSB,-0.53661317,-0.1191497,0.5915348287685277,0.637429772379879
1,WNT2,-0.57781416,-0.5125034,0.5633896047952928,0.6090698430219381
1,BAALC,-0.58765566,-0.063979015,0.5567634382505977,0.602557833604543
1,SNTG1,-0.62860644,-0.4067047,0.5296067630433161,0.576285922789245
1,RSPO2,-0.6342778,-0.352968,0.5258995447865262,0.5728753211182203
1,DDIT4,-0.63903177,-0.05483616,0.5228022765095491,0.5701224389417111
1,GNG11,-0.7055037,-0.07281013,0.4804968110253476,0.5262834731931517
1,PRR9,-0.73469466,-0.38384083,0.462525456243294,0.5082697321354879
1,DBH,-0.7702243,,0.44116687979932523,0.48693916092640754
1,HSPA6,-0.7781475,-0.15883529,0.4364820554741312,0.48230061378357036
1,PIFO,-0.785904,-0.22065818,0.4319237504227388,0.47784581560723116
1,SAMSN1,-0.8027513,-0.09758851,0.4221184843550575,0.46934204079715414
1,WNT10A,-0.83961535,-0.59476113,0.4011241023016906,0.4476831498902797
1,GATA6-AS1,-0.84286803,-0.40100816,0.39930225279288667,0.44666918257524724
1,CLDN6,-0.93269277,-0.9772236,0.3509786140330853,0.3934737825483019
1,DDC,-0.94044924,-0.37149727,0.34698717819833147,0.38943566576692645
1,CHRM2,-0.9556285,-0.20071436,0.33925994152192274,0.38138042190884625
1,FGF17,-0.9786477,-0.2103326,0.3277540887571242,0.3699256080780183
1,HIP1R,-1.0237685,-0.073098846,0.3059446011057777,0.34726969478521874
1,CTD-2314G24.2,-1.051208,-0.31650937,0.29316303980986813,0.3335188166210104
1,TACSTD2,-1.0944107,-1.4705098,0.2737749012784434,0.31252842611694454
1,ENO2,-1.1389477,-0.22681268,0.2547249512555815,0.2921157697885109
1,HES1,-1.1597984,-0.07029614,0.24613088534037986,0.282909063609632
1,RGS4,-1.1807742,,0.23769243068324097,0.2738392058562684
1,TMEM196,-1.2817333,-0.1099624,0.19993624619768358,0.23194460115740553
1,LINC00907,-1.3257699,-0.14138484,0.18491593695980202,0.2147688001856005
1,FIBIN,-1.3326923,-1.1414161,0.1826328031646337,0.21261094664101712
1,RTN1,-1.3352778,-0.51916367,0.18178544867868773,0.21187115230616285
1,C9orf24,-1.3551276,-0.1870259,0.17537689717365368,0.2051191779808815
1,GSX2,-1.3571293,-0.23427342,0.17474013163874724,0.20461373728190543
1,KRT23,-1.3638015,-0.96344554,0.17263004370996915,0.2023798871160248
1,ETV3L,-1.3643019,-0.9994641,0.17247255863819178,0.2023798871160248
1,CTGF,-1.3690559,-0.115740575,0.17098180628072235,0.2009186912816949
1,RERG,-1.4042518,-0.1393725,0.16024386980596983,0.18874425183270888
1,SMAGP,-1.4078381,-0.2557126,0.15917899862577223,0.18771108328510877
1,SERPIND1,-1.4134262,,0.1575304639113806,0.18642658451050959
1,LHX1,-1.4236013,2.1971989,0.15456192671158067,0.18313024491893445
1,CFAP126,-1.4989973,-0.25407383,0.13387432045554756,0.159374191018509
1,HPCAL4,-1.5304402,-0.1534611,0.12590781046147048,0.15024798384423685
1,BDNF,-1.5311908,-0.04246019,0.12572224340248628,0.15020578662184741
1,TIMP3,-1.5371124,-0.10658068,0.12426578788706298,0.1486432869462476
1,SAT1,-1.6408654,-0.1198802,0.10082535919814363,0.12133015547309703
1,RSPH1,-1.6443683,-0.23622914,0.10010014637313781,0.1206025859917323
1,RGCC,-1.659631,-0.79332286,0.09698870539109976,0.11713611762210116
1,ERP27,-1.706003,-1.2074002,0.08800753343971877,0.10641781552565753
1,RAB3A,-1.7090055,-0.20905513,0.08744994332296727,0.1058716020859168
1,DUSP1,-1.710173,-0.18221314,0.08723387396046905,0.1057380290429928
1,PLAT,-1.7180129,-0.33024386,0.08579425739199803,0.10424575624787125
1,CLEC14A,-1.7253524,-0.2356008,0.08446398980098058,0.10275424549997637
1,KCNN4,-1.7353607,-0.8238026,0.082676937208576,0.10070272497999513
1,ARHGAP29,-1.7391973,-0.14988671,0.08200007800018289,0.10000009512217425
1,PHOX2A,-1.7478712,-1.9419518,0.0804863491135234,0.09863523175676887
1,CCDC81,-1.7564616,-0.2050382,0.0790096247540008,0.09694432485153474
1,HES4,-1.7592139,-0.08687763,0.0785411879431665,0.09648794587612593
1,EGR1,-1.7854023,-0.15872954,0.07419607992863075,0.09126209093312516
1,LINC00643,-1.7926583,-0.32285485,0.07302756622291269,0.0899354263828974
1,ANGPTL1,-1.793826,-0.036295116,0.07284094361904989,0.08981620668193574
1,GYPB,-1.8223914,0.52652276,0.06839561107700821,0.08496349202112821
1,LIM2,-1.8410319,-0.35484186,0.06561687523701763,0.0817146640560618
1,PRSS56,-1.8434507,2.819094,0.06526324223672422,0.08147720628804522
1,SOST,-1.8471204,-0.32681397,0.06472969829155285,0.08091212286444106
1,DLX2,-1.8708067,-1.1213809,0.06137187353462705,0.07700360543867886
1,MMP9,-1.8733088,-0.49537757,0.06102575281427387,0.07666551861089682
1,MMP23B,-1.8850687,-0.2025392,0.05942057613006735,0.07474286305668848
1,FBLN2,-1.8961612,-0.048189066,0.05793873626533436,0.07306271912400297
1,PDE1A,-1.9130086,-0.114758246,0.05574696169872646,0.07047656346235961
1,LAMP5,-1.9184297,-0.47305512,0.05505654838045262,0.06969183339297799
1,GJB6,-1.9225165,-0.40053317,0.054540807992106526,0.06912649935628203
1,CITED2,-1.9244347,-0.15031312,0.05430011908646283,0.06890878056657719
1,ARPP21,-1.9374455,-0.2990239,0.05269090668747702,0.06712217412417455
1,KRT7,-1.9753103,-1.0728197,0.048232937940949294,0.061521604516516955
1,SULT1E1,-1.9806482,-0.14916068,0.04763074654593157,0.06083109392839281
1,APLNR,-1.9925747,,0.04630803469077879,0.05929325824683584
1,SLC40A1,-2.004418,-0.27041015,0.04502531158749671,0.057798859547492566
1,IGFBP7-AS1,-2.0181794,-0.3061022,0.04357258404618036,0.05600589209020612
1,CRH,-2.0509567,-0.35462308,0.04027116920785294,0.05196279897787476
1,TINAGL1,-2.060548,-0.8977148,0.039346186098250406,0.05083486576001344
1,FMO1,-2.0633001,,0.039084110546251806,0.05056159190976948
1,MSC,-2.0646348,-0.15303364,0.038957578216124326,0.050463184217777624
1,TMEM100,-2.0763946,-0.101269335,0.03785748163918468,0.049101792009318655
1,CDX4,-2.125769,,0.03352250709861073,0.04359233692927273
1,EDN1,-2.1284378,-0.3093149,0.03330080327050671,0.04336042092513895
1,NR4A1,-2.1668863,-0.34191826,0.03024351384886434,0.03953400503119522
1,ODAM,-2.1868198,-0.2715726,0.028755688934108944,0.03763833630118972
1,ALDH1A2,-2.2042508,-0.15353066,0.02750670609426492,0.03614547449969109
1,NFIA-AS2,-2.2214317,-0.21199162,0.026321726994613697,0.03463385130870223
1,CPA5,-2.2545428,-0.06737148,0.024162046439925273,0.03187605071230247
1,SPINT2,-2.2670531,-0.34935084,0.02338698041193642,0.030935159275048175
1,KLF5,-2.2868195,-0.48319852,0.02220635636885634,0.02941239254153158
1,RP11-407N17.5,-2.31134,-0.06450149,0.020814083345311703,0.027604885073357698
1,BARX2,-2.3242674,-1.1666176,0.020111166691116747,0.026708056694710155
1,COL15A1,-2.3337753,,0.01960748998324005,0.026073789871329855
1,PCP4L1,-2.346119,-0.80343175,0.018970053797526344,0.02532717462954118
1,ADM,-2.3464525,-0.20719916,0.018953080255642896,0.02532717462954118
1,PHACTR3,-2.3837335,-0.55749744,0.017138005779590976,0.02300403460347782
1,TF,-2.384067,-0.37267488,0.0171224770215039,0.02300403460347782
1,FOS,-2.4157603,-0.2839705,0.015702398664586836,0.0211622623511952
1,ZNF503-AS1,-2.421265,-0.2696549,0.01546660685187395,0.02089657239338317
1,CYP1B1,-2.4490378,-0.2134614,0.014323837736190372,0.01940899422248018
1,PCOLCE,-2.4584625,-0.14014257,0.013953338550639167,0.01893261675799073
1,ANXA1,-2.5147593,-0.6264988,0.01191136918695419,0.01627236227725982
1,NEAT1,-2.5246842,-0.10075782,0.011580230779572997,0.0158633298350315
1,RAMP3,-2.534192,-1.2006897,0.011270693078998823,0.01546048433333172
1,RAB27B,-2.5522904,-0.22460775,0.010701725410774686,0.014700172267547645
1,CFI,-2.5939918,-0.21752915,0.009486873651353086,0.013049344774901082
1,SFN,-2.6000803,-3.1277182,0.009320196295535344,0.012837735944263559
1,ANKRD37,-2.6359434,-0.19641146,0.008390371994959771,0.011604940518616559
1,CAPN3,-2.6372778,-1.9891161,0.008357434190756975,0.011578240179828725
1,CLEC1B,-2.652624,,0.007986879274902355,0.011092887881808827
1,CA3,-2.667553,-0.15398698,0.007640582367112609,0.010641479619933997
1,LYPD3,-2.6854846,-0.10188073,0.007242470211687448,0.01011518185989867
1,CLDN9,-2.689071,-4.78509,0.0071651185398396225,0.010021144810964508
1,DLK1,-2.7158432,-0.83386797,0.0066107210609081205,0.009258712970459554
1,NUPR1,-2.7230158,-0.45966393,0.006468894886575651,0.009072783852139762
1,DDIT3,-2.7413645,-0.13499595,0.006118459483349381,0.008605428246623602
1,MYCT1,-2.7506223,-1.9193624,0.005948220435232845,0.008377775260891332
1,CLDN4,-2.7607973,-0.9658006,0.0057660448233655985,0.008132644320684907
1,PMEL,-2.7836497,-0.37085384,0.005375105733308281,0.007602695520945235
1,TDRD10,-2.78807,-1.4442626,0.005302308376750536,0.007510351808428521
1,WFIKKN2,-2.8366103,-0.42755675,0.004559521171694726,0.006476592573430008
1,LECT1,-2.878395,,0.0039970409787583585,0.005685691292686143
1,TM4SF1,-2.8825653,-0.26530153,0.00394451358445993,0.005618965220028391
1,KRT14,-2.9140081,,0.0035682060324960375,0.005090165524245418
1,PHYHIPL,-2.91651,-0.22539593,0.0035397112489518323,0.0050567303556454755
1,GIMAP4,-2.9215977,-1.5569446,0.003482409360674175,0.00498912515855899
1,OSR1,-2.9550424,-0.14195539,0.003126261999728462,0.004491755746736296
1,MYL9,-2.9555428,-0.30191883,0.00312119488061332,0.004490927885774562
1,CTD-2410N18.3,-2.9902382,-0.21590069,0.002787599369877713,0.004022509913243454
1,COL6A1,-3.0259347,-0.3325223,0.0024786590155219173,0.0035818771900605743
1,GATA3,-3.046702,-0.32152364,0.0023136704657855858,0.003348293004031239
1,DCT,-3.0849004,,0.002036203680145858,0.002951019826298345
1,GNAS,-3.1136327,-0.13131562,0.001847994594006713,0.002682140194494504
1,SOCS3,-3.1309388,-0.3120422,0.0017424855668051258,0.0025326825098911715
1,CRTAC1,-3.1537075,-1.7882723,0.0016121052221049568,0.002350007612397896
1,FAM159B,-3.159796,-2.8155131,0.0015787964071789016,0.0023048122732538708
1,NPPC,-3.1644666,-0.5308261,0.0015536751970183231,0.002271454966401057
1,DLL3,-3.1657176,-0.2864118,0.0015470090860779228,0.002265020623832976
1,IGFBP5,-3.1931572,-0.28541866,0.0014072636682885727,0.0020664664732578156
1,POU4F1,-3.1984115,-1.5103724,0.0013818695776899633,0.0020381557193067303
1,EFNA1,-3.2166767,-0.25198793,0.0012968466358907402,0.0019155784872832203
1,SRGN,-3.2333572,-0.38888785,0.0012234447981173343,0.001809829583013808
1,SLN,-3.2705548,,0.0010733673239845926,0.0015948994412846842
1,GLYAT,-3.2735574,-1.1465725,0.0010620284518083369,0.001580399481857644
1,CDH5,-3.273724,-1.6786963,0.0010614017753457748,0.001580399481857644
1,SCGN,-3.2740576,-0.465903,0.0010601494486082454,0.001580399481857644
1,MLANA,-3.2979944,-1.4308487,0.0009737810116898171,0.0014621112649603834
1,RP11-490O6.2,-3.3022478,-0.33261815,0.0009591327276219394,0.001442304853566826
1,TNFRSF12A,-3.3162596,-0.43360814,0.000912310637374192,0.0013760341438524765
1,EDN3,-3.317594,-0.28076166,0.0009079636733448155,0.0013715463343577272
1,SLC2A3,-3.3601294,-0.44452664,0.0007790598367526644,0.0011839815148216783
1,FOXD3-AS1,-3.3877356,,0.0007047214484390726,0.001072635385752013
1,PDPN,-3.3884864,-0.84513646,0.0007027954075385633,0.0010713344627112245
1,ANKS1B,-3.4076688,,0.0006552033908865196,0.0010033742586317298
1,DLX1,-3.4394453,-1.3920168,0.0005829074243738777,0.000894029791984475
1,HAPLN1,-3.4485362,-0.5935695,0.000563633778631048,0.0008657968949785683
1,GZMA,-3.4531233,-0.40733063,0.0005541354181635623,0.0008525160279439421
1,CAV1,-3.4604628,-0.8934859,0.000539247623252304,0.0008311474407577713
1,ACPP,-3.4763927,-0.6199459,0.0005082073955021596,0.0007854828369430596
1,LLNLF-187D8.1,-3.5222642,-0.8132453,0.0004278773618692933,0.000664405841411946
1,S100A3,-3.524099,-0.80490154,0.0004249252254721441,0.000660847940081095
1,GDPD5,-3.584316,-0.23858677,0.00033796282533559335,0.0005280669145868646
1,TAL1,-3.584733,,0.0003374233077656518,0.0005280489949384222
1,ATP6V1C2,-3.593407,,0.0003263824071447221,0.0005115711710732321
1,RP11-387A1.5,-3.655792,-0.7679005,0.0002563891225803129,0.0004031275512269071
1,SLC2A1,-3.6602125,-0.49554965,0.00025200626217387277,0.0003968602553919256
1,SYNPO2,-3.7014968,-0.24181378,0.0002143313953708815,0.00033913195470076186
1,TFAP2B,-3.716676,-1.6202918,0.0002018609943836195,0.00032092367946521383
1,CTD-2339F6.1,-3.7235985,,0.00019640319679570148,0.0003132427381111666
1,ISL1,-3.7432816,-0.7007274,0.00018163252970298852,0.00029014781102713823
1,TMSB4X,-3.7641323,-0.21094884,0.0001671284475360162,0.0002678340505384875
1,CKB,-3.7974932,-0.545263,0.00014616672296462822,0.00023499473145438622
1,PAGE4,-3.8099203,,0.00013901159022605732,0.00022385119199043048
1,PHLDA1,-3.835108,-0.25936297,0.00012550916369985897,0.00020276116914355247
1,IL3RA,-3.891655,-0.84186333,9.956275482422453e-05,0.00016215432381795527
1,HOXD1,-3.927268,-0.65407526,8.591624348330128e-05,0.00014015700405106246
1,ALDH1A1,-3.9376934,-0.654702,8.226865220255144e-05,0.00013442590229175073
1,FMOD,-3.9602954,,7.485709241449151e-05,0.00012251569953271934
1,TDO2,-3.9698033,-0.68022335,7.193197308997387e-05,0.00011792126736061291
1,TYRP1,-4.037193,,5.409461914761321e-05,8.926504809837163e-05
1,HLF,-4.091738,-0.5674636,4.281519407526689e-05,7.10036385991159e-05
1,LGALS3BP,-4.0971594,-0.63237625,4.1825103579933855e-05,6.94769162457373e-05
1,TAGLN,-4.1054997,-0.46937835,4.034419754753902e-05,6.712844849840104e-05
1,SPP1,-4.1273513,,3.6696586048432116e-05,6.116097674738686e-05
1,MITF,-4.130854,-0.85729146,3.614180207664398e-05,6.033689829155923e-05
1,SPARC,-4.164549,-0.36285028,3.1196897977122806e-05,5.216872571425219e-05
1,YPEL4,-4.21801,-0.30617574,2.4646800855940098e-05,4.142319471586571e-05
1,MLLT11,-4.259211,-0.19094528,2.0514989344855118e-05,3.4595260278001886e-05
1,GJB2,-4.2700114,-0.44208115,1.9546289096702942e-05,3.31293035537338e-05
1,CTXN3,-4.2813125,-1.5771967,1.8579417489488685e-05,3.159764879164742e-05
1,HSD17B2,-4.2880683,-4.1575956,1.802337686071461e-05,3.0704219524215696e-05
1,CD48,-4.3250155,,1.5252106790900247e-05,2.6116621217294946e-05
1,CRYAB,-4.3902364,-0.9259,1.1322742573232443e-05,1.94548841464475e-05
1,TECRL,-4.4138393,-0.8729025,1.015532535974984e-05,1.7539422037564492e-05
1,SLC16A3,-4.4427805,-0.32385355,8.880384692427737e-06,1.5390614718245646e-05
1,HTR2B,-4.4995775,-0.72501266,6.8088645855333545e-06,1.1820945460995408e-05
1,DIO3,-4.506083,-1.5280001,6.603528558232734e-06,1.148439749257867e-05
1,TRPM1,-4.550453,,5.353049482272192e-06,9.325870178174552e-06
1,SLC9A3R1,-4.5584598,-1.2185781,5.153011184434257e-06,9.008760811948002e-06
1,CD34,-4.567467,-1.4790196,4.936525410374875e-06,8.64540352079663e-06
1,SPX,-4.576058,-0.37168616,4.738196144385733e-06,8.327233997162977e-06
1,TMEM88,-4.591237,-0.8233388,4.40626362582136e-06,7.771188052594993e-06
1,CYTL1,-4.6942396,-0.17741112,2.676003642545086e-06,4.761572317695882e-06
1,CRABP2,-4.7257657,-0.21851309,2.292498145303509e-06,4.101070027376581e-06
1,IBSP,-4.73102,3.2653015,2.233943847828265e-06,4.003483598258539e-06
1,CXCR4,-4.7311034,-0.4685264,2.233026095677824e-06,4.003483598258539e-06
1,S100A11,-4.7612953,-0.34694162,1.923543382079991e-06,3.4596103994244444e-06
1,ARHGDIB,-4.7665496,-1.8219692,1.874075384079662e-06,3.3767124037471385e-06
1,MORN5,-4.7940726,-0.51524085,1.6342910271485193e-06,2.966045421322176e-06
1,MAPT,-4.811504,-0.5821768,1.4979892271160637e-06,2.723616776574661e-06
1,CHRNA3,-4.8336053,,1.3408218541241511e-06,2.442298459242534e-06
1,PLP2,-4.840111,-0.7994129,1.2976670044777397e-06,2.3680054826236126e-06
1,AC012358.8,-4.8475337,-1.3676808,1.2500578210250498e-06,2.285297661837385e-06
1,PCAT19,-4.8516207,,1.2245679293171979e-06,2.2469136317746748e-06
1,NDUFA4L2,-4.9401107,-0.6929912,7.80782039409424e-07,1.4379043083046483e-06
1,SLC45A2,-4.9493685,,7.445467310213845e-07,1.373702455759012e-06
1,ICAM2,-4.9723043,-4.79701,6.616177227493078e-07,1.2252180050913105e-06
1,CD36,-4.9937387,-0.20330231,5.922150248762129e-07,1.0987291741673709e-06
1,APOE,-5.0229297,-0.3923494,5.088918003636781e-07,9.494250006785038e-07
1,BDKRB1,-5.024181,,5.05586116520947e-07,9.450207785438261e-07
1,CREB3L1,-5.0492015,-1.3056941,4.4366048003474083e-07,8.32383639840039e-07
1,MIR22HG,-5.0544558,-0.8262287,4.316194354453044e-07,8.113147282806473e-07
1,C1orf168,-5.0593767,-1.0889407,4.206292126643121e-07,7.921454099139587e-07
1,DPT,-5.0683007,-0.3595064,4.0138280718961513e-07,7.573260513011605e-07
1,IDH1,-5.07981,-0.4459954,3.778118486738676e-07,7.155527437005068e-07
1,APLN,-5.093405,-1.4001949,3.5168932395395225e-07,6.673421706906114e-07
1,SST,-5.0944057,,3.498366748718914e-07,6.650887354978924e-07
1,TPD52L1,-5.0955734,-0.24627805,3.476871560217943e-07,6.622612495653224e-07
1,ESM1,-5.105999,-1.2806804,3.29051766140828e-07,6.291620767511052e-07
1,EMCN,-5.167884,-0.30680224,2.3675963448542472e-07,4.561842668312615e-07
1,AC007325.4,-5.2745557,-0.16111785,1.3307807265337654e-07,2.5941144766740063e-07
1,ZFP36,-5.2888174,-0.71309525,1.2310957893660443e-07,2.404483963605555e-07
1,TRH,-5.3467827,-0.54779977,8.953149486128057e-08,1.769397131645861e-07
1,ATAD3C,-5.3507857,-0.491893,8.757311321597809e-08,1.7341210537817443e-07
1,TYR,-5.3938217,,6.897468593716091e-08,1.3739977278318905e-07
1,LY6H,-5.4861484,-0.49463388,4.107916747847704e-08,8.248828810939165e-08
1,BGN,-5.5186753,-0.24381939,3.415641773795617e-08,6.886374543942776e-08
1,IGFBP3,-5.530185,-1.3604627,3.198930352373656e-08,6.462485560350821e-08
1,RP11-327J17.9,-5.5472827,-0.2773539,2.901434565791082e-08,5.885262810935258e-08
1,HLX,-5.62393,-0.6468006,1.86661543491184e-08,3.817209478347321e-08
1,JUNB,-5.648367,-0.5615902,1.6197929391512265e-08,3.326063530084654e-08
1,LPL,-5.6568737,-1.0728487,1.541549649749749e-08,3.171912859567385e-08
1,EPO,-5.661294,-2.2591841,1.5023559389447274e-08,3.097641111226242e-08
1,MGP,-5.6905684,,1.266170509874933e-08,2.6214710349377497e-08
1,BHLHE40,-5.700577,-0.3584627,1.194026535501957e-08,2.477233476145139e-08
1,CXCL1,-5.7022448,-0.7825059,1.1823974672027729e-08,2.4582067925213575e-08
1,ECEL1,-5.706832,-1.4984472,1.1509821329324659e-08,2.397879443609304e-08
1,MIR7-3HG,-5.7123365,-3.4128275,1.1143534046142215e-08,2.3312832732515096e-08
1,CST1,-5.770385,,7.909062993424497e-09,1.6685786905958855e-08
1,IGF2,-5.787649,-0.48026553,7.137821411323108e-09,1.5090531524996e-08
1,ESAM,-5.806248,,6.3888247748584505e-09,1.353564570944587e-08
1,SERPINE1,-5.818008,-1.398831,5.955307002250309e-09,1.26708659622347e-08
1,RGS5,-5.859042,-0.78013146,4.655446870389436e-09,9.968836981561961e-09
1,TPPP3,-5.92885,-0.5087172,3.0506325329406624e-09,6.574639079613496e-09
1,KISS1,-5.9339375,,2.9575400138581345e-09,6.387775407900938e-09
1,PRSS2,-6.0245967,,1.695320059301695e-09,3.685478389786293e-09
1,TRIB3,-6.044196,-0.502849,1.5015672913371996e-09,3.271388434285838e-09
1,MOXD1,-6.0718026,-0.8084967,1.2648245391602712e-09,2.773738024474279e-09
1,PPIC,-6.10091,-0.5839099,1.0546626632412409e-09,2.3179399192115182e-09
1,SERPINE3,-6.1134205,,9.751800171604174e-10,2.1479736060802146e-09
1,XAGE2,-6.1807265,-1.2595164,6.380730007337154e-10,1.4116659308268038e-09
1,GAD2,-6.194738,-1.5998344,5.838202362898873e-10,1.2945016325718121e-09
1,CAPN9,-6.198992,,5.682604931665614e-10,1.262801095925692e-09
1,TM4SF18,-6.22126,,4.931775723760198e-10,1.1008427954821872e-09
1,LDHA,-6.2411933,-0.7194507,4.3424486000225e-10,9.736431838615472e-10
1,CES1,-6.256623,-0.36326432,3.9340302952883225e-10,8.840517517501848e-10
1,NKX2-1,-6.329517,-1.3681905,2.4592992474518316e-10,5.538962269035657e-10
1,PLVAP,-6.3457804,,2.2130064379644056e-10,4.995499859964798e-10
1,HERPUD1,-6.352119,-0.22407532,2.123688438843974e-10,4.804724974760122e-10
1,CFC1,-6.3698006,,1.8927430738126832e-10,4.2919344077385105e-10
1,IGFBP7,-6.4072485,-0.58728975,1.4816943997252148e-10,3.37515808593443e-10
1,LINC00305,-6.440693,,1.1892940008970374e-10,2.7152831070708615e-10
1,CXCL3,-6.474054,-0.35057136,9.540786776216433e-11,2.1932843163715938e-10
1,ELMO1,-6.5075817,-0.52607656,7.63701888504634e-11,1.7637457009344897e-10
1,PLTP,-6.5331864,-0.82748973,6.438492903860661e-11,1.4973239311303864e-10
1,FOXF1,-6.5471983,-6.157239,5.862659163807959e-11,1.3697801784598035e-10
1,CCKBR,-6.7024107,-3.1045566,2.0500907796756345e-11,4.8351197633859307e-11
1,FBXO32,-6.7195916,-1.9967637,1.822347091141495e-11,4.3286154183883494e-11
1,NPW,-6.730267,-0.2911594,1.6935196550080385e-11,4.041813019112264e-11
1,VAMP5,-6.732102,-0.67049724,1.6722942919594678e-11,4.0007040477499234e-11
1,MMP10,-6.7679653,-1.6741705,1.3060625294565694e-11,3.139573388116753e-11
1,XKR7,-6.7742205,,1.2507895843703992e-11,3.0139508057118055e-11
1,CRHBP,-6.784729,,1.1630458157747172e-11,2.8160915636191703e-11
1,ANXA3,-6.826514,-1.2179548,8.70029201641807e-12,2.1117213632082696e-11
1,CYP4X1,-6.830934,-1.1688707,8.43634484046536e-12,2.0526386473151728e-11
1,TNNI1,-6.8386908,-1.3338834,7.99202730360431e-12,1.9492749520986124e-11
1,ECSCR,-6.9067473,,4.958923033919305e-12,1.2154223122351239e-11
1,SDPR,-6.9371057,-1.0091486,4.002139928835691e-12,9.881826984779483e-12
1,MYF6,-6.987898,-0.64291495,2.7903491285784847e-12,6.958476629871533e-12
1,FGFBP3,-6.9934025,-0.81042063,2.682979831036694e-12,6.707449577591735e-12
1,TXLNB,-6.9973226,-1.1331162,2.609000587631697e-12,6.538848590555631e-12
1,PRTN3,-7.0237613,-0.89641505,2.159736892596666e-12,5.426474604514236e-12
1,ADGRL4,-7.0974894,-2.0824342,1.270436390877962e-12,3.2081727042372775e-12
1,GYPE,-7.107581,2.4583972,1.180944049400994e-12,2.9897317706354274e-12
1,HHEX,-7.1502833,,8.659903325946588e-13,2.2091590117210686e-12
1,RIPPLY1,-7.190817,-4.9400415,6.440477704316025e-13,1.655649795453991e-12
1,TMEM176A,-7.2375226,-2.4363658,4.569549882985539e-13,1.1868960735027373e-12
1,GPNMB,-7.252368,-2.895095,4.0954677628927025e-13,1.0721119798148436e-12
1,FAM84A,-7.252368,-0.8370439,4.0954677628927025e-13,1.0721119798148436e-12
1,CLDN7,-7.275721,-4.4915533,3.4457522693103537e-13,9.067769129764088e-13
1,RASGRP3,-7.369132,,1.717425408126275e-13,4.592046545792179e-13
1,TMEM176B,-7.40266,-1.4412853,1.334833047123383e-13,3.5979327415724613e-13
1,LMO1,-7.412001,-2.5402203,1.2440780872920438e-13,3.3623732088974157e-13
1,MEST,-7.45879,-0.30882442,8.732068643161481e-14,2.3728447399895327e-13
1,NPNT,-7.5134187,,5.760290502213794e-14,1.5781617814284367e-13
1,MYL3,-7.517005,-0.32516748,5.604525153961414e-14,1.5397047126267621e-13
1,SLC7A7,-7.5769715,-1.5665414,3.537141154025037e-14,9.880282553142562e-14
1,IFITM3,-7.6213417,-0.4630573,2.5105204661175376e-14,7.052023781229039e-14
1,TMEM156,-7.681225,,1.5757439094609676e-14,4.438715237918219e-14
1,TSLP,-7.7311,-1.779095,1.0662133080704517e-14,3.020434300482866e-14
1,ZNF804A,-7.732601,-0.4613667,1.0537105785550121e-14,2.993495961804012e-14
1,LINC01117,-7.7533684,-0.7438201,8.948651957137273e-15,2.5494734920619013e-14
1,PLP1,-7.800491,,6.166679084907979e-15,1.776725215373818e-14
1,PRND,-7.827347,,4.982739176698792e-15,1.4484706909008116e-14
1,SMIM5,-7.830766,-1.7732944,4.8490589792678126e-15,1.4137198190285167e-14
1,CRYL1,-7.8343525,-0.32744536,4.712650934580224e-15,1.3779681095263811e-14
1,COLEC10,-7.845862,,4.299894591910082e-15,1.2646748799735534e-14
1,NENF,-7.854119,-0.33773807,4.025922099247907e-15,1.1875876398961378e-14
1,TTR,-7.8546195,-0.73354137,4.009881645920859e-15,1.1863555165446327e-14
1,TFF3,-7.8994064,,2.8023435180609592e-15,8.36520453152525e-15
1,AQP1,-7.924344,,2.293538651724897e-15,6.887503458633324e-15
1,SERPINF1,-8.074886,-0.5237574,6.75397464715715e-16,2.0591386119381555e-15
1,RBP1,-8.142609,-0.5547248,3.868500789152781e-16,1.1903079351239326e-15
1,WNT16,-8.143109,-0.72898257,3.8525393087770146e-16,1.189055342215128e-15
1,GPR12,-8.1723,-1.6514995,3.0256416839218114e-16,9.425675027793805e-16
1,CCDC184,-8.219506,-0.73486716,2.0434265052570428e-16,6.385707828928258e-16
1,PLAU,-8.223176,-1.1529689,1.9818366095514046e-16,6.212653948437005e-16
1,GDF15,-8.253785,-0.7938824,1.534555566436057e-16,4.825646435333512e-16
1,EGFL6,-8.258288,,1.4777595667369332e-16,4.661702103271083e-16
1,L3MBTL4,-8.26029,-0.8019285,1.4531870064895884e-16,4.598693058511356e-16
1,DLX6-AS1,-8.279473,-1.4637879,1.2372173423071744e-16,3.9276741025624583e-16
1,THBD,-8.308914,,9.65818694613986e-17,3.0856827303961214e-16
1,MPZ,-8.361291,,6.203565210291323e-17,2.014144548795884e-16
1,PECAM1,-8.374636,,5.539511348299299e-17,1.810297826241601e-16
1,KRT19,-8.404077,-1.186569,4.312413930784876e-17,1.4232389210511144e-16
1,AHSG,-8.449198,-0.6103908,2.9331213498806606e-17,9.712322350598215e-17
1,CTD-2521M24.8,-8.456286,-0.3121158,2.760265868280466e-17,9.170318499270651e-17
1,GJA4,-8.460123,,2.6709525576007078e-17,8.90317519200236e-17
1,PGF,-8.543109,-0.43407673,1.3065816678443058e-17,4.414127256230763e-17
1,KDR,-8.553368,,1.1954857945600369e-17,4.052494218847583e-17
1,RP11-188D8.1,-8.611666,-0.90089124,7.20064118365724e-18,2.4744471421502547e-17
1,NR4A2,-8.693734,-1.4954512,3.5071752398343026e-18,1.2262850488931129e-17
1,AC108488.4,-8.698571,-0.7394614,3.3608774568291503e-18,1.1792552480102283e-17
1,RAMP2,-8.752867,-0.3194744,2.080001867909826e-18,7.323950239119106e-18
1,ACAT2,-8.7873125,-0.74361897,1.5318078454818112e-18,5.431942714474508e-18
1,NSG1,-8.805911,-1.0934165,1.2979410921742164e-18,4.619007445459844e-18
1,TNFSF10,-8.847112,,8.981335468705916e-19,3.2076198102521126e-18
1,SYT16,-8.850031,-0.5079163,8.749502134226333e-19,3.136022270332019e-18
1,HHIP,-8.851699,-0.5994061,8.61969017087278e-19,3.100607975134093e-18
1,C4orf26,-8.870798,-1.102435,7.262342829316978e-19,2.621784414915876e-18
1,RP11-1109F11.5,-8.911833,-0.39925238,5.019598027454535e-19,1.818694937483527e-18
1,UPK3A,-8.957037,-1.2759175,3.335208104168491e-19,1.2128029469703603e-18
1,ANGPT2,-9.010331,-0.5885555,2.054354727977148e-19,7.580644752683203e-19
1,AKR1B10,-9.020506,,1.872222589284039e-19,6.934157738089033e-19
1,RP11-753H16.3,-9.040856,,1.5544910453527242e-19,5.822063840272375e-19
1,EGR2,-9.041774,-1.075229,1.5414974094526535e-19,5.795103043055088e-19
1,SCGB1A1,-9.056703,,1.3445315576030594e-19,5.0737039909549405e-19
1,CPM,-9.08114,-0.39728743,1.0744358135780694e-19,4.100900051824692e-19
1,LYZ,-9.088479,-0.9349995,1.0043382672088346e-19,3.8480393379648835e-19
1,RP11-285F16.1,-9.109664,-0.67052776,8.263774960130456e-20,3.215476638183057e-19
1,RIMS1,-9.1234665,-0.9180642,7.27587807492274e-20,2.8421398730166956e-19
1,DLL4,-9.172966,,4.601781416219024e-20,1.8117249670153638e-19
1,HPGD,-9.26446,-2.5522819,1.9606848008898905e-20,7.780495241626549e-20
1,HES7,-9.3004055,-4.331744,1.3991076588992303e-20,5.574134099200121e-20
1,HOPX,-9.320005,,1.163344160281901e-20,4.653376641127604e-20
1,HOXB9,-9.372215,-4.0077076,7.1025737383925e-21,2.863941023545363e-20
1,S100A10,-9.386144,-0.98148865,6.223724777143218e-21,2.5197266304223556e-20
1,CTSC,-9.413417,-0.41303912,4.802670221503734e-21,1.9845744716957578e-20
1,RBP4,-9.49807,-0.5934726,2.1381584100666218e-21,9.02176544331908e-21
1,PCAT14,-9.5049095,,2.0022255322850798e-21,8.484006492733389e-21
1,ICAM1,-9.610164,-0.8643638,7.243388974425146e-22,3.0822931806064453e-21
1,IL32,-9.623008,-1.530436,6.393394737783412e-22,2.7322199734117142e-21
1,BST2,-9.640272,-1.1330388,5.404465086673775e-22,2.319512912735526e-21
1,RASD1,-9.646944,-0.83521664,5.064236950719986e-22,2.1828607546206837e-21
1,PRSS1,-9.65787,,4.552309915750182e-22,1.970696933225187e-21
1,FN1,-9.871548,-0.7962331,5.53046294163662e-23,2.4150493194919738e-22
1,MYL4,-9.927511,,3.160463202399214e-23,1.3922745385018564e-22
1,SLC35D3,-10.041189,,1.0045608005837257e-23,4.464714669261003e-23
1,MT1M,-10.064124,1.6870896,7.959226263161897e-24,3.5532260103401323e-23
1,RNASE1,-10.096818,,5.7063509721187746e-24,2.5704283658192677e-23
1,ACTA2,-10.108328,-0.6277851,5.074284066017732e-24,2.296056138469562e-23
1,NCCRP1,-10.111998,-4.9804378,4.8877290002403985e-24,2.221695000109272e-23
1,PLN,-10.114333,,4.7725661409201705e-24,2.1792539456256485e-23
1,REN,-10.203156,,1.9193043495626425e-24,8.84472050489697e-24
1,ACTC1,-10.261789,,1.0474783872440463e-24,4.9177389072490435e-24
1,C19orf45,-10.268628,-0.80884534,9.758246020544548e-25,4.602946236105919e-24
1,RPL34,-10.285559,-0.20142387,8.186579017761686e-25,3.879895269081368e-24
1,CHCHD2,-10.317252,-0.21250929,5.8884459420326885e-25,2.817438249776406e-24
1,RP11-511B23.1,-10.31892,-14.277465,5.787047465897596e-25,2.7822343586046136e-24
1,GAPDH,-10.336101,-0.16950133,4.838244083064379e-25,2.337315982156705e-24
1,CALB2,-10.567627,,4.2101341066201565e-26,2.115645279708621e-25
1,SLC39A2,-10.593482,,3.194830665631782e-26,1.6135508412281727e-25
1,SPINK1,-10.60424,-4.224593,2.847677222552754e-26,1.4455214327678953e-25
1,HOXB-AS3,-10.63535,-3.332891,2.040613557748612e-26,1.0464684911531344e-25
1,RP11-61A14.1,-10.657369,-0.51186377,1.6109150798721052e-26,8.34671025840469e-26
1,ACTA1,-10.778552,,4.346723599130642e-27,2.287749262700338e-26
1,FGB,-10.877218,-5.417717,1.4801173179500749e-27,7.87296445718125e-27
1,S100A6,-10.918002,-0.70188725,9.455315497751066e-28,5.083502955780143e-27
1,PLD1,-10.92409,-0.63720685,8.842210169871366e-28,4.779573064795333e-27
1,CST4,-10.973965,,5.09863947315734e-28,2.7709997136724674e-27
1,RP11-343L5.2,-11.020921,-1.8200207,3.0294431472792525e-28,1.664529201801787e-27
1,COLEC11,-11.038519,,2.4910586390991653e-28,1.3762754912150085e-27
1,CDKN1A,-11.117584,-0.6312176,1.0302355901782147e-28,5.755506090381088e-28
1,LINC00379,-11.125091,,9.4709446731596e-29,5.350816199525198e-28
1,HBA1,-11.141438,-3.8389158,7.883629478489588e-29,4.479334930959993e-28
1,TMEM98,-11.159619,-0.4783659,6.426605028169705e-29,3.693451165614773e-28
1,TFPI2,-11.16112,-2.0106642,6.318990563680924e-29,3.652595701549667e-28
1,SOX17,-11.191979,,4.4635466488446945e-29,2.610261198154792e-28
1,SLC18A1,-11.235849,,2.718659223370561e-29,1.6086740966689707e-28
1,LEFTY2,-11.341354,,8.18678413353923e-30,4.9022659482270833e-29
1,RP11-111H13.1,-11.416667,-1.3785423,3.452219750572543e-30,2.1050120430320382e-29
1,NKX2-5,-11.460954,,2.0722064125509992e-30,1.27913976083395e-29
1,KRT8,-11.5003195,-0.94716316,1.3142779175458866e-30,8.163216879166998e-30
1,CA4,-11.514582,-2.7138608,1.113990211899075e-30,6.962438824369219e-30
1,TAC3,-11.5214205,-2.1881852,1.0290039857103806e-30,6.471723180568431e-30
1,BIRC7,-11.527593,,9.57850654346245e-31,6.062345913583829e-30
1,APOC3,-11.565791,-1.9557658,6.1422776337664405e-31,3.988491969978208e-30
1,ISG15,-11.598985,-0.32999858,4.1699405760836356e-31,2.7433819579497603e-30
1,SPON2,-11.617333,,3.3647385532411284e-31,2.2431590354940856e-30
1,RP11-513G11.4,-11.675715,-0.65353364,1.6963219723224934e-31,1.1461634948124956e-30
1,USP18,-11.735765,-2.1500006,8.356673243222046e-32,5.763222926360031e-31
1,HOXA-AS3,-11.828009,,2.79697487533068e-32,1.9559264862452312e-31
1,EPHA5-AS1,-11.878884,-0.7905848,1.523870333971729e-32,1.0731481225153022e-31
1,MGST1,-11.977133,-1.141992,4.682375246221703e-33,3.344553747301216e-32
1,CXCL10,-12.022838,,2.6955229055194747e-33,1.939225111884514e-32
1,APOB,-12.130094,-3.22245,7.316567306321262e-34,5.34056007760676e-33
1,GSTA1,-12.175549,-1.0839776,4.195656228835425e-34,3.131086737936884e-33
1,LGALS2,-12.228843,,2.180231144800798e-34,1.639271537444209e-33
1,C10orf10,-12.261286,-0.98892844,1.4616133154472814e-34,1.1157353553032682e-33
1,S100B,-12.289143,,1.0359884530145787e-34,7.96914194626599e-34
1,SMCR2,-12.319752,-0.660432,7.091244758283197e-35,5.540034967408748e-34
1,AQP3,-12.360285,-2.5587366,4.2863303878024107e-35,3.375063297482213e-34
1,GPX2,-12.395147,,2.7763409724229077e-35,2.203445216208657e-34
1,CARTPT,-12.399068,,2.643822742385562e-35,2.1150581939084495e-34
1,SYNM,-12.418918,-1.2166933,2.0633476315055698e-35,1.6639900254077176e-34
1,HMGCS2,-12.460953,,1.2190606732219732e-35,9.91106238391848e-35
1,AF131217.1,-12.484305,-1.3579527,9.093377032365903e-36,7.515187630054465e-35
1,CDH7,-12.486056,-2.662832,8.895455684307469e-36,7.412879736922891e-35
1,MYL7,-12.508242,,6.72974010931638e-36,5.655243789341497e-35
1,LGALS3,-12.731511,-0.89247364,3.95118748744709e-37,3.4061961098681806e-36
1,TNNT2,-12.806073,,1.5161573161241634e-37,1.3417321381629765e-36
1,TMEM141,-12.874296,-0.88145447,6.280891440217121e-38,5.607938785908144e-37
1,CXCL2,-12.895564,-1.7444037,4.767622956354254e-38,4.295155816535364e-37
1,CDX2,-12.971293,,1.7800047414759023e-38,1.6181861286144567e-37
1,EPCAM,-13.016165,,9.902133764674108e-39,9.084526389609273e-38
1,SERPINA1,-13.075797,-7.5968843,4.527912818046402e-39,4.1925118685614834e-38
1,GPR183,-13.093395,,3.5918557647951296e-39,3.3568745465375043e-38
1,LCN15,-13.164955,,1.3962111285744646e-39,1.3171803099759102e-38
1,IGFBP6,-13.188057,-1.2849984,1.0280024661891343e-39,9.884639097972445e-39
1,S100A16,-13.20307,-1.1560609,8.42311218369163e-40,8.177778819118088e-39
1,LTB,-13.23076,-1.6489226,5.829522985138772e-40,5.715218612881149e-39
1,SPRR2F,-13.358032,,1.0633827823430796e-40,1.0633827823430796e-39
1,CTD-2545M3.8,-13.518415,,1.217701495180672e-41,1.2425525461027264e-40
1,APOA2,-13.662786,,1.6937795712093763e-42,1.7461645064014188e-41
1,IHH,-13.678633,,1.3623106067980306e-42,1.4190735487479485e-41
1,FGG,-13.8009,,2.516882143345252e-43,2.6493496245739496e-42
1,AFP,-13.933428,-3.6678605,3.9684398469924476e-44,4.313521572817878e-43
1,RPL10,-14.122501,-0.20758422,2.760163261524189e-45,3.0331464412353723e-44
1,ANKRD1,-14.137681,,2.2249650700372934e-45,2.4721834111525483e-44
1,RGS16,-14.162201,-0.7761636,1.569980092263602e-45,1.7640225755770809e-44
1,ITLN2,-14.253444,,4.267079202938045e-46,4.848953639702324e-45
1,DUSP2,-14.399733,-1.2663766,5.194431366392139e-47,6.040036472549e-46
1,CYB5A,-14.512743,-1.2041404,1.0061520057272744e-47,1.1837082420320874e-46
1,RAMP1,-14.549774,-4.5802426,5.859645756970612e-48,7.059814165024833e-47
1,GSTA2,-14.63743,,1.6207953754990095e-48,2.0009819450605054e-47
1,APOC1,-14.727422,-1.2597785,4.297932929477325e-49,5.372416161846656e-48
1,MYH6,-14.811909,,1.2270597998563449e-49,1.553240252982715e-48
1,KRT18,-14.836762,-1.5702238,8.474825720942774e-50,1.0865161180695864e-48
1,FGA,-14.846062,,7.377706116682423e-50,9.581436515171978e-49
1,SERPINA11,-14.8918085,,3.725544765436227e-50,4.902032586100299e-49
1,FTH1,-14.895853,-0.19934078,3.5067786723061634e-50,4.675704896408218e-49
1,TTN,-14.9015665,,3.2194165438193637e-50,4.350562897053194e-49
1,AMBP,-14.938931,,1.8390173142915029e-50,2.519201800399319e-49
1,ELF3,-15.017079,-5.287013,5.675381799250979e-51,7.993495491902789e-50
1,URAD,-15.086554,,1.9854486743285824e-51,2.877461846853018e-50
1,NPY,-15.095061,,1.745266648897069e-51,2.566568601319219e-50
1,ENPP3,-15.180382,-2.0883636,4.7699640965239115e-52,7.227218328066532e-51
1,NPPB,-15.341183,,4.0573683193901484e-53,6.2421051067540745e-52
1,S100A14,-15.378797,,2.271284766380382e-53,3.548882447469347e-52
1,CSRP3,-15.423918,,1.1303387677951362e-53,1.79418852030974e-52
1,SMPX,-15.528588,,2.222179329760703e-54,3.584160209291457e-53
1,FGF7,-15.680382,-0.70046157,2.0601380538849644e-55,3.4335634231416075e-54
1,VTN,-15.749605,,6.911102182951015e-56,1.1713732513476297e-54
1,AGT,-15.807737,,2.7517384152840893e-56,4.744376578076016e-55
1,RP13-941N14.1,-15.925919,-4.176469,4.1881507337160785e-57,7.478840595921569e-56
1,GNRH2,-15.941849,,3.246059259648657e-57,5.901925926633922e-56
1,ZG16,-16.061865,,4.7213588273231756e-58,8.908224202496559e-57
1,RP11-95O2.5,-16.39731,-1.5435205,1.9989143067896373e-60,3.997828613579274e-59
1,APOA1,-16.490723,,4.2780482817690347e-61,8.730710779120478e-60
1,MYOZ2,-16.823082,,1.6532915325844928e-63,3.51764155869041e-62
1,NPPA,-16.93993,,2.2839860014753608e-64,4.965186959729045e-63
1,MGC16275,-17.020079,,5.8291509289763335e-65,1.295366873105852e-63
1,PDLIM1,-17.071205,-2.0246494,2.4312824985793476e-65,5.654145345533367e-64
1,WFDC1,-17.156527,-2.7091234,5.617461477934653e-66,1.3374908280796791e-64
1,C3orf80,-17.342098,-2.0030663,2.2632556205974414e-67,5.658139051493603e-66
1,FOXS1,-17.42058,,5.7591032652312374e-68,1.4766931449310865e-66
1,CGA,-17.616825,,1.8298793629198012e-69,4.945619899783247e-68
1,AREG,-17.64585,,1.095137219210081e-69,3.0420478311391142e-68
1,RP11-462L8.1,-18.088802,,3.9048295462338933e-73,1.1832816806769374e-71
1,LIMD1,-19.106815,-1.1556063,2.215835637016547e-81,7.640812541436368e-80
1,APOBEC2,-19.150019,,9.675245768160075e-82,3.4554449172000265e-80
1,RP11-44N21.1,-20.255022,-0.97255677,3.2081132074755994e-91,1.2338896951829229e-89
2,COL5A1,27.284191,2.9514265,6.53359266570097e-164,6.53359266570097e-161
2,LMCD1,27.202248,2.4491649,6.109049836746789e-163,2.692375824438062e-160
2,COL1A1,27.191994,2.7639768,8.077127473314186e-163,2.692375824438062e-160
2,CREB3L1,27.167824,3.5151982,1.5594034239082806e-162,3.8985085597707017e-160
2,IL6ST,27.075993,2.9712343,1.8884167138472252e-161,3.7768334276944506e-159
2,SRPX,27.018677,1.6836565,8.917873400670329e-161,1.486312233445055e-158
2,HOXC8,26.982603,3.8127306,2.3650728072163818e-160,3.3786754388805456e-158
2,EMP3,26.969511,1.6021223,3.3685420959073504e-160,4.210677619884188e-158
2,COL3A1,26.92419,2.6201084,1.144330398597331e-159,1.2714782206637013e-157
2,SNHG18,26.673874,1.2168165,9.461172657047337e-157,9.461172657047336e-155
2,PPIC,26.664078,2.0453284,1.2290507955717703e-156,1.1173189050652457e-154
2,CLEC1B,26.61006,,5.192206472259151e-156,4.326838726882626e-154
2,OLFML3,26.586712,1.9686587,9.669976870604436e-156,7.438443746618798e-154
2,POSTN,26.514566,2.2295136,6.584328648229238e-155,4.7030918915923127e-153
2,DCN,26.500557,3.006479,9.550009857888793e-155,6.366673238592529e-153
2,IFITM3,26.477577,1.8411635,1.7569173967678725e-154,1.0980733729799203e-152
2,SLC39A2,26.460363,,2.772670584884404e-154,1.6309826969908256e-152
2,FMOD,26.448187,,3.828239384737911e-154,2.1267996581877286e-152
2,FIBIN,26.439856,3.932928,4.773319289098719e-154,2.5122733100519573e-152
2,MMP23B,26.432165,1.4923062,5.8511911642538745e-154,2.9255955821269372e-152
2,WNT2,26.393345,2.813411,1.6337381057827688e-153,7.779705265632231e-152
2,IGFBP3,26.341158,3.8286068,6.481043052521822e-153,2.945928660237192e-151
2,SPARC,26.303436,2.0889115,1.7517913540684314e-152,7.616484148123614e-151
2,ARHGDIB,26.296295,3.837496,2.1143094236384487e-152,8.809622598493536e-151
2,SMOC2,26.270567,1.8333889,4.1616431200428876e-152,1.664657248017155e-150
2,COL6A3,26.26013,1.8294314,5.476411466397254e-152,2.1063121024604826e-150
2,COL21A1,26.224514,6.028055,1.3963389871047715e-151,5.171625878165821e-150
2,TNNT2,26.217098,,1.696541708430815e-151,6.059077530110053e-150
2,SPON2,26.17663,4.506238,4.905069542923908e-151,1.6914032906634166e-149
2,GLIPR1,26.145317,4.0790615,1.1140932789842404e-150,3.7136442632808014e-149
2,CHN1,26.125542,2.0767279,1.8694727685776756e-150,5.898349246409411e-149
2,RGS4,26.125175,,1.8874717588510115e-150,5.898349246409411e-149
2,C10orf10,26.029497,1.7288184,2.296320588301142e-149,6.958547237276189e-148
2,COL15A1,25.982437,,7.82213768792422e-149,2.3006287317424176e-147
2,RAMP2,25.964035,0.94349825,1.2624602243104692e-148,3.607029212315626e-147
2,MGP,25.960098,,1.3985342113359734e-148,3.8848172537110374e-147
2,COL1A2,25.919813,2.07485,3.9827146489024184e-148,1.0764093645682212e-146
2,BDKRB1,25.86204,,1.7813691629019474e-147,4.687813586584072e-146
2,PITX2,25.845285,3.2914066,2.7489077463022846e-147,7.048481400775089e-146
2,PRCD,25.83558,3.4309509,3.533751177340804e-147,8.83437794335201e-146
2,COL6A1,25.797493,1.8429875,9.460462034731515e-147,2.307429764568662e-145
2,RAMP1,25.746588,3.085158,3.51994610710595e-146,8.380824064537976e-145
2,PRKCDBP,25.735693,3.7182474,4.661437923745796e-146,1.0840553311036735e-144
2,HAND1,25.698978,4.283193,1.2000404121703791e-145,2.7273645731144983e-144
2,PLPP3,25.68799,1.3790642,1.5921273029472366e-145,3.5380606732160816e-144
2,TNNI1,25.6841,3.2626133,1.7597480818272677e-145,3.825539308320147e-144
2,EGFL6,25.487299,5.5423365,2.726359677647042e-143,5.8007652715894504e-142
2,SLC18A3,25.298233,,3.340419010741759e-141,6.959206272378664e-140
2,LUM,25.269577,2.4461453,6.901879862203982e-141,1.408546910653874e-139
2,TFPI2,25.194775,2.7721095,4.570297095586636e-140,9.140594191173271e-139
2,BAMBI,25.149729,2.013453,1.422882185154331e-139,2.789965068930061e-138
2,RP4-794H19.1,25.090126,2.4666133,6.374363866708182e-139,1.2258392051361889e-137
2,SLC40A1,25.084175,1.6931604,7.402510263084646e-139,1.3967000496386125e-137
2,LINC00305,25.010654,,4.6816380323151383e-138,8.669700059842849e-137
2,NSG1,24.988863,2.3048403,8.079051175963782e-138,1.4689183956297786e-136
2,NUPR1,24.96451,2.262134,1.4857891575902718e-137,2.6531949242683424e-136
2,SNAI2,24.957277,1.6621897,1.780290687054055e-137,3.1233169948316753e-136
2,PLP2,24.932922,2.358711,3.2715546911786497e-137,5.595953462956824e-136
2,SOCS3,24.932556,1.5975119,3.3016125431445257e-137,5.595953462956824e-136
2,CCDC80,24.92752,1.2349788,3.7439851814200086e-137,6.239975302366681e-136
2,RGCC,24.775993,3.3643725,1.6270306777705927e-135,2.6672634061812994e-134
2,FBXO32,24.589401,3.7089808,1.6400597326197314e-133,2.6452576332576313e-132
2,MIR22HG,24.486126,2.1347103,2.076129801565891e-132,3.295444129469668e-131
2,C5orf66-AS1,24.411873,3.3589454,1.2793442346571402e-131,1.9989753666517814e-130
2,PDPN,24.400429,3.0476205,1.6923761147196138e-131,2.603655561107098e-130
2,PCOLCE,24.388433,1.736956,2.2687041731533977e-131,3.4374305653839356e-130
2,CDH7,24.282137,3.0336204,3.027553711478922e-130,4.5187368828043605e-129
2,DKK2,24.27344,1.1779062,3.7407181070343485e-130,5.5010560397563945e-129
2,DHRS9,24.139858,,9.542432134393775e-129,1.3829611788976485e-127
2,VTN,24.06295,9.357035,6.109998988855849e-128,8.728569984079783e-127
2,NPW,24.02056,1.0071057,1.695957548173247e-127,2.3886726030609116e-126
2,SERPIND1,23.98412,,4.073065674164904e-127,5.6570356585623676e-126
2,CYTL1,23.867476,0.9707662,6.668892366552813e-126,9.135468995277826e-125
2,TDO2,23.848066,2.4269593,1.0605202666134705e-125,1.4331354954236088e-124
2,NPNT,23.757425,,9.207917899266305e-125,1.2277223865688407e-123
2,PLAT,23.730415,2.126023,1.7505282362958025e-124,2.3033266267050033e-123
2,GNG11,23.702126,1.0631435,3.428299177617779e-124,4.452336594308804e-123
2,ZFP36,23.679693,2.1761312,5.838233212825934e-124,7.484914375417865e-123
2,SLC9A3R1,23.628422,3.1366627,1.9675495694235008e-123,2.490569075219621e-122
2,IGF2,23.618351,1.7808502,2.4971013603759194e-123,3.1213767004698993e-122
2,TMEM141,23.606905,1.6355692,3.2734698938402914e-123,4.0413208565929524e-122
2,AQP1,23.516356,,2.774837362871889e-122,3.3839480035023037e-121
2,NCCRP1,23.471493,3.3990042,7.976490015832149e-122,9.610228934737528e-121
2,CHGB,23.463253,,9.68155037795496e-122,1.1525655211851143e-120
2,ITM2A,23.440823,1.0310924,1.639927806892445e-121,1.9293268316381705e-120
2,THBD,23.174116,,8.307002379938438e-119,9.659305092951673e-118
2,KDR,23.13319,,2.1465423382361217e-118,2.4672900439495655e-117
2,PRSS35,23.126415,1.3002602,2.5114473823515067e-118,2.853917479944894e-117
2,LGALS3BP,23.036415,1.9959328,2.0127326293113794e-117,2.2614973363049208e-116
2,RERG,23.034767,1.2166489,2.0907602356375582e-117,2.3230669284861759e-116
2,GZMA,22.939915,1.7572283,1.8579383302193706e-116,2.041690472768539e-115
2,GLYAT,22.858063,3.4615204,1.2150262233399004e-115,1.320248862483972e-114
2,PLA2G2A,22.857605,,1.227831442110094e-115,1.320248862483972e-114
2,AKR1B10,22.79553,,5.07805847743987e-115,5.3453247130945996e-114
2,RP11-802E16.3,22.781063,1.0964271,7.065446262645503e-115,7.3598398569224e-114
2,IGFBP5,22.695732,1.4208162,4.9365051140658606e-114,5.089180529964805e-113
2,RP11-343L5.2,22.68914,1.9219403,5.734711928085546e-114,5.851746865393415e-113
2,RGS5,22.542284,2.282913,1.5985751878019979e-112,1.6147224119212098e-111
2,IDH1,22.452833,1.8778869,1.2007139664351703e-111,1.2007139664351702e-110
2,MFAP4,22.340584,1.7963268,1.4908142427866537e-110,1.47605370572936e-109
2,C4orf26,22.312109,2.0415518,2.8188150560486613e-110,2.763544172596727e-109
2,PLD1,22.218355,1.0295396,2.282754997032275e-109,2.2162669874099758e-108
2,OGN,22.201143,1.2308562,3.34827096928562e-109,3.2194913166207888e-108
2,SLN,22.105558,,2.794603429482654e-108,2.6615270756977657e-107
2,GADD45B,21.977013,1.1157951,4.7789740612126446e-107,4.508466095483627e-106
2,FN1,21.940756,1.5225961,1.0612388719617331e-106,9.918120298707786e-106
2,HS3ST1,21.863482,1.0260614,5.785836665385996e-106,5.3572561716537e-105
2,MX1,21.849016,1.1748012,7.9426258355075e-106,7.286812693126147e-105
2,S100A10,21.821274,1.978703,1.4574205551707886e-105,1.3249277774279896e-104
2,APOE,21.73164,1.6612914,1.0305520008619944e-104,9.284252260017967e-104
2,JUN,21.27761,1.5282884,1.83037891590041e-100,1.619804350354345e-99
2,WNT16,21.240622,1.4467599,4.0253317517670386e-100,3.5309927647079285e-99
2,CRTAC1,21.165087,3.54694,2.003934459637544e-99,1.7425517040326467e-98
2,CHRM2,21.08177,1.6384879,1.169279414614877e-98,1.0079994953576525e-97
2,RASD1,20.968971,1.5132091,1.259559388367031e-97,1.076546485783787e-96
2,GPNMB,20.950294,3.049609,1.864745016881997e-97,1.5802923871881333e-96
2,TAC3,20.903143,2.7888353,5.013320375601448e-97,4.212874265211301e-96
2,SYNPO2,20.871555,1.0517206,9.712117485556258e-97,8.093431237963549e-96
2,ISG15,20.836397,0.65174377,2.025157359845161e-96,1.6736837684670752e-95
2,LEFTY2,20.818178,,2.9623627664875664e-96,2.428166202038989e-95
2,JUNB,20.751707,1.9055749,1.1831318886971175e-95,9.618958444692013e-95
2,SERPINE1,20.750242,2.3947432,1.2197349879025421e-95,9.836572483085017e-95
2,RSPO2,20.541037,1.9674854,9.256736857818701e-94,7.405389486254961e-93
2,MYL3,20.457903,0.7922313,5.108962664011677e-93,4.022805247253289e-92
2,RLTPR,20.320932,1.7857314,8.396489321445057e-92,6.55975728237895e-91
2,FGF7,20.22141,1.0695152,6.344233815990715e-91,4.918010710070322e-90
2,ACPP,20.204657,2.0847502,8.908789510912071e-91,6.8529150083939005e-90
2,CFI,20.156315,1.1543009,2.3688429562872015e-90,1.8082770658680925e-89
2,CTD-2339F6.1,20.066223,,1.4566450960030303e-89,1.0952218766940076e-88
2,DIO3,20.01257,2.982738,4.280026107031082e-89,3.194049333605285e-88
2,NEAT1,19.866812,0.6710453,7.885492317011923e-88,5.841105420008831e-87
2,BHLHE40,19.86379,1.0285283,8.374542747811772e-88,6.157752020449832e-87
2,ANKS1B,19.8409,6.1718936,1.3207011068896166e-87,9.640154064887712e-87
2,KISS1,19.812702,,2.313319411024536e-87,1.6763184137858954e-86
2,NR4A1,19.795946,1.6362039,3.2263274474556795e-87,2.3210988830616397e-86
2,HOXB6,19.56916,1.4928464,2.833089441075945e-85,2.0236353150542461e-84
2,MAB21L2,19.526403,0.9332745,6.549236878763121e-85,4.644848850186611e-84
2,RP11-44N21.1,19.503057,0.71935636,1.0341331665322996e-84,7.282627933326054e-84
2,MYL9,19.475407,1.382062,1.77509685069939e-84,1.2413264690205525e-83
2,FILIP1L,19.454714,0.91124326,2.658282376725663e-84,1.8460294282817107e-83
2,PGM5-AS1,19.434755,1.5868164,3.9228015061491527e-84,2.7053803490683815e-83
2,HOXC6,19.43265,1.0042367,4.087107313608716e-84,2.799388570964874e-83
2,ASPN,19.386505,0.96149427,1.0032700617844344e-83,6.778851768813745e-83
2,S100A6,19.142414,1.1358471,1.1195943815199432e-81,7.463962543466288e-81
2,GATA6-AS1,19.093248,2.0214431,2.8733291193761896e-81,1.9028669664742976e-80
2,CCDC184,19.062943,1.4767852,5.13057861761258e-81,3.375380669481961e-80
2,EFNA1,19.015882,0.8924354,1.2599724048378142e-80,8.235113757109897e-80
2,NTM,18.9669,1.3001529,3.202423356209325e-80,2.079495685850211e-79
2,SST,18.865822,3.446587,2.1785889354845726e-79,1.3876362646398551e-78
2,HOPX,18.79102,6.9794164,8.944415503680029e-79,5.661022470683563e-78
2,CRHBP,18.737642,4.379569,2.442123274102619e-78,1.5263270463141368e-77
2,COL9A3,18.713928,0.78044987,3.812081738349909e-78,2.3677526325154715e-77
2,NFKBIA,18.678955,0.79259723,7.344396942260454e-78,4.505764995251812e-77
2,TMEM176B,18.53933,2.0607173,9.945270574973794e-77,6.06418937498402e-76
2,PMP22,18.368484,0.8840621,2.348760889381754e-75,1.4149161984227433e-74
2,TMEM88,18.36766,2.3210733,2.3846872885259834e-75,1.4279564601951996e-74
2,FST,18.272717,3.7090635,1.3648353171762288e-74,7.935089053350168e-74
2,FOS,18.162117,1.7330892,1.0297752463987532e-73,5.91824854252157e-73
2,ANXA2,18.067171,1.4331858,5.780174496197878e-73,3.3029568549702163e-72
2,CHRNA3,17.979185,4.9029803,2.836268877312014e-72,1.6115164075636446e-71
2,ZNF592,17.95117,0.5335806,4.699041086880642e-72,2.6548254728139225e-71
2,ODAM,17.823082,1.4472449,4.6786748198270035e-71,2.628468999902811e-70
2,RGS1,17.793234,2.7223845,7.974186761525438e-71,4.454852939399686e-70
2,SARAF,17.742237,1.0030214,1.978977361765317e-70,1.0994318676473984e-69
2,PLTP,17.670364,1.5822014,7.093665804940834e-70,3.897618574143316e-69
2,SPRR2F,17.624678,5.708207,1.592729022296112e-69,8.703437280306623e-69
2,TMEM176A,17.5778,2.4912803,3.64439266577933e-69,1.980648187923549e-68
2,EZR,17.468208,1.5109588,2.5023376506719075e-68,1.3526149463091392e-67
2,KLF6,17.329773,1.029085,2.804300113328872e-67,1.4916489964515277e-66
2,FMO1,17.32492,,3.051133962888549e-67,1.6143565941209253e-66
2,ANXA1,17.132927,1.7565632,8.430512802509265e-66,4.4371120013206655e-65
2,FOSB,17.121025,1.2738708,1.0343927776850896e-65,5.415668993115652e-65
2,KRT14,17.102438,,1.4232350378260077e-65,7.4126824886771235e-65
2,REN,17.075703,4.967885,2.2509569573850483e-65,1.166298941650284e-64
2,HERPUD1,17.027544,0.58812165,5.131240419021261e-65,2.644969288155289e-64
2,ARHGAP29,17.005571,0.8056587,7.467389112499012e-65,3.8294303141020574e-64
2,TMEM98,16.973434,0.94665074,1.2915213841134867e-64,6.589394816905545e-64
2,MMP10,16.895428,2.1140897,4.861704890556025e-64,2.455406510381831e-63
2,CTSV,16.861645,2.0101264,8.615897198417949e-64,4.329596582119572e-63
2,HSPA6,16.80854,1.2040097,2.113085089662152e-63,1.0565425448310758e-62
2,ACTA2,16.738226,0.977394,6.901524288636151e-63,3.4165961824931437e-62
2,TGFBI,16.709751,0.84606355,1.1129890938527496e-62,5.4827048958263525e-62
2,CLU,16.593565,1.7661204,7.757492837172814e-62,3.802692567241576e-61
2,CRYAB,16.518581,1.9479574,2.6966974130199512e-61,1.3027523734395902e-60
2,NTRK2,16.458244,1.302801,7.319222443605855e-61,3.485344020764693e-60
2,MYL4,16.288498,6.0065656,1.1911791561706667e-59,5.592390404557121e-59
2,SERPINF1,16.25975,0.9605483,1.9051468611403023e-59,8.902555425889264e-59
2,CITED2,16.24574,1.0933744,2.3942883969843166e-59,1.1136225102252635e-58
2,PLS3,16.199322,0.7571076,5.098591936089913e-59,2.360459229671256e-58
2,FRZB,16.18687,1.615224,6.2423675020242185e-59,2.876667051624064e-58
2,DLK1,16.167736,2.741316,8.517237814032093e-59,3.906989822950501e-58
2,ESM1,15.968142,2.151068,2.130399783735847e-57,9.639818025954059e-57
2,S100A11,15.914397,1.3610399,5.0349307129225763e-57,2.267986807622782e-56
2,LGALS3,15.820094,1.0039678,2.2615446141038033e-56,1.014145566862692e-55
2,KRT19,15.76223,1.7084857,5.659986023906481e-56,2.515549343958436e-55
2,PHLDA1,15.73751,0.9127844,8.36721021036888e-56,3.702305402818089e-55
2,EGR1,15.712515,1.1356068,1.241547991786845e-55,5.469374413157907e-55
2,GJB2,15.694295,1.1223185,1.654705178131075e-55,7.257478851452083e-55
2,DUSP1,15.680654,1.1825056,2.051340342498863e-55,8.957818089514686e-55
2,PRR9,15.634142,2.9367182,4.261745783550074e-55,1.8449115946104215e-54
2,TM4SF1,15.58342,1.1042285,9.436809710958844e-55,4.067590392654674e-54
2,HAMP,15.496532,1.3724778,3.661256684644668e-54,1.5713548002766814e-53
2,MYL7,15.398659,2.9321394,1.6710063585872455e-53,7.141052814475408e-53
2,SERPINE3,15.380439,,2.214429075839949e-53,9.423102450382761e-53
2,ACTG1,15.354344,0.42344058,3.31239107817072e-53,1.4035555415977627e-52
2,KRT8,15.241455,1.1729724,1.8764376776685978e-52,7.851203672253547e-52
2,TAGLN,15.080773,1.3399906,2.1671615761468582e-51,8.918360395666083e-51
2,MMP9,15.078942,1.4008749,2.2281060655553733e-51,9.131582235882678e-51
2,LINC00900,14.957995,0.81678104,1.3812395142681717e-50,5.569514170436176e-50
2,BGN,14.927324,0.7104721,2.1887486216179024e-50,8.790155106899207e-50
2,APOL4,14.896011,0.7996307,3.498490850631508e-50,1.3993963402526032e-49
2,CD9,14.8710165,1.2035165,5.083548991623891e-50,2.025318323356132e-49
2,PRPH,14.817273,1.8210759,1.1329150929199802e-49,4.4602956414172444e-49
2,HIST1H2AC,14.796307,0.873753,1.5475050159850956e-49,6.044941468691779e-49
2,CTSC,14.643407,0.64973223,1.4844074904809372e-48,5.753517404964873e-48
2,WT1,14.605868,1.1954864,2.576785478396765e-48,9.948978681068591e-48
2,AQP3,14.509001,1.444815,1.0625655319587239e-47,4.055593633430244e-47
2,TMSB4X,14.504332,0.94656926,1.1373972594348193e-47,4.3247044084974117e-47
2,CTD-2410N18.3,14.456081,1.0230982,2.2949697631739327e-47,8.693067284749745e-47
2,YPEL4,14.370934,0.8020791,7.876235117897203e-47,2.972164195432907e-46
2,GABRA1,14.288715,0.8595314,2.5731147115901514e-46,9.601174296978177e-46
2,RGS2,14.262713,0.7470485,3.736390217314473e-46,1.3838482286349898e-45
2,CXCL1,14.253467,1.3962414,4.265716586164734e-46,1.574065160946396e-45
2,S100A3,14.158247,1.4861308,1.6608526346912696e-45,6.03946412615007e-45
2,GLT8D2,14.104229,0.75690216,3.5767857624840627e-45,1.2866135836273606e-44
2,HOXC10,14.017708,0.6803285,1.214755875203042e-44,4.3229746448506827e-44
2,CXCL2,13.980078,1.2416451,2.062626990921607e-44,7.314280109651089e-44
2,CD48,13.943363,4.4524007,3.452774233040599e-44,1.2200615664454414e-43
2,IL11RA,13.80905,0.7235595,2.2477734973482044e-43,7.886924552098963e-43
2,OR8S1,13.771328,0.9202865,3.7917687138232325e-43,1.32579325658155e-42
2,GPR183,13.7182255,3.8013499,7.897482976138488e-43,2.742181588936975e-42
2,TPM1,13.682884,0.97530377,1.2849269463423338e-42,4.4155565166403226e-42
2,CAV1,13.606343,1.2791306,3.67161440592917e-42,1.253110718747157e-41
2,GEM,13.527329,0.68897766,1.0787164542370241e-41,3.632041933457994e-41
2,CYB5A,13.424694,0.9133411,4.3336871698466436e-41,1.4445623899488813e-40
2,KLF4,13.389537,0.64494735,6.961377148488498e-41,2.305091771022682e-40
2,EPYC,13.29624,0.8735351,2.4340360083560237e-40,7.980445929036143e-40
2,IER2,13.018091,0.9343855,9.655502952718504e-39,3.1146783718446786e-38
2,EDNRA,12.974601,0.6579317,1.7048119971050413e-38,5.481710601623927e-38
2,KRT17,12.82573,0.68927747,1.1767306193962142e-37,3.7595227456748057e-37
2,CXCL14,12.818497,0.9327117,1.2918037822715477e-37,4.114024784304292e-37
2,CYR61,12.74635,1.1164709,3.2668519000228536e-37,1.0370958412770964e-36
2,FOXS1,12.737561,2.2314415,3.656488040245648e-37,1.1571164684321671e-36
2,ELF3,12.661111,1.4476863,9.711528477928954e-37,3.053939772933633e-36
2,KRT18,12.62925,1.0861713,1.45661511296182e-36,4.551922228005687e-36
2,STMN2,12.62403,1.7069852,1.5564673089517476e-36,4.8488078160490576e-36
2,PLAU,12.600042,0.97544694,2.1103069888422213e-36,6.553748412553483e-36
2,HBA2,12.584569,,2.5673881675586942e-36,7.948570178200291e-36
2,IBSP,12.547672,,4.0936877175853644e-36,1.255732428707167e-35
2,MT1E,12.542912,,4.347272173956943e-36,1.329441031791114e-35
2,LINC01411,12.480927,1.0508484,9.487538060763129e-36,2.892542091696076e-35
2,DUSP2,12.270804,0.7562704,1.2995581969006594e-34,3.902577167869848e-34
2,IFI6,12.133103,0.3425598,7.052546705046116e-34,2.1052378224018254e-33
2,RIMS1,12.078169,0.89548755,1.3775319036748345e-33,4.087631761646393e-33
2,COLEC11,12.073133,1.7987205,1.4644991603221225e-33,4.3328377524323145e-33
2,C7,12.045026,0.7557002,2.060129602247747e-33,6.077078472707218e-33
2,ADAMTSL1,12.002452,0.542431,3.44926013754199e-33,1.0115132368158328e-32
2,ALPK1,11.993845,0.59586185,3.8271772594157764e-33,1.1190576781917473e-32
2,TNFRSF12A,11.793611,0.9469259,4.2109343639393044e-32,1.2241088267265421e-31
2,OSR1,11.718442,0.6336946,1.0253996123643808e-31,2.9721727894619733e-31
2,SHISA3,11.677792,1.0883696,1.6554137035824667e-31,4.784432669313488e-31
2,LA16c-312E8.2,11.673854,0.5988223,1.733860435854725e-31,4.99671595347183e-31
2,HTR2B,11.67129,1.3104845,1.786914851697134e-31,5.134812792233143e-31
2,FBLN2,11.54833,0.44862413,7.526883161172173e-31,2.1444111570291093e-30
2,ZFHX4-AS1,11.5321245,0.476216,9.087325744268357e-31,2.5816266318944197e-30
2,HBG2,11.20838,0.5399845,3.709214285781709e-29,1.0419141252195812e-28
2,DDIT3,11.066192,0.45713314,1.8301328641832893e-28,5.069620122391383e-28
2,CPXM2,11.047148,0.7588827,2.262894985551848e-28,6.251091120308973e-28
2,SFRP1,11.008512,0.76922023,3.477017696267001e-28,9.57856114674105e-28
2,EMCN,10.86495,0.6072841,1.6931553034154153e-27,4.5760954146362575e-27
2,CBLN4,10.544135,1.1836451,5.406792961421042e-26,1.4228402530055376e-25
2,SEPP1,10.514746,0.4617395,7.387995332737646e-26,1.9340301918161377e-25
2,GAP43,10.43738,0.72752273,1.6736603162463289e-25,4.313557516098785e-25
2,CPED1,10.425295,0.64466345,1.9006940173206224e-25,4.886102872289517e-25
2,DPT,10.328336,0.7511513,5.246276558736482e-25,1.338335856820531e-24
2,SLC30A8,10.313413,0.65773034,6.128590561537268e-25,1.5594378019178799e-24
2,PRSS56,10.202537,,1.9315980209939466e-24,4.890121572136574e-24
2,CD44,10.188712,0.79037964,2.2269522764967844e-24,5.623616859840365e-24
2,HOXC9,10.187705,0.5757903,2.250138534901835e-24,5.6678552516419014e-24
2,HOXD11,10.16445,0.7446912,2.8573193118358053e-24,7.179194250843731e-24
2,RSPO1,10.15685,0.72976476,3.0889489402538214e-24,7.74172666730281e-24
2,SPP1,10.134052,2.256516,3.901373163754723e-24,9.753432909386808e-24
2,LINC01117,10.128193,0.83937943,4.142340099275944e-24,1.0330025185226793e-23
2,S100A16,10.096332,0.5559109,5.7347679328053305e-24,1.4265591872650074e-23
2,MAP1B,9.987744,0.5730872,1.7246065736830934e-23,4.2582878362545514e-23
2,HBA1,9.934459,1.1842741,2.94772378743089e-23,7.207148624525405e-23
2,CRYL1,9.922739,0.37270823,3.3152953391912615e-23,8.066412017496987e-23
2,HLX,9.92164,0.94820076,3.3519981212053956e-23,8.135917769916009e-23
2,CXCL10,9.893807,3.059954,4.428564943672433e-23,1.0697016772155636e-22
2,NFIB,9.8504095,0.4938428,6.826516874997936e-23,1.6331380083727122e-22
2,ACTG2,9.84043,0.7225693,7.538796184780862e-23,1.7992353662961485e-22
2,ERP27,9.815252,1.3186487,9.67959836043146e-23,2.2991920096036724e-22
2,GADD45G,9.785221,0.4613325,1.3031000157194895e-22,3.0879147291931033e-22
2,TMEM196,9.748873,0.5308801,1.8652709562901605e-22,4.38887283832979e-22
2,HOXB5,9.74077,0.52692854,2.0201691718762845e-22,4.742181154639166e-22
2,C1QTNF7,9.734591,0.5138031,2.146809624622028e-22,5.027657200519971e-22
2,SPX,9.686661,0.6561482,3.4357976614805713e-22,8.0088523577635695e-22
2,HPCAL4,9.673156,0.57902515,3.920971455055168e-22,9.118538267570158e-22
2,KCNN4,9.622342,1.085458,6.434921364604426e-22,1.486125026467535e-21
2,SLC7A7,9.608242,1.5751283,7.379818289694614e-22,1.700418960759128e-21
2,ATAD3C,9.589381,0.708204,8.86147884151747e-22,2.037121572762637e-21
2,PLK2,9.493522,0.42792904,2.233586898314425e-21,5.087897262675228e-21
2,SDPR,9.457356,0.93795973,3.1582666855581185e-21,7.177878830813906e-21
2,MPPED2,9.354904,0.38478377,8.367534280645103e-21,1.8888339233961857e-20
2,ICAM1,9.2476,0.74958897,2.295899902246076e-20,5.15932562302489e-20
2,GJB6,9.092503,0.68977875,9.678504595761846e-20,2.165213556098847e-19
2,AGTR2,9.050203,0.56061745,1.4270216226827127e-19,3.1782218767989145e-19
2,SULT1E1,9.037386,0.58425784,1.6046360720138235e-19,3.5658579378084965e-19
2,RGS13,9.028321,1.631458,1.7432515958891125e-19,3.8567513183387444e-19
2,GDPD5,9.024201,0.50005245,1.810108287719431e-19,3.9958240347007304e-19
2,RP11-110I1.14,8.89712,0.62758183,5.731422771236884e-19,1.2486759850189289e-18
2,IL32,8.894374,0.9123763,5.874959652089629e-19,1.277165141758615e-18
2,LOX,8.86764,0.44269407,7.471289085250087e-19,1.6206700835683486e-18
2,ISM1,8.79421,0.55807245,1.4405695151864539e-18,3.0913508909580555e-18
2,PEG10,8.778097,0.43610168,1.6626419240425236e-18,3.560261079320179e-18
2,AF131217.1,8.774343,0.9049691,1.719046115772715e-18,3.665343530432229e-18
2,TSPAN7,8.731769,0.5042672,2.507197922972261e-18,5.300629858292307e-18
2,BST2,8.697435,0.99133265,3.3946930924167388e-18,7.116757007162974e-18
2,EGR2,8.697435,0.7872525,3.3946930924167388e-18,7.116757007162974e-18
2,MT2A,8.671067,1.0151514,4.280900639875308e-18,8.955859079237046e-18
2,L3MBTL4,8.658066,0.7027225,4.798363473678524e-18,9.996590570163593e-18
2,LECT1,8.650284,,5.137164250973796e-18,1.0658017118202896e-17
2,PHACTR3,8.593427,1.0459666,8.441330047586184e-18,1.7404804221827184e-17
2,C1orf168,8.567059,0.89119655,1.0616204359236299e-17,2.179918759596776e-17
2,HES1,8.560284,0.40861142,1.1259059084706191e-17,2.3071842386693014e-17
2,LAMA4,8.544627,0.44121408,1.2895207597966855e-17,2.6370567685003795e-17
2,MSX2,8.411412,0.43676168,4.05104365638423e-17,8.134625816032591e-17
2,MPZ,8.362612,,6.13446232888567e-17,1.2293511681133606e-16
2,COLEC10,8.347231,2.0016792,6.988218509166144e-17,1.3920754002322995e-16
2,TNFAIP6,8.300812,0.5419167,1.0340279004686533e-16,2.0435334001356784e-16
2,MT-CO1,8.263914,0.30966806,1.409722455014142e-16,2.780517662749787e-16
2,IL3RA,8.237546,1.2049917,1.7577932671852455e-16,3.4602229669000894e-16
2,ZNF385D,8.05196,0.40662292,8.147851517795941e-16,1.5851851201937629e-15
2,FOXD3-AS1,8.012133,,1.1273599831618415e-15,2.1805802382240646e-15
2,SERPINB4,7.931105,1.4302346,2.1720429611955187e-15,4.177005694606767e-15
2,LGALS1,7.8783684,0.61699,3.3168357458374544e-15,6.35409146712156e-15
2,ALX1,7.8744316,0.4732276,3.422957872245092e-15,6.5448525281932926e-15
2,S100B,7.8356113,1.026895,4.665668137092335e-15,8.903946826512089e-15
2,L1TD1,7.8201385,0.7959118,5.2765335202365596e-15,1.0031432547978249e-14
2,LA16c-380H5.3,7.7568727,0.6785692,8.704931762186835e-15,1.6455447565570575e-14
2,CXCL3,7.5779705,0.44745144,3.5100179384701844e-14,6.573067300505963e-14
2,DKK1,7.574766,0.42629713,3.597750841561888e-14,6.724767928153061e-14
2,TRAC,7.551877,0.81479245,4.290296985054015e-14,7.989379860435781e-14
2,TDGF1,7.505641,,6.112882857293756e-14,1.1362235794226311e-13
2,CRABP1,7.467004,0.6543626,8.204137567702757e-14,1.5192847347597697e-13
2,FTH1,7.4387584,0.10117844,1.0163587394090953e-13,1.875200626216043e-13
2,RP11-407N17.5,7.412802,0.28756037,1.2365822477105902e-13,2.277315373316004e-13
2,HAPLN1,7.40795,0.83677125,1.2826690915725846e-13,2.357847594802545e-13
2,LYPD3,7.3778276,0.2572076,1.6089318004863555e-13,2.9467615393522994e-13
2,DLX1,7.3699536,1.0882896,1.7068735221607342e-13,3.120426914370629e-13
2,TCTEX1D4,7.3217034,0.7659959,2.448431296775666e-13,4.451693266864847e-13
2,PLN,7.3156605,,2.5611844914201937e-13,4.639826977210495e-13
2,PDLIM1,7.2862706,0.46149543,3.186522239862062e-13,5.75184519830697e-13
2,RPL10,7.265762,0.11911086,3.7094103246997354e-13,6.683622206666189e-13
2,SMPX,7.14976,1.4444274,8.692998147876813e-13,1.55788497273778e-12
2,NTS,7.136942,,9.543030426038555e-13,1.7071610780033191e-12
2,DLX2,7.068457,0.81913894,1.566656269405319e-12,2.787644607482774e-12
2,CXCL12,6.8152113,0.40694568,9.412538051409212e-12,1.631289090365548e-11
2,POU5F1,6.8022103,-4.214095,1.0302616562776568e-11,1.7793810989251415e-11
2,CALB2,6.789209,1.2177312,1.1274994330138275e-11,1.940618645462698e-11
2,ALCAM,6.766869,0.43954575,1.3159892122628946e-11,2.26114984924896e-11
2,TTN,6.763848,,1.3437419666267052e-11,2.3048747283476936e-11
2,NPY,6.7240205,0.8426295,1.7677735081933514e-11,3.027009431837931e-11
2,DNM3OS,6.662678,0.41274288,2.6888303842087887e-11,4.5884477546225067e-11
2,PTN,6.63164,0.5475243,3.319777266914477e-11,5.645879705636866e-11
2,NGF,6.530378,0.30439,6.560386643396307e-11,1.1063046616182644e-10
2,NR4A2,6.1690035,0.47140282,6.87216953123094e-10,1.141556400536701e-09
2,ACTC1,6.1326556,1.1242642,8.642416973136599e-10,1.43323664562796e-09
2,RAB27B,6.1260633,0.65905416,9.007992253466628e-10,1.4913894459381836e-09
2,MYH6,6.125697,,9.028738252484704e-10,1.492353430162761e-09
2,CREB5,6.058037,0.2440585,1.377929428901834e-09,2.2589007031177607e-09
2,VAMP5,5.978382,0.40810117,2.253643048288002e-09,3.682423281516343e-09
2,CTD-2545M3.8,5.9725227,,2.3361262574472617e-09,3.8109726875159244e-09
2,ADGRL4,5.970875,0.95906085,2.3598496470752645e-09,3.843403333998802e-09
2,PLP1,5.9571414,1.2512679,2.5668851131120854e-09,4.17379693188957e-09
2,SERPINB2,5.8417797,0.84988123,5.164609555511049e-09,8.316601538665136e-09
2,HIST2H2BE,5.8405895,0.19644117,5.201646334463397e-09,8.362775457336651e-09
2,ACTA1,5.803051,1.3762261,6.511892632705702e-09,1.0452476135964208e-08
2,ANXA3,5.7746687,0.5368297,7.71047244306221e-09,1.2336755908899535e-08
2,TNFSF10,5.752695,0.9607514,8.783191640972826e-09,1.3963738697890026e-08
2,TBX3,5.7472014,0.4271211,9.073258416260522e-09,1.4401997486127814e-08
2,TECRL,5.7100296,0.99662584,1.1295662896424245e-08,1.79012090276137e-08
2,RP11-61A14.1,5.6869574,0.27905664,1.2932289678427126e-08,2.046248366839735e-08
2,RP11-111H13.1,5.664434,0.27641755,1.4751047447321618e-08,2.33033924918193e-08
2,DDC,5.627445,0.31100124,1.8289819827423657e-08,2.8802865869958516e-08
2,TBX2-AS1,5.5548406,0.4007429,2.7786501312811384e-08,4.355250989468869e-08
2,PDGFRA,5.5288386,0.29480013,3.223577475626677e-08,5.036839805666683e-08
2,AMBN,5.4990826,0.32272303,3.817721707286756e-08,5.937358798268672e-08
2,GAL,5.3514934,,8.72314461770126e-08,1.342022248877117e-07
2,RP11-490O6.2,5.3458166,0.33771804,9.001030424954423e-08,1.38264676266581e-07
2,BDNF,5.3164268,0.30227312,1.0582471017965208e-07,1.6230783769885286e-07
2,ALX3,5.2606688,0.4380957,1.4353234954628939e-07,2.1879931333275821e-07
2,CTHRC1,5.2215743,0.4064145,1.774086292277868e-07,2.6880095337543453e-07
2,WFDC1,5.213792,0.4847219,1.8501916089138234e-07,2.7990795898847557e-07
2,KIAA1614,5.211137,0.1987151,1.8768717711455918e-07,2.835153732848326e-07
2,CNTN1,5.208756,0.315623,1.901107800107124e-07,2.867432579347095e-07
2,NKX2-5,5.1603227,5.3400903,2.4652466120335237e-07,3.6960219070967367e-07
2,MATN3,5.123791,0.40954068,2.994521818002669e-07,4.4761163198844077e-07
2,MLLT11,5.1218686,0.22513287,3.025224204608002e-07,4.5152600068776144e-07
2,ADM,5.113171,0.45158532,3.1679549539569943e-07,4.72124434270789e-07
2,TINAGL1,5.111248,0.47176892,3.2003722279789543e-07,4.7624586725877294e-07
2,SFN,5.0261,0.9523041,5.005539470860376e-07,7.382801579440083e-07
2,PCDHA9,5.0182266,0.57201785,5.215067029936354e-07,7.680511089744261e-07
2,GABRP,4.9833436,0.62792337,6.249490454954247e-07,9.190427139638597e-07
2,RP11-834C11.4,4.9294167,0.42789492,8.247560420721686e-07,1.2075491099153273e-06
2,RP11-510C10.2,4.8897724,0.35861525,1.0095265783908306e-06,1.4737614283077817e-06
2,BMP4,4.8735666,0.36828944,1.096011815718219e-06,1.5953592659653844e-06
2,DLL4,4.826049,2.3362088,1.3926836776668055e-06,2.021311578616554e-06
2,CLEC1A,4.7745023,0.32018796,1.8015215198407654e-06,2.607122315254364e-06
2,TF,4.761318,0.57246023,1.923325074888235e-06,2.7793714955032304e-06
2,CLDN9,4.760494,0.848937,1.9311948886186033e-06,2.7867170109936556e-06
2,S100A9,4.673149,0.6423791,2.966163611484327e-06,4.255614937567184e-06
2,TPD52L1,4.64907,0.24350977,3.3343567959681623e-06,4.763366851383089e-06
2,BASP1,4.640097,0.25571355,3.482456019688215e-06,4.967840256331263e-06
2,SERPINE2,4.6264553,0.1535849,3.719774868577312e-06,5.291287153026049e-06
2,SCN2A,4.621145,0.2725563,3.8162829881539e-06,5.413167359083546e-06
2,GPRC5A,4.604115,0.29314905,4.142230700666228e-06,5.850608334274333e-06
2,GATA2,4.551287,0.27286437,5.331876357263529e-06,7.509685010230323e-06
2,CSRP3,4.535997,,5.733199534915976e-06,8.06357177906607e-06
2,MOXD1,4.5224466,0.42711976,6.1128912492140735e-06,8.573480012922965e-06
2,KLF5,4.505142,0.3026473,6.632845871163436e-06,9.276707512116694e-06
2,HES2,4.3945417,0.80931234,1.1100664824932996e-05,1.5311261827493788e-05
2,GATA3,4.3877664,0.3281791,1.1452057956834639e-05,1.5774184513546333e-05
2,PTX3,4.3390584,0.2590089,1.430945038859234e-05,1.957517153022208e-05
2,TMEM100,4.3365865,0.27287015,1.4471258812493361e-05,1.9769479252040112e-05
2,DLX6-AS1,4.3303604,0.37927336,1.4886543211467564e-05,2.0309063044294084e-05
2,TERF1,4.302436,0.20048569,1.689307183917718e-05,2.301508424956019e-05
2,TFAP2B,4.29621,0.2441908,1.7374314201716118e-05,2.363852272342329e-05
2,TAL1,4.2776237,2.4495943,1.8889890973565896e-05,2.566561273582323e-05
2,DDIT4,4.229282,0.1486147,2.34438513258885e-05,3.16808801701196e-05
2,SNAP25,4.178193,0.124159165,2.9383408305390952e-05,3.944081651730329e-05
2,CARTPT,4.1639104,3.104167,3.128430746804586e-05,4.193606899201857e-05
2,ANKRD1,4.156769,0.9759945,3.2278025920470074e-05,4.315244107014716e-05
2,MEST,4.0771146,0.14589268,4.559804696056962e-05,6.0635700745438324e-05
2,HLF,4.0478163,0.54772884,5.169769298699996e-05,6.856457955835538e-05
2,TANGO6,4.0044184,0.1010887,6.217024630592708e-05,8.234469709394315e-05
2,CPM,4.0023127,0.1948678,6.272634872113039e-05,8.297136074223597e-05
2,H3F3B,3.930715,0.083378926,8.469354857247165e-05,0.00011129244227657247
2,DBH,3.8968391,0.90115154,9.745628055841032e-05,0.00012772775957851942
2,IGFBP7,3.88512,0.39245614,0.00010227938624308008,0.0001338735422029844
2,LTB,3.85042,0.42391825,0.00011791548393793482,0.00015393666310435354
2,CTGF,3.7397277,0.34323373,0.0001842196492805464,0.00023986933500071147
2,APOBEC2,3.573827,,0.000351801527860516,0.0004539374553038916
2,NODAL,3.5625653,,0.00036724833361260963,0.00047204155991337996
2,CAPN3,3.530887,0.85539186,0.00041416897420980383,0.0005316674893578997
2,FOXF1,3.5274992,1.125364,0.00041950504546379124,0.0005378269813638349
2,CTSS,3.5237453,0.21328002,0.0004254929433498886,0.0005448053051855168
2,ALDH1A2,3.522372,0.18681031,0.0004277035073706082,0.000546935431420215
2,SLITRK6,3.4993913,0.20784602,0.0004663217616250289,0.00059555780539595
2,LINC00458,3.4926162,-1.3662014,0.00047831368785430424,0.000610093989610082
2,NPR3,3.4906933,0.3122393,0.0004817688372275164,0.0006137182639840974
2,TMEM156,3.453155,0.92687917,0.0005540703447585657,0.0007049241027462668
2,TH,3.415983,0.1535256,0.0006355220377805679,0.000806500047944883
2,TNMD,3.2937548,0.1784593,0.000988587102696134,0.0012482160387577448
2,ANGPT2,3.2741616,0.22155923,0.0010597598288693436,0.0013347101119261253
2,SCG2,3.2704992,0.07982112,0.0010735779293630533,0.001350412489764847
2,SLC16A3,3.2507231,0.1963525,0.0011511192124672854,0.001444315197575013
2,TM4SF18,3.218953,0.88610256,0.0012865962596843945,0.0016122760146420982
2,ECSCR,3.2124524,1.0698689,0.001316069788321052,0.0016471461681114544
2,S100A8,3.2006416,0.27507925,0.0013712201099038933,0.0017140251373798665
2,MT1H,3.1801329,-0.9476725,0.0014720756921797785,0.0018355058505982276
2,FGFBP2,3.1561449,0.21457453,0.0015986939929210423,0.001985955270709369
2,MYOZ2,3.130326,,0.00174612452013109,0.002163723073272726
2,PRND,3.1003869,1.0306726,0.0019326803186948433,0.0023919310874936177
2,GYPE,3.0023296,-3.6440325,0.002679219521873006,0.0032873859164085965
2,MT1G,2.9932654,-1.1358216,0.002760095763597293,0.0033824702985260947
2,CTD-2035E11.4,2.977426,,0.0029067969001976834,0.0035535414427844544
2,LRRC17,2.934486,0.20580874,0.0033410062717847346,0.004069435166607472
2,IGFBP6,2.9340281,0.24264522,0.0033459379209511077,0.0040704840887483065
2,TBX5,2.8757064,0.22208375,0.004031242944250705,0.004886355083940249
2,GIMAP4,2.8444858,1.0230433,0.0044483183339754035,0.005380407390715072
2,WNT10A,2.8443942,0.22312792,0.004449596912121364,0.005380407390715072
2,CD34,2.7296736,0.670584,0.006339707820937936,0.007619841130935019
2,CHGA,2.7082493,-0.29113334,0.006763920857075631,0.008119953009694635
2,FAP,2.6806905,0.22697702,0.007347040336818948,0.008798850702777184
2,BARX2,2.6746478,0.22264652,0.007480777398286932,0.008948298323309728
2,RASGRP3,2.6430607,1.1307768,0.008216027968612543,0.009816042973252741
2,INHBA,2.630609,0.19821455,0.008523201223662392,0.010158761887559466
2,VTCN1,2.595726,0.17443909,0.009439131708932522,0.011237061558253002
2,HDAC9,2.5718296,0.19826137,0.010116265889380329,0.012028853614007526
2,PLVAP,2.5479333,0.9741329,0.010836318142386189,0.01285446991979382
2,CLDN7,2.5293472,0.06381162,0.011427488890223223,0.013539678779885336
2,ESAM,2.5286148,0.98893034,0.011451361622316558,0.01355190724534504
2,NPPB,2.506458,0.49052665,0.012194750886206978,0.014414599156273024
2,CDH5,2.4667225,0.91439766,0.013635599739963897,0.016098700991692912
2,BRINP3,2.4257965,0.12890837,0.015274828906991066,0.017991553482910563
2,TUBB2A,2.3859694,0.14554381,0.017034168546825396,0.02004019829038282
2,PCSK9,2.3708625,0.23363365,0.017746630393348832,0.020829378395949335
2,NPPA,2.3581362,1.4517851,0.01836695581630716,0.021481819668195512
2,CCL2,2.3565798,0.22825381,0.0184441105943171,0.02154685817093119
2,KRT7,2.3468747,0.13968945,0.018931622347078642,0.02206482791034807
2,RFTN2,2.3332326,0.13680463,0.01963593562925042,0.022859063596333433
2,AGAP2,2.3276477,0.12080715,0.01993081656744636,0.023175368101681814
2,LINC00682,2.3075967,-0.30507267,0.021021572573436405,0.024386975143197685
2,RP11-156E8.1,2.2890108,0.077921465,0.02207872619136816,0.025554081240009446
2,GYPB,2.276559,-0.8799377,0.02281257017695683,0.02634245978863375
2,ANGPTL1,2.26484,0.05363934,0.023522512663535177,0.027130925794158222
2,ICAM2,2.2359993,0.70296794,0.02535180990750938,0.029173544197364072
2,C2orf54,2.2221744,0.1429088,0.02627152611539928,0.030162486929275867
2,PTHLH,2.166874,0.14693911,0.030244459292998432,0.03464428326803944
2,AFP,2.1536899,0.27651104,0.031264500835555285,0.03577174008644769
2,C8orf4,2.0705564,0.31314293,0.038400277035907274,0.043736078628595985
2,IFI44L,1.9758866,0.16969736,0.048167619001902105,0.05461181292732665
2,RP11-21B23.2,1.9134449,0.13052343,0.05569111947375149,0.06285679398843283
2,SLC18A1,1.9075853,-0.27237767,0.05644483933466254,0.06363567005035235
2,ST7-AS1,1.8935771,0.41167143,0.05828116642436644,0.0654844566565915
2,TIMP3,1.8898233,0.10001066,0.058781600887914676,0.06597261603581894
2,MEIS2,1.8818579,0.19290204,0.059855321867752505,0.06710237877550729
2,MYCT1,1.8804845,0.84792113,0.0600420802677516,0.06723637208034894
2,HOXC5,1.834523,0.16773495,0.0665764002541073,0.07447024636924754
2,CPA5,1.8246348,0.08641871,0.0680561513066786,0.0760403925214286
2,CYP26B1,1.8171272,0.07354366,0.06919764015353641,0.07722950909992903
2,APLN,1.7121116,0.36515158,0.08687610824935665,0.09652900916595183
2,CDKN3,1.5605851,-0.1109102,0.11862167076721093,0.13107366935603418
2,VWF,1.4351523,0.16573267,0.15124368815745162,0.1660194161991785
2,PCAT19,1.3622732,0.5750615,0.17311169366313883,0.1885748296984083
2,AREG,1.3602589,0.36158502,0.1737480049158867,0.18885652708248554
2,GRIA2,1.2920492,0.14837694,0.19634013380971294,0.21295025358971034
2,CCDC170,1.2722728,0.054605763,0.20327618812511483,0.2199958745942801
2,TACSTD2,1.22329,-0.15386456,0.22122018719334224,0.23915695912793755
2,NXPH4,1.2176135,-0.031134984,0.22337089371757468,0.2409610503965207
2,LY6H,1.1859348,-0.14317937,0.23564803831424086,0.25393107576965607
2,CYP1A1,1.1212957,-0.07421349,0.26216199490975856,0.2818946181825361
2,DMRT2,1.0889763,0.13275945,0.276164377435579,0.29663198435615357
2,CDC20B,1.0795459,0.19206633,0.280344460907724,0.3001546690660857
2,SERTAD4,1.0701156,0.18404078,0.28456731672273783,0.3043500713612169
2,ECEL1,1.0388031,-0.046416767,0.29889631971572683,0.3189928705610745
2,KCNA3,1.0254358,-0.33647096,0.3051575982035808,0.32532792985456377
2,APLNR,1.0197593,,0.3078426342240914,0.3274921640681824
2,FHL2,0.9439503,0.15462354,0.34519505305213516,0.3660605016459546
2,PECAM1,0.9426685,0.53334993,0.34585049443245364,0.36636704918692126
2,TSPAN8,0.824194,0.026180593,0.4098293169322025,0.43276591017128035
2,LPL,0.80084705,-0.25219652,0.42322019296562075,0.44596437614923157
2,CHCHD2,0.7220167,0.008483093,0.4702842230679557,0.49451548166977466
2,RGS6,0.7167064,0.06399111,0.47355528443361616,0.49743202146388255
2,DLX5,0.71368504,-0.070395105,0.47542197573074374,0.49886880979091686
2,SNCG,0.70562804,-0.026516378,0.48041949608227064,0.5035843774447282
2,EMP1,0.6703787,0.14408733,0.5026164339135193,0.5262999307994967
2,VGLL1,0.6586594,-0.26128784,0.5101145130426954,0.5335882077274302
2,CLEC14A,0.65783536,-0.32158726,0.5106439147951507,0.5335882077274302
2,EDN3,0.6458414,0.040710468,0.5183820427235453,0.540544361546971
2,IFI44,0.5931047,0.087743714,0.5531110527772787,0.5731720754168691
2,AC140912.1,0.53295195,0.005071826,0.5940668414684533,0.6124400427509828
2,CA9,0.48470154,0.054093197,0.627888078049256,0.6459753889395637
2,EBF1,0.4771023,0.00057573215,0.6332892610211935,0.6508625498676193
2,LINC01102,0.43681735,0.08156137,0.6622438196125978,0.6799217860498951
2,ADCYAP1,0.42601365,-0.14039782,0.6700979030089533,0.6865757202960587
2,CDKN1A,0.41777354,0.02933018,0.6761127013115882,0.6920293769821783
2,CLDN5,0.37373474,-0.07906773,0.7086016835866968,0.7238015154103135
2,SAMSN1,0.359635,-0.0026754963,0.7191201152258402,0.7337960359447349
2,HBD,0.32566744,0.0901397,0.7446759914826935,0.7590988700129393
2,TSLP,0.31971624,0.19888037,0.7491834501730403,0.7629159370397559
2,CER1,0.31504685,-0.29646614,0.752726088953773,0.7657437324046521
2,AGT,0.21882068,0.05647177,0.8267897388689783,0.8393804455522623
2,PTTG1,0.2056365,-0.122049995,0.8370748617295956,0.8481001638597726
2,CLDN6,0.14832197,-0.14608693,0.8820886811140309,0.8900995773098194
2,DCX,0.1372436,-0.21903303,0.8908382519119854,0.8971180784612139
2,VIM,0.13312355,0.043632794,0.894095677118637,0.8994926329161338
2,FCN3,0.0561243,0.16440319,0.9552427864063098,0.9600430014133766
2,SLC2A3,0.038087618,-0.121988535,0.9696178252790146,0.9725354315737359
2,CTSK,0.034333788,0.029499033,0.9726109815676061,0.9745601017711484
2,KRT23,-0.0022889192,-0.3649964,0.9981737082874758,0.9981737082874758
2,SMAGP,-0.013458845,-0.05327188,0.9892617195440798,0.9902519715155954
2,PDE1A,-0.042940125,0.01578701,0.9657492634410267,0.9696277745391835
2,TRIB3,-0.14447658,-0.14502689,0.8851241479023036,0.8922622458692577
2,LCN15,-0.1906212,0.10778088,0.8488223852599137,0.8573963487473876
2,TTC9B,-0.20124178,-1.1513455,0.8405095256126465,0.8498579632079337
2,TDRD10,-0.20362225,-0.05829101,0.8386487013830981,0.8488347179990872
2,TWIST2,-0.21296105,0.14888354,0.8313573478092631,0.8431616103542222
2,RUNX2,-0.2609368,0.065060936,0.7941412521433004,0.8070541180318094
2,APOA1,-0.39167985,0.051376615,0.6952947749989996,0.7109353527597133
2,C3orf80,-0.4296759,-0.02412333,0.6674314050328867,0.6845450308029607
2,NENF,-0.50237197,0.018428994,0.6154058777616693,0.6337856619584649
2,MIXL1,-0.55455935,-0.06982156,0.5791961007421758,0.5977255941611721
2,HMP19,-0.56316566,-1.0467098,0.5733220670051061,0.5922748626085808
2,MGC16275,-0.58697045,-0.046451382,0.5572235563598631,0.5762394584900342
2,CRYM,-0.5888931,-0.10460933,0.5559329617963453,0.5754999604517033
2,VWC2,-0.5958515,-0.02833227,0.5512744681878006,0.5718614815226147
2,ACAT2,-0.60326755,-0.052149154,0.5463307166575263,0.5673216164667978
2,CYP4X1,-0.60949343,-0.17087823,0.5421974394153949,0.5636148018871049
2,XXbac-BPG181B23.7,-0.6169095,-0.013454181,0.5372944148025778,0.5590992869953983
2,SPOCK3,-0.620938,0.019536225,0.5346404133565894,0.5569170972464473
2,USP18,-0.6485881,-0.027606728,0.5166046166819562,0.5392532533214575
2,PLSCR2,-0.78546554,,0.4321806787882253,0.4549270303033951
2,UPK1B,-0.8221798,-0.37821022,0.41097458259306263,0.43351749218677493
2,HTR3A,-0.8399418,,0.4009410208650709,0.423827717616354
2,HBZ,-0.8730853,-0.009601122,0.3826165597285609,0.40488524839001155
2,T,-0.9516411,0.2254109,0.34127905274157677,0.36229198804838303
2,CCDC42,-0.9835028,-0.18071708,0.32536003259620705,0.345759864608084
2,CORIN,-1.0240625,0.026423048,0.3058057744610857,0.32567175128976117
2,ASCL4,-1.045853,-0.9507893,0.2956289205459949,0.3158428638311911
2,PHOX2B,-1.0826588,,0.2789599013982015,0.29899239163794367
2,HEY1,-1.0827503,-0.045244783,0.27891924959236825,0.29899239163794367
2,CH25H,-1.1706449,-0.057408787,0.24174156311108486,0.2602169678267867
2,MS4A8,-1.2177966,-0.8267637,0.22330128343682487,0.2409610503965207
2,HPGD,-1.2731885,-0.18185952,0.2029511861301102,0.21988210848332632
2,PENK,-1.3002893,-0.038375963,0.1935018575983105,0.21009973680598318
2,FGF5,-1.361266,-0.27390677,0.17342963119955934,0.18871559434119622
2,AC007325.4,-1.3730769,-0.053574353,0.16972845322262298,0.1850910067858484
2,CTD-2314G24.2,-1.3760983,-0.52162755,0.16879122175086636,0.18426989274112046
2,CCKBR,-1.382141,0.029211212,0.1669284170808173,0.18243542850362546
2,TXLNB,-1.406312,-0.55541945,0.1596315074626924,0.17465153989353652
2,NOV,-1.4076853,-0.06123462,0.15922427037691933,0.17439679121239796
2,CYP1B1,-1.4316732,-0.11257052,0.15223737136842422,0.16692694228993882
2,PHOX2A,-1.4454982,-3.8958638,0.14831797962121201,0.16298679079254066
2,GNAS,-1.4541962,-0.0948589,0.14589192950597332,0.16049717217378803
2,NRG4,-1.4755288,-0.087884605,0.1400704080459944,0.1542625639273066
2,EPO,-1.4907273,-1.055331,0.13603310288837986,0.1499813703289745
2,SRGN,-1.5550917,-0.2152801,0.11992422698474066,0.13236669645114862
2,ARPP21,-1.5665363,-0.24580047,0.1172231138768881,0.1296715861470001
2,SPARCL1,-1.5983981,-1.3994526,0.1099544138251187,0.12176568529913477
2,CRH,-1.6030675,-0.24578826,0.10891975997377477,0.12075361416161283
2,SLC45A2,-1.6821725,-3.5033844,0.09253539236059229,0.10270298819155636
2,CLEC3A,-1.7219081,-1.0636517,0.08508615811727517,0.09464533717160753
2,GSTA1,-1.7286834,-0.04646315,0.08386578245563377,0.09339173992832268
2,SOST,-1.8149298,-1.0987732,0.06953469388901533,0.07751916821517874
2,RSPH1,-1.8937602,-1.4878358,0.05825684580417042,0.0654844566565915
2,GJA4,-1.8945842,-0.6144853,0.05814750733225467,0.06548142717596246
2,SNTG1,-1.9199455,-1.2592833,0.054864791105086956,0.06199411424303611
2,DSG3,-1.9544623,-0.10971644,0.050646563934662624,0.05729249313875862
2,FGF4,-1.9582162,0.29259962,0.05020465230373513,0.05685691087625722
2,PTGER2,-2.0045438,0.016356133,0.04501182957381218,0.05109174752986627
2,ANKRD37,-2.008847,-0.28933868,0.044553355193853714,0.05062881272028831
2,PRRX1,-2.0188267,0.0052069863,0.04350522942538711,0.049494003896913656
2,EDN1,-2.0944526,-0.5146817,0.036219677395419966,0.04129951812476621
2,CLDN4,-2.1225605,-0.6658301,0.033790691879225655,0.038573849177198236
2,MT1X,-2.1350124,-0.5309692,0.03276000604714849,0.03744000691102684
2,APOB,-2.220343,-0.22801465,0.026395479481638,0.030270045277107797
2,SLC17A6,-2.2284918,-3.9505677,0.025847740650611708,0.029710046724841045
2,C9orf24,-2.2506485,-1.0215065,0.024407809544641133,0.02811959624958656
2,NFIA-AS2,-2.281137,-0.15729064,0.02254034748029234,0.026058205179528716
2,STMN4,-2.28956,-0.93984205,0.022046829144105374,0.02554673133731793
2,GSC,-2.3227952,-0.117998436,0.02019015570689582,0.023449658196162394
2,SOSTDC1,-2.35072,-0.081782594,0.01873712553691892,0.021863623730360465
2,PGF,-2.3638127,-0.1390326,0.018087956780948745,0.021180277261064105
2,CCNB1,-2.368299,-0.35000595,0.017870090390965827,0.020949695651777053
2,CRABP2,-2.371595,0.15945387,0.01771149367853073,0.020812566014724712
2,SPINK1,-2.4297335,-0.6047361,0.015109927207972223,0.017818310386759698
2,PCP4L1,-2.5688999,-1.1404893,0.010202194628830352,0.012116620699323458
2,RNASE1,-2.6415043,-1.1219482,0.008253875025109101,0.009849492870058594
2,CDC20,-2.6946073,-0.28137928,0.007047164006906144,0.008449836938736384
2,CFC1,-2.7489004,-2.446966,0.005979554795278087,0.00719561347205546
2,PLK1,-2.7591548,-0.38061264,0.005795107908865141,0.006982057721524266
2,SLPI,-2.8024611,-0.7076008,0.00507143261439908,0.006117530294811918
2,MEOX2,-2.8388093,-0.1662651,0.004528222793519187,0.0054688681081149606
2,RBP4,-2.8880668,-0.23071103,0.003876176477096563,0.004704097666379324
2,PACRG,-2.8924615,-0.7589312,0.003822360975552977,0.004644424028618441
2,C11orf88,-2.9440079,-0.725744,0.003239917274157387,0.003951118627021204
2,PAPPA2,-2.9440994,-0.0910805,0.003238958939451002,0.003951118627021204
2,WIF1,-2.9880466,-0.111441545,0.002807666426859593,0.00343655621402643
2,INA,-3.004893,-2.2845588,0.0026567415913445838,0.00326381030877713
2,SMIM5,-3.0292473,-0.78627926,0.002451639454024985,0.003015546683917571
2,ITLN2,-3.0319023,-1.3631084,0.0024301776629368265,0.002992829634158653
2,MAFB,-3.0393186,-0.1394476,0.0023711403047943173,0.0029237241736058163
2,WFIKKN2,-3.0427976,-1.6415286,0.002343898818081393,0.0028937022445449296
2,RGS16,-3.0581791,-0.17559998,0.002226863717875882,0.0027526127538638834
2,LDHA,-3.1422284,-0.45626512,0.0016766724147279043,0.0020802387279502533
2,HOXA10,-3.166033,-0.11378702,0.001545332259948013,0.0019220550496865832
2,OSR2,-3.1723504,-0.084991895,0.001512103985866014,0.0018830684755492078
2,DOK5,-3.1967962,-0.1697289,0.0013896309950263488,0.0017348701560878262
2,CFAP126,-3.2678442,-1.8075342,0.0010837000633339968,0.0013614322403693428
2,MITF,-3.2842329,-0.5510042,0.0010226039431011733,0.0012895383897871036
2,MLANA,-3.309411,-1.7433275,0.0009349249575367601,0.0011819531700843996
2,ELAVL3,-3.3836634,-2.5709417,0.0007152560493652067,0.0009053874042597553
2,GMNC,-3.3959322,-1.5640692,0.0006839532086811075,0.0008668608475045722
2,SERPINA1,-3.440154,-0.6308078,0.0005813832058041197,0.0007387334254181953
2,SHOX,-3.5666854,-0.24540424,0.0003615249436051552,0.00046528306770290246
2,S100A14,-3.5678756,-0.57868075,0.00035988711320139106,0.0004637720530945761
2,FGB,-3.6307752,-0.7254715,0.0002825711994407907,0.00036507906904494926
2,CENPA,-3.6394732,-0.47253257,0.00027319645441899247,0.0003534236150310381
2,PAX1,-3.6422198,-0.19012575,0.00027029710150513363,0.00035012577915172747
2,SFTA3,-3.6671233,-1.9168397,0.0002452945681173294,0.0003181511908136568
2,ZNF503-AS1,-3.7058976,-0.75703573,0.0002106434362405605,0.0002735629042085201
2,SFRP4,-3.7335935,-0.45107162,0.0001887670894322743,0.00024547085751921234
2,CES1,-3.8099518,-0.21293105,0.00013899387511625105,0.00018121756860006654
2,SIX1,-3.8560965,-0.22491553,0.00011521205335083127,0.00015060399130827618
2,RBP1,-3.9170732,-0.2667261,8.96305239218501e-05,0.00011762535947749356
2,LINC01356,-3.9331872,6.004832,8.382689138623938e-05,0.00011029854129768339
2,HHEX,-3.9348352,-1.9849675,8.325378332020808e-05,0.00010968877907800801
2,XAGE2,-3.9432585,-0.8622291,8.038193959228119e-05,0.00010604477518770606
2,ZMYND10,-3.9882128,-1.3811755,6.65729204073266e-05,8.79430916873535e-05
2,RSPO3,-4.060085,-1.0594782,4.9054872607397935e-05,6.514591315723497e-05
2,TLX3,-4.091031,-1.9913327,4.294595265520631e-05,5.7185023508929845e-05
2,LGALS2,-4.091672,-0.7098454,4.282741214098551e-05,5.710321618798068e-05
2,APOC1,-4.110716,-0.239371,3.944344323025228e-05,5.266147293758649e-05
2,MT1M,-4.1584167,0.838206,3.2046079248311815e-05,4.289970448234514e-05
2,TUBA1A,-4.180482,-0.2715837,2.9089175549573165e-05,3.909835423329727e-05
2,RIT2,-4.1902785,-0.4080097,2.7861210472845756e-05,3.74982644318247e-05
2,RP11-525K10.3,-4.2150908,-1.3517377,2.4967802049681827e-05,3.364932890792699e-05
2,RAD21-AS1,-4.2273593,-0.26442164,2.3645011432563377e-05,3.190959707498431e-05
2,IGF1,-4.2530866,-0.116683185,2.1084400678465873e-05,2.8530988739466677e-05
2,GNG3,-4.2650805,-0.65216297,1.9983012285044165e-05,2.7077252418759033e-05
2,SCRT2,-4.270208,-3.5855973,1.952910155218125e-05,2.6498102513136027e-05
2,CDCA3,-4.3499537,-0.77087486,1.3616631397329971e-05,1.8652919722369824e-05
2,LINC00562,-4.3578277,-0.3746991,1.3135983394864745e-05,1.801918161161145e-05
2,ID2,-4.3631835,-0.33116156,1.2818328028811489e-05,1.760759344616963e-05
2,MAB21L1,-4.3665257,-0.24688491,1.2623860276294255e-05,1.7364319499716995e-05
2,TLX2,-4.401958,-1.473178,1.0727838200529473e-05,1.4817456078079383e-05
2,C20orf85,-4.4051623,-2.878358,1.0570466875219219e-05,1.4620286134466417e-05
2,HMGCS2,-4.4180717,-1.1869553,9.958530461841459e-06,1.379297847900479e-05
2,LINC00950,-4.419079,-1.2991719,9.912240982059409e-06,1.3747907048626088e-05
2,STC1,-4.4400454,-0.2749532,8.993985834697464e-06,1.2491646992635366e-05
2,TOX,-4.44151,-0.19377834,8.932962331551659e-06,1.2424147888110791e-05
2,ENPP3,-4.4584484,-0.53807724,8.25550585280769e-06,1.1497919015052495e-05
2,DNAI1,-4.476119,-1.6543987,7.601217370773888e-06,1.0601418927160234e-05
2,ID1,-4.485641,-0.32770273,7.269513005649473e-06,1.0152951125208761e-05
2,HHIP,-4.511643,-0.43797994,6.4327423237503e-06,9.009443030462605e-06
2,NFIA,-4.533159,-0.14681445,5.810811272950217e-06,8.16125178785143e-06
2,RP11-511B23.1,-4.6033826,-1.0501857,4.1568320312858054e-06,5.8629506788234215e-06
2,SAT1,-4.6098833,-0.38023427,4.0289504610760005e-06,5.698656946359265e-06
2,HBE1,-4.620321,-0.5274458,3.8314718522686564e-06,5.4270139550547545e-06
2,COL9A2,-4.6222434,-0.1897397,3.7961209311761763e-06,5.392217231784342e-06
2,GSTA2,-4.6393647,-1.3574775,3.4948203297559836e-06,4.978376538113937e-06
2,PCSK1N,-4.654105,-0.9185393,3.2539060325945872e-06,4.655087314155347e-06
2,GABRB1,-4.6722336,-0.23915663,2.979420100543863e-06,4.268510172698944e-06
2,HIP1R,-4.6842275,-0.18259215,2.8101787815460383e-06,4.037613191876492e-06
2,NHLH1,-4.7176456,,2.3858960964639556e-06,3.432944023689145e-06
2,EPHA5-AS1,-4.7546344,-0.32256648,1.988056915652692e-06,2.8646353251479714e-06
2,AURKA,-4.800413,-0.6732312,1.5833879335351822e-06,2.2947651210654816e-06
2,FGA,-4.8536077,-1.8042338,1.2123561713474982e-06,1.7621455978888056e-06
2,CDK1,-4.8759475,-0.63886017,1.0828752853217585e-06,1.5785354013436711e-06
2,PPP1R42,-4.924381,-1.4621488,8.462789076793787e-07,1.2372498650283315e-06
2,MIR7-3HG,-4.965215,,6.862495591892017e-07,1.006231025204108e-06
2,KPNA2,-4.981512,-0.35730252,6.308929445587021e-07,9.26421357648608e-07
2,SYP,-5.040475,-2.1378155,4.643782894654189e-07,6.859354349563056e-07
2,OLFM1,-5.0455103,-1.1923848,4.523122491807288e-07,6.691009603265218e-07
2,SCGN,-5.0810347,-0.9464358,3.753850401310922e-07,5.561259853793958e-07
2,CCBE1,-5.0948596,-0.19861937,3.4899995418647733e-07,5.17804086330085e-07
2,GAD2,-5.100078,-1.9810746,3.395130888777845e-07,5.044771008585208e-07
2,LHX1,-5.148237,,2.6294597662684527e-07,3.936317015371935e-07
2,CBLN2,-5.173873,-0.9298307,2.2929069634016827e-07,3.442803248350875e-07
2,MORN5,-5.1964874,-1.0260634,2.0308921902880603e-07,3.053973218478286e-07
2,GAS2,-5.1973114,-0.21410348,2.0219135257794278e-07,3.045050490631668e-07
2,POU4F1,-5.231828,,1.6784148965953254e-07,2.5469118309489005e-07
2,PPP1R17,-5.2345753,,1.653647865019542e-07,2.513142652005383e-07
2,IHH,-5.2442803,,1.5689364758982045e-07,2.3880311657506917e-07
2,TMEM155,-5.276142,-3.0362046,1.3193193117183623e-07,2.014227956821927e-07
2,NEUROD4,-5.301503,,1.1485307081452464e-07,1.7561631623015999e-07
2,TUBB4B,-5.31249,-0.3410981,1.0813738934253186e-07,1.656009025153627e-07
2,GABRD,-5.3565288,-2.0265794,8.483600140424392e-08,1.307180298986809e-07
2,PCAT14,-5.389123,,7.08023492478326e-08,1.0926288464171697e-07
2,CLDN10,-5.4147587,-0.45786333,6.137135584278985e-08,9.485526405377102e-08
2,ZNF804A,-5.4699674,-0.4897138,4.50117863934691e-08,6.967768791558684e-08
2,CA3,-5.492491,-0.37336546,3.9630473597608724e-08,6.144259472497476e-08
2,APOC3,-5.4962444,-0.7405316,3.8796475907651536e-08,6.024297501188127e-08
2,XKR7,-5.5055833,,3.6794817514909414e-08,5.731279986746014e-08
2,CGA,-5.5089707,-3.996702,3.6093780648477514e-08,5.6308550153631064e-08
2,SYT16,-5.541107,-0.39737162,3.005651279722805e-08,4.7036796239793506e-08
2,SYNM,-5.5590525,-0.670162,2.7124336468806382e-08,4.2581375932192124e-08
2,GPC3,-5.620853,-0.33353522,1.9001673875122418e-08,2.9876845715601284e-08
2,ZCCHC12,-5.6284523,-0.36120254,1.8183370282006938e-08,2.8680394766572456e-08
2,C1orf194,-5.752878,-2.8606088,8.773679684053784e-09,1.3963738697890026e-08
2,GNRH2,-5.758829,-2.356843,8.469934932622107e-09,1.3508668154102245e-08
2,TOP2A,-5.7739363,-0.71123046,7.744082897648884e-09,1.2370739453113234e-08
2,INSM1,-5.783183,-3.9161153,7.330011544815028e-09,1.1746813373101007e-08
2,NEUROD1,-5.843611,,5.1081303969752515e-09,8.238919995121373e-09
2,C19orf45,-5.865859,-0.51633465,4.468132046528595e-09,7.218307021855565e-09
2,UBE2C,-5.875747,-0.8280698,4.209403023535505e-09,6.811331753293698e-09
2,SFRP2,-5.878219,-0.59780276,4.1470346712196876e-09,6.721287959837419e-09
2,LINC01361,-5.90413,-0.38724342,3.5451298102038917e-09,5.755080860720603e-09
2,RP11-559M23.1,-6.057396,-0.58012277,1.3834287570901717e-09,2.2642041850902975e-09
2,STOML3,-6.073876,-1.2970948,1.248591221350266e-09,2.0502318905587293e-09
2,BARHL2,-6.079644,-2.735094,1.2044957807458842e-09,1.981078586753099e-09
2,DHRS2,-6.0818415,-0.40986964,1.1881000174606026e-09,1.957331165503464e-09
2,RASSF9,-6.0867853,-0.2882987,1.15200107175856e-09,1.900991867588383e-09
2,SLC2A1,-6.2232966,-1.0367957,4.868155340302463e-10,8.100092080370155e-10
2,FAM81B,-6.2427983,-2.17358,4.2981105741056797e-10,7.163517623509467e-10
2,BAALC,-6.2563486,-1.1479819,3.940951041991872e-10,6.579217098483927e-10
2,HIST1H2BG,-6.265138,-0.29683897,3.724950563361981e-10,6.229014320003313e-10
2,PAGE4,-6.3468986,,2.1969921823979364e-10,3.680053906864215e-10
2,ARL6IP1,-6.3520255,-0.5068375,2.1249807471843893e-10,3.5654039382288414e-10
2,FGG,-6.4211507,-1.6458935,1.3524790239846245e-10,2.2730739898901253e-10
2,CST4,-6.501721,,7.940636336161967e-11,1.3368074640003313e-10
2,RASL11B,-6.5475907,-0.35693896,5.847268355142729e-11,9.87714249179515e-11
2,RP11-1085N6.5,-6.5766144,-2.8404386,4.812811851053471e-11,8.143505670141237e-11
2,LLNLF-187D8.1,-6.5986795,-3.3140147,4.148361662906189e-11,7.031121462552863e-11
2,GPX2,-6.6183643,-2.6141078,3.631954611792903e-11,6.166306641414097e-11
2,CD36,-6.631823,-0.3423701,3.315660513236189e-11,5.645879705636866e-11
2,TRH,-6.7195344,-1.6087248,1.8230617045036817e-11,3.116344794023387e-11
2,FAM102B,-6.793787,-0.36833417,1.092276813675945e-11,1.8832358856481814e-11
2,NEK2,-6.814204,-0.5135402,9.478706965464976e-12,1.6399146999074354e-11
2,GALP,-6.822627,,8.939035534043163e-12,1.5519158913269383e-11
2,PMAIP1,-6.8736243,-0.4375636,6.259086788870171e-12,1.0885368328469863e-11
2,LHX9,-6.885069,-0.4503874,5.7759525243783904e-12,1.0062635059892668e-11
2,ISL2,-6.9167476,-1.2442427,4.621301838117232e-12,8.065099193921871e-12
2,MAPT,-6.9213257,-1.0034257,4.4743706980030516e-12,7.82232639511023e-12
2,RP11-247C2.2,-6.921875,-1.1157633,4.4570497036607756e-12,7.805691249843741e-12
2,CFAP161,-6.9293823,-0.8871321,4.226815508928578e-12,7.415465805137856e-12
2,DRC1,-6.941193,-2.2536585,3.8880152692450625e-12,6.8330672570212e-12
2,MYF6,-6.9920073,-0.6749183,2.709807344744069e-12,4.77078757877477e-12
2,RAB3A,-7.0087624,-0.69994164,2.4043568112296782e-12,4.240488203226946e-12
2,RP11-285F16.1,-7.033025,-0.56007993,2.0210349221424197e-12,3.570733077990141e-12
2,CA2,-7.0436454,-1.7726058,1.8727446172590748e-12,3.314592242936416e-12
2,WNT2B,-7.0466666,-0.41823953,1.8325453796994312e-12,3.24919393563729e-12
2,MGST1,-7.063147,-0.6367018,1.6277344493493428e-12,2.8911801942261863e-12
2,PRTN3,-7.0727606,-1.4048743,1.5188161487830967e-12,2.707337163606233e-12
2,CYP26A1,-7.1318145,-1.2130964,9.905430836520684e-13,1.768826935092979e-12
2,AGTR1,-7.204419,-2.9312155,5.829185054778721e-13,1.0465323258130556e-12
2,TYRP1,-7.2268505,,4.943239888674331e-13,8.890719224234407e-13
2,APOA2,-7.301561,-10.010281,2.8444857538669295e-13,5.143735540446527e-13
2,MEGF11,-7.3163013,-0.5228468,2.5489880867624077e-13,4.62611268014956e-13
2,IGFBP7-AS1,-7.326464,-2.3079054,2.3630428312289737e-13,4.3042674521474926e-13
2,SLC5A12,-7.3309503,,2.285261017477223e-13,4.170184338462085e-13
2,RTN1,-7.3863425,-2.7956111,1.5092292885114634e-13,2.7692280523146117e-13
2,SSTR2,-7.4435654,,9.800361888003363e-14,1.8115271512021002e-13
2,KCNF1,-7.4950204,-0.6188392,6.628814827413528e-14,1.229835775030339e-13
2,NUSAP1,-7.558469,-0.84985346,4.0784102320012076e-14,7.608974313435088e-14
2,FIGF,-7.580168,-0.4691141,3.451077751412267e-14,6.47481754486354e-14
2,MESP1,-7.6924167,,1.443815908660864e-14,2.713939677933955e-14
2,FGFBP3,-7.6957126,-1.8265867,1.4070770900012469e-14,2.649862693034363e-14
2,PRSS1,-7.6994667,,1.3663551254530362e-14,2.578028538590634e-14
2,HIST1H4C,-7.7735357,-1.3188479,7.632500889576903e-15,1.4455494109047164e-14
2,TTR,-7.7808604,-1.1152428,7.203292366996878e-15,1.3668486464889711e-14
2,PCP4,-7.827646,-0.4997565,4.97089422267944e-15,9.468369947960838e-15
2,CCNB2,-7.908216,-0.4732533,2.6110368948512264e-15,5.0115871302326804e-15
2,NDUFA4L2,-7.952621,-1.4776186,1.826064207840574e-15,3.5184281461282736e-15
2,ISL1,-7.9707494,-2.4222615,1.5771531536047264e-15,3.044697207731132e-15
2,APCDD1,-8.015429,-0.40162793,1.0975335604782902e-15,2.127003024182733e-15
2,HS3ST2,-8.0255,-2.0852146,1.0111315014922825e-15,1.963362138819966e-15
2,LYZ,-8.111655,-0.94281363,4.99348903613677e-16,9.733896756601889e-16
2,LINC00379,-8.135094,,4.1162026343021065e-16,8.039458270121302e-16
2,RP5-1159O4.2,-8.188471,-0.5495034,2.6456527206171277e-16,5.177402584377941e-16
2,ATOH1,-8.2122755,,2.170348025120065e-16,4.2555843629805198e-16
2,TUBA1B,-8.229122,-0.4846921,1.885900253217825e-16,3.705108552490815e-16
2,NTNG1,-8.303101,-0.70151395,1.014292189707694e-16,2.00849938555979e-16
2,ELAVL4,-8.313721,-3.605744,9.274718370684364e-17,1.8402218989453103e-16
2,HSD17B2,-8.316467,,9.062379749127321e-17,1.8016659541008591e-16
2,CTB-113D17.1,-8.354097,-0.4170977,6.593494133688578e-17,1.3160666933510138e-16
2,ALDH1A1,-8.355379,-2.0748634,6.522286828319116e-17,1.3044573656638231e-16
2,SOX17,-8.41892,,3.7997216106443126e-17,7.645315111960388e-17
2,RIPPLY3,-8.4336605,-3.591249,3.3501853152835556e-17,6.754405877587814e-17
2,CCNA1,-8.454719,-1.6832719,2.7976202498202636e-17,5.651758080444977e-17
2,PRSS2,-8.476143,,2.3278351492611744e-17,4.7122169013384096e-17
2,RP3-466P17.1,-8.478432,-0.4903227,2.2825013457650562e-17,4.629820173965631e-17
2,TAC1,-8.51542,-0.41153416,1.659870295245496e-17,3.3737201122875933e-17
2,NEFM,-8.519083,-1.5210036,1.6082202154723743e-17,3.2753975875201104e-17
2,CCNO,-8.541148,-2.8647902,1.3289504385343178e-17,2.712143752110853e-17
2,RPL34,-8.577129,-0.21257466,9.72699490974461e-18,2.001439281840455e-17
2,SYNPR,-8.609083,,7.364733077285279e-18,1.5216390655548097e-17
2,LBX1,-8.609083,-1.0327058,7.364733077285279e-18,1.5216390655548097e-17
2,SPAG6,-8.650558,-2.7833288,5.1248141247060316e-18,1.0654499219763059e-17
2,ZG16,-8.668138,-2.2998574,4.392476785208229e-18,9.170097672668538e-18
2,ONECUT1,-8.706774,,3.126454751583357e-18,6.582010003333384e-18
2,RP11-753H16.3,-8.708788,,3.0714030432489438e-18,6.47975325579946e-18
2,CST1,-8.741749,,2.2952953127452985e-18,4.862913798189192e-18
2,MSC,-8.753559,-0.98738813,2.0672671685587905e-18,4.389102268702316e-18
2,ELAVL2,-8.758138,-3.3410945,1.985031258176563e-18,4.223470762077794e-18
2,KCNJ2,-8.775533,-0.6282353,1.7009602794110919e-18,3.634530511562162e-18
2,DKK4,-8.797049,,1.4046096125312697e-18,3.02066583340058e-18
2,CFAP45,-8.81774,-2.3960252,1.1679217914995027e-18,2.517072826507549e-18
2,EPCAM,-8.8312,-2.810894,1.0355890980046816e-18,2.2366935162088154e-18
2,RP11-462L8.1,-8.86123,,7.913618626603534e-19,1.7129044646327994e-18
2,RP11-676J12.4,-8.899592,-1.0408981,5.605204696929861e-19,1.2238438202903626e-18
2,CENPF,-8.930173,-0.78196776,4.253447975691474e-19,9.307325986195785e-19
2,C8orf46,-8.943723,-1.2720908,3.762750758756079e-19,8.251646400780874e-19
2,RP11-327J17.9,-8.961485,-0.5639151,3.2033485167992803e-19,7.040326410547868e-19
2,NPPC,-8.965055,-4.6944466,3.101241076217508e-19,6.830927480655304e-19
2,AHSG,-9.035554,-1.0260988,1.6317318553597845e-19,3.618030721418591e-19
2,ZNF474,-9.06055,-0.78579193,1.2979513352575362e-19,2.8972128019141434e-19
2,AMBP,-9.101659,,8.896287060011525e-20,1.9946831973120013e-19
2,MAL,-9.351883,-3.9841137,8.610095199233338e-21,1.939210630457959e-20
2,LIMD1,-9.41643,-0.5243662,4.6668342564476636e-21,1.055844854399924e-20
2,SERPINA11,-9.440876,,3.696749493688327e-21,8.382651913125457e-21
2,PAK3,-9.541223,-1.8168025,1.4115845672548609e-21,3.2227958156503673e-21
2,DCT,-9.5637455,,1.1357052902470414e-21,2.5988679410687448e-21
2,LINC00907,-9.588649,-8.293841,8.924604239031878e-22,2.046927577759605e-21
2,RP11-290H9.5,-9.624356,-0.63926584,6.310095344101376e-22,1.4606702185419852e-21
2,TEKT1,-9.627194,-4.0134783,6.138261270068351e-22,1.4241905498998494e-21
2,PMEL,-9.6918335,-1.3704807,3.2661240559648275e-22,7.6311309718804385e-22
2,TRPM1,-9.760684,,1.6603157493847556e-22,3.91583903156782e-22
2,LEPR,-9.776707,-0.6795711,1.417481966404038e-22,3.3510211971726667e-22
2,ATP6V1C2,-9.819281,,9.300510859956525e-23,2.2144073476086967e-22
2,SYT4,-9.8678055,-1.4168372,5.740680582064962e-23,1.376662010087521e-22
2,TFF3,-9.8800745,,5.079536582290313e-23,1.2210424476659406e-22
2,HOXA9,-9.887399,-0.6282572,4.7213726630591134e-23,1.1376801597732804e-22
2,BHMT,-9.898202,-2.0069456,4.2382477587092504e-23,1.0262101110676152e-22
2,NEFL,-9.933726,-2.8531933,2.9694651427117917e-23,7.242597909053151e-23
2,CALB1,-9.956432,-2.6700518,2.363938164937257e-23,5.793966090532493e-23
2,ZIC4,-9.964855,-1.0291672,2.1718923000378014e-23,5.336344717537596e-23
2,NTF3,-9.96632,-0.4487031,2.1401072984830353e-23,5.271200242569052e-23
2,CDH6,-10.019332,-1.4514464,1.2534740125832698e-23,3.102658446988291e-23
2,RP13-941N14.1,-10.029586,-1.7417002,1.1298908032390316e-23,2.8036992636204255e-23
2,URAD,-10.244012,,1.2590435446832066e-24,3.1955419915817423e-24
2,ZIC1,-10.359008,-1.0499413,3.8089373748265413e-25,9.741527812855603e-25
2,NKX2-1,-10.3775015,,3.1388072739420228e-25,8.04822377933852e-25
2,ASCL1,-10.46091,-3.945008,1.3059507536218808e-25,3.3745497509609325e-25
2,HMGB2,-10.497899,-0.89156497,8.832395396060306e-26,2.2881853357669186e-25
2,FGF19,-10.499364,,8.696404074400798e-26,2.2588062530911162e-25
2,TTLL10,-10.504308,-1.4298954,8.252574753686513e-26,2.1491080087725293e-25
2,RP11-95O2.5,-10.513189,-1.0937742,7.510984331646832e-26,1.9610925147902957e-25
2,LINC00643,-10.530036,-5.3883705,6.281076171684072e-26,1.6485764230141921e-25
2,LMO1,-10.553383,,4.900061487425257e-26,1.292892213040965e-25
2,LAMP5,-10.5944,,3.1636335735179114e-26,8.369400988142623e-26
2,BIRC7,-10.59852,,3.0273300517229316e-26,8.030053187593982e-26
2,TRPM3,-10.63908,,1.9605628194761936e-26,5.214262817755834e-26
2,FEZF1,-10.7374115,-2.8935223,6.792199364219865e-27,1.8112531637919638e-26
2,GRIK1,-10.757554,-3.5944831,5.4600105081179984e-27,1.4598958577855612e-26
2,SDC2,-10.820271,-0.56342614,2.7596170084897262e-27,7.398437020079695e-27
2,TYR,-10.824207,,2.6435628402270682e-27,7.106351721040506e-27
2,CTD-2521M24.8,-10.862295,-0.5115143,1.7431237625814647e-27,4.698446799410956e-27
2,LIM2,-10.876945,-5.6175303,1.4845667888064365e-27,4.023216229827741e-27
2,ELMO1,-10.901573,-1.2623692,1.1328185683981897e-27,3.0783113271689938e-27
2,ZNF503,-10.915031,-0.40844104,9.769515536009237e-28,2.6619933340624624e-27
2,TAGLN3,-10.965205,-1.8661351,5.617319423993887e-28,1.5347867278671823e-27
2,NR2F1,-10.983791,-0.6626769,4.573211779520864e-28,1.2529347341153052e-27
2,ID3,-10.995785,-0.90316755,4.004148426299912e-28,1.1000407764560197e-27
2,FAM159B,-11.10016,,1.2522016359765496e-28,3.478337877712638e-28
2,RAMP3,-11.122683,,9.730164714822598e-29,2.7103522882514204e-28
2,AC012358.8,-11.154452,,6.811063498702125e-29,1.9025317035480797e-28
2,CDX2,-11.170109,,5.711081168003694e-29,1.5997426240906707e-28
2,TPPP3,-11.337292,-1.5567278,8.575760750764446e-30,2.4157072537364638e-29
2,FABP7,-11.499164,-0.7715983,1.3319937019009479e-30,3.7626940731665194e-30
2,RP11-382A20.7,-11.516743,-0.9468166,1.0864053322755436e-30,3.0776355021970074e-30
2,SMCR2,-11.605827,-0.76684505,3.8494534365904966e-31,1.0998438390258563e-30
2,CAPSL,-11.6174555,,3.359954143911275e-31,9.627375770519413e-31
2,H1F0,-11.79773,-0.70170283,4.009799818825979e-32,1.1690378480542213e-31
2,RP11-1109F11.5,-12.03825,-0.94306076,2.236491965985067e-33,6.577917547014902e-33
2,LYPD1,-12.088424,-2.4552748,1.2159790844760682e-33,3.6189853704644884e-33
2,SOX2,-12.223378,,2.331897591294728e-34,6.981729315253676e-34
2,TMEFF2,-12.281974,,1.1320156692910509e-34,3.409685750876659e-34
2,XX-FW83563B9.5,-12.348811,-0.3155358,4.943680732698312e-35,1.4935591337457135e-34
2,ETV3L,-12.39523,,2.7734870048113354e-35,8.404506075185864e-35
2,PIFO,-12.407132,-3.3858602,2.3906232848870622e-35,7.266332172909004e-35
2,SP9,-12.548496,-5.182001,4.0513152785094764e-36,1.246558547233685e-35
2,CAPN9,-12.56168,,3.429710743732932e-36,1.0585526986830037e-35
2,RP11-387A1.5,-12.654061,,1.0623815818185294e-36,3.3303497862649825e-36
2,SLC35D3,-12.7258415,,4.24872437133393e-37,1.3402915997898832e-36
2,HOXB9,-12.938894,,2.715095750132498e-38,8.702229968373391e-38
2,TUBB2B,-13.1823435,-1.304649,1.1089169263927774e-39,3.5887279171287294e-39
2,CCDC81,-13.2093525,-2.336488,7.748777047638558e-40,2.5158367037787526e-39
2,HOXA7,-13.285711,-0.9670883,2.801837123369579e-40,9.126505287848793e-40
2,CDO1,-13.285894,-1.2450855,2.7949909717361847e-40,9.126505287848793e-40
2,RP4-665J23.1,-13.30503,-1.8306373,2.1640727183473192e-40,7.118660257721445e-40
2,OLIG2,-13.328651,,1.5772327903736896e-40,5.205388747107887e-40
2,TTYH1,-13.392833,-3.4731245,6.659177164052551e-41,2.2123512172932064e-40
2,FEZF1-AS1,-13.433118,-3.750243,3.867791141172926e-41,1.2935756324993063e-40
2,EFEMP1,-13.470106,-0.73180765,2.345274820063614e-41,7.870049731757094e-41
2,GSX2,-13.53502,,9.715567500624866e-42,3.282286317778671e-41
2,DLL3,-13.558001,-1.2001172,7.104597479684859e-42,2.408338128706732e-41
2,RP11-231G3.1,-13.5657835,-2.1553967,6.389341993631185e-42,2.1732455760650288e-41
2,SCGB1A1,-13.640402,,2.3028732815482146e-42,7.886552334069229e-42
2,FAM84A,-13.68618,-5.5800185,1.2279654524679273e-42,4.2343636291997496e-42
2,IL37,-13.710993,-9.7932,8.725620499262123e-43,3.0192458474955445e-42
2,AZU1,-13.7513685,-0.7298118,4.9974909691389734e-43,1.7412860519647994e-42
2,MIAT,-13.927067,-3.186604,4.338112894038092e-44,1.527504540154258e-43
2,NKX2-8,-14.025581,,1.0871747681836561e-44,3.882767029227343e-44
2,GDF15,-14.059458,-1.9242183,6.740098223487514e-45,2.4158058148700763e-44
2,SPINT2,-14.119244,-1.9651501,2.8907583304430334e-45,1.0435950651418892e-44
2,FAM181A,-14.12428,,2.691379563444543e-45,9.751375229871532e-45
2,CXCR4,-14.166579,-4.2711854,1.4751387338316768e-45,5.383718006684952e-45
2,ENO2,-14.194504,-2.250196,9.90855011112048e-46,3.629505535208967e-45
2,KCNN1,-14.219224,-0.8075318,6.9620676532113454e-46,2.5595836960335826e-45
2,RP11-513G11.4,-14.286976,-1.0280571,2.6381885694638804e-46,9.807392451538588e-46
2,NEUROG1,-14.345756,,1.132602245577199e-46,4.241955975944565e-46
2,OTX2-AS1,-14.360313,,9.18116081184946e-47,3.4515642149809995e-46
2,NRN1,-14.510466,-1.6218107,1.040114542942839e-47,3.9851131913518735e-47
2,TPBG,-14.595064,-2.214281,3.019269438239815e-48,1.1612574762460827e-47
2,AC108488.4,-14.655126,-2.0600505,1.2492512120397733e-48,4.8608996577423083e-48
2,RP11-188D8.1,-14.808941,-2.7878125,1.2824461862169606e-49,5.0292007302625904e-49
2,RPRM,-14.839247,-2.3373432,8.1668218491051245e-50,3.227992825733251e-49
2,MROH8,-14.840162,-0.6817392,8.056119007289815e-50,3.1968726219404027e-49
2,GPM6A,-14.970539,-3.4103131,1.1439068337532e-50,4.631201756085829e-50
2,NELL2,-15.012564,-1.3208884,6.075367258636389e-51,2.4696614872505647e-50
2,APOM,-15.07299,-0.7309318,2.4382076856039592e-51,9.951868104505956e-51
2,SLC8A1-AS1,-15.173703,,5.281111622659091e-52,2.1822775300244176e-51
2,HES4,-15.207122,-1.4879776,3.171861910027949e-52,1.3161252738705183e-51
2,FGF17,-15.237976,,1.97906174150162e-52,8.246090589590084e-52
2,ARX,-15.306094,,6.962098764150079e-53,2.9252515815756632e-52
2,UPK3A,-15.318455,,5.757010282696914e-53,2.429118262741314e-52
2,LHX5-AS1,-15.642474,,3.7391459243269235e-55,1.6257156192725754e-54
2,PAX6,-15.76461,,5.450716991533807e-56,2.433355799791878e-55
2,CA4,-15.992953,,1.4308396777744142e-57,6.503816717156428e-57
2,FOXJ1,-16.136148,,1.421397667701925e-58,6.49040030914121e-58
2,HOXD1,-16.329607,,6.077406813595322e-60,2.866701327167605e-59
2,RP11-32K4.1,-16.43444,,1.0842160025232265e-60,5.138464466934723e-60
2,HOTAIRM1,-16.464561,-1.6310568,6.593798314362874e-61,3.154927423140131e-60
2,AC009501.4,-16.492304,,4.1675088446188355e-61,2.0036100214513633e-60
2,CTXN3,-16.526913,,2.3487075853561444e-61,1.1401493132796818e-60
2,HES6,-16.550991,-2.6481135,1.5748675988958387e-61,7.682280970223603e-61
2,CKB,-16.742895,,6.380822685037285e-63,3.174538649272281e-62
2,FGF8,-16.910719,,3.7510776534888294e-64,1.904100331720218e-63
2,SOX3,-17.338564,,2.406786492250466e-67,1.287051600133939e-66
2,HOXB-AS3,-17.349184,,2.0006697886617744e-67,1.0756289186353626e-66
2,IGFBP2,-17.68419,-1.5011836,5.551318446360592e-70,3.0670267659450785e-69
2,CFAP77,-18.209177,,4.364630526318991e-74,2.5229078186814978e-73
2,SRBD1,-18.305677,-0.5590539,7.455912799737111e-75,4.360182923822872e-74
2,PHYHIPL,-18.310347,-2.5172675,6.843275503454563e-75,4.025456178502684e-74
2,NNAT,-18.326643,-1.0591223,5.072549883828319e-75,3.001508806999005e-74
2,RP11-111M22.5,-18.339005,-4.755682,4.0413413963381683e-75,2.4055603549631954e-74
2,GAPDH,-18.514244,-0.37919852,1.5850747532053477e-76,9.606513655789986e-76
2,RP1-40E16.9,-18.68747,,6.26138310733654e-78,3.865051300825025e-77
2,GPR12,-18.767033,,1.4052052863487733e-78,8.837769096533164e-78
2,RIPPLY1,-18.874062,,1.864052256387334e-79,1.1949052925559834e-78
2,HES7,-18.905191,,1.0336466966010431e-79,6.66868836516802e-79
2,RP4-758J18.13,-19.18691,,4.761106427490856e-82,3.195373441269031e-81
2,GNB5,-19.399506,-0.712254,7.791654997492558e-84,5.3004455765255495e-83
2,EMX2,-20.085632,-2.796571,9.856039949636192e-90,7.466696931542569e-89
2,FRMD5,-20.477587,-1.7734404,3.4114508065849112e-93,2.7075006401467548e-92
2,CDX4,-21.71397,,1.514002030199859e-104,1.3517875269641596e-103
2,HOXA-AS3,-22.801847,,4.39568833696939e-115,4.676264188265309e-114
3,SYT4,31.573776,2.1855671,8.46002182774536e-219,7.194062728214292e-216
3,CDO1,31.551105,1.9301867,1.7315299828170702e-218,7.194062728214292e-216
3,RP11-1085N6.5,31.54413,3.5229497,2.1582188184642875e-218,7.194062728214292e-216
3,GPM6A,31.377956,2.515166,4.0446785078907957e-216,1.0111696269726989e-213
3,ZNF804A,31.350346,1.4489614,9.62414109794213e-216,1.924828219588426e-213
3,FAM181A,31.191292,3.5420704,1.3984043517779973e-213,2.3306739196299954e-211
3,SOX2,31.161863,4.3430195,3.5033558321151834e-213,5.004794045878833e-211
3,BARHL2,31.153944,3.505106,4.485029459041225e-213,5.606286823801532e-211
3,CFAP77,31.139194,2.710994,7.103811283042188e-213,7.893123647824654e-211
3,FGF17,31.128368,3.0783055,9.954703981374388e-213,9.954703981374388e-211
3,RP4-665J23.1,31.032166,2.1980958,1.9856753279481848e-211,1.8051593890438044e-209
3,SPARCL1,30.99569,3.451665,6.161879508463064e-211,5.134899590385887e-209
3,ARX,30.984863,2.71427,8.62136627461768e-211,6.63182021124437e-209
3,SOX3,30.945772,3.0586,2.8961799250753583e-210,2.068699946482399e-208
3,RSPO3,30.940178,2.5888352,3.444209295299544e-210,2.2961395301996964e-208
3,TPBG,30.934582,3.3307219,4.0958113934217174e-210,2.5598821208885732e-208
3,FOXJ1,30.915619,2.947346,7.367302596073427e-210,4.333707409454957e-208
3,TRH,30.906681,2.6346974,9.714311201320841e-210,5.396839556289356e-208
3,C1orf194,30.887716,3.5449953,1.746429298151814e-209,9.191733148167443e-208
3,TTLL10,30.87224,2.0157409,2.817901627506347e-209,1.4089508137531736e-207
3,LIM2,30.86977,3.2263553,3.0414602422101926e-209,1.4483144010524725e-207
3,ENO2,30.819124,2.280012,1.4527909031892104e-208,6.603595014496411e-207
3,PACRG,30.779598,2.0714152,4.914457587310155e-208,2.13672069013485e-206
3,LHX5-AS1,30.767536,2.9826932,7.12601208482699e-208,2.9691717020112457e-206
3,OTX2-AS1,30.590208,3.4397106,1.651986000985967e-205,6.607944003943868e-204
3,NELL2,30.588863,1.6869575,1.7214053762360724e-205,6.620789908600279e-204
3,DRC1,30.5109,3.0236027,1.8680816340279144e-204,6.918820866770054e-203
3,MORN5,30.509083,2.272846,1.97465392055701e-204,7.05233543056075e-203
3,FGF8,30.507267,2.9417756,2.0872991748786626e-204,7.197583361650561e-203
3,FAM84A,30.475006,2.6594543,5.5879242442183844e-204,1.8626414147394616e-202
3,SPAG6,30.45655,3.007445,9.810770991322109e-204,3.164764835910358e-202
3,LYPD1,30.363327,2.5564892,1.6757889518082548e-202,5.236840474400796e-201
3,SYNM,30.345306,1.7586077,2.8975179502680706e-202,8.780357425054758e-201
3,PCSK1N,30.25608,2.3799548,4.3398799199238604e-201,1.2764352705658413e-199
3,FEZF1,30.23123,2.7450302,9.209329075976673e-201,2.631236878850478e-199
3,TTYH1,30.17986,3.001029,4.3536514982054143e-200,1.209347638390393e-198
3,AC009501.4,30.172884,2.71028,5.374888170711302e-200,1.4526724785706222e-198
3,RSPH1,30.168379,3.5386403,6.158318554514025e-200,1.6206101459247435e-198
3,WFIKKN2,30.132774,3.6003451,1.80374644980073e-199,4.624990896924949e-198
3,DNAI1,30.110977,3.0400155,3.4805425055333037e-199,8.70135626383326e-198
3,BAALC,30.086199,2.1895325,7.343151894137194e-199,1.7910126571066324e-197
3,PRTN3,29.980043,2.4060588,1.7866566275537964e-197,4.2539443513185625e-196
3,FEZF1-AS1,29.943205,2.6092122,5.394197065947341e-197,1.2259538786243957e-195
3,CALB1,29.902224,2.7996628,1.8410790665124262e-196,4.091286814472058e-195
3,PIFO,29.885366,2.5596974,3.0490819186514045e-196,6.62843895359001e-195
3,CFAP126,29.85543,3.6106431,7.463640009441851e-196,1.5880085126472022e-194
3,PAX6,29.79701,3.2079253,4.270919590754537e-195,8.897749147405285e-194
3,RP11-32K4.1,29.756031,3.2193596,1.448998878385174e-194,2.957140568133008e-193
3,PPP1R42,29.748983,2.7463257,1.7874797263392308e-194,3.5749594526784614e-193
3,TMEM155,29.735178,4.226237,2.6962807811824363e-194,5.286825061142032e-193
3,LINC00907,29.727476,3.352638,3.390992124515606e-194,6.521138700991551e-193
3,CCNO,29.71774,2.9904125,4.530549981714461e-194,8.548207512668795e-193
3,C9orf24,29.670292,2.8045788,1.856608705726627e-193,3.438164269864124e-192
3,FGF19,29.666658,4.1671615,2.0681611562109715e-193,3.760293011292675e-192
3,GMNC,29.582663,3.4762175,2.4973732108329715e-192,4.459595019344592e-191
3,MS4A8,29.54321,2.8678408,8.028234904580225e-192,1.408462263961443e-190
3,OLIG2,29.507969,3.18736,2.275183685653926e-191,3.9227304925067687e-190
3,CTXN3,29.473745,,6.249400670378057e-191,1.0592204526064504e-189
3,RP11-111H13.1,29.453327,1.9585382,1.1412974411532744e-190,1.902162401922124e-189
3,GABRD,29.395926,3.2098486,6.191243975588539e-190,9.985877379981516e-189
3,LLNLF-187D8.1,29.364754,4.084121,1.5487267604443566e-189,2.4582964451497722e-188
3,CXCR4,29.342302,2.7008827,2.995896519389253e-189,4.681088311545708e-188
3,LY6H,29.295,1.9234774,1.2009303256361597e-188,1.8475851163633226e-187
3,STOML3,29.282793,2.419157,1.717793025537165e-188,2.602716705359341e-187
3,MAL,29.278288,3.0299723,1.960306924696428e-188,2.9258312308901913e-187
3,RSPO1,29.253075,2.6008718,4.103502331533892e-188,6.034562252255723e-187
3,ZIC4,29.220524,1.7214352,1.0640460584795885e-187,1.5420957369269396e-186
3,SMCR2,29.173876,1.0865378,4.1606148596375663e-187,5.860020929066995e-186
3,IGFBP7-AS1,29.160652,3.0238016,6.121631810942287e-187,8.50226640408651e-186
3,CFAP45,29.141323,2.6843665,1.076080861953557e-186,1.4740833725391192e-185
3,GSX2,29.122795,3.8443837,1.8473101711131333e-186,2.496365096098829e-185
3,TXLNB,29.115458,2.751121,2.288001167634946e-186,3.050668223513262e-185
3,TEKT1,29.04534,3.0076287,1.7621549575728847e-185,2.3186249441748484e-184
3,UPK3A,28.998837,2.273959,6.805561330707706e-185,8.838391338581437e-184
3,RP1-40E16.9,28.933878,2.1057081,4.4772111634565766e-184,5.740014312123816e-183
3,TRPM3,28.877203,3.4961703,2.308495406925385e-183,2.9221460847156772e-182
3,MIAT,28.809774,2.2447395,1.6180573610698143e-182,2.022571701337268e-181
3,HES4,28.791246,1.603453,2.760730917271988e-182,3.4083097744098616e-181
3,FAM81B,28.777077,3.0445948,4.152966539221072e-182,5.064593340513501e-181
3,ELMO1,28.64934,1.6123295,1.633670316021465e-180,1.9448456143112675e-179
3,RIPPLY3,28.628124,3.2025392,3.001738229479556e-180,3.531456740564183e-179
3,TPPP3,28.622238,1.9112158,3.5532757081471992e-180,4.131715939706046e-179
3,AC108488.4,28.60647,1.5837079,5.582244213583692e-180,6.4163726592916e-179
3,ZMYND10,28.575953,2.8951812,1.3372283281710307e-179,1.5195776456488987e-178
3,RP11-387A1.5,28.56876,3.6347885,1.6427669820498226e-179,1.8458055978087895e-178
3,ZIC1,28.401567,1.6898792,1.9339146435693948e-177,2.125180926999335e-176
3,SRBD1,28.3563,0.5478284,6.999080503110787e-177,7.607696199033465e-176
3,HPCAL4,28.348017,1.8357284,8.854441873810211e-177,9.520905240656141e-176
3,CAPSL,28.329634,2.840929,1.4917294419124932e-176,1.5869462148005247e-175
3,RP11-525K10.3,28.299335,2.856534,3.52159877008029e-176,3.706946073768726e-175
3,PAK3,28.177338,2.1753986,1.1085371610615564e-174,1.1311603684301594e-173
3,CA2,28.149147,2.7875106,2.454748974801666e-174,2.4795444189915817e-173
3,NKX2-8,27.98864,4.1970463,2.23402931279117e-172,2.2119102106843266e-171
3,NTNG1,27.903917,1.2972068,2.391476203672458e-171,2.3445845134043707e-170
3,RP11-111M22.5,27.890839,1.6484152,3.446105227984148e-171,3.313562719215527e-170
3,TTR,27.86824,1.7922158,6.475706954701635e-171,6.109157504435505e-170
3,FGFBP3,27.769714,2.6668947,1.0073815735962417e-169,9.327607162928164e-169
3,NRN1,27.761139,1.5839714,1.2785430666279215e-169,1.1729752904843317e-168
3,SOST,27.720594,3.673815,3.942908315272181e-169,3.5844621047928916e-168
3,CKB,27.700905,3.184783,6.809228481201235e-169,6.1344400731542655e-168
3,ZNF503-AS1,27.69927,2.240914,7.125097588761355e-169,6.361694275679781e-168
3,GNB5,27.678234,0.6012191,1.2766431200196147e-168,1.1297726725837297e-167
3,CFAP161,27.586102,1.785138,1.6336546794231718e-167,1.4083229995027343e-166
3,OLFM1,27.434677,2.3261774,1.0585284418991361e-165,8.970580016094374e-165
3,CBLN2,27.388391,2.1387098,3.77083932316713e-165,3.142366102639275e-164
3,KCNA3,27.232172,3.204177,2.7026711200894865e-163,2.1449770794361005e-162
3,C20orf85,27.188793,4.240525,8.812523132310691e-163,6.938994592370623e-162
3,LINC00950,27.089613,2.6708734,1.3051964440915101e-161,1.0117801892182249e-160
3,SFRP2,26.938843,1.72684,7.708149680060302e-160,5.929345907738694e-159
3,FABP7,26.902367,1.2165534,2.0605795976963625e-159,1.5729615249590554e-158
3,NEFL,26.869886,2.6070178,4.940328490244039e-159,3.714532699431608e-158
3,CLEC14A,26.866327,2.7980077,5.436981801386341e-159,4.057449105512195e-158
3,DOK5,26.830868,0.91095185,1.4105235592047674e-158,1.0371496758858582e-157
3,C1orf168,26.807472,3.2958093,2.644044115743778e-158,1.9299592085721006e-157
3,GDF15,26.782187,1.5715364,5.2110420647720745e-158,3.7761174382406334e-157
3,IGFBP2,26.621317,1.616261,3.8463761135599945e-156,2.671094523305552e-155
3,TRIB3,26.541317,1.5003169,3.2349995330317336e-155,2.2310341607115404e-154
3,RAMP3,26.433926,,5.5847907827932367e-154,3.773507285671106e-153
3,C11orf88,26.301683,2.3355389,1.8345639095537798e-152,1.2230426063691865e-151
3,TCTEX1D4,26.12025,4.5313272,2.1470035917379907e-150,1.3941581764532408e-149
3,LPL,25.981613,2.9326022,7.991609780290284e-149,5.122826782237361e-148
3,EMX2,25.897472,1.5273386,7.110792063042348e-148,4.500501305723005e-147
3,CDH6,25.816458,1.9614505,5.794963695714081e-147,3.599356332741665e-146
3,NEFM,25.778456,2.1337006,1.5468365560763537e-146,9.548373802940454e-146
3,LINC00643,25.61882,2.5316265,9.41420050365813e-145,5.67120512268562e-144
3,MAP1B,25.45221,1.7170308,6.672759298927269e-143,3.902198420425303e-142
3,SLC8A1-AS1,25.33341,2.875025,1.3691455221904895e-141,7.868652426382124e-141
3,ANKRD37,25.183077,1.1915458,6.13933842437104e-140,3.429798002441922e-139
3,SLC2A1,25.092613,2.0410192,5.987918435891771e-139,3.3266213532732065e-138
3,HES1,25.059263,1.1890453,1.383747279326253e-138,7.56146054276641e-138
3,RP11-156E8.1,25.037537,1.3798302,2.386547622329969e-138,1.2970367512662875e-137
3,SPINT2,25.00978,1.6495466,4.785148102645125e-138,2.586566541970338e-137
3,DDIT4,24.869183,1.132133,1.603845811077593e-136,8.531094739774432e-136
3,PHYHIPL,24.739557,1.3114625,4.016148338536918e-135,2.0809058748895947e-134
3,RP11-95O2.5,24.720665,1.1800061,6.41268893397179e-135,3.288558427677841e-134
3,HIST2H2BE,24.543373,0.99445015,5.0902504284750705e-133,2.545125214237535e-132
3,MIR7-3HG,24.337091,4.974226,7.94204158248772e-131,3.874166625603766e-130
3,MAPT,24.30156,1.6654148,1.8872669870565527e-130,9.11723182152924e-130
3,TUBB2B,24.187265,1.6504343,3.029063285151926e-129,1.442411088167584e-128
3,APOM,24.068102,0.7361413,5.396328263214009e-128,2.533487447518314e-127
3,CCDC81,24.053135,1.645475,7.740598999447612e-128,3.617102336190473e-127
3,SP9,23.660551,2.104965,9.192197534056654e-124,4.0140600585400234e-123
3,RSPO2,23.568707,1.7126566,8.072615943086982e-123,3.479575837537492e-122
3,CLU,23.420261,1.8590463,2.657129208940881e-121,1.130693280400375e-120
3,RP11-490O6.2,23.410889,1.6419617,3.310581360699536e-121,1.4027887121608202e-120
3,TSPAN7,23.34317,1.0611216,1.6168916046261553e-120,6.76523683943998e-120
3,NR4A2,23.215868,2.0810583,3.148339685078587e-119,1.2956130391269905e-118
3,VAMP5,23.161156,1.5040083,1.122277891696423e-118,4.599499556132881e-118
3,LIMD1,23.153816,0.8120741,1.3305894340438105e-118,5.4309772818114715e-118
3,PDE1A,22.962357,1.4346923,1.1089669445674782e-116,4.4358677782699126e-116
3,PLTP,22.909315,1.5455328,3.752031596591908e-116,1.4830164413406752e-115
3,LMO1,22.788044,2.8579593,6.0246760182243e-115,2.353389069618867e-114
3,HOXD1,22.702232,2.2151837,4.258176820853513e-114,1.6568781404099273e-113
3,SFTA3,22.65493,3.4079165,1.2474158758303573e-113,4.8349452551564237e-113
3,CCNA1,22.616638,1.7560289,2.972874523788781e-113,1.14782800146285e-112
3,HBE1,22.516584,1.3048207,2.8554405595860724e-112,1.0898628090023177e-111
3,ASCL1,22.361382,2.2326665,9.356948931537578e-111,3.544298837703628e-110
3,CDC20B,22.245924,5.5214434,1.235191827942067e-109,4.626186621505868e-109
3,NR2F1,22.019588,0.68118703,1.8695651311855207e-107,6.9500562497603e-107
3,RP3-466P17.1,21.89345,0.8199112,2.999373054510117e-106,1.1027106818051901e-105
3,LINC01361,21.864967,0.9489278,5.600648968977615e-106,2.0440324704297866e-105
3,AZU1,21.86039,0.697178,6.191452384305492e-106,2.251437230656542e-105
3,TNFSF10,21.662971,3.098497,4.5868211976618914e-104,1.6558921291198162e-103
3,SAT1,21.614723,0.96079993,1.305806764366967e-103,4.64699916144828e-103
3,FRMD5,21.455452,0.730232,4.0614013703786594e-102,1.4250531124135648e-101
3,CLDN5,21.42261,2.2075832,8.224888599849508e-102,2.8758351747725553e-101
3,ETV3L,21.307371,,9.699152933145348e-101,3.3677614351199126e-100
3,HES6,21.197363,1.53186,1.009998582260659e-99,3.447094137408393e-99
3,PCP4,21.034386,0.90447164,3.178646144411132e-98,1.0525318358977258e-97
3,APCDD1,21.000599,0.6471197,6.476469362138564e-98,2.137448634369163e-97
3,LGALS3BP,20.954605,1.0806202,1.7033851600415685e-97,5.584869377185471e-97
3,PRND,20.84416,,1.7220240177196367e-96,5.554916186192376e-96
3,SSTR2,20.78189,4.0972924,6.312329836976416e-96,2.029688050474732e-95
3,CYP26A1,20.720201,1.7641926,2.2772839344428468e-95,7.298986969368099e-95
3,MEGF11,20.717005,0.8495006,2.4336097258787853e-95,7.775110945299634e-95
3,TMEM156,20.664835,4.7735767,7.18024920989836e-95,2.2867035700313248e-94
3,SLC18A1,20.627342,,1.559921467848407e-94,4.952131643963197e-94
3,CA4,20.491394,1.7148738,2.569287738051482e-93,8.130657398897095e-93
3,STC1,20.462112,0.8118139,4.686355231956081e-93,1.478345499039773e-92
3,DHRS2,20.461096,0.8914929,4.785158265082603e-93,1.5047667500259758e-92
3,GAD2,20.460659,2.7106872,4.828136033168537e-93,1.513522267450952e-92
3,HIST1H2BG,20.3375,0.61485165,5.990782385076364e-92,1.8721194953363637e-91
3,ESM1,20.279371,2.4039125,1.956154710754141e-91,6.075014629671245e-91
3,TAGLN3,20.275375,1.6286244,2.1216873840006876e-91,6.568691591333399e-91
3,MYF6,20.225239,1.1129143,5.870491519173605e-91,1.8007642696851548e-90
3,RP4-758J18.13,20.21267,1.6048807,7.573947104163339e-91,2.316191774973498e-90
3,TM4SF1,20.08704,1.2664304,9.58075467275216e-90,2.9032589917430784e-89
3,TUBA1A,20.031963,1.0723547,2.9000041590665045e-89,8.761341870291553e-89
3,TUBB2A,19.832438,1.577,1.562807109758652e-87,4.651211636186465e-87
3,RP11-676J12.4,19.784191,1.0773939,4.07385174514241e-87,1.208858084611991e-86
3,CLEC3A,19.693293,,2.4615734926190393e-86,7.261278739289202e-86
3,PMEL,19.511423,1.4696443,8.780265960667749e-85,2.5673292282654234e-84
3,ATP6V1C2,19.458382,,2.4747753107172543e-84,7.194114275340856e-84
3,DLK1,19.43266,1.9089943,4.0862957416645147e-84,1.1810103299608425e-83
3,ELAVL2,19.371698,2.2194188,1.3377329498314482e-83,3.855138183952301e-83
3,RP11-513G11.4,19.355204,0.681258,1.842646193664853e-83,5.2949603266231416e-83
3,GRIK1,19.309647,1.7681047,4.456192645124734e-83,1.2768460301217004e-82
3,NPPC,19.175007,2.2145784,5.986163282877173e-82,1.700614568999197e-81
3,NKX2-1,19.161055,2.1377983,7.827035882076423e-82,2.217290618151961e-81
3,BIRC7,19.094498,4.4585056,2.805398454168878e-81,7.902530856813742e-81
3,CD36,18.963055,0.6126048,3.445342931940918e-80,9.677929584103703e-80
3,C3orf80,18.90529,0.9172512,1.0316971792368505e-79,2.87380829870989e-79
3,CCDC170,18.839678,0.88222975,3.5713025139571885e-79,9.892804747803846e-79
3,ATOH1,18.66108,2.4486396,1.0263774524189176e-77,2.7966688076809742e-77
3,DIO3,18.621769,1.5280042,2.1402297260303898e-77,5.80008055834794e-77
3,SARAF,18.450073,0.662499,5.2074538887075517e-76,1.3923673499218052e-75
3,MEST,18.429947,0.7669095,7.555811287900512e-76,2.0148830101068032e-75
3,CALB2,18.33963,3.5843427,3.9951150185225814e-75,1.0625305900326015e-74
3,NEUROG1,18.33091,1.7738137,4.689916988570945e-75,1.2407187800452235e-74
3,CDKN1A,18.29814,0.6271018,8.562204473822987e-75,2.259156853251448e-74
3,STMN4,18.07333,2.357436,5.1697999588661865e-73,1.3428051841210874e-72
3,EFEMP1,18.07144,0.53871536,5.349909849037848e-73,1.3859870075227586e-72
3,RPRM,18.002121,1.2553234,1.8749620123937533e-72,4.819953759366975e-72
3,RAB3A,17.900396,1.1109997,1.1708374715650454e-71,3.0021473629872957e-71
3,RP11-327J17.9,17.836092,0.6899456,3.707299008244848e-71,9.433330809783327e-71
3,GAPDH,17.724995,0.27311411,2.6893680035266717e-70,6.825807115549928e-70
3,BHMT,17.628939,1.3674518,1.477155210366739e-69,3.67451544867348e-69
3,TMEFF2,17.537169,1.7566684,7.455129276120083e-69,1.8407726607703908e-68
3,CITED2,17.449831,1.0686877,3.4525784972717576e-68,8.503887924314673e-68
3,CRH,17.429995,1.2490885,4.8851232321052504e-68,1.2002759784042385e-67
3,RP11-285F16.1,17.418587,0.8108544,5.963250581444556e-68,1.4615810248638617e-67
3,EGR2,17.411757,1.2080482,6.719087408030111e-68,1.642808657220076e-67
3,GNG3,17.349413,1.3482907,1.9926830476172577e-67,4.848377244810846e-67
3,CARTPT,17.31243,,3.7907779789107774e-67,9.200917424540722e-67
3,DDIT3,17.25975,0.5989781,9.451835270288517e-67,2.2775506675394017e-66
3,HIST1H2AC,17.179316,0.8365751,3.7936103347991237e-66,9.097386894002695e-66
3,SYP,17.154974,2.3849156,5.769561400927828e-66,1.3802778471119208e-65
3,GALP,17.148071,2.9837697,6.497310306768589e-66,1.5506707176058685e-65
3,DCT,17.00958,,6.973493647038574e-65,1.6524866462176717e-64
3,HSD17B2,17.003695,3.9420128,7.710264487204025e-65,1.822757561986767e-64
3,NFIA-AS2,16.807512,0.9809754,2.1500701696118225e-63,5.047113074206156e-63
3,FTH1,16.744297,0.18244423,6.232163476952011e-63,1.4595230625180354e-62
3,PECAM1,16.722645,,8.96506104090461e-63,2.089757818392683e-62
3,CRTAC1,16.706732,1.7899847,1.1707794725380714e-62,2.716425690343553e-62
3,GJA4,16.429096,2.92979,1.1840924156136179e-60,2.691119126394586e-60
3,RTN1,16.40105,2.0407588,1.8796110716898847e-60,4.2621566251471306e-60
3,C8orf46,16.396618,1.2189517,2.0218591859776447e-60,4.574342049723178e-60
3,ONECUT1,16.380705,2.130015,2.6268042262301543e-60,5.9162257347526e-60
3,ZNF474,16.365156,0.82600695,3.3915896609525206e-60,7.621549799893305e-60
3,HES7,16.238508,1.841057,2.693939097854912e-59,5.98653132856647e-59
3,SYNPR,16.190262,2.8858504,5.907632693473197e-59,1.309896384362128e-58
3,RP11-462L8.1,16.107574,1.9423614,2.2570441985553434e-58,4.9934606162728835e-58
3,BST2,16.106413,1.0727779,2.299871290280516e-58,5.076978565740653e-58
3,HHEX,16.06783,2.7827232,4.2884159036434685e-58,9.445850008025261e-58
3,CD9,16.060272,1.1316715,4.844166303279869e-58,1.0646519347867845e-57
3,SAMSN1,16.012825,2.0069523,1.0397872873680539e-57,2.2752457054005555e-57
3,HERPUD1,16.005705,0.412706,1.1658553447000466e-57,2.5455356871180054e-57
3,H1F0,15.987176,0.6800556,1.569870116325692e-57,3.420196331864252e-57
3,APLN,15.893081,1.9237378,7.076222243003802e-57,1.538309183261696e-56
3,NDUFA4L2,15.8363695,1.3419992,1.746149956941305e-56,3.787743941304349e-56
3,GAP43,15.832119,0.9730291,1.8682184013747486e-56,4.0437627735384165e-56
3,TYR,15.6949,,1.6390091584134855e-55,3.524750878308571e-55
3,SLC35D3,15.673138,3.3529055,2.308921774294003e-55,4.944157974933625e-55
3,MGST1,15.365276,0.9528454,2.798442007595648e-53,5.941490461986515e-53
3,APOBEC2,15.334032,,4.5297444977491585e-53,9.59691630879059e-53
3,TYRP1,15.307511,4.8818817,6.812131108479755e-53,1.440196851687052e-52
3,PCP4L1,15.284623,2.3762856,9.68216544937505e-53,2.0383506209210634e-52
3,RGS16,15.153543,0.5663625,7.178914430526355e-52,1.5050135074478732e-51
3,ESAM,15.088222,4.3177357,1.9358911906748478e-51,4.041526494101979e-51
3,TRPM1,15.043681,,3.7982808729835e-51,7.913085152048959e-51
3,ACTA1,15.037359,3.5912366,4.178879658243743e-51,8.687899497388239e-51
3,GIMAP4,14.94479,4.234155,1.6842044212744102e-50,3.4797612009801865e-50
3,ARPP21,14.864937,0.9306466,5.566760654248804e-50,1.14778570190697e-49
3,AQP3,14.791767,0.87460595,1.6554861474129436e-49,3.3993555388356133e-49
3,LAMP5,14.784138,1.6376579,1.8541536833962994e-49,3.799495252861269e-49
3,TM4SF18,14.779343,2.930633,1.990999927724994e-49,4.071574494325141e-49
3,SLC45A2,14.758562,7.8197227,2.7099851711716584e-49,5.5305819819829766e-49
3,CCDC184,14.212737,0.59857816,7.638105870959825e-46,1.543051691102995e-45
3,PCAT19,14.186725,3.7507899,1.1071045576849893e-45,2.23206564049393e-45
3,NNAT,14.18142,0.5677756,1.1940533678674015e-45,2.4025218669364214e-45
3,RASGRP3,14.159404,4.7913885,1.6337361153292465e-45,3.2805946090948724e-45
3,DKK4,14.148214,2.256247,1.9155968737077094e-45,3.8388714903962113e-45
3,ICAM2,14.054555,2.9751856,7.223438458479625e-45,1.444687691695925e-44
3,KCNJ2,14.010741,0.58007365,1.3399963287686885e-44,2.6746433707957854e-44
3,MYH6,13.954066,,2.971699440930615e-44,5.919720001853815e-44
3,ALDH1A1,13.950214,1.3022358,3.136592273472449e-44,6.235769927380613e-44
3,SMIM5,13.938589,0.99315006,3.691656318668568e-44,7.324714917993191e-44
3,DLL3,13.924856,0.7642362,4.474402448701505e-44,8.860202868715852e-44
3,EDN1,13.921587,0.96786684,4.68389624237501e-44,9.25671194145259e-44
3,CD34,13.906037,2.1732624,5.821668845627045e-44,1.1482581549560248e-43
3,CDH5,13.84355,3.3919759,1.3916181783287242e-43,2.734023925989635e-43
3,PLVAP,13.737247,3.5999355,6.074172645452758e-43,1.1886834922608137e-42
3,HOXB-AS3,13.698956,1.4264585,1.02995701544764e-42,2.0077134804047562e-42
3,TDRD10,13.5134535,3.3800178,1.3026495716668266e-41,2.50992210340429e-41
3,RP5-1159O4.2,13.512073,0.6505618,1.3273127511205048e-41,2.552524521385586e-41
3,C19orf45,13.491437,0.7412562,1.7564322446291622e-41,3.3648127291746403e-41
3,GZMA,13.449439,0.73052824,3.1021532913784545e-41,5.93145944814236e-41
3,HOXB9,13.40933,1.8289942,5.331773290379009e-41,1.015575864834097e-40
3,EPO,13.220632,2.3781786,6.670132451894699e-40,1.2608946033827408e-39
3,DBH,13.217871,,6.9195163202898435e-40,1.3055691170358194e-39
3,PHOX2A,13.214237,5.2700253,7.2618302037645185e-40,1.367576309560173e-39
3,AC012358.8,13.196654,1.6496812,9.171957445484634e-40,1.724052151406886e-39
3,NPPA,13.180814,,1.1316336854351473e-39,2.1231401227676308e-39
3,PENK,13.169552,0.39850336,1.3137573491671016e-39,2.4602197549945722e-39
3,ZCCHC12,13.030116,0.6253996,8.248192377059663e-39,1.5388418613917281e-38
3,DLL4,12.99335,,1.334549298933555e-38,2.485194225202151e-38
3,MYCT1,12.957528,3.9707432,2.130002533177431e-38,3.9517672229636933e-38
3,ECSCR,12.829646,3.0249803,1.11873896580382e-37,2.0640940328483763e-37
3,SLC9A3R1,12.7401285,0.741747,3.5381123849055858e-37,6.491949330101992e-37
3,ADGRL4,12.699148,1.3955865,5.977684077526329e-37,1.0908182623223228e-36
3,PLN,12.6811285,,7.524087674285378e-37,1.3705077730938757e-36
3,MROH8,12.570757,0.37285593,3.0578115462130844e-36,5.559657356751062e-36
3,ELAVL4,12.463002,1.7130613,1.1881264453831511e-35,2.156309338263432e-35
3,CHGA,12.186529,,3.667103648791336e-34,6.6193206656883315e-34
3,ELAVL3,12.031326,2.4377098,2.4322151433394952e-33,4.327784952561379e-33
3,ANGPT2,11.992308,0.51911175,3.898890086150776e-33,6.900690417965975e-33
3,SLC17A6,11.765026,3.3956454,5.910809260633993e-32,1.04063543321021e-31
3,INA,11.751075,2.47719,6.972590601669282e-32,1.2254113535446895e-31
3,SDC2,11.710531,0.28238752,1.1257269956963478e-31,1.97495964157254e-31
3,TAL1,11.693601,,1.3743348534672346e-31,2.406891161939115e-31
3,SNTG1,11.689023,2.1822312,1.4504503413643863e-31,2.5357523450426334e-31
3,CSRP3,11.680231,,1.6085707491392458e-31,2.80727879430933e-31
3,HOXA-AS3,11.447864,2.5355418,2.4101275494522325e-30,4.176997486052396e-30
3,SCGN,11.385013,1.0866416,4.966130212245727e-30,8.591920782432055e-30
3,TTN,11.375131,,5.5619684200760196e-30,9.606163074397272e-30
3,RIPPLY1,11.311989,1.9526852,1.1446554814291182e-29,1.9633884758646967e-29
3,CDX4,11.2907715,,1.457514058612102e-29,2.49574325104812e-29
3,SPX,11.285213,0.529229,1.5526479145377225e-29,2.6540989992097824e-29
3,EZR,11.205541,0.5385914,3.8300656042541584e-29,6.53594813012655e-29
3,NTM,11.141455,0.45835263,7.882137671133873e-29,1.3382237132655134e-28
3,FCN3,10.909959,2.9952157,1.0330347985853688e-27,1.7245989959688962e-27
3,ST7-AS1,10.846817,1.1536096,2.0649229896808488e-27,3.435811962863309e-27
3,CA3,10.712322,0.43841472,8.909832741271144e-27,1.4726996266563876e-26
3,CTD-2545M3.8,10.6379175,,1.985155521889526e-26,3.2596970802783677e-26
3,MYOZ2,10.511126,,7.67717170316698e-26,1.2503536975841987e-25
3,RNASE1,10.459609,1.8216071,1.3240036658649011e-25,2.1493566004300345e-25
3,MAFB,10.384769,0.42015073,2.908720838124519e-25,4.706668022855209e-25
3,TFF3,10.042757,1.554948,9.887168663556374e-24,1.5693918513581547e-23
3,NKX2-5,9.994074,,1.6179191851777303e-23,2.5640557609789704e-23
3,ECEL1,9.9924755,1.1780657,1.6442302038623625e-23,2.6016300694024724e-23
3,PRPH,9.72603,1.1471827,2.3352978972896873e-22,3.654613297792938e-22
3,HTR3A,9.720144,,2.4743005499078017e-22,3.86609460923094e-22
3,INSM1,9.696384,1.8103119,3.123717022759151e-22,4.865602839188709e-22
3,RP11-61A14.1,9.45428,0.32698637,3.252522184615694e-21,5.011590423136662e-21
3,CCKBR,9.4441805,1.2118615,3.581967349431469e-21,5.510718999125337e-21
3,MT1M,9.41141,,4.8952299849188245e-21,7.508021449262e-21
3,IL3RA,9.2954445,0.8283456,1.4659237269731762e-20,2.238051491562101e-20
3,SLC16A3,9.173084,0.5193572,4.596742991034479e-20,6.996564674329496e-20
3,GYPE,9.138426,,6.336822979264273e-20,9.586721602517811e-20
3,IGFBP5,9.101114,0.2239336,8.940974623113462e-20,1.350600396240704e-19
3,NRG4,8.969926,0.42806506,2.9671389511605823e-19,4.4418247771865e-19
3,FAM159B,8.963895,2.778136,3.134070755479523e-19,4.684709649446223e-19
3,TMEM88,8.91296,0.4724656,4.96878306053108e-19,7.416094120195642e-19
3,TLX2,8.7446785,1.3399055,2.2365114722955353e-18,3.308448923514105e-18
3,S100A8,8.731745,0.48846418,2.507727699982029e-18,3.704176809426926e-18
3,SCG2,8.658576,0.88428545,4.776935415169464e-18,7.04562745600216e-18
3,TTC9B,8.649421,2.5903842,5.176140871351938e-18,7.623182432035254e-18
3,KDR,8.511221,1.5646837,1.7211146053029604e-17,2.5236284535234023e-17
3,FST,8.502138,1.027224,1.8612987324356628e-17,2.7251811602279103e-17
3,NOV,8.387262,0.22148554,4.9759430157903605e-17,7.243002934192664e-17
3,SERPINB4,8.381014,1.19683,5.2473916700603126e-17,7.627022776250455e-17
3,MESP1,8.249426,2.5516832,1.591578697351239e-16,2.29996921582549e-16
3,SLC39A2,8.126847,,4.405996592285438e-16,6.33045487397333e-16
3,XKR7,8.043724,2.323548,8.714878272800357e-16,1.246763701402054e-15
3,HS3ST2,8.026431,1.0496138,1.0034948894066817e-15,1.4315191004374918e-15
3,HMP19,7.981745,2.1279736,1.4427939489282936e-15,2.05526203551039e-15
3,XX-FW83563B9.5,7.949919,0.14121078,1.866330700043861e-15,2.6510379261986664e-15
3,NFIA,7.9473033,0.22305429,1.906149983873063e-15,2.703758842373139e-15
3,ID3,7.90952,0.54093826,2.583829683804887e-15,3.65463887384001e-15
3,TLX3,7.8456516,1.6491349,4.307111110218638e-15,6.083490268670393e-15
3,SLC2A3,7.7736454,0.36529493,7.625916835555409e-15,1.0740727937401984e-14
3,ACTC1,7.6948085,1.0082946,1.4170609587320301e-14,1.9902541555225144e-14
3,APLNR,7.620913,,2.5188765413403548e-14,3.527838293193774e-14
3,ARL6IP1,7.5271087,-0.1951569,5.1876285692929767e-14,7.225109427984648e-14
3,XAGE2,7.50284,0.36556318,6.244982548894366e-14,8.68565027662638e-14
3,GDPD5,7.4928856,0.3638342,6.737572965243554e-14,9.357740229504937e-14
3,NEUROD4,7.485692,1.8940623,7.117111875459515e-14,9.871167649735805e-14
3,LHX1,7.300408,,2.868963992509878e-13,3.935478727722741e-13
3,LINC00682,7.2540507,2.8253334,4.0448868347158097e-13,5.533360923003844e-13
3,NHLH1,7.1886563,2.0888991,6.543204703887723e-13,8.938804240283775e-13
3,CHRNA3,7.1162868,1.9216753,1.1087365763502884e-12,1.5126010591409119e-12
3,PDPN,7.110619,0.028425215,1.1552360398475497e-12,1.5738910624626017e-12
3,RP11-753H16.3,7.1101832,1.3374003,1.1588911606887091e-12,1.5767226676036859e-12
3,NTRK2,7.0373774,0.27547258,1.9589180381557127e-12,2.657962059912772e-12
3,TMEM176A,7.0242987,0.86855465,2.151444182935354e-12,2.915236020237607e-12
3,NEUROD1,6.9783044,1.5767689,2.9876365089527155e-12,4.037346633719886e-12
3,RP13-941N14.1,6.867352,0.53640324,6.540452925804348e-12,8.790931351887564e-12
3,NCCRP1,6.7981067,0.057454035,1.0600295010166974e-11,1.4209510737489241e-11
3,TRAC,6.7729664,0.6919963,1.2616844771165768e-11,1.6890019773983626e-11
3,SMPX,6.7705684,1.0922207,1.2827742465344124e-11,1.7149388322652573e-11
3,MYL4,6.762721,1.538745,1.3542380835787147e-11,1.8080615268073627e-11
3,SDPR,6.760832,0.36957523,1.37201638046554e-11,1.8293551739540533e-11
3,IL32,6.7489157,0.4136515,1.489542035910895e-11,1.9834114992155728e-11
3,PAGE4,6.7149105,1.8570771,1.8818164793774493e-11,2.499092270089574e-11
3,LDHA,6.709679,0.6571504,1.9505303983463864e-11,2.5869103426344646e-11
3,URAD,6.575911,1.12093,4.835611172159034e-11,6.371029212330743e-11
3,RGS4,6.547719,-1.0537949,5.842252884877402e-11,7.677073436106967e-11
3,APOC1,6.5456843,0.23058555,5.922350489104624e-11,7.772113502761974e-11
3,NSG1,6.4243417,0.071563706,1.3244148474469231e-10,1.7357992758151025e-10
3,KRT19,6.4020348,0.16217536,1.533196440153206e-10,2.0041783531414457e-10
3,TERF1,6.338384,0.26298404,2.3218701625800695e-10,3.0272101207041324e-10
3,SPARC,6.2771316,0.097867034,3.4487607450736477e-10,4.473100836671398e-10
3,RP11-231G3.1,6.271246,0.40856943,3.581698651931188e-10,4.6395060258176006e-10
3,ANKS1B,6.2198024,0.08311778,4.977807707185667e-10,6.431276107475022e-10
3,PHOX2B,6.157823,,7.375158974681519e-10,9.50407084366175e-10
3,EPHA5-AS1,6.1282506,0.2945304,8.885062692632931e-10,1.1420389065080887e-09
3,AKR1B10,6.100785,4.0791693,1.0554889489386937e-09,1.3531909601778123e-09
3,SOX17,6.050649,0.5777484,1.442632947205927e-09,1.8447991652249704e-09
3,TNNT2,6.0110493,-1.2833472,1.84326368954689e-09,2.3481066108877576e-09
3,TMEM176B,5.9978976,0.5435685,1.9988832466098443e-09,2.5431084562466213e-09
3,MYL7,5.926981,0.9177156,3.0855429984820952e-09,3.910700885275152e-09
3,YPEL4,5.9093246,0.37736046,3.435129788348925e-09,4.348265554872057e-09
3,RIT2,5.8847656,0.44108513,3.986187598763134e-09,5.039428064175896e-09
3,LINC00305,5.802078,,6.549808982131954e-09,8.269960836025194e-09
3,NXPH4,5.7890716,0.4526405,7.077645794368412e-09,8.913911579809083e-09
3,NPNT,5.681389,-0.52478105,1.3360517157649414e-08,1.6763509608092112e-08
3,SYT16,5.59812,0.24075219,2.1668845142520292e-08,2.701851015276844e-08
3,AMBP,5.477504,0.31643608,4.3136730670872075e-08,5.365265008814934e-08
3,SERPINE3,5.418068,0.96052396,6.02465791883223e-08,7.484047104139416e-08
3,IDH1,5.378177,0.11891062,7.524373372485979e-08,9.33545083434985e-08
3,RP11-247C2.2,5.366479,0.69069487,8.028859050642716e-08,9.949019889272262e-08
3,MITF,5.2852445,0.65660775,1.2553692456619932e-07,1.5498385748913494e-07
3,RAD21-AS1,5.2787776,0.24668992,1.300483924596479e-07,1.6035560105998507e-07
3,SLC30A8,5.125101,0.363321,2.9737819889215636e-07,3.639880035399711e-07
3,PPP1R17,5.0982165,2.6163924,3.4286816448848973e-07,4.1915423531600216e-07
3,SLN,5.002959,,5.64569717103248e-07,6.876610439747236e-07
3,SLC5A12,4.953332,1.3868681,7.295339029262556e-07,8.842835186984917e-07
3,CTSV,4.9099536,0.29976803,9.10979343153088e-07,1.100216598010976e-06
3,PMAIP1,4.7589655,0.1847652,1.9458786133211903e-06,2.344432064242398e-06
3,DCX,4.526161,0.6199991,6.006471019781982e-06,7.184773947107634e-06
3,THBD,4.462293,-1.206851,8.108727594494536e-06,9.66475279439158e-06
3,FMO1,4.3768444,-0.2875791,1.2040992571885467e-05,1.4334514966530319e-05
3,CFC1,4.371831,1.0521243,1.232090353661838e-05,1.4650301470414245e-05
3,CHGB,4.3656545,0.10182163,1.2674262412663416e-05,1.5052568186061064e-05
3,GPX2,4.260515,0.14239629,2.0395639139177388e-05,2.4079857307175193e-05
3,VTN,4.2509966,-1.3190688,2.1282150414724706e-05,2.5096875489062155e-05
3,PLP2,4.135975,-0.055612214,3.5345054628448996e-05,4.143617189736107e-05
3,ADCYAP1,3.9046245,0.6391041,9.437184660264417e-05,0.00010948010046710461
3,C4orf26,3.7980316,6.609131e-05,0.00014584974554414967,0.00016841772002788646
3,COL9A2,3.7815378,0.10935767,0.00015586263152791668,0.00017972257202078108
3,ANGPTL1,3.7813196,0.095393576,0.00015599919251403798,0.00017972257202078108
3,BHLHE40,3.7469513,0.1211907,0.00017899680626901488,0.00020598021434869377
3,STMN2,3.7220287,0.77463156,0.000197628471987831,0.00022689836049119517
3,NPPB,3.6351995,0.20773926,0.000277765459747387,0.0003178094505118844
3,PLSCR2,3.5889149,,0.000332057129995876,0.00037906065068022375
3,LINC00379,3.5352917,0.47884843,0.00040732541879898664,0.00046339638088621914
3,SCRT2,3.4977262,1.2021273,0.0004692426697410267,0.0005326250507843663
3,DDC,3.4225953,0.7110869,0.0006202634804301975,0.000702450147712568
3,CDX2,3.3944757,0.16675034,0.000687601324778469,0.0007769506494671966
3,SPRR2F,3.3149853,0.31191924,0.0009164795592053647,0.0010332351287546389
3,POU4F1,3.2360034,1.092609,0.0012121593493541337,0.0013619767970271166
3,KCNN1,3.2092643,0.090968795,0.001330750635529439,0.0014935472901564974
3,LINC00458,3.1956768,-0.6002115,0.0013950323906912713,0.0015639376577256405
3,RAMP1,3.1820893,-0.37801474,0.0014621667798258753,0.0016355333107671982
3,TNFRSF12A,3.1615992,0.054732874,0.0015690538243719422,0.0017511761432722568
3,CFI,3.0307379,0.12885232,0.002439570029315698,0.0027166704112646972
3,GPNMB,2.9212387,0.05653227,0.0034864273463697717,0.0038738081626330796
3,CST4,2.9039454,-0.004486391,0.0036849241503128173,0.004089815927095247
3,GYPB,2.7201147,-0.77202845,0.006525929545769658,0.00722694301857105
3,GLYAT,2.6979532,-0.4038136,0.006976725276797997,0.007717616456634952
3,CAPN9,2.600007,0.21375573,0.00932218688487345,0.010278045077037981
3,AQP1,2.5990624,-2.9312577,0.009347878494081974,0.010295020367931689
3,S100A16,2.5509613,-0.16133954,0.010742628587396797,0.011818073253461823
3,CLDN6,2.4368844,-0.16088535,0.014814415542283018,0.016261707510738767
3,EPCAM,2.4137058,-0.6108446,0.015791211219508362,0.017277036345195142
3,CTD-2035E11.4,2.411526,-1.3627523,0.015885923717267294,0.017361665264772997
3,RASD1,2.2954147,0.026612,0.021709376482208765,0.023648558259486672
3,VIM,2.2702742,0.13992561,0.0231909584317367,0.025234992852814688
3,RIMS1,2.24408,0.0803004,0.02482725378060224,0.026956844495767903
3,PCDHA9,2.166297,0.22446822,0.03028849444514587,0.032850861654171226
3,SST,2.1603389,0.947182,0.030746443285687573,0.03331142284473193
3,MLANA,2.1269152,0.5586848,0.033427136123301254,0.03613744445762298
3,IL37,2.0716205,0.17940858,0.03830084091441525,0.04136159925962769
3,WNT2B,2.0398679,0.12799802,0.041363477945850165,0.04462079605809079
3,MT1E,1.9597236,-1.3663127,0.05002811099347426,0.05379366773491856
3,S100A6,1.9169266,-0.049547195,0.05524726012369983,0.059341847608700135
3,RGS6,1.7655749,0.21038087,0.07746718210952026,0.08285260118665268
3,ADM,1.7509702,0.008387433,0.07995103782198822,0.0854177754508421
3,TDGF1,1.6786368,-0.34680188,0.09322284857877053,0.0994907668930315
3,KISS1,1.5942417,-0.9549251,0.11088189724943891,0.11821097787786665
3,GPR12,1.5311725,0.07971417,0.12572675733908797,0.13375186950966805
3,CTD-2521M24.8,1.5004371,0.049258817,0.1335011933576053,0.14187161887099395
3,TECRL,1.4779124,-0.06188642,0.13943121024144675,0.14801614675312819
3,DLX6-AS1,1.43715,0.10152094,0.15067538235441988,0.15978301416163296
3,LECT1,1.3857064,,0.1658365672900517,0.1756743297564107
3,APOA1,1.3677593,-0.19679895,0.17138743089013875,0.18136236073030557
3,HPGD,1.2772244,-0.1881817,0.20152301828170194,0.212577023503905
3,SCGB1A1,1.1416402,-0.17280671,0.25360362874105313,0.26667048237755325
3,TUBB4B,1.1160637,-0.28352252,0.264394873937393,0.2771434737289235
3,CXCL3,1.1109774,-0.0050156787,0.26657805128849066,0.2791393207209326
3,RGS5,1.0978986,-0.16246451,0.2722487741151526,0.28477905242170776
3,GNRH2,1.0320683,-0.27257708,0.302040136811902,0.31561142822560295
3,CRYAB,0.9768464,-0.019312436,0.3286452162975575,0.3430534616884734
3,HOTAIRM1,0.9028781,0.09927323,0.36659060268209576,0.3818652111271831
3,ANKRD1,0.8932869,-0.40978518,0.37170354453569077,0.386788287758263
3,SEPP1,0.7972299,0.03554923,0.4253175419341141,0.4412007696411972
3,POU5F1,0.7878567,-0.14103876,0.4307805440307887,0.44640470884019556
3,SNAP25,0.67625034,0.26172152,0.4988817359744936,0.5153736941885264
3,RBP1,0.6421726,0.06668428,0.5207611324417498,0.5363142455630792
3,TH,0.6062057,0.36349633,0.5443781769085605,0.5600598527865849
3,ISG15,0.5516014,-0.03138312,0.5812214776939966,0.5961245925066632
3,SERPIND1,0.51014864,,0.6099473289341036,0.6249460337439586
3,ITLN2,0.49808702,-1.2260401,0.6184227109180196,0.6329812803664479
3,MT1H,0.47490835,-0.24615261,0.6348522991157852,0.6491332301797395
3,FGF5,0.43494514,0.024318757,0.6636022536868383,0.6764548967246059
3,LEFTY2,0.41525418,-2.8015165,0.6779558507803389,0.6903827401021781
3,PRSS2,0.40958667,-0.4347876,0.6821091884512105,0.6939055833684745
3,ZG16,0.28998765,-0.2841719,0.7718256919177342,0.7835793826575982
3,FGF7,0.28315756,-0.10857467,0.7770560561574301,0.7880893064476979
3,LCN15,0.23047878,-0.44781134,0.8177197528919529,0.8276515717529888
3,ID1,0.1977816,0.012827293,0.8432159437142124,0.8517332764790024
3,NPY,0.09031687,-0.032884426,0.9280354124814869,0.9336372358968681
3,SLC7A7,0.08544862,-0.29196188,0.9319047364280897,0.9365876748021001
3,AGT,0.034005065,-0.17872429,0.9728731113531133,0.9738469583114246
3,ACAT2,0.023033345,-0.035506736,0.9816236740180149,0.9816236740180149
3,TUBA1B,-0.054204654,0.024797976,0.9567721114344141,0.9586894904152445
3,PRSS1,-0.062051978,-1.4778106,0.9505214388616751,0.9533815836125126
3,SERPINA11,-0.0799991,-0.67240167,0.9362379746349099,0.9399979665009135
3,HOPX,-0.13275054,-0.9083637,0.8943906681078664,0.9006955368659278
3,AGAP2,-0.15520261,0.09640003,0.8766615933847797,0.8837314449443343
3,CLDN10,-0.16239598,-0.047687873,0.8709940316817658,0.8789041692046072
3,LINC01356,-0.22139622,-0.48452374,0.824783929388389,0.8339574614644985
3,RERG,-0.28170437,-0.10388987,0.7781702135517672,0.7884196692520438
3,CST1,-0.3409226,-0.5673122,0.7331618658490091,0.7450831970010255
3,TF,-0.44540823,-0.16214037,0.6560247659103052,0.669413026439087
3,APOA2,-0.45783317,-0.7800884,0.647072312123355,0.6609523106469408
3,RP11-188D8.1,-0.56391734,-0.055425074,0.572810391109958,0.588101017566692
3,SLC18A3,-0.57358116,-2.6411855,0.5662512577148238,0.5819642936431899
3,LEPR,-0.6504559,-0.024104053,0.5153977995240449,0.5313379376536546
3,FGG,-0.6544522,-0.49478304,0.512820519668387,0.5292265424854355
3,IHH,-0.69463336,-1.6282495,0.48728508195925624,0.5039142522846497
3,COL15A1,-0.7228983,,0.46974237820834863,0.48627575383887023
3,LINC01411,-0.8143777,-0.05893226,0.4154285967998639,0.43139002782955754
3,MT1G,-0.81732047,-0.0026437617,0.4137453124916002,0.43008868242370085
3,TMEM98,-0.9598438,-0.09129151,0.33713381637833495,0.3515472537834567
3,MT1X,-1.1236204,-0.16676626,0.2611741109983471,0.2740546810056108
3,KRT18,-1.1292152,-0.24653131,0.25880705473863796,0.2718561499355441
3,FBXO32,-1.1423668,-1.0371556,0.253301605404019,0.2666332688463358
3,CTGF,-1.2481602,-0.11504782,0.21197236339831527,0.22336392349664413
3,MIXL1,-1.3301939,0.0790412,0.183454401271135,0.1937216486495618
3,LINC00900,-1.3453072,-0.08948977,0.1785260368761159,0.18871674088384346
3,MGC16275,-1.5913353,-0.114926234,0.11153412736896978,0.11877968835886027
3,CPXM2,-1.8181084,-0.25868487,0.0690475605846815,0.07392672439473394
3,ZNF503,-1.8447748,-0.027770521,0.06507030415939387,0.06974309127480585
3,LBX1,-1.8489891,-0.10153809,0.0644593857303401,0.06916243104113745
3,GSTA2,-1.9597962,-0.8552914,0.050019614311469375,0.05379366773491856
3,AREG,-2.0253358,-0.7208244,0.04283288575970236,0.046156126896230984
3,PTN,-2.1559794,-0.19589858,0.031085283025878936,0.033642081196838675
3,FMOD,-2.2587938,,0.023896217994941776,0.02597414999450193
3,ANXA2,-2.3052237,-0.20692661,0.02115404622362952,0.023068752697524012
3,CAPN3,-2.3420625,-0.926652,0.01917750027439196,0.02093613567073358
3,HMGCS2,-2.4190826,-1.161975,0.015559707549262837,0.017042396001383173
3,FGF4,-2.4207537,0.267022,0.015488364641852116,0.01698285596694311
3,CLEC1B,-2.5327961,,0.011315675510038445,0.0124348082527895
3,ELF3,-2.6388075,-0.9548476,0.008319818052764742,0.009183022133294416
3,TAC3,-2.662931,-0.8474489,0.007746332718656974,0.008559483667024281
3,EMCN,-2.870449,-0.18034254,0.004098893653582167,0.004544227997319475
3,MT2A,-3.0060332,-0.32156843,0.0026468004656282685,0.0029441606959157603
3,SERPINA1,-3.0547884,-0.69850683,0.002252193724080159,0.002510806827291147
3,C10orf10,-3.1657407,-0.360093,0.0015468856219464915,0.0017283638234039012
3,COLEC11,-3.1842692,-0.6665141,0.001451199798329546,0.001625083760727375
3,SPINK1,-3.2368026,-0.809615,0.0012087696259724054,0.0013596958672355516
3,ISL2,-3.2846859,-0.19499375,0.0010209612845861952,0.0011497311763358055
3,CER1,-3.388445,0.86178356,0.0007029014354941509,0.0007933424779843689
3,ENPP3,-3.40661,-0.25011337,0.000657750340643543,0.0007440614713162252
3,CGA,-3.4255743,-1.7834731,0.0006135009128594745,0.0006955792662805834
3,RP11-511B23.1,-3.509933,-1.0405611,0.00044821943860632414,0.0005093402711435502
3,CCDC42,-3.5511315,-0.24054724,0.0003835786404925634,0.00043687772265667816
3,CTD-2339F6.1,-3.5668988,,0.0003612308218883443,0.00041189375357849977
3,EMP1,-3.6172526,-0.22049707,0.0002977467980577165,0.00034028205492310455
3,GAL,-3.6869338,1.1079863,0.00022697234236105572,0.0002599912283631795
3,AURKA,-3.7199943,-1.7501469,0.0001992272639904739,0.00022847163301659853
3,GNAS,-3.7238452,-0.13068041,0.00019621117355182152,0.0002255300845423236
3,C8orf4,-3.8193936,-0.40108654,0.0001337800762251327,0.00015465904765911293
3,AFP,-3.8368323,-0.6346234,0.00012463155223690957,0.00014424948175568238
3,APOB,-3.876868,-0.91174614,0.00010580967728707243,0.0001226068102978823
3,KRT14,-4.007003,,6.14941139102819e-05,7.142173508743543e-05
3,NODAL,-4.022625,1.1909698,5.755312502913543e-05,6.692223840597143e-05
3,REN,-4.040499,-7.1845407,5.333751942169479e-05,6.209257208579138e-05
3,CLDN4,-4.0450044,-1.0960828,5.232217137510691e-05,6.098155171923882e-05
3,SPON2,-4.070072,-1.9344728,4.69985896749637e-05,5.484082809213967e-05
3,ICAM1,-4.0760303,-0.39609662,4.581106090613087e-05,5.351759451650803e-05
3,DUSP1,-4.0810437,-0.31599382,4.4833900228553204e-05,5.243731020883416e-05
3,ANXA1,-4.0859847,-0.74634445,4.389026504166123e-05,5.139375297618411e-05
3,SFN,-4.1420784,-4.3523045,3.441724112852413e-05,4.039582292080297e-05
3,CLDN9,-4.152396,,3.29011811729212e-05,3.8661787512245825e-05
3,NEK2,-4.184512,-1.3695207,2.857790661099633e-05,3.362106660117215e-05
3,XXbac-BPG181B23.7,-4.228544,-0.235122,2.35208074711669e-05,2.7704131297016375e-05
3,TNNI1,-4.2664733,-1.1004183,1.9858737888082852e-05,2.3473685446906446e-05
3,UPK1B,-4.2809324,-0.8733901,1.8611174618568688e-05,2.2025058720199632e-05
3,LGALS2,-4.325691,-1.1775482,1.5205418902537535e-05,1.801589917362267e-05
3,FGA,-4.3570805,-2.3984325,1.3180869852183695e-05,1.563567005003997e-05
3,HBA2,-4.468905,,7.862102995621023e-06,9.381984481648e-06
3,FGB,-4.497969,-1.1838821,6.860564056703338e-06,8.1966117762286e-06
3,CTD-2314G24.2,-4.568595,-0.3122039,4.910043169724132e-06,5.880291221226506e-06
3,CD48,-4.5785494,,4.682112457640231e-06,5.61404371419692e-06
3,AHSG,-4.613209,-0.37704092,3.9650007597489855e-06,4.759904873648242e-06
3,HIP1R,-4.6220007,-0.07825457,3.800571465398885e-06,4.5679945497582755e-06
3,CREB3L1,-4.69328,-1.305849,2.688586767613753e-06,3.235363137922687e-06
3,PRKCDBP,-4.8562574,-1.3535584,1.1962506568920735e-06,1.443004411208774e-06
3,SERPINB2,-4.920126,-1.6081454,8.648848125158697e-07,1.0458099304907735e-06
3,ID2,-4.9277554,-0.3118437,8.317964751036134e-07,1.007017524338515e-06
3,IBSP,-4.953768,4.1862955,7.279004568411649e-07,8.833743408266565e-07
3,CHN1,-4.958273,-0.45551655,7.112265333196492e-07,8.641877683106309e-07
3,CRHBP,-4.986683,-3.7846224,6.142472377400821e-07,7.472594133091024e-07
3,AGTR1,-5.0176363,-0.72226864,5.231107884427071e-07,6.379399859057404e-07
3,T,-5.047645,0.8987386,4.472890999721571e-07,5.461405372065411e-07
3,RP11-1109F11.5,-5.1288066,-0.21154115,2.915844916382414e-07,3.573339358311782e-07
3,CAV1,-5.142685,-1.1252674,2.7083970479982245e-07,3.323186561961012e-07
3,MGP,-5.2090964,,1.897624295386574e-07,2.3312337781161843e-07
3,ANXA3,-5.2231927,-0.88644916,1.758643087597241e-07,2.1631526292708993e-07
3,CYP4X1,-5.2758713,-0.8550123,1.3212673746716424e-07,1.627176569792663e-07
3,GPR183,-5.2860436,-5.701961,1.2498995434922176e-07,1.5449932552437793e-07
3,NUSAP1,-5.2965794,-1.0158466,1.1799192082598277e-07,1.4602960498265193e-07
3,PCAT14,-5.57298,,2.5041870140770177e-08,3.118539245425925e-08
3,AC007325.4,-5.606549,-0.14893839,2.064007465682372e-08,2.576788346669628e-08
3,MLLT11,-5.623515,-0.14551625,1.8711045722916064e-08,2.338880715364508e-08
3,S100A3,-5.6292915,-1.0969348,1.8095131135224568e-08,2.2647222947715352e-08
3,PAPPA2,-5.675213,-0.18089941,1.3851625891751028e-08,1.7357927182645396e-08
3,HAPLN1,-5.7232413,-0.777422,1.045105737472765e-08,1.3129469063728202e-08
3,TMEM141,-5.7360296,-0.5171838,9.692168956476536e-09,1.2191407492423316e-08
3,RPL34,-5.8016057,-0.09750158,6.568287962481619e-09,8.282834757227767e-09
3,MYL9,-5.9399147,-0.4313031,2.8517034377683106e-09,3.6189129920917646e-09
3,CPA5,-5.9767537,-0.20141672,2.276281381155822e-09,2.8923524538193412e-09
3,KLF5,-6.017298,-0.6687928,1.7735234308905311e-09,2.2621472332787388e-09
3,HMGB2,-6.0406947,-0.6396249,1.5345207893455407e-09,1.959796665830831e-09
3,GABRA1,-6.076516,-0.36502585,1.228215341044888e-09,1.5726188745773214e-09
3,S100B,-6.106525,-1.591434,1.0182367318233339e-09,1.307107486294395e-09
3,L3MBTL4,-6.1327553,-0.50556874,8.636987272504546e-10,1.1115813735527086e-09
3,KCNF1,-6.2126093,-0.39098018,5.211193743029637e-10,6.724120958747919e-10
3,BDKRB1,-6.2375317,,4.4452897202705415e-10,5.750698215097725e-10
3,CNTN1,-6.3058324,-0.3182302,2.866489106528696e-10,3.7227131253619427e-10
3,GADD45G,-6.323053,-0.24658152,2.5644527133207904e-10,3.3347889640062296e-10
3,HSPA6,-6.329883,-0.4308563,2.4534702266542233e-10,3.19462269095602e-10
3,TNMD,-6.3930974,-0.2662967,1.6255838821990284e-10,2.122172169972622e-10
3,RGS1,-6.414605,-1.791647,1.411883484793439e-10,1.8480150324521453e-10
3,KRT23,-6.5606527,-2.8561091,5.3572831314505974e-11,7.049056751908681e-11
3,CDCA3,-6.612532,-1.8040546,3.7780133058625454e-11,4.9841864193437274e-11
3,APOC3,-6.627936,-0.9861145,3.4041290767951276e-11,4.496868001050367e-11
3,NTS,-6.6514053,2.218031,2.9030753380097373e-11,3.840046743399123e-11
3,KPNA2,-6.707063,-0.9195115,1.9858026288685476e-11,2.630202157441785e-11
3,GJB6,-6.7273355,-0.87866354,1.7279805866713226e-11,2.2978465248288866e-11
3,S100A14,-6.8580513,-1.4420795,6.980609065000011e-12,9.36994505369129e-12
3,S100A9,-6.882538,-2.1093764,5.879544701174651e-12,7.913249934286205e-12
3,USP18,-6.8999767,-0.8617605,5.2011120590257564e-12,7.009584985209914e-12
3,SERPINE1,-6.9291134,-1.5483602,4.234863069371743e-12,5.715064870947022e-12
3,FIBIN,-6.980048,-1.9442109,2.950785636807541e-12,3.992944028156348e-12
3,LTB,-7.1077127,-0.70529604,1.1798188734456956e-12,1.6030147737033907e-12
3,MSC,-7.258047,-0.38081372,3.9271912753733025e-13,5.379714075853839e-13
3,CYP1B1,-7.300771,-0.4926445,2.861227181404374e-13,3.9302571173137007e-13
3,ISL1,-7.3634048,-1.1392043,1.792779761722111e-13,2.4659969212133575e-13
3,CORIN,-7.38513,-0.33089587,1.5230447351242308e-13,2.097857761879106e-13
3,VWF,-7.3922505,-0.5948244,1.4436395277769172e-13,1.9912269348647134e-13
3,EGR1,-7.437518,-0.4851775,1.0259447399440675e-13,1.4170507457790988e-13
3,HLX,-7.459534,-0.75992805,8.682884233626248e-14,1.2009521761585405e-13
3,ATAD3C,-7.470143,-0.55178744,8.010790652667682e-14,1.1095277912282108e-13
3,CTB-113D17.1,-7.531904,-0.2535832,5.000570856139114e-14,6.97429687048691e-14
3,TMSB4X,-7.5784793,-0.40140665,3.4962855955688554e-14,4.883080440738625e-14
3,PLK1,-7.5985336,-2.192443,2.995050739384108e-14,4.188882152984766e-14
3,CCNB2,-7.6357355,-1.1112638,2.245344632439967e-14,3.149150957138804e-14
3,KRT7,-7.7556252,-2.5703907,8.790917023641975e-15,1.2364158964334705e-14
3,HOXA7,-7.793917,-0.43931663,6.4963013842944704e-15,9.162625365718577e-15
3,ODAM,-7.933934,-0.7542995,2.123109546337971e-15,3.007237317759166e-15
3,PPIC,-7.9806547,-0.6908937,1.455592169151415e-15,2.0705436261044314e-15
3,CENPA,-8.0377655,-1.9235694,9.149135220222269e-16,1.3070193171746099e-15
3,PLA2G2A,-8.050118,3.5602715,8.271426685600422e-16,1.1850181497994873e-15
3,PTTG1,-8.107302,-1.1953783,5.175623526938996e-16,7.4255717746614e-16
3,PDLIM1,-8.165793,-0.85126644,3.1932959030803374e-16,4.594670364144371e-16
3,PLAU,-8.189262,-1.0525166,2.628314383445631e-16,3.7871965179331866e-16
3,CPM,-8.240125,-0.34935874,1.7203095911812678e-16,2.482409222483792e-16
3,NR4A1,-8.256692,-0.8553424,1.497658808497378e-16,2.1673788834983762e-16
3,HAMP,-8.353911,-0.9749649,6.603906164362353e-17,9.570878499075874e-17
3,EPYC,-8.364665,-0.52027917,6.028605407280453e-17,8.749790141190788e-17
3,CHCHD2,-8.387553,-0.15853764,4.963660356366887e-17,7.235656496161643e-17
3,TOP2A,-8.434927,-1.5553894,3.3140837414203745e-17,4.838078454628283e-17
3,RLTPR,-8.475254,-0.9005634,2.345672769956185e-17,3.429346154906703e-17
3,CRYL1,-8.569131,-0.35887125,1.0426870030320908e-17,1.531111605039781e-17
3,BARX2,-8.624717,-3.6286924,6.4251683405091656e-18,9.448776971337008e-18
3,RP11-382A20.7,-8.820027,-0.4681163,1.144315793790265e-18,1.6952826574670593e-18
3,LYZ,-8.835286,-0.8149057,9.984229709583527e-19,1.4813397195227784e-18
3,CCNB1,-8.853742,-1.6083989,8.463292657585721e-19,1.2575472002356197e-18
3,LINC00562,-8.876412,-0.33286327,6.905171843329966e-19,1.0275553338288639e-18
3,FOS,-8.91078,-0.7620116,5.067461218485702e-19,7.552103157206709e-19
3,TFPI2,-8.979372,-1.4644912,2.723171282735834e-19,4.08271556632059e-19
3,HHIP,-8.993105,-0.5279334,2.403433309769174e-19,3.608758723377138e-19
3,CYP1A1,-9.035611,,1.6308886793349813e-19,2.4524641794510995e-19
3,MMP9,-9.041715,-1.4401088,1.542336031326191e-19,2.32279522790089e-19
3,RGCC,-9.077246,-1.8096354,1.1135739802111522e-19,1.6795987635160667e-19
3,HAND1,-9.14184,-2.6526446,6.139838564504416e-20,9.302785703794569e-20
3,IFITM3,-9.15332,-0.49905297,5.520974707071242e-20,8.377806839258333e-20
3,TOX,-9.168725,-0.3026721,4.786475759908274e-20,7.274279270377316e-20
3,H3F3B,-9.246871,-0.17666714,2.3116042670344284e-20,3.523786992430531e-20
3,HBA1,-9.339404,-1.7729751,9.687785803585535e-21,1.4813128140039043e-20
3,CLDN7,-9.348923,-8.841526,8.854508882971603e-21,1.3559737952483312e-20
3,CXCL10,-9.415771,,4.696268857043835e-21,7.213930655981313e-21
3,ARHGDIB,-9.469466,-3.0847647,2.8127750603110715e-21,4.340702253566468e-21
3,APOL4,-9.495479,-0.48546445,2.1920214485414668e-21,3.3879775093376612e-21
3,VTCN1,-9.528539,-2.8171034,1.5951213434447237e-21,2.4692280858277456e-21
3,UBE2C,-9.575986,-1.8242421,1.008896883104642e-21,1.5641812141157239e-21
3,HOXC8,-9.577512,-2.049652,9.941060868300719e-22,1.5436429919721613e-21
3,TACSTD2,-9.585505,,9.200660188751638e-22,1.4308958302879685e-21
3,ZFP36,-9.719781,-1.0364025,2.4831443900995884e-22,3.873860202963476e-22
3,CYB5A,-9.750154,-0.71114266,1.841899741062765e-22,2.8869901897535503e-22
3,KCNN4,-9.785394,-5.53846,1.3008819353278644e-22,2.042200840389112e-22
3,SCN2A,-9.793531,-0.46000388,1.2002877953830172e-22,1.8872449612940521e-22
3,IGFBP7,-9.827682,-0.7587705,8.556560608331152e-23,1.347489859579709e-22
3,HOXB6,-9.906156,-0.64548826,3.914203009940688e-23,6.173821782240832e-23
3,WNT10A,-9.941396,-3.1678896,2.7494821926238555e-23,4.343573764018729e-23
3,MX1,-10.065282,-0.5861342,7.866205035758467e-24,1.2505890358916482e-23
3,VGLL1,-10.100159,,5.515303344223137e-24,8.78233016596041e-24
3,SFRP4,-10.150512,-1.1682596,3.296293223116856e-24,5.257245969883343e-24
3,DLX1,-10.162791,,2.906333252286238e-24,4.64270487585661e-24
3,GABRP,-10.204717,-8.139809,1.888715181950954e-24,3.0219442911215267e-24
3,SRGN,-10.22012,-1.3256552,1.611400907612122e-24,2.582373249378401e-24
3,COLEC10,-10.252891,,1.1485639130074518e-24,1.843601786528815e-24
3,WT1,-10.29249,-1.1928475,7.618006681301259e-25,1.2247599166079193e-24
3,SLPI,-10.336086,-1.067109,4.838959637976278e-25,7.792205536193684e-25
3,PRCD,-10.359629,-2.0017273,3.7842828032219405e-25,6.103681940680549e-25
3,PRR9,-10.377867,,3.1268497856224765e-25,5.051453611667975e-25
3,IL6ST,-10.443914,-1.3574789,1.5623205409884283e-25,2.532124053465848e-25
3,KRT8,-10.491144,-0.7724367,9.487266620264601e-26,1.5426449789048132e-25
3,TAGLN,-10.554286,-0.969354,4.8531585315850934e-26,7.917061226076825e-26
3,CENPF,-10.593885,-1.4091545,3.181064852970114e-26,5.197818387206069e-26
3,MATN3,-10.623604,-0.652925,2.3144929965676102e-26,3.788040910912619e-26
3,HIST1H4C,-10.632177,-1.3026149,2.1112387274092742e-26,3.4610470941135645e-26
3,FOXS1,-10.653031,,1.687777644480803e-26,2.7759500731592154e-26
3,TSLP,-10.667708,-2.7257843,1.441367842718731e-26,2.3745763471478272e-26
3,SPP1,-10.678899,,1.2777883617896676e-26,2.1085616531182634e-26
3,COL21A1,-10.723658,,7.88235652396326e-27,1.3050259145634537e-26
3,C2orf54,-10.770741,,4.731764527704543e-27,7.847039017752144e-27
3,CDH7,-10.784983,-1.7834357,4.053198824895679e-27,6.732888413447971e-27
3,DLX2,-10.867089,,1.653941566659984e-27,2.7565692777666403e-27
3,RP11-407N17.5,-10.932846,-0.34548533,8.028957422640272e-28,1.3426350205084067e-27
3,ACTA2,-10.93648,-0.61701477,7.713730534282892e-28,1.292082166546548e-27
3,CCL2,-10.961039,-0.6071346,5.882029496144269e-28,9.86917700695347e-28
3,EGFL6,-11.009431,,3.4417198088183745e-28,5.7844030400308815e-28
3,HES2,-11.040893,,2.4261112566251383e-28,4.084362384890806e-28
3,APOE,-11.072936,-0.7308895,1.697468330078711e-28,2.8625098314986696e-28
3,CTHRC1,-11.077877,-0.65893364,1.606368836044312e-28,2.713460871696473e-28
3,GJB2,-11.088994,-0.9453165,1.4187467641791497e-28,2.400586741419881e-28
3,SOCS3,-11.105197,-0.6399666,1.183560627080147e-28,2.0060349611527915e-28
3,RAB27B,-11.172699,-0.74012524,5.546963647745523e-29,9.433611645825719e-29
3,GATA6-AS1,-11.180182,-1.4077756,5.098501459944724e-29,8.685692436021676e-29
3,SNCG,-11.336984,-0.6828098,8.605979391080229e-30,1.4786906170240943e-29
3,CDC20,-11.366339,-1.6920583,6.151427759062633e-30,1.0587655351226563e-29
3,CDK1,-11.37375,-1.3994074,5.650672690702759e-30,9.742539121901309e-30
3,ERP27,-11.5550375,,6.9617076952016705e-31,1.2086298081947346e-30
3,ASCL4,-11.572258,,5.696347242759644e-31,9.906690856973296e-31
3,EFNA1,-11.588752,-0.6900082,4.699299876636418e-31,8.186933582990277e-31
3,CDKN3,-11.912527,-1.863678,1.0184364749660496e-32,1.7961842591993822e-32
3,BAMBI,-11.972326,-0.75146794,4.961772442914842e-33,8.766382407976754e-33
3,RGS13,-12.010327,-2.8194058,3.136004421961941e-33,5.560291528301315e-33
3,LOX,-12.02406,-0.4969811,2.655922767835674e-33,4.7174471897614104e-33
3,CXCL2,-12.083351,-1.2167048,1.2933863760437638e-33,2.3055015615753363e-33
3,DLX5,-12.085313,-1.4281659,1.2628818206059342e-33,2.2551461082248822e-33
3,CHRM2,-12.087348,-1.2344353,1.2320021826177733e-33,2.203939503788503e-33
3,RASL11B,-12.112052,-0.2919597,9.118392346057374e-34,1.6341204921249772e-33
3,CXCL1,-12.130798,-1.5011693,7.253865200777775e-34,1.302309730839816e-33
3,IFI6,-12.145185,-0.2573025,6.084462576234054e-34,1.0943278014809449e-33
3,PRSS35,-12.148091,-0.7051143,5.872022258478834e-34,1.0580220285547447e-33
3,DHRS9,-12.24691,,1.7451990664750675e-34,3.1558753462478612e-34
3,GATA2,-12.3492155,-0.63947487,4.918864648663493e-35,8.910986682361401e-35
3,DKK1,-12.724434,-0.63621306,4.32598521338756e-37,7.908565289556782e-37
3,SHOX,-12.725524,-0.87048,4.266041103105097e-37,7.813262093599079e-37
3,HOXC9,-12.74834,-0.73576224,3.1845744691811526e-37,5.853997185994766e-37
3,CBLN4,-12.776314,-2.2133226,2.223619600205757e-37,4.095063720452591e-37
3,RP11-44N21.1,-12.847738,-0.45123237,8.856143112646257e-38,1.636995030064003e-37
3,FRZB,-12.886684,-1.1507088,5.349451479858516e-38,9.90639162936762e-38
3,PGF,-12.960144,-0.57415164,2.0586002490767203e-38,3.826394515012491e-38
3,AF131217.1,-13.145719,-1.4298787,1.8008575988596792e-39,3.366088969831176e-39
3,GLIPR1,-13.317851,,1.8227811799193197e-40,3.4522370831805297e-40
3,RP11-802E16.3,-13.348078,-0.5990365,1.2154438842757312e-40,2.306345131453e-40
3,SERPINF1,-13.369803,-0.70042604,9.078026049868388e-41,1.7258604657544465e-40
3,C5orf66-AS1,-13.427932,-3.0445676,4.1483550019931163e-41,7.916708019070832e-41
3,FOXF1,-13.505752,,1.4463097837774418e-41,2.776026456386645e-41
3,CCDC80,-13.521083,-0.5999942,1.1743491381879255e-41,2.2670832783550683e-41
3,EBF1,-13.563952,-0.6987813,6.550913182494681e-42,1.2671011958403639e-41
3,MIR22HG,-13.5650425,-1.6085334,6.454263574460541e-42,1.2508262741202599e-41
3,FOXD3-AS1,-13.606095,,3.684080502453559e-42,7.153554373696231e-42
3,PLPP3,-13.621935,-0.54472774,2.966029388300291e-42,5.770485191245702e-42
3,RP11-290H9.5,-13.704186,-0.67331904,9.583509592780177e-43,1.871779217339878e-42
3,NEAT1,-13.81543,-0.45800683,2.0572273973039685e-43,4.033779210399938e-43
3,AC140912.1,-13.891505,-1.1593354,7.132059341371193e-44,1.4039486892462977e-43
3,IGFBP6,-14.235989,-1.2498946,5.478303690069298e-46,1.1089683583136232e-45
3,PGM5-AS1,-14.431518,-1.2671833,3.277899268334968e-47,6.6488828972311725e-47
3,CRABP1,-14.505195,-1.2690246,1.1231795864445951e-47,2.2828853383020227e-47
3,HDAC9,-14.629517,-0.7342933,1.8207545856184078e-48,3.7082578118501176e-48
3,LHX9,-14.808479,-0.8827106,1.2912846394276992e-49,2.6569642786578174e-49
3,TSPAN8,-15.008804,-1.2664595,6.429646978419902e-51,1.3311898506045347e-50
3,JUNB,-15.026679,-1.2171167,4.9101562292607074e-51,1.0187046118798149e-50
3,SHISA3,-15.145987,-1.9935752,8.053644073171271e-52,1.6848627768140735e-51
3,PRSS56,-15.2063675,,3.2085857438483092e-52,6.740726352622498e-52
3,CTD-2410N18.3,-15.298356,-1.8407738,7.841262376988464e-53,1.6542747630777351e-52
3,MPZ,-15.5923395,,8.207163913240084e-55,1.7462050879234224e-54
3,TINAGL1,-15.641531,,3.794940886529898e-55,8.09155839345394e-55
3,RASSF9,-15.652866,-0.4590209,3.175893108439598e-55,6.786096385554696e-55
3,MOXD1,-15.693773,-3.0026052,1.6683558264478427e-55,3.580162717699233e-55
3,GPRC5A,-15.75321,-1.3526287,6.528184730431451e-56,1.406936364317123e-55
3,HLF,-15.805162,-2.4131408,2.8665213727657e-56,6.191190869904319e-56
3,SERPINE2,-16.036585,-0.36615834,7.094952963745878e-58,1.5559107376635695e-57
3,LA16c-312E8.2,-16.242977,-0.799843,2.50467191273108e-59,5.57833388136098e-59
3,RP11-834C11.4,-16.2582,-1.057468,1.9539555308602477e-59,4.361507881384482e-59
3,TMEM196,-16.261034,-1.0282829,1.8656453597504895e-59,4.1737032656610505e-59
3,LYPD3,-16.30107,-0.6112298,9.698052540455598e-60,2.1744512422546186e-59
3,TIMP3,-16.391603,-0.609025,2.1957288403182783e-60,4.956498510876475e-60
3,IER2,-16.445154,-0.95023704,9.085187535303623e-61,2.0695188007525338e-60
3,MMP10,-16.518906,,2.6822296442151113e-61,6.1238119730938614e-61
3,HTR2B,-16.53678,-6.2248483,1.994011602654487e-61,4.562955612481664e-61
3,LINC01117,-16.542011,-1.6940924,1.8281559910482756e-61,4.193018328092376e-61
3,RBP4,-16.552402,-1.1697221,1.5384134861808807e-61,3.536582726852599e-61
3,HEY1,-16.561884,-0.50898933,1.3141436744605181e-61,3.0279808167293045e-61
3,CH25H,-16.616997,-0.7568881,5.249745271334299e-62,1.212412302848568e-61
3,FOSB,-16.691692,-1.3769724,1.5064139373898287e-62,3.4870692995134925e-62
3,WNT16,-16.720901,-1.5577462,9.231289301574327e-63,2.1468114654824016e-62
3,FAM102B,-16.735868,-0.911673,7.180141386504482e-63,1.6776031276879633e-62
3,PLP1,-16.824951,,1.6019488376879632e-63,3.7692913827952075e-63
3,CREB5,-16.831781,-0.72138417,1.4274345659417998e-63,3.366590957409905e-63
3,HOXA9,-17.027454,-1.2450602,5.139091938389715e-65,1.2206869212327115e-64
3,PCSK9,-17.135937,-1.2827909,8.005248668105596e-66,1.9060115876441897e-65
3,CD44,-17.24311,-1.7466754,1.2606563731015028e-66,3.0304239738016896e-66
3,TDO2,-17.275953,-3.3775344,7.138346233908552e-67,1.7242382207508582e-66
3,NENF,-17.282856,-0.8100385,6.3332218211076e-67,1.5334677532948185e-66
3,HOXB5,-17.375717,-0.8521218,1.2602225142559048e-67,3.073713449404646e-67
3,GRIA2,-17.574297,-1.6295028,3.876628870212568e-69,9.595616015377642e-69
3,CRYM,-17.602562,-1.2014856,2.354277833727973e-69,5.841880480714572e-69
3,LGALS3,-17.642889,-1.0555948,1.1540725249251047e-69,2.877986346446645e-69
3,CYP26B1,-17.645432,-0.8801252,1.103274616465274e-69,2.758186541163185e-69
3,L1TD1,-17.664978,,7.80438142826914e-70,1.9559853203682052e-69
3,RP11-559M23.1,-17.684378,-1.3298222,5.532833512995925e-70,1.390159174119579e-69
3,MSX2,-17.700436,-0.86791813,4.1607461513801974e-70,1.0480468895164225e-69
3,DSG3,-17.713152,-1.1308235,3.3195487334779707e-70,8.382698821914067e-70
3,GNG11,-17.720709,-0.63397384,2.9023588755604477e-70,7.347743988760627e-70
3,ALDH1A2,-17.841616,-1.0039812,3.358472959805901e-71,8.567533060729339e-71
3,GSC,-17.845974,-0.9495809,3.1063591582149637e-71,7.944652578554894e-71
3,OR8S1,-18.040632,-1.4162632,9.346913130490521e-73,2.408998229507866e-72
3,NUPR1,-18.043901,-2.2809293,8.809871836774449e-73,2.2764526710011497e-72
3,TAC1,-18.07994,-0.68422365,4.5857146999311915e-73,1.1941965364404145e-72
3,HS3ST1,-18.186243,-0.9942595,6.633396604289357e-74,1.731957337934558e-73
3,HOXC6,-18.199032,-0.9591167,5.252828035951872e-74,1.3750858732858302e-73
3,MAB21L1,-18.236887,-1.2805786,2.6301495318691328e-74,6.903279611205073e-74
3,ACTG2,-18.247568,-1.3198107,2.163250578572337e-74,5.692764680453519e-74
3,DUSP2,-18.336723,-1.1858987,4.214488772321467e-75,1.1179015311197525e-74
3,KRT17,-18.480736,-1.0698873,2.951286472452777e-76,7.912296172795649e-76
3,BRINP3,-18.566547,-0.89746153,5.993472060456816e-77,1.6111484033486064e-76
3,COL9A3,-18.58791,-0.8007243,4.025615726230297e-77,1.0850716243208347e-76
3,WFDC1,-18.620098,-1.7968163,2.208075919780156e-77,5.9677727561625835e-77
3,AGTR2,-18.632523,-1.3557365,1.750720944161592e-77,4.7573938700043265e-77
3,IGFBP3,-18.6868,,6.340287116952376e-78,1.7323188844132174e-77
3,LMCD1,-18.70947,-1.5153162,4.1447020968721605e-78,1.135534821060866e-77
3,S100A10,-18.736137,-1.7371268,2.5121664861643334e-78,6.901556280671245e-78
3,GADD45B,-18.74006,-0.87524724,2.3336074878001866e-78,6.428670765289771e-78
3,VWC2,-18.761786,-1.3058903,1.5509859128538229e-78,4.2844914719718865e-78
3,KLF6,-18.885017,-1.1099329,1.5148545864457185e-79,4.207929406793662e-79
3,RP11-343L5.2,-18.925417,-4.192076,7.042928738035555e-80,1.9672985301775295e-79
3,CYR61,-18.960876,-1.4316896,3.591145702965571e-80,1.0059231660967986e-79
3,GSTA1,-19.134825,-1.8329687,1.295140881502466e-81,3.65859006074143e-81
3,HOXC10,-19.2598,-1.2889788,1.1682749469781795e-82,3.328418652359486e-82
3,PLAT,-19.283924,-2.277898,7.329946996446986e-83,2.0942705704134246e-82
3,PHLDA1,-19.453876,-1.0071259,2.7020985920930776e-84,7.8321698321538485e-84
3,ACPP,-19.507864,,9.413544790312266e-85,2.744473699799494e-84
3,KIAA1614,-19.548409,-0.8533215,4.255982389905908e-85,1.2480886773917617e-84
3,ASPN,-19.558508,-1.2281511,3.491480450168249e-85,1.0269060147553672e-84
3,CLEC1A,-19.737688,-1.3446584,1.0235544402299225e-86,3.028267574644741e-86
3,BASP1,-19.90568,-0.8780055,3.63335972692252e-88,1.0845849931112e-87
3,WNT2,-19.92922,-3.7594934,2.2706944207532195e-88,6.798486289680298e-88
3,RP11-110I1.14,-19.996286,-2.0715027,5.932910707334517e-89,1.7816548670674223e-88
3,RP11-21B23.2,-20.008566,-1.6281258,4.6379948556086256e-89,1.3969864022917547e-88
3,KLF4,-20.16711,-1.097086,1.9044384503307833e-90,5.788566718330648e-90
3,RP11-510C10.2,-20.18324,-1.9985406,1.3743126042297698e-90,4.1899774519200295e-90
3,HBZ,-20.237883,-5.067237,4.542741525103432e-91,1.3977666231087482e-90
3,ARHGAP29,-20.267529,-1.1887871,2.4884837288327704e-91,7.680505335903612e-91
3,PLD1,-20.32166,-1.0846221,8.273166372727503e-92,2.5773103964883186e-91
3,SNHG18,-20.86814,-0.8270237,1.043174625209298e-96,3.3759696608715147e-96
3,DPT,-20.876785,-2.1434867,8.705593435979441e-97,2.826491375318e-96
3,ALCAM,-20.927067,-1.1388097,3.036183993277039e-97,9.889850140967553e-97
3,FGFBP2,-20.937384,-1.4099636,2.445224058920253e-97,7.990928297125009e-97
3,GATA3,-20.964632,-2.038696,1.3798521841346387e-97,4.5389874478113116e-97
3,GPC3,-21.036201,-1.3576194,3.0592157017982526e-98,1.0163507314944361e-97
3,SMAGP,-21.039398,-1.7336667,2.8597901031270152e-98,9.532633677090051e-98
3,ZNF385D,-21.079725,-1.2470039,1.2208935769285674e-98,4.083256110128988e-98
3,ZFHX4-AS1,-21.081179,-0.95743394,1.1839781963814853e-98,3.973081195911025e-98
3,TANGO6,-21.081396,-0.59535503,1.178537782713926e-98,3.968140682538472e-98
3,OGN,-21.107555,-1.7660471,6.779078739715934e-99,2.290229303958086e-98
3,ACTG1,-21.159943,-0.43704265,2.234942282630546e-99,7.576075534340834e-99
3,MT-CO1,-21.16234,-0.67146814,2.1241305251783547e-99,7.22493375911005e-99
3,CES1,-21.21451,-1.1806246,7.01529416324239e-100,2.4024980011104076e-99
3,CA9,-21.248661,-1.171108,3.392015802825463e-100,1.1656411693558292e-99
3,PTHLH,-21.25055,-1.5584745,3.258254878189425e-100,1.1235361648929053e-99
3,SOSTDC1,-21.29698,-0.7127578,1.210796011777865e-100,4.1896055770860386e-100
3,PAX1,-21.37182,-1.8650049,2.4441549108685315e-101,8.516219201632515e-101
3,COL6A1,-21.461483,-1.1546956,3.5673971351435268e-102,1.2561257518111012e-101
3,RPL10,-21.600119,-0.26684394,1.7915208161797407e-103,6.33046224798495e-103
3,MEOX2,-21.608547,-1.3729286,1.4926931633521656e-103,5.293238167915481e-103
3,LA16c-380H5.3,-21.620974,-3.7981756,1.1404783083767934e-103,4.073136815631405e-103
3,EDN3,-21.63645,-1.9175985,8.154582155364428e-104,2.922789302998003e-103
3,GEM,-21.636667,-1.1674161,8.116131318874267e-104,2.919471697436786e-103
3,RP4-794H19.1,-21.850216,,7.736545757347608e-106,2.8030962888940606e-105
3,MAB21L2,-21.866274,-1.2174451,5.442427253013603e-106,1.993563096341979e-105
3,SULT1E1,-21.917572,-1.5831033,1.7662778696623656e-106,6.517630515359283e-106
3,TPM1,-22.001785,-1.3308729,2.768598155361843e-107,1.02540672420809e-106
3,COL5A1,-22.057226,-2.8336859,8.142576310204734e-108,3.038274742613706e-107
3,HBD,-22.248903,-1.7158283,1.1558270741961787e-109,4.345214564647288e-109
3,SYNPO2,-22.323744,-1.480773,2.1730753726801177e-110,8.200284425207991e-110
3,TFAP2B,-22.408756,,3.2333800633161435e-111,1.2294220773065183e-110
3,MMP23B,-22.531626,-1.2612265,2.033549184585313e-112,7.791376186150624e-112
3,LINC01102,-22.573187,-1.4804307,7.950339241212472e-113,3.05782278508172e-112
3,FN1,-22.791168,-1.8927765,5.609846469034675e-115,2.199939791778304e-114
3,PITX2,-22.890568,-3.7713418,5.768453566890677e-116,2.271044711374282e-115
3,IFI44,-22.923555,-1.6582347,2.7055774481755155e-116,1.0736418445140934e-115
3,GAS2,-22.949932,-1.5033151,1.4757945811286152e-116,5.879659685771376e-116
3,NTF3,-23.021284,-1.072879,2.853676775645194e-117,1.1460549299779896e-116
3,TMEM100,-23.093945,-1.6005973,5.32641525571495e-118,2.147748086981835e-117
3,PHACTR3,-23.103172,,4.30221469018015e-118,1.7417873239595748e-117
3,GABRB1,-23.13972,-1.5544038,1.8450535817261996e-118,7.5002178118951205e-118
3,WIF1,-23.256485,-1.8612099,1.223047958712243e-119,5.053917184761335e-119
3,HBG2,-23.265932,-1.6456428,9.813948102091245e-120,4.0721776357225087e-119
3,HOXA10,-23.276758,-2.1961994,7.62472504581285e-120,3.176968769088688e-119
3,IFI44L,-23.398827,-1.5642045,4.392673046731061e-121,1.8456609440046475e-120
3,INHBA,-23.407764,-1.8517905,3.5622658910002012e-121,1.503065776793334e-120
3,NFKBIA,-23.438936,-0.8567926,1.714179158587917e-121,7.325551959777423e-121
3,PLS3,-23.502659,-1.2378979,3.831209830907827e-122,1.6442960647673077e-121
3,MEIS2,-23.620224,-1.4971299,2.3888313093976098e-123,1.0341261079643332e-122
3,MYL3,-23.657572,-0.9713053,9.864699194368917e-124,4.288999649725616e-123
3,C7,-23.677626,-1.9828327,6.131760629774503e-124,2.689368697269519e-123
3,RFTN2,-23.68954,-1.1463183,4.62168682006129e-124,2.035985383286912e-123
3,OSR2,-23.69659,-1.8075547,3.9097491505724766e-124,1.7299775002533083e-123
3,ISM1,-23.712648,-2.0551827,2.6701927538175854e-124,1.186752335030038e-123
3,HOXC5,-23.726599,-1.7668567,1.9167996666783977e-124,8.557141369099989e-124
3,ITM2A,-23.862328,-1.158572,7.54231659965927e-126,3.382204753210435e-125
3,SFRP1,-23.874607,-2.0002146,5.6233146836036714e-126,2.533024632253906e-125
3,SRPX,-23.910646,-1.3382666,2.3734353789468294e-126,1.0739526601569364e-125
3,IGF1,-23.91813,-1.903212,1.9838725731812277e-126,9.017602605369217e-126
3,JUN,-23.92547,-1.5738392,1.6639430957656593e-126,7.597913679295248e-126
3,CTSK,-23.966232,-1.2433536,6.25878769442817e-127,2.8710035295542066e-126
3,RUNX2,-23.979528,-1.8636942,4.547919594793552e-127,2.095815481471683e-126
3,NFIB,-23.989775,-1.4677217,3.555581696851697e-127,1.6461026374313413e-126
3,SIX1,-24.024433,-1.6800406,1.5449901158210416e-127,7.18600053870252e-127
3,DKK2,-24.10109,-1.5898441,2.4347777110306933e-128,1.1484800523729687e-127
3,SLC40A1,-24.179708,-1.9975584,3.63755495656319e-129,1.7239596950536446e-128
3,SLITRK6,-24.214804,-1.5349576,1.5537389738344373e-129,7.434157769542762e-129
3,TBX5,-24.22287,-2.3018186,1.277621438254882e-129,6.142410760840779e-129
3,CPED1,-24.31631,-1.8605055,1.3178040339498045e-130,6.397106960921381e-130
3,PTX3,-24.369642,-1.427774,3.58977976837963e-131,1.7596959648919757e-130
3,SMOC2,-24.398706,-2.1898384,1.7650823966928058e-131,8.694987175826629e-131
3,ADAMTSL1,-24.49462,-1.5574455,1.6856489104449824e-132,8.344796586361298e-132
3,PTGER2,-24.53945,-1.9773259,5.60566993460386e-133,2.7888905147282884e-132
3,CTSS,-24.591984,-1.611426,1.538987662496648e-133,7.733606344204262e-133
3,TPD52L1,-24.6326,-1.2491261,5.65411500088998e-134,2.855613636813121e-133
3,DMRT2,-24.659704,-1.4587853,2.895968035482189e-134,1.4700345357777609e-133
3,MPPED2,-24.720158,-1.1741999,6.493960205230356e-135,3.3132450026685486e-134
3,LRRC17,-24.725752,-1.5594572,5.653787900178606e-135,2.9143236598858797e-134
3,EMP3,-24.772907,-1.197656,1.7565161113676946e-135,9.14852141337341e-135
3,SPOCK3,-24.803644,-1.3464266,8.189110383264451e-136,4.287492347258875e-135
3,POSTN,-24.830164,-2.4510186,4.235789875563792e-136,2.229363092401996e-135
3,TBX3,-24.86279,-2.0695705,1.8807237330541633e-136,9.9509192225088e-136
3,OLFML3,-24.882336,-2.1829019,1.1557194488764604e-136,6.18031790843027e-136
3,C1QTNF7,-24.995794,-1.8307618,6.792314619325208e-138,3.651782053400649e-137
3,AMBN,-25.081932,-2.0293052,7.831291120159768e-139,4.3029072088789935e-138
3,CXCL14,-25.085276,-1.9777297,7.200537449110539e-139,3.9781974856964306e-138
3,NGF,-25.211267,-1.2952598,3.013906412690127e-140,1.693205849825914e-139
3,PLK2,-25.259079,-1.328871,9.001814308995667e-141,5.08577079604275e-140
3,FBLN2,-25.26947,-1.1633723,6.920647364417255e-141,3.932186002509804e-140
3,FILIP1L,-25.270922,-1.3367207,6.670728923654361e-141,3.8118450992310637e-140
3,CTSC,-25.333555,-1.1544966,1.3641065038766355e-141,7.868652426382124e-141
3,RGS2,-25.410576,-1.3828777,1.9268787076280674e-142,1.1202783183884113e-141
3,HOXD11,-25.461802,-4.0246534,5.225211768605311e-143,3.0736539815325356e-142
3,CCBE1,-25.484253,-1.5990236,2.9467256765525916e-143,1.7436246606820066e-142
3,LGALS1,-25.542526,-2.063948,6.647524710332304e-144,3.956859946626371e-143
3,OSR1,-25.579584,-1.9657466,2.574327285054049e-144,1.5415133443437418e-143
3,PMP22,-25.630882,-1.3384506,6.907947744123622e-145,4.1866349964385585e-144
3,IGF2,-25.702017,-2.3752239,1.1097543451203475e-145,6.766794787319192e-145
3,TWIST2,-25.737474,-2.1276743,4.452080388203927e-146,2.7313376614748018e-145
3,DNM3OS,-25.825031,-1.9864416,4.642592685661826e-147,2.9016204285386412e-146
3,PEG10,-25.880108,-1.3266991,1.1154721827433629e-147,7.015548319140647e-147
3,IL11RA,-25.956182,-1.7993279,1.5483691040465562e-148,9.862223592653224e-148
3,MFAP4,-26.050932,-2.7297869,1.3130322288234668e-149,8.471175669828818e-149
3,RAMP2,-26.151348,-1.030183,9.51323314578599e-151,6.21779944169019e-150
3,FIGF,-26.178886,-3.4601047,4.623221505986965e-151,3.041593096044056e-150
3,ALX3,-26.28657,-2.9278555,2.731286086517927e-152,1.8087987327933293e-151
3,TBX2-AS1,-26.394543,-2.3056648,1.5827949008841084e-153,1.0622784569692004e-152
3,SNAI2,-26.462044,-2.2635906,2.651911607557569e-154,1.804021501739843e-153
3,BMP4,-26.510145,-2.113713,7.4041628940494675e-155,5.071344447979087e-154
3,TNFAIP6,-26.630398,-2.2021866,3.0191055308976047e-156,2.111262609019304e-155
3,COL6A3,-26.677046,-2.3861988,8.692479903898197e-157,6.121464721055069e-156
3,DCN,-26.689325,-3.056091,6.261002493585434e-157,4.4404273004152015e-156
3,FHL2,-26.708435,-1.7965997,3.7562434488383394e-157,2.6830310348845277e-156
3,PRRX1,-26.758644,-2.1706278,9.795127632943492e-158,7.046854412189563e-157
3,PDGFRA,-26.857317,-1.7599952,6.928065473677715e-159,5.131900350872382e-158
3,TGFBI,-26.88304,-1.9383329,3.4676501748668196e-159,2.627007708232439e-158
3,LUM,-27.164234,-3.0032873,1.7193112714062108e-162,1.343211930786102e-161
3,COL1A1,-27.32118,-2.7824078,2.3766736866222516e-164,1.9013389492978013e-163
3,COL1A2,-27.338692,-2.4556696,1.4717969995099934e-164,1.1869330641209624e-163
3,NPW,-27.344723,-1.8249593,1.247786765957712e-164,1.0144607853314732e-163
3,FAP,-27.344795,-2.0643468,1.2453067231568943e-164,1.0144607853314732e-163
3,SERTAD4,-27.359182,-2.0285382,8.397515667875585e-165,6.940095593285607e-164
3,BDNF,-27.395658,-1.9454776,3.0894760450009526e-165,2.5961983571436577e-164
3,CXCL12,-27.548609,-2.1445675,4.598602497930489e-167,3.9304294854106737e-166
3,GLT8D2,-27.628534,-2.1713874,5.05507075603264e-168,4.395713700897948e-167
3,PCOLCE,-27.672276,-2.5593345,1.5058269117048428e-168,1.32090079974109e-167
3,COL3A1,-27.858286,-3.0709455,8.548691881249243e-171,7.989431664718919e-170
3,ALPK1,-27.87776,-2.5728133,4.964972086608239e-171,4.728544844388799e-170
3,LAMA4,-27.892365,-1.9065399,3.302339628147997e-171,3.206154978784463e-170
3,BGN,-28.026205,-1.6131157,7.790798320508039e-173,7.790798320508039e-172
3,CYTL1,-28.250435,-2.1954238,1.4059449853877078e-175,1.4494278199873276e-174
3,NPR3,-28.293886,-3.049266,4.109537165106627e-176,4.2807678803194033e-175
3,ZNF592,-28.42729,-1.0082436,9.303201968710572e-178,1.033689107634508e-176
3,S100A11,-28.707323,-2.9921741,3.0911455219376376e-181,3.7242717131778766e-180
3,ALX1,-29.21987,-2.427322,1.084597950142719e-187,1.549425643061027e-186
3,EDNRA,-29.401884,-3.214414,5.195384695930117e-190,8.517024091688717e-189
3,CRABP2,-29.9472,-2.3453903,4.785162265172058e-197,1.1128284337609439e-195
4,PDLIM1,23.75254,2.254938,1.0342827601609774e-124,1.0342827601609773e-121
4,ANXA3,23.397724,2.6651099,4.50767058892276e-121,2.25383529446138e-118
4,ELF3,23.364546,2.7224758,9.805712923829525e-121,3.268570974609842e-118
4,KLF5,22.756968,2.096355,1.2242662043930558e-114,3.0606655109826396e-112
4,KRT18,22.43949,2.4931037,1.6209272352252551e-111,3.24185447045051e-109
4,S100A16,22.185566,1.8681902,4.734327588918613e-109,7.890545981531022e-107
4,ANKRD1,22.099764,3.6558485,3.1771939408158406e-108,4.538848486879772e-106
4,KRT8,22.018122,2.0185885,1.931015256419048e-107,2.4137690705238096e-105
4,EPCAM,21.431728,3.9159641,6.762338898929024e-102,7.513709887698916e-100
4,CPM,21.013552,1.00012,4.930505251417836e-98,4.930505251417835e-96
4,S100A14,20.8937,2.8063488,6.10973084363496e-97,5.5543007669408734e-95
4,NPPB,20.797064,2.8130155,4.601248781948461e-96,3.834373984957051e-94
4,CGA,20.485294,4.3693085,2.9121809556395374e-93,2.2401391966457982e-91
4,CLDN7,20.129898,4.0864244,4.038234170431072e-90,2.884452978879337e-88
4,CLDN4,19.9404,3.3186114,1.8161159961968827e-88,1.2107439974645885e-86
4,KRT19,19.902866,2.0851493,3.843101945658565e-88,2.401938716036603e-86
4,HPGD,19.539442,2.5729265,5.0734503640138436e-85,2.9843825670669664e-83
4,LGALS3,19.456736,1.2276726,2.555569121377465e-84,1.4197606229874805e-82
4,ZG16,19.05481,2.3322196,5.993364077116e-81,3.1544021458505263e-79
4,AREG,18.866278,2.6737287,2.1598622870852846e-79,1.0799311435426423e-77
4,SMPX,18.809978,3.2387464,6.25620875387887e-79,2.9791470256566047e-77
4,SLC2A3,18.68326,2.0416875,6.775285626701065e-78,3.0796752848641204e-76
4,SMAGP,18.21517,1.6885782,3.9120392088346664e-74,1.7008866125368115e-72
4,LYZ,17.958925,1.5884597,4.0864990879294025e-72,1.7027079533039176e-70
4,CLDN6,17.762653,3.8560221,1.3757392106147123e-70,5.502956842458849e-69
4,TINAGL1,17.472164,3.1425264,2.334647751865686e-68,8.979414430252639e-67
4,SPINK1,17.16504,2.5071025,4.851615640607158e-66,1.796894681706355e-64
4,TPD52L1,17.156816,0.8634682,5.589499555165173e-66,1.9962498411304187e-64
4,APOBEC2,16.926205,,2.8838303834964993e-64,9.944242701712065e-63
4,SLC7A7,16.917402,1.7863983,3.3487706455630945e-64,1.1162568818543648e-62
4,CSRP3,16.768145,,4.1734325573204087e-63,1.3462685668775512e-61
4,APOC3,16.720745,1.88764,9.255525366711569e-63,2.8923516770973653e-61
4,GJB2,16.640747,1.146653,3.531857898208445e-62,1.0702599691540742e-60
4,AGT,16.571583,1.82042,1.1184256215032967e-61,3.2894871220685195e-60
4,AHSG,16.560072,1.2367862,1.3543267519460554e-61,3.869505005560158e-60
4,FGA,16.54769,3.4390275,1.6636497765939813e-61,4.6212493794277265e-60
4,GATA3,16.508997,1.3327614,3.1609451337416964e-61,8.543094956058639e-60
4,GNRH2,16.470787,3.020656,5.9491072129622025e-61,1.5254121058877443e-59
4,S100A10,16.467112,1.2701555,6.321775223144841e-61,1.5804438057862103e-59
4,SMIM5,16.24743,2.5512547,2.3292105005730587e-59,5.681001220909899e-58
4,RP11-44N21.1,16.185135,0.601927,6.420849324038819e-59,1.528773648580671e-57
4,LCN15,16.042261,2.7369473,6.475323803811337e-58,1.471664500866213e-56
4,LTB,15.995442,1.4194006,1.374781988730569e-57,3.055071086067931e-56
4,PCAT14,15.9710655,,2.0328260173860337e-57,4.419186994317464e-56
4,BARX2,15.950752,3.3031747,2.814875200567606e-57,5.989096171420439e-56
4,C2orf54,15.84067,7.317073,1.6307409559478438e-56,3.3973769915580076e-55
4,FGG,15.785242,2.398845,3.9313815292495047e-56,8.023227610713275e-55
4,AFP,15.734651,1.7910143,8.753826978327606e-56,1.750765395665521e-54
4,EFNA1,15.705438,1.1195934,1.3881665487802898e-55,2.6695510553467115e-54
4,AMBP,15.570205,2.911082,1.1603454906637816e-54,2.1893311144599653e-53
4,IGFBP6,15.523483,1.4652919,2.4062686721263994e-54,4.45605309653037e-53
4,TF,15.510617,1.6781346,2.940364747575666e-54,5.346117722864848e-53
4,EDN1,15.468248,1.5937725,5.683218952407908e-54,1.0148605272156979e-52
4,TTN,15.443292,,8.371640225627924e-54,1.4687088115136708e-52
4,SPINT2,15.337756,1.4653805,4.277254382683105e-53,7.374576521867422e-52
4,KRT7,15.159768,3.2462347,6.529966646604234e-52,1.0532204268716506e-50
4,SERPINA1,14.968914,1.9914199,1.1721951078679284e-50,1.7760531937392853e-49
4,GSTA2,14.891335,2.6010795,3.7520529910618136e-50,5.5177249868556074e-49
4,HMGCS2,14.809789,2.865104,1.2663774257658198e-49,1.809110608236885e-48
4,HHIP,14.787153,0.89094764,1.7729532895557494e-49,2.4624351243829855e-48
4,ITLN2,14.779899,4.8947415,1.974641578559323e-49,2.7049884637798945e-48
4,RP11-511B23.1,14.718376,2.4801493,4.9131622626687795e-49,6.426523603883394e-48
4,URAD,14.717893,5.49625,4.948423174990213e-49,6.426523603883394e-48
4,FGB,14.68868,2.3255866,7.618422753481991e-49,9.767208658310245e-48
4,NPPA,14.43108,,3.2987548557769334e-47,4.022871775337724e-46
4,ARHGAP29,14.427984,0.99964255,3.450169880031667e-47,4.156831180761044e-46
4,TMEM141,14.426436,0.8559319,3.5284514388448703e-47,4.200537427196274e-46
4,TACSTD2,14.321965,4.474138,1.5954666208722121e-46,1.8551937452002467e-45
4,SPRR2F,14.131015,3.3946764,2.4459401459280858e-45,2.717711273253429e-44
4,AQP3,14.057594,1.6572396,6.919849422170748e-45,7.521575458881248e-44
4,RP11-513G11.4,14.010873,0.74199206,1.3375125821322655e-44,1.4228857256726229e-43
4,SERPINA11,13.994138,3.4686801,1.6926977588162206e-44,1.7817871145433902e-43
4,APOB,13.86471,2.0172791,1.0364492913533888e-43,1.026187417181573e-42
4,UPK1B,13.858615,2.4771838,1.128298977810725e-43,1.1061754684418874e-42
4,IL32,13.85107,1.3555009,1.2533089148442607e-43,1.216804771693457e-42
4,CDX2,13.845846,4.9429526,1.3478341079976745e-43,1.2959943346131486e-42
4,GJB6,13.837625,1.8054368,1.5111903148330364e-43,1.4392288712695586e-42
4,APOA1,13.68024,1.9271799,1.3325209152420753e-42,1.2570952030585617e-41
4,RIMS1,13.622297,1.0178815,2.9513635613306644e-42,2.6830577830278765e-41
4,APOA2,13.523533,2.9792488,1.1358707372834087e-41,9.963778397222883e-41
4,SULT1E1,13.502929,0.88870645,1.5028085463939403e-41,1.3067900403425567e-40
4,NEAT1,13.410356,0.5191123,5.258609004569248e-41,4.494537610742946e-40
4,GPX2,13.284699,2.7908757,2.839955005422329e-40,2.327831971657647e-39
4,ERP27,13.26187,3.4839487,3.851659579181795e-40,3.131430552180321e-39
4,HES2,13.246103,4.8819942,4.752458519550706e-40,3.832627838347344e-39
4,PAGE4,13.209926,4.355346,7.69007485780203e-40,6.103234014128596e-39
4,SOX17,13.178197,3.4221518,1.1715751436313954e-39,9.152930809620277e-39
4,LEPR,13.159044,0.65716976,1.5098450620101358e-39,1.1704225286900276e-38
4,NFKBIA,13.142309,0.5442102,1.883890077962189e-39,1.4491462138170684e-38
4,MYOZ2,13.094426,,3.543414670979508e-39,2.7048966954042044e-38
4,CLDN9,13.074886,5.3598466,4.582486361100772e-39,3.445478466993061e-38
4,TTR,13.017427,0.921419,9.739778749507976e-39,7.268491604110429e-38
4,SAT1,13.016073,0.7975825,9.914013862733468e-39,7.343713972395161e-38
4,CYP1A1,13.008721,3.4473677,1.0915359382364139e-38,8.025999545855984e-38
4,RNASE1,12.991116,2.693561,1.3740915740984138e-38,1.0029865504367984e-37
4,RBP4,12.911892,0.8628706,3.8570815556822285e-38,2.7748788170375744e-37
4,LGALS2,12.847855,2.1615987,8.842894208248655e-38,6.2715561760628764e-37
4,FN1,12.810709,0.8360814,1.4282343737828977e-37,1.0057988547766886e-36
4,IHH,12.747155,4.3124256,3.2332836525808646e-37,2.245335869847823e-36
4,SYT16,12.694436,0.75564575,6.348541902511955e-37,4.348316371583531e-36
4,KCNN4,12.615115,2.9252832,1.743021607971337e-36,1.1857289850145151e-35
4,MYH6,12.606216,,1.9513956182245346e-36,1.3185105528544153e-35
4,HLX,12.596736,1.0938185,2.200638481484881e-36,1.4769385781777725e-35
4,SFN,12.494586,4.5378265,7.991084576081905e-36,5.327389717387937e-35
4,TNFRSF12A,12.471177,1.4787434,1.0723036899957602e-35,7.101348940369273e-35
4,S100A9,12.445543,2.797047,1.4787559113601448e-35,9.665071316079378e-35
4,KRT23,12.354421,3.3222632,4.610663273035244e-35,2.974621466474351e-34
4,NKX2-5,12.253915,,1.6007709739173971e-34,9.88130230813208e-34
4,USP18,12.2277975,1.1849979,2.2084619403188978e-34,1.3548846259625139e-33
4,PLD1,12.213868,0.5639185,2.6212510310594454e-34,1.598323799426491e-33
4,PRSS1,12.193941,,3.3482905500646834e-34,2.017042500038966e-33
4,IGFBP7,12.1747875,1.1840073,4.234941898794114e-34,2.5358933525713252e-33
4,CTD-2545M3.8,12.163179,,4.882062588833126e-34,2.871801522843015e-33
4,CST4,12.092371,3.557568,1.1589248933660981e-33,6.737935426547083e-33
4,DUSP2,12.038975,0.69851434,2.2169316547152477e-33,1.281463384228467e-32
4,ZFP36,12.030656,0.9014417,2.4520489395871986e-33,1.4092235284983902e-32
4,ANKRD37,12.009278,0.7315057,3.1760582736979186e-33,1.8045785646010903e-32
4,COLEC11,11.978614,1.4770964,4.599506532171381e-33,2.5552814067618785e-32
4,SERPINB2,11.776152,2.9676425,5.180450469957821e-32,2.740979084633768e-31
4,VGLL1,11.770832,3.8422878,5.517783008011885e-32,2.9040963200062554e-31
4,CAV1,11.763287,2.121705,6.033894906707194e-32,3.159107280998531e-31
4,SYNPO2,11.727399,0.63969165,9.225032196864964e-32,4.730785741982033e-31
4,HHEX,11.612964,2.3022385,3.54124447339143e-31,1.770622236695715e-30
4,CTD-2410N18.3,11.5984535,0.8906795,4.195902331097473e-31,2.087513597560932e-30
4,VTCN1,11.596326,2.6690843,4.301526380853224e-31,2.1294685053728832e-30
4,EZR,11.58762,0.8876158,4.7618170057817315e-31,2.3342240224420254e-30
4,CYP1B1,11.521648,0.9429868,1.0262904448942042e-30,4.9340886773759816e-30
4,MYL7,11.473088,2.187752,1.8011462854790547e-30,8.456085847319506e-30
4,SCGB1A1,11.407987,3.7912953,3.814547985479947e-30,1.757856214506888e-29
4,CA3,11.396669,0.6860766,4.344230203829295e-30,1.992766148545548e-29
4,GPRC5A,11.390672,1.3379208,4.653873635277819e-30,2.1250564544647575e-29
4,XAGE2,11.37858,2.2231734,5.3462989571926366e-30,2.4191397996346773e-29
4,L3MBTL4,11.3722925,0.827161,5.745825485882251e-30,2.588209678325338e-29
4,WNT10A,11.357009,2.5824785,6.844827060558459e-30,3.069429175138322e-29
4,GABRP,11.313382,2.9114783,1.1266108694666057e-29,5.007159419851581e-29
4,CYR61,11.307095,0.9420669,1.2103094281124818e-29,5.35535145182514e-29
4,GDF15,11.293939,0.7675277,1.4059150856609993e-29,6.193458527140966e-29
4,FOSB,11.191886,0.8104556,4.4682695133614665e-29,1.9343158066499854e-28
4,CAPN9,11.190532,3.2569256,4.5370460303108254e-29,1.9556232889270798e-28
4,TFF3,11.158513,2.620067,6.507070265826425e-29,2.780799258900181e-28
4,CST1,11.132976,2.9756002,8.6692215583597e-29,3.68903045036583e-28
4,CDKN1A,11.131428,0.6455456,8.82109009204422e-29,3.7377500390017883e-28
4,SLC5A12,11.097669,3.0658567,1.2875932336287092e-28,5.410055603481972e-28
4,CTSV,10.995519,1.1514578,4.0159895772151817e-28,1.639179419271503e-27
4,DUSP1,10.765971,0.74574804,4.98331318831385e-27,1.9696890072386757e-26
4,PLAU,10.712575,1.5093653,8.885528142762945e-27,3.4845208402991943e-26
4,PHLDA1,10.708802,0.6650595,9.255122222843941e-27,3.6152821182984144e-26
4,PRSS2,10.697485,7.106831,1.0457842936058068e-26,4.05342749459615e-26
4,NRG4,10.638091,0.6755571,1.9814774203426033e-26,7.636904493230679e-26
4,FOS,10.6378975,0.94067776,1.9855951682399765e-26,7.636904493230679e-26
4,CYB5A,10.5758915,0.90282196,3.854930500926457e-26,1.4602009473206277e-25
4,APOC1,10.495991,0.9584782,9.012756632441329e-26,3.3380580120153065e-25
4,GSTA1,10.436016,0.8280661,1.6978752381317036e-25,6.265222280928795e-25
4,AC007325.4,10.384168,0.31952798,2.9271251162861094e-25,1.0644091331949488e-24
4,FTH1,10.376574,0.19251618,3.169465231576464e-25,1.1483569679624868e-24
4,NPNT,10.249709,1.6281295,1.1870072012931241e-24,4.1943717360181066e-24
4,EGR1,10.226397,0.7202878,1.5103574576560677e-24,5.280970131664573e-24
4,NPY,10.15907,1.3993605,3.0194247538101173e-24,1.044783651837411e-23
4,BHLHE40,10.124585,0.63267595,4.297987273423715e-24,1.4619004331373183e-23
4,MIR22HG,10.075299,0.8525235,7.104401480938242e-24,2.4001356354521088e-23
4,CYP4X1,10.045603,1.5301565,9.605881626141485e-24,3.2343035778254164e-23
4,MITF,9.967055,1.2999859,2.124333416415179e-23,7.128635625554292e-23
4,VTN,9.862584,1.2859532,6.047264162904646e-23,1.9957967534338764e-22
4,NR4A1,9.8504925,0.86624074,6.820890084238186e-23,2.236357404668258e-22
4,PLP2,9.815669,0.71319354,9.639671043046467e-23,3.1297633256644374e-22
4,S100A3,9.754244,1.6472247,1.7691490823181273e-22,5.706932523606862e-22
4,HAPLN1,9.685563,1.3747406,3.472893291396658e-22,1.1095505723312005e-21
4,LDHA,9.665056,1.2968527,4.243886670953887e-22,1.3515562646349957e-21
4,CXCL2,9.623461,0.8036257,6.365279804936423e-22,2.0079747018726884e-21
4,AGTR1,9.601019,1.3438678,7.915816559719204e-22,2.489250490477737e-21
4,SLC2A1,9.587767,1.0183735,9.001257225851375e-22,2.821710729107014e-21
4,ELMO1,9.536401,0.5673995,1.4787495449713296e-21,4.621092328035405e-21
4,GAPDH,9.478942,0.19078262,2.5687446784049673e-21,7.952769902182562e-21
4,JUNB,9.418194,0.7228349,4.589143869836206e-21,1.4077128435080387e-20
4,CCKBR,9.339356,1.9308965,9.692136436578556e-21,2.937011041387441e-20
4,TAC3,9.272514,0.7269626,1.8180893381093545e-20,5.476172705148658e-20
4,LA16c-380H5.3,9.213991,0.7861912,3.142200467294977e-20,9.407785830224481e-20
4,LINC00379,9.213991,1.5739617,3.142200467294977e-20,9.407785830224481e-20
4,AQP1,9.204994,2.2026274,3.416881717387352e-20,1.0199646917574184e-19
4,PIFO,9.19271,0.5806148,3.830680596963054e-20,1.140083511000909e-19
4,APOE,9.065312,0.72102493,1.2424753640985404e-19,3.654339306172177e-19
4,MYL3,9.00292,0.36624113,2.1979270962556876e-19,6.407950717946611e-19
4,MGST1,8.983573,0.644397,2.62112625117439e-19,7.597467394708378e-19
4,FGF5,8.9448805,1.1425492,3.7235332874031076e-19,1.0699808297135367e-18
4,CA4,8.897385,1.2231257,5.717817588209956e-19,1.6336621680599876e-18
4,ANXA1,8.876974,1.5874431,6.870396731674692e-19,1.951817253316674e-18
4,ENPP3,8.875135,0.7520725,6.984807765117351e-19,1.978699083602649e-18
4,FOXF1,8.834508,1.7773969,1.0053965551911503e-18,2.840103263251837e-18
4,ACTA1,8.786045,3.1903145,1.5491756399103333e-18,4.363875042000939e-18
4,CTGF,8.781014,0.71053344,1.6200608776385544e-18,4.55073280235549e-18
4,MMP9,8.768924,1.5397881,1.803828626897471e-18,5.051628584556681e-18
4,CFC1,8.74387,2.6405644,2.252596059600074e-18,6.2572112766668724e-18
4,CXCL1,8.682928,0.9376506,3.857090511855312e-18,1.0684461251676765e-17
4,TNNT2,8.66629,1.675883,4.464296973168047e-18,1.2332312080574717e-17
4,IER2,8.648974,0.655341,5.19642024855628e-18,1.4315207296298292e-17
4,SOCS3,8.619084,0.32577395,6.749170148635422e-18,1.8541676232514897e-17
4,TSLP,8.61802,1.3680506,6.8121689168024884e-18,1.866347648439038e-17
4,SERPINE3,8.553112,6.863479,1.1981305505597895e-17,3.2646609007078736e-17
4,MYL4,8.509293,2.6175575,1.7499784076812023e-17,4.742488909705155e-17
4,TIMP3,8.479015,0.44274777,2.271080981418269e-17,6.138056706535863e-17
4,CES1,8.431132,0.45319209,3.423360748160747e-17,9.177910852977874e-17
4,FILIP1L,8.408013,0.41760078,4.170138935348165e-17,1.1150104105208998e-16
4,NCCRP1,8.389537,0.76186424,4.880590805263408e-17,1.3014908814035754e-16
4,CDX4,8.383636,,5.131704580337541e-17,1.364815047962112e-16
4,S100A11,8.342912,0.8461716,7.248302424461928e-17,1.9124808507815114e-16
4,SCGN,8.321534,1.1630714,8.683196358643152e-17,2.273088052000825e-16
4,GADD45B,8.299769,0.4323511,1.043137462995168e-16,2.723596509125765e-16
4,ACTA2,8.288065,0.47440267,1.1510601637382938e-16,2.99755250973514e-16
4,SLC16A3,8.270749,0.6564527,1.3311950665120376e-16,3.439780533622836e-16
4,GJA4,8.243665,1.7848359,1.6701532023453999e-16,4.304518562745876e-16
4,FAM84A,8.121007,0.5032209,4.623308530877974e-16,1.1645613427904216e-15
4,ACTC1,8.086473,1.6162864,6.141705663997225e-16,1.5431421266324686e-15
4,WFDC1,8.084926,0.614434,6.220205204644797e-16,1.5589486728433076e-15
4,SLC9A3R1,8.027467,0.639008,9.950609969635334e-16,2.4876524924088334e-15
4,PLN,8.014407,,1.106691140280221e-15,2.7529630355229378e-15
4,RAMP1,7.9576254,0.47205463,1.7537225406944165e-15,4.319513647030582e-15
4,EFEMP1,7.9141927,0.27258286,2.488630954890624e-15,6.114572370738634e-15
4,APOM,7.886043,0.3295916,3.1191864505338856e-15,7.626372739691653e-15
4,SLPI,7.8102045,0.7368175,5.70951754035275e-15,1.3858052282409589e-14
4,SYNPR,7.697801,1.6634601,1.384274888993194e-14,3.319604050343391e-14
4,MT2A,7.613257,0.91659945,2.672740630824452e-14,6.333508603849413e-14
4,NENF,7.5707912,0.47042713,3.709582364651156e-14,8.70793982312478e-14
4,BIRC7,7.5423517,1.9326375,4.615710990121044e-14,1.078437147224543e-13
4,HTR2B,7.4647717,1.0010806,8.344400471349543e-14,1.9315741831827645e-13
4,CD44,7.4204683,0.6178616,1.167069075873559e-13,2.6890992531648824e-13
4,RP11-462L8.1,7.356431,1.084186,1.888921161791708e-13,4.302781689730542e-13
4,SFRP4,7.328185,1.3053298,2.332900794039867e-13,5.290024476280877e-13
4,CPXM2,7.245769,1.3168261,4.2999264374667187e-13,9.68451900330342e-13
4,RP13-941N14.1,7.240642,0.6961733,4.465654309418223e-13,1.0035178223411736e-12
4,ASCL4,7.238514,3.3458421,4.53627470524917e-13,1.0171019518495897e-12
4,IL37,7.1388793,0.8069347,9.40949709350794e-13,2.0817471445814024e-12
4,GDPD5,7.108795,0.60271823,1.1706019798217206e-12,2.5614922972028895e-12
4,UPK3A,7.087321,0.66691935,1.3673333815339097e-12,2.978939829049912e-12
4,ICAM1,7.0725207,0.6026185,1.5214447218547729e-12,3.3074885257712454e-12
4,NR4A2,7.0389543,0.95012724,1.9368794687180865e-12,4.201473901774591e-12
4,ISL2,6.908365,0.996894,4.902712443882404e-12,1.0431303072090223e-11
4,SLC40A1,6.8718,0.33364597,6.339679583038685e-12,1.3374851441009885e-11
4,MOXD1,6.851486,0.7580529,7.30866909040684e-12,1.5258181817133277e-11
4,SPP1,6.824788,2.9683454,8.805533108175779e-12,1.8344860642032872e-11
4,MYCT1,6.7208,2.3860533,1.8072935381449628e-11,3.7187109838373725e-11
4,SLC35D3,6.6987453,1.8899845,2.1021696278535037e-11,4.3077246472407864e-11
4,LYPD3,6.646993,0.3463249,2.991412053461968e-11,6.092488907254518e-11
4,TFAP2B,6.6356754,1.7966714,3.230202421042826e-11,6.565452075290297e-11
4,CAPSL,6.6012383,0.56512433,4.0773720419959436e-11,8.253789558696243e-11
4,EGR2,6.591565,0.61467695,4.352137938456474e-11,8.792197855467624e-11
4,TMEM88,6.5180483,0.45840564,7.122809441348646e-11,1.4331608533900698e-10
4,PRSS35,6.49846,0.35412386,8.11464512702176e-11,1.6294468126549718e-10
4,ODAM,6.4915433,0.55494237,8.496140266432881e-11,1.7026333199264293e-10
4,LMO1,6.4874806,1.0480714,8.728353547514781e-11,1.7456707095029562e-10
4,HAMP,6.438147,0.7268174,1.2094088446197907e-10,2.39486899924711e-10
4,TPM1,6.3948107,0.699509,1.6074641343771945e-10,3.1705406989688257e-10
4,TECRL,6.3905544,0.8328016,1.652853657942652e-10,3.253648932957976e-10
4,S100A6,6.37914,0.4455098,1.7808523866188253e-10,3.498727675086101e-10
4,MYF6,6.317231,0.5054887,2.662914431837707e-10,5.211182841169681e-10
4,AKR1B10,6.2757325,,3.479917877475007e-10,6.796714604443373e-10
4,CRABP2,6.268671,0.58710593,3.641423123607051e-10,7.084480785227726e-10
4,ALDH1A1,6.2616096,0.8807811,3.810238153715392e-10,7.398520686826004e-10
4,NDUFA4L2,6.258901,0.6752937,3.876996157730749e-10,7.51355844521463e-10
4,C10orf10,6.2572565,0.29087117,3.9180834408359414e-10,7.578497951326772e-10
4,RPL34,6.2494698,0.16070725,4.1184873185884054e-10,7.950747719282636e-10
4,HES7,6.2450686,0.99822885,4.236149158048901e-10,8.162137106067246e-10
4,WT1,6.1608143,0.61139417,7.237192671430967e-10,1.373281341827508e-09
4,SCN2A,6.127054,0.4307131,8.952091285741883e-10,1.695471834420811e-09
4,LINC01356,6.103258,,1.0392783635559902e-09,1.964609382903573e-09
4,AC012358.8,6.0986147,0.9425309,1.0699148648750287e-09,2.018707292217035e-09
4,ADGRL4,6.0336103,1.0570784,1.6033630117975943e-09,3.008185763222503e-09
4,FOXS1,6.010298,1.1467308,1.8518277460979081e-09,3.4678422211571312e-09
4,CFAP45,6.0044937,0.38425878,1.919296375830261e-09,3.580776820578845e-09
4,BMP4,5.999657,0.45545837,1.9773445404744022e-09,3.682205848183244e-09
4,C20orf85,5.958933,0.7225249,2.5389053882455415e-09,4.710399607134585e-09
4,CXCL3,5.9533224,0.35717896,2.6275320162669937e-09,4.856805945040654e-09
4,IBSP,5.9510975,,2.6635051349929987e-09,4.914216116223245e-09
4,HOXA-AS3,5.907858,1.6784751,3.465848846221944e-09,6.371045673202103e-09
4,FAM81B,5.9072776,0.37826726,3.4780771559825445e-09,6.381792946756962e-09
4,SLC8A1-AS1,5.9032145,0.74738395,3.564859131116175e-09,6.5290460276853015e-09
4,HERPUD1,5.8955727,0.21501428,3.733838811236553e-09,6.826030733522035e-09
4,IFITM3,5.8934445,0.15745701,3.782268054422523e-09,6.9019490044206615e-09
4,MPZ,5.88203,,4.052643874196529e-09,7.381864980321546e-09
4,HSD17B2,5.7672086,1.803163,8.059537546832545e-09,1.4600611497885045e-08
4,TAGLN,5.7442827,0.74060446,9.231144745125912e-09,1.6692847640372353e-08
4,CDH7,5.7211637,0.17510407,1.0579697514137876e-08,1.909692692082649e-08
4,MX1,5.7204866,0.34696418,1.0621949986848311e-08,1.913864862495191e-08
4,PLP1,5.7120705,2.0071359,1.1160970038766483e-08,2.0037648184499966e-08
4,CRYAB,5.6824703,1.0780976,1.3276284507968051e-08,2.3792624566250984e-08
4,CRYM,5.679375,0.39745218,1.3518778838540283e-08,2.4183861965188338e-08
4,PGF,5.5333085,0.30177817,3.142460113640807e-08,5.552049670743476e-08
4,DLX2,5.527698,1.881401,3.2445991580949285e-08,5.7223971042238606e-08
4,C1orf168,5.4999356,0.66774625,3.799297524686142e-08,6.677148549536278e-08
4,ARHGDIB,5.473818,0.24896413,4.404417705814522e-08,7.727048606692145e-08
4,SRGN,5.441896,0.6246544,5.2716438710305386e-08,9.216160613689753e-08
4,AMBN,5.3932395,0.50284654,6.919863788912981e-08,1.2076551115031382e-07
4,BST2,5.3362637,0.45007268,9.488130824047396e-08,1.6415451252677157e-07
4,RASGRP3,5.320206,1.8637493,1.03649705762579e-07,1.7870638924582587e-07
4,SFTA3,5.274355,0.8043253,1.3322390043984982e-07,2.2890704542929523e-07
4,RP11-95O2.5,5.2530737,0.34236124,1.4958168352795803e-07,2.565723559656227e-07
4,MT1X,5.248237,1.1230303,1.535616542000327e-07,2.6294803801375464e-07
4,CALB2,5.235178,0.9742538,1.6482586069966646e-07,2.817536080336179e-07
4,SERPINE1,5.2233768,0.88247406,1.756894762206302e-07,2.9981139286796965e-07
4,ECSCR,5.190584,1.5989425,2.0963520914328314e-07,3.547127058261982e-07
4,FOXJ1,5.1796536,0.011913128,2.2229845885579205e-07,3.7550415347262175e-07
4,ADM,5.159436,0.51211286,2.4769445029738544e-07,4.1769721803943585e-07
4,TM4SF18,5.1363173,1.3937151,2.801746320867626e-07,4.7088173459960105e-07
4,CD36,5.0934644,0.23476978,3.51578785727126e-07,5.889091888226567e-07
4,ISL1,5.084275,0.71184486,3.6903303360927917e-07,6.171120963365873e-07
4,C9orf24,4.9717746,0.1797186,6.63427676591701e-07,1.1020393298865467e-06
4,PECAM1,4.9588127,1.8204582,7.092536591325148e-07,1.1762083899378354e-06
4,TCTEX1D4,4.931921,0.7149443,8.142492391780694e-07,1.3480947668511084e-06
4,MYL9,4.8991284,0.48775968,9.626271974521299e-07,1.5858767668074627e-06
4,KLF6,4.87717,0.43093908,1.0761864431871763e-06,1.7700434920841716e-06
4,KRT17,4.873591,0.4478284,1.0958777796557362e-06,1.7994709025545751e-06
4,GNAS,4.846893,0.22966553,1.254102065336e-06,2.0525402051325694e-06
4,HES1,4.8301578,0.232884,1.3642479500149333e-06,2.2255268352609024e-06
4,JUN,4.8190336,0.35188147,1.4425521256381977e-06,2.349433429378172e-06
4,MGC16275,4.802396,0.6011498,1.567785428478548e-06,2.5451062150625777e-06
4,ALDH1A2,4.7904973,0.294514,1.6636829950450944e-06,2.6876946608159848e-06
4,HES4,4.783823,0.07472138,1.719922080649561e-06,2.7740678720154213e-06
4,PLS3,4.747548,0.27806792,2.058973917205847e-06,3.3102474553148667e-06
4,S100B,4.732748,0.8188634,2.2150039007775027e-06,3.549685738425485e-06
4,FBLN2,4.6761594,0.21168669,2.922975092010556e-06,4.647019224182124e-06
4,STC1,4.6486874,0.31694594,3.3405429427041124e-06,5.285669213139418e-06
4,TXLNB,4.6167655,0.25810313,3.89767421254072e-06,6.128418573177232e-06
4,PCAT19,4.6048675,1.4561017,4.127289761477172e-06,6.469106209211868e-06
4,TRH,4.573526,0.038307805,4.79584434028729e-06,7.4935067816988905e-06
4,C8orf4,4.567625,0.54776496,4.932811158717975e-06,7.683506477753855e-06
4,IGF2,4.479985,0.22245952,7.4648190501885906e-06,1.1609360886762972e-05
4,TNFSF10,4.4733105,0.8443866,7.701773873032367e-06,1.1940734686871887e-05
4,TMEM98,4.451449,0.14360143,8.529275147079761e-06,1.3182805482348935e-05
4,DDIT3,4.4509654,0.22413012,8.548510142321495e-06,1.3192145281360332e-05
4,TMEM100,4.446419,0.31587636,8.731356977235564e-06,1.3453554664461577e-05
4,ANGPT2,4.4234934,0.24929531,9.711763322324008e-06,1.484979101272784e-05
4,ATP6V1C2,4.423106,1.6707587,9.729179855055807e-06,1.4853709702375278e-05
4,GPR183,4.393603,1.1040457,1.114873829822724e-05,1.6969160271274337e-05
4,SDPR,4.374063,0.59176594,1.2195522814656479e-05,1.8506104422847463e-05
4,RGS5,4.372515,0.36729956,1.2282329045180172e-05,1.86095894623942e-05
4,TYRP1,4.3720317,1.7713313,1.2309576697538882e-05,1.862265763621616e-05
4,FAM159B,4.3238587,1.6448219,1.5332361538942537e-05,2.305618276532712e-05
4,FMO1,4.307801,1.1671993,1.6488568697690812e-05,2.4720492800136148e-05
4,TRPM1,4.2966766,2.1898198,1.733778114481124e-05,2.5954762192831194e-05
4,PPP1R42,4.269785,-0.13508885,1.9566154038164587e-05,2.9203214982335202e-05
4,PRND,4.2554684,1.4186918,2.0861174689653614e-05,3.1043414716746446e-05
4,RASL11B,4.2261586,0.1327809,2.3771463153780607e-05,3.526923316584659e-05
4,BDKRB1,4.2256746,0.12596485,2.382258278999146e-05,3.529271524443179e-05
4,ANXA2,4.193366,0.56468695,2.7484540841038516e-05,4.059754924821051e-05
4,PLVAP,4.187562,1.4195869,2.819669155087959e-05,4.158804063551562e-05
4,IL3RA,4.172375,0.7764895,3.0144094261691546e-05,4.439483690970772e-05
4,SLC45A2,4.1540923,1.7434815,3.265810076446605e-05,4.80266187712736e-05
4,RP11-525K10.3,4.1183014,0.1565006,3.8167529184305577e-05,5.5929103877340926e-05
4,CFAP126,4.118108,0.0012309661,3.8199577948223857e-05,5.5929103877340926e-05
4,ICAM2,4.0418825,1.2071693,5.302380046527295e-05,7.718166006589949e-05
4,HBA1,4.029114,0.6187946,5.598751713185891e-05,8.137720513351586e-05
4,LYPD1,4.024277,0.11977061,5.715058433488327e-05,8.270706850200185e-05
4,TMEM156,4.0151844,1.0824456,5.9399370385294136e-05,8.58372404411765e-05
4,ISG15,3.9302528,0.088147916,8.485656852602604e-05,0.00012157101508026654
4,ESAM,3.8732772,1.3851146,0.00010738154267495793,0.0001534022038213685
4,VAMP5,3.829264,0.30797487,0.00012852714710685748,0.00018308710414082264
4,NSG1,3.8227828,0.19413878,0.00013195402737010064,0.00018770131916088286
4,RIPPLY1,3.8059514,0.91345114,0.00014126020448689244,0.00020065369955524494
4,TFPI2,3.8044035,0.005023159,0.00014214629476384468,0.00020162595001963786
4,KCNJ2,3.8022754,0.20193583,0.00014337321900330984,0.000203078213885708
4,CA2,3.7805104,0.29678702,0.0001565070973347892,0.00022074343770774217
4,RGS1,3.7431717,0.5752689,0.00018171198450446442,0.00025557241139868413
4,CCDC42,3.732144,0.28234082,0.0001898568018740647,0.0002666528116208774
4,PRTN3,3.6975138,0.18373394,0.00021772138040426073,0.0003049319053280963
4,DCT,3.6511788,2.02207,0.00026103941644868046,0.0003625547450676118
4,EDN3,3.622159,0.2841313,0.0002921544807726506,0.0004046460952529787
4,RPL10,3.5896568,0.06287983,0.0003311136676501835,0.0004579718778010837
4,GPR12,3.5281348,0.41579905,0.0004184991232453356,0.0005772401699935663
4,RSPH1,3.4879906,-0.10442454,0.0004866651795507967,0.0006684961257565889
4,RP4-758J18.13,3.4680636,0.40727532,0.0005242231037775005,0.0007190989077880666
4,FOXD3-AS1,3.4568427,,0.0005465438800203434,0.0007476660465394575
4,TMEM196,3.4272425,0.24256527,0.0006097444710870727,0.0008329842501189519
4,GPNMB,3.4069285,0.50300246,0.0006569832668508373,0.0008948056066493838
4,CXCL10,3.3815846,0.7759682,0.0007206905129060832,0.000977870438135798
4,TDRD10,3.3175476,1.1388123,0.0009081149091548432,0.0012255261931914214
4,RP11-490O6.2,3.2892048,0.28940567,0.001004709092893586,0.0013522329648635073
4,CARTPT,3.251092,2.8422408,0.0011496263982667192,0.0015431226822372071
4,MEST,3.2470293,0.11732524,0.001166164049371839,0.0015611299188378032
4,ZNF592,3.1867647,0.12088138,0.0014387375697429807,0.0019234459488542523
4,CDH5,3.176124,1.1133949,0.0014925707534767605,0.001990094337969014
4,TM4SF1,3.149039,0.2750207,0.001638083655368902,0.002175409900888316
4,APLN,3.099802,0.6831285,0.001936500771716864,0.002558125193813559
4,MAL,3.0489206,0.05130585,0.0022966523903907195,0.0030219110399877886
4,RP5-1159O4.2,3.0435035,0.13697417,0.0023384073834622023,0.0030728086510672828
4,CDH6,3.030251,0.14798066,0.0024435050702297434,0.0032066995672306343
4,RGS16,3.0047135,0.13763434,0.0026583100234261635,0.0034703786206607876
4,COLEC10,2.9811108,0.4943285,0.002872048264072692,0.0037445218566788683
4,TRIB3,2.9579916,0.18499696,0.003096504619458264,0.004026664004497092
4,SEPP1,2.9469159,0.12704532,0.0032096058979053836,0.004168319347929069
4,SOST,2.9298425,0.037280507,0.003391338907536386,0.004387243088662854
4,CTHRC1,2.8667727,0.28876317,0.004146807424007184,0.005336946491643737
4,GIMAP4,2.8250809,1.1025892,0.00472686858344437,0.006052328531939014
4,IGFBP7-AS1,2.800414,0.19131428,0.005103710466628437,0.006509834778862802
4,SERPINF1,2.7385051,0.12993449,0.00617192181243424,0.007822461105746819
4,CD34,2.6636338,0.6476297,0.007730165221968393,0.009735724460917371
4,LPL,2.6586037,0.20640992,0.007846518899091347,0.009863096995078188
4,PRSS56,2.6402245,,0.008285112024829391,0.010382345895776178
4,TYR,2.6213617,2.021588,0.008757930828947583,0.010961114929846787
4,CTSC,2.6055942,0.1558338,0.009171505553135086,0.01145006935472545
4,LIM2,2.5855706,-0.08297724,0.009721799060393417,0.012106848144948215
4,PDPN,2.5302393,-0.0066188406,0.011398474227247404,0.014159595313350811
4,TRPM3,2.5147622,0.15986048,0.011911272934289346,0.014778254260904894
4,TPPP3,2.506056,-0.06834346,0.012208623089112828,0.015109682040981223
4,ACPP,2.4991882,0.2949029,0.012447821273688606,0.015386676481691725
4,TNNI1,2.479358,-0.07980101,0.013161916300282519,0.016209256527441523
4,CCNO,2.4585605,-0.14927205,0.013949532773710678,0.017158096892633062
4,RP11-676J12.4,2.429347,0.120244294,0.015126045433631208,0.01855956494924075
4,DLX5,2.4227693,0.7894663,0.015402707961558574,0.018875867599949234
4,SPX,2.3965547,0.27134365,0.01655002571572385,0.020158374805997383
4,IGFBP3,2.3921049,-0.317201,0.016752052184628677,0.02037962552874535
4,DLL4,2.3556366,1.3046547,0.018490993387666764,0.022440525955906267
4,BAMBI,2.3183947,0.01641367,0.020427887774001983,0.024761076089699373
4,PCP4,2.1957374,0.12604353,0.028110745448303342,0.03390922249493769
4,THBD,2.1674914,-0.06489394,0.030197403517356818,0.036338632391524454
4,WFIKKN2,2.09233,-0.14942522,0.03640900178137302,0.04349940475671806
4,KRT14,2.085849,0.40850443,0.036992307845095274,0.044143565447607724
4,DLX6-AS1,2.0788841,0.8930261,0.037627996294401035,0.044848624903934486
4,MORN5,2.0730803,-0.095638834,0.03816481430367847,0.04543430274247437
4,CITED2,2.01446,0.12600955,0.043961243941477525,0.052160606766606554
4,HAND1,2.0143635,-0.48665768,0.04397139150424932,0.052160606766606554
4,SPAG6,1.9726716,-0.35270527,0.04853299011819199,0.057435491264132534
4,SPON2,1.9682219,-0.2274363,0.049042512906801214,0.05796987341229458
4,RIPPLY3,1.9665774,-0.37918082,0.049231947525231294,0.05812508562601097
4,ETV3L,1.9141482,0.28430513,0.05560121416085259,0.06549024047214676
4,KISS1,1.8853219,0.759863,0.05938639185787921,0.06970233786136057
4,SLC30A8,1.8129658,0.194172,0.06983710019258305,0.08149019859111208
4,MT1E,1.7838492,-1.9938565,0.07444817112576911,0.08666841807423645
4,CXCL14,1.7827852,0.20284323,0.0746212844239943,0.08676893537673755
4,AC108488.4,1.7736923,0.034435015,0.0761140664169849,0.08840193544365262
4,TSPAN8,1.7634386,0.12735923,0.07782654585564079,0.09028601607382923
4,CLEC14A,1.7231977,-0.04692447,0.08485276967446141,0.09798241301900856
4,HOPX,1.7045283,0.07025839,0.08828242843072652,0.10179109955252193
4,RP11-156E8.1,1.7041414,0.09100089,0.08835467441158903,0.10179109955252193
4,TAL1,1.689051,1.5423403,0.09120964098840598,0.10483866780276549
4,HOTAIRM1,1.6870197,0.09619345,0.09159956504930988,0.10516597594639482
4,VWF,1.6766692,0.23897605,0.09360716962494445,0.10722470747416317
4,PHACTR3,1.6538403,0.26361123,0.0981599549566517,0.11231116127763352
4,DRC1,1.6440704,-0.35693386,0.10016167372363782,0.11447048425558608
4,LINC00643,1.6328493,0.22079042,0.10250068758520402,0.11687649667640139
4,PPIC,1.626078,-0.009821814,0.10393305434388743,0.11837477715704718
4,PRR9,1.5572042,0.72601825,0.11942198710393347,0.13524573850955093
4,OTX2-AS1,1.5527546,-0.23849672,0.12048177387616663,0.1362915994074283
4,SLN,1.5306028,-0.8774674,0.12586759220972454,0.14190258422742338
4,CRH,1.4894913,0.6486834,0.13635802775292552,0.15355547484974164
4,FCN3,1.4889109,0.6105595,0.13651081714142033,0.15355547484974164
4,CRYL1,1.4657918,0.06304942,0.14270500881115672,0.1599831937344806
4,S100A8,1.462503,0.7517711,0.14360344732173394,0.16081013137932132
4,BDNF,1.4300007,0.14049506,0.15271681920937247,0.1708241825608193
4,LIMD1,1.4260347,0.050682403,0.15385833978892519,0.17190875954069854
4,PLA2G2A,1.3114063,-0.48826212,0.1897205290553825,0.21010025366044574
4,CYP26A1,1.3077304,0.020960417,0.1909647475182572,0.2112441897325854
4,MATN3,1.2837408,0.17326392,0.19923268734491217,0.21990362841601785
4,KLF4,1.2828702,0.1457961,0.19953757676820882,0.21999732830011998
4,NKX2-1,1.2812257,0.14737512,0.20011440872185404,0.22039031797561018
4,REN,1.2776465,0.25792578,0.20137407340683677,0.22153363411093155
4,TEKT1,1.2607183,-0.26210192,0.20741034738125386,0.22767326825604153
4,C1orf194,1.2360514,-0.73436904,0.21643943189175596,0.23706399988144136
4,TMEM155,1.2216383,-0.15262905,0.22184444328605268,0.24253294595101216
4,HEY1,1.214867,0.0010820734,0.22441682479444713,0.24499653361839205
4,CRHBP,1.1756902,-0.014469791,0.23971868974993704,0.26141623745903714
4,KDR,1.1671777,-0.22432664,0.243138601914052,0.264856864830122
4,CCDC81,1.1636953,0.056777257,0.24454749402732012,0.2661017345237433
4,C11orf88,1.144639,-0.08836389,0.25235873252222396,0.27409219997373546
4,DDIT4,1.1444455,0.054723106,0.2524389161758104,0.27409219997373546
4,CCBE1,1.1197786,0.09152753,0.26280809146726014,0.28473249346398716
4,PRCD,1.1162963,-0.29168558,0.2642953297067444,0.2860339066090307
4,BAALC,1.1087512,-0.31296903,0.2675375572089532,0.2892297915772467
4,MMP10,1.0599011,0.2503254,0.28918960537270744,0.3112912867305785
4,PLAT,1.0560318,-0.0993303,0.2909537020471472,0.3128534430614486
4,ZMYND10,1.0402644,-0.32184327,0.2982171146006115,0.32031913490935715
4,GATA6-AS1,1.0303975,0.0046623666,0.3028234090295747,0.32456957023534266
4,IGFBP2,1.0171452,-0.0016459262,0.309084366106667,0.33057151455258504
4,FBXO32,0.9752599,-0.44633043,0.32943135887616115,0.3512061395268243
4,SDC2,0.9646193,0.08289092,0.3347355346247004,0.3564808675449419
4,SERPINB4,0.9511734,0.35254934,0.34151634283679344,0.36292916348224596
4,ID1,0.85792303,0.11302673,0.3909349655765838,0.4128141135972374
4,EGFL6,0.7900166,-0.8538264,0.42951806243090085,0.45164885639421753
4,CFI,0.71630627,0.03708218,0.4738022741584812,0.49612803576804315
4,HOXB-AS3,0.6920263,0.1470875,0.4889208048513597,0.5114234360369871
4,CHRM2,0.691059,-0.022535421,0.48952847392116705,0.5115240061872174
4,RP11-188D8.1,0.68477136,0.014460295,0.49348821432510925,0.5150319796277628
4,MT1M,0.6527528,-0.1775952,0.5139156546553463,0.5342158572300897
4,CD48,0.6198636,0.26201448,0.5353475536584065,0.5547643043092295
4,PAPPA2,0.6088361,0.04864718,0.5426330684875973,0.5617319549561048
4,NFIA-AS2,0.59945303,0.044291887,0.5488708152287003,0.5676016703502589
4,CALB1,0.57768816,-0.24622053,0.5634746701658865,0.581501207601534
4,L1TD1,0.5406395,0.5016875,0.5887560787529413,0.6057161304042606
4,CCL2,0.46470428,0.115307,0.6421432441910199,0.6586084555805332
4,PMEL,0.45686892,0.10243038,0.6477652623405914,0.6636939163325731
4,RP3-466P17.1,0.4455512,-0.018508332,0.6559214766929264,0.6713628215894846
4,GYPE,0.4160477,-0.54793143,0.6773751068153001,0.6926125836557261
4,HBZ,0.3558799,0.06584879,0.7219305091234753,0.7374162503814866
4,GMNC,0.34107977,-0.47999725,0.7330435192939186,0.7480035911162435
4,LEFTY2,0.2787839,,0.7804106908276573,0.7939071117270167
4,RAMP3,0.26988447,0.10120518,0.7872491443633933,0.7992377100135973
4,FRZB,0.26688573,0.056956973,0.7895571349788515,0.8007678853740887
4,CD9,0.2617589,0.25962964,0.7935073240990972,0.8039587883476162
4,LLNLF-187D8.1,0.22945015,-0.2941351,0.818519057164332,0.8284605841744251
4,SLC39A2,0.22558084,,0.8215274407442514,0.8306647530275545
4,SMOC2,0.14055273,-0.12151738,0.88822329318323,0.8953863842572883
4,SPARC,0.1342651,-0.05179134,0.8931929498444197,0.8994893754727288
4,COL21A1,0.079127416,-0.79159105,0.936931278196813,0.9406940544144708
4,CFAP77,0.017992297,-0.49447107,0.985644998360792,0.9866316299907828
4,XXbac-BPG181B23.7,0.016734771,-0.012604284,0.9866482077520068,0.9866482077520068
4,ECEL1,-0.026504781,0.28139544,0.978854719536873,0.9808163522413557
4,GATA2,-0.066358685,0.00838193,0.9470922602488439,0.949942086508369
4,ZNF503-AS1,-0.09141248,-0.29956096,0.9271648474780976,0.931823967314671
4,LINC01361,-0.11279042,-0.012996759,0.9101967118321536,0.9156908569739975
4,TMSB4X,-0.1552561,0.059257388,0.876619412802557,0.8845806385495025
4,TMEFF2,-0.1832119,0.06505457,0.8546317681053387,0.8632644122276149
4,MLANA,-0.27056158,0.04601838,0.7867282429094322,0.7992377100135973
4,HOXD1,-0.29900104,-0.26575235,0.7649392634796451,0.7789605534415939
4,LY6H,-0.3063527,-0.27532727,0.7593361055361018,0.7740429210357817
4,WNT2B,-0.47989133,-0.04951017,0.631304670177044,0.6481567455616468
4,PRKCDBP,-0.53744733,-0.5121558,0.590958658008432,0.607357305250187
4,RASD1,-0.54663694,-0.16518548,0.5846281829972728,0.6020887569487877
4,CAPN3,-0.57052994,-0.13254164,0.5683183211218703,0.5858951764142993
4,BGN,-0.58503985,0.039174322,0.5585209170274723,0.5769844184168103
4,CDC20B,-0.6248938,-0.46152672,0.5320407860807208,0.5519095291293784
4,PLTP,-0.64791614,-0.12693845,0.5170391749923233,0.5369046469286847
4,RP11-753H16.3,-0.6636836,-1.0019337,0.5068928328731203,0.5274639259865976
4,RP11-1109F11.5,-0.67180914,-0.03407329,0.501705195514857,0.5226095786613094
4,CREB3L1,-0.68409425,-0.5094254,0.4939156684630245,0.5150319796277628
4,LHX1,-0.7204658,1.3628871,0.4712382800167363,0.4939604612334762
4,PMP22,-0.7289782,0.0054688253,0.46601497626479227,0.488997876458334
4,PCP4L1,-0.76302814,-0.29454386,0.44544659374008866,0.46790608586143767
4,DLX1,-0.808686,-0.05379364,0.4186957564201368,0.44073237517909136
4,APLNR,-0.81158805,,0.41702806221377087,0.4394394754623508
4,GNB5,-0.8362549,-0.028508794,0.40301152552990394,0.4251176429640337
4,MMP23B,-0.88133234,-0.14099063,0.3781379536489896,0.3997229954006233
4,GYPB,-0.88210624,0.19728632,0.3777193652634606,0.39970303202482604
4,LINC00562,-0.9033874,-0.04028875,0.3663203044347255,0.38805116995203975
4,KCNF1,-0.9284412,-0.12056804,0.3531787405714727,0.3745267662475851
4,RAB27B,-0.9457564,-0.103652656,0.3442728501932829,0.36547011697800735
4,PDE1A,-0.9602663,-0.17012937,0.3369211994837339,0.35842680796141907
4,RP11-111H13.1,-0.9772913,-0.25323614,0.32842496741360927,0.35050690225571957
4,CCDC170,-0.98154753,-0.12329037,0.3263228100670629,0.34863548084087914
4,HOXB6,-1.0215949,-0.24388325,0.3069726741662492,0.3286645333685751
4,KCNN1,-1.0351375,-0.060164664,0.3006047084967648,0.32253724087635705
4,TPBG,-1.0628998,-0.6516243,0.28782739655064415,0.31015883248991827
4,ARX,-1.0643508,-0.60750324,0.287169819581927,0.3097840556439342
4,RP4-665J23.1,-1.0767326,-0.47857016,0.2815997521755229,0.30410340407723857
4,RGCC,-1.1329343,-0.543038,0.2572418332734371,0.27900415756338076
4,PACRG,-1.2214448,-0.45937222,0.22191764554517612,0.24253294595101216
4,MS4A8,-1.2458215,-0.7614856,0.21282994112184128,0.23336616351079087
4,NPW,-1.2649746,-0.0128801195,0.20588044304268815,0.22624224510185512
4,FEZF1,-1.2978637,-0.7219835,0.1943341695298646,0.2147338889832758
4,PTHLH,-1.3196286,-0.056033406,0.186959051341826,0.20727167554526163
4,LMCD1,-1.332494,-0.38390976,0.18269789421844607,0.20277235762313658
4,ENO2,-1.3489386,-0.36433268,0.1773566801660531,0.19706297796228123
4,NGF,-1.3733153,0.012966152,0.16965435226053638,0.18871451864353322
4,HOXC8,-1.37525,-0.95049113,0.16905396970460906,0.18825609098508805
4,STOML3,-1.3914043,-0.5594489,0.16410285631271315,0.18294632810781844
4,CFAP161,-1.4248738,-0.28607965,0.15419366732569553,0.17209114656885663
4,EMCN,-1.477303,-0.101325594,0.13959442720173643,0.15667163546771765
4,C4orf26,-1.4774965,-0.32838324,0.1395425980303836,0.15667163546771765
4,ESM1,-1.5366002,-0.45609063,0.12439123851113237,0.14039643172814037
4,GPC3,-1.5439519,-0.08158852,0.12259998267650554,0.13853105387175768
4,CTD-2035E11.4,-1.5951235,0.8800746,0.11068460950910054,0.12549275454546546
4,COL9A3,-1.6002504,-0.08347188,0.10954304751943011,0.12433944099821806
4,RP11-387A1.5,-1.6030556,-1.042697,0.10892237032090353,0.12377542081920856
4,SHISA3,-1.6194035,-0.116570525,0.1053604783892927,0.11986402547132276
4,RP11-343L5.2,-1.6351709,-0.20428233,0.10201322153991293,0.11645344924647595
4,LAMA4,-1.6823765,-0.015413244,0.09249585125733238,0.10607322391895915
4,CKB,-1.6954354,-0.7278958,0.08999284644158494,0.10355908681425194
4,GAD2,-1.7313234,-0.98243344,0.08339411655291727,0.09640938329817025
4,C3orf80,-1.7348057,-0.09447505,0.08277522834263101,0.09580466243360071
4,LECT1,-1.7449626,3.8831437,0.08099137410236272,0.09384863743031602
4,NODAL,-1.7841394,0.94345164,0.07440101540004822,0.08666841807423645
4,RP11-327J17.9,-1.8150939,-0.15457442,0.06950948106111324,0.08120266479102013
4,ACAT2,-1.825541,-0.23239511,0.06791942445676571,0.07943792334124646
4,LOX,-1.8573661,-0.06649665,0.06325908304678493,0.07407386773628212
4,ZNF474,-1.8779702,-0.09826811,0.0603852413612033,0.07079160769191478
4,SAMSN1,-1.9064096,-0.49133658,0.05659707884877791,0.06650655563898697
4,FEZF1-AS1,-1.9096018,-0.7770704,0.0561845002493692,0.06609941205808141
4,RAMP2,-1.9466505,-0.09404037,0.0515766525060856,0.060821524181704716
4,PLSCR2,-1.9813776,,0.047548949903810374,0.05633761836944357
4,LINC00950,-2.0202641,-0.7392612,0.04335599802219347,0.05155291084684122
4,PAX6,-2.1041315,-0.7059337,0.03536698258416074,0.04230500309110136
4,MEIS2,-2.1424377,-0.09043269,0.03215828286844981,0.03851291361490995
4,PCOLCE,-2.1558836,-0.21154791,0.03109276455864123,0.037281492276548235
4,PCSK9,-2.1564639,-0.0974306,0.031047461342095347,0.0372718623554566
4,CLDN5,-2.1632352,-0.6535535,0.030523096219234942,0.036686413725042
4,TBX5,-2.1780353,-0.14234322,0.029403409591988672,0.03542579468914298
4,IGFBP5,-2.2455547,-0.20767565,0.024732540342599564,0.029870217805071937
4,RP11-61A14.1,-2.2480698,-0.122753255,0.02457173801311694,0.029711896025534392
4,LAMP5,-2.302337,-0.6292486,0.021316179728342446,0.025806512988308047
4,TTLL10,-2.367438,-0.4927966,0.01791171729653221,0.021763933531630874
4,RAD21-AS1,-2.3966513,-0.114641406,0.016545657703657568,0.020158374805997383
4,AZU1,-2.408356,-0.116310455,0.01602454479120761,0.01956598875605325
4,LGALS3BP,-2.4114516,-0.37660035,0.01588916545564653,0.019424407647489646
4,MSC,-2.4117417,-0.27317148,0.015876525356411833,0.019424407647489646
4,FGF17,-2.447146,-0.68149257,0.014399254331788597,0.01768950163610393
4,SYNM,-2.4805186,-0.34741455,0.013119138428915742,0.016176496213212998
4,SNHG18,-2.4810023,-0.15851319,0.013101350633805207,0.01617450695531507
4,SPARCL1,-2.5106993,-1.1568637,0.012049227782888985,0.014930889445959088
4,CLEC1A,-2.5797665,-0.15032837,0.009886713235644126,0.012296907009507618
4,OSR1,-2.5869248,-0.07621349,0.0096836736741834,0.012074406077535411
4,ACTG2,-2.6142035,-0.075024046,0.00894357762820664,0.0111794720352583
4,ANKS1B,-2.6564755,-1.8462492,0.007896215970208485,0.009907422798254057
4,TDO2,-2.6584103,-0.67283034,0.007851025208082238,0.009863096995078188
4,CLDN10,-2.6656651,-0.111939915,0.007683616205226905,0.009689301645935566
4,LHX5-AS1,-2.6716626,-0.78876877,0.007547648023634103,0.009529858615699625
4,HBA2,-2.6788208,,0.007388190125058772,0.009340316213727903
4,DSG3,-2.6927505,-0.20992218,0.007086529621089637,0.008970290659607135
4,MT-CO1,-2.752386,-0.10406648,0.005916270937787569,0.007507958042877625
4,TDGF1,-2.7691693,0.6319155,0.005619942203523787,0.007140968492406337
4,GLIPR1,-2.7702334,-1.3084658,0.005601614132665891,0.007126735537742864
4,EMP1,-2.798673,-0.08826406,0.0051313103616601055,0.006536701097656185
4,ISM1,-2.8035095,-0.2071196,0.005054975105329291,0.006455906903357971
4,LINC01411,-2.8179226,-0.178562,0.004833545509988389,0.006181004488476201
4,MAFB,-2.8280795,-0.15602584,0.004682816486836038,0.006003610880559023
4,CPED1,-2.8348508,-0.16391647,0.0045847081858510575,0.00588537636181137
4,CXCR4,-2.8395908,-0.9604827,0.004517144078597558,0.00580609778740046
4,COL6A1,-2.895309,-0.38648275,0.0037878563651909058,0.0048812582025656
4,CHCHD2,-2.9203627,-0.10926239,0.003496242764413821,0.004511280986340414
4,RPRM,-2.926747,-0.47323978,0.0034252738380524746,0.004425418395416634
4,EPO,-2.9414504,-1.750386,0.003266791612307281,0.004231595352729638
4,AF131217.1,-2.9448361,-0.3251355,0.0032312584394565214,0.004190996678931934
4,FIBIN,-2.9710507,-1.1014631,0.0029678285388014354,0.003864360076564369
4,WNT2,-3.0101306,-0.7716975,0.0026113532005724418,0.0034135335955195315
4,COL9A2,-3.0241568,-0.15804508,0.0024932707857779988,0.0032634434368821975
4,H1F0,-3.027349,-0.17883314,0.0024670885445895333,0.00323340569408851
4,CYTL1,-3.0533702,-0.05519132,0.002262865758731428,0.0029813778112403534
4,FGF7,-3.0986412,-0.23349585,0.0019441033009198238,0.0025647800803691606
4,MT1H,-3.1087015,0.5499459,0.001879115431948276,0.0024856024232120053
4,DKK1,-3.1093786,-0.3430155,0.0018748137476777662,0.0024831970167917433
4,T,-3.1459434,0.8635061,0.001655519880817598,0.002195649709307159
4,LINC00907,-3.1514573,-1.4425137,0.0016245793650556362,0.0021603449003399417
4,LINC00458,-3.165677,0.5150661,0.0015472250724322466,0.002060219803504989
4,SLC18A3,-3.176221,,0.001492073111728655,0.001990094337969014
4,RSPO3,-3.250705,-0.77757865,0.0011511920226085098,0.0015431528453197182
4,HOXB9,-3.2736309,-1.1229799,0.0010617525185492127,0.0014270867184801245
4,HIST1H4C,-3.3088415,-0.86081856,0.0009368285805961785,0.0012625722110460626
4,NRN1,-3.319482,-0.40339288,0.0009018458601371898,0.0012187106218070132
4,DNAI1,-3.3277044,-1.1889374,0.0008756472983514296,0.00118490838748502
4,SARAF,-3.378489,-0.21601993,0.0007288532259370172,0.0009876059972046304
4,RSPO2,-3.3917415,-0.77117556,0.0006944993216485886,0.0009436132087616693
4,COL1A1,-3.4066384,-0.4071074,0.0006576821208872971,0.0008948056066493838
4,ALCAM,-3.4166985,-0.14956978,0.0006338542491755787,0.0008647397669516763
4,SOSTDC1,-3.4581969,-0.09602251,0.0005438037711812263,0.000744936672850995
4,FIGF,-3.497277,-0.18707928,0.0004700335868648121,0.0006465386339268392
4,TTYH1,-3.4993083,-1.1689094,0.00046646681967099386,0.0006425162805385591
4,RP11-1085N6.5,-3.5499964,-1.4542946,0.00038523654056574306,0.0005320946692897004
4,NR2F1,-3.6365721,-0.15169576,0.00027629027357121424,0.0003832042629281751
4,CTD-2314G24.2,-3.6756523,-1.692342,0.0002372425515717768,0.0003299618241610248
4,PMAIP1,-3.6794248,-0.19264916,0.0002337606262576623,0.00032557190286582494
4,GALP,-3.6821332,-1.7328758,0.00023129041871270458,0.000322580779236687
4,ID3,-3.6891947,-0.26865226,0.0002249649327901071,0.00031419683350573615
4,MGP,-3.6893883,,0.00022479393895558197,0.00031419683350573615
4,MT1G,-3.7249858,0.6774811,0.0001953261259128027,0.00027394968571220577
4,RASSF9,-3.7687092,-0.12513217,0.00016409396798098866,0.00023111826476195587
4,ATAD3C,-3.7858307,-0.46855906,0.0001531958675519968,0.0002163783439999955
4,ALX3,-3.7866046,-0.24531502,0.00015271976387101185,0.00021601098143000263
4,GEM,-3.838937,-0.24827388,0.0001235680619098659,0.00017627398275301843
4,GPM6A,-3.8906891,-0.9474083,9.995991275113075e-05,0.00014300416702593813
4,CLU,-3.9380882,-0.7746635,8.213339430053338e-05,0.00011783844232501203
4,PTN,-3.943602,-0.43470928,8.02668280002221e-05,0.0001153259022991697
4,SFRP1,-3.9476647,-0.32405886,7.891719973009098e-05,0.00011354992766919566
4,MSX2,-3.9584022,-0.21594197,7.545285075708525e-05,0.00010872168696986347
4,RP11-32K4.1,-4.007446,-1.330353,6.137898357883282e-05,8.856996187421764e-05
4,GAL,-4.0269856,1.1929779,5.64964770775389e-05,8.187895228628827e-05
4,EDNRA,-4.027566,-0.052271675,5.63572368727271e-05,8.179569937986516e-05
4,POU5F1,-4.0827036,0.67456657,4.451475628568207e-05,6.489031528525083e-05
4,CDO1,-4.0841546,-0.6236019,4.4237547578516855e-05,6.458036142849176e-05
4,HBG2,-4.0946984,-0.18227421,4.227179244674589e-05,6.180086615021328e-05
4,SOX3,-4.1196556,-1.1921226,3.79439014571372e-05,5.571791697083289e-05
4,DIO3,-4.2221923,-1.7267282,2.4193743884257453e-05,3.578956195896073e-05
4,GNG11,-4.249084,-0.28291726,2.146463069073607e-05,3.189395347806251e-05
4,OLFML3,-4.2688174,-0.46304813,1.965118669195842e-05,2.9286418318865005e-05
4,GLYAT,-4.2930007,-1.639284,1.7627436676663124e-05,2.6348933746880603e-05
4,GZMA,-4.318635,-0.5538867,1.5699718326439146e-05,2.3573150640299018e-05
4,BARHL2,-4.346107,-1.6970131,1.3857492585523245e-05,2.0869717749281995e-05
4,HLF,-4.3473644,-0.69862306,1.3778305718765972e-05,2.0781758248515794e-05
4,DKK4,-4.3506536,-2.049145,1.357323705851455e-05,2.050337924246911e-05
4,TMEM176B,-4.37948,-0.954708,1.189628870588114e-05,1.8079466118360395e-05
4,TBX3,-4.3963113,-0.29317045,1.1010593531258314e-05,1.678444135862548e-05
4,RGS13,-4.4240737,-1.0505297,9.685694353902444e-06,1.4832610036604048e-05
4,PITX2,-4.4285235,-1.0345701,9.488041258051505e-06,1.4552210518483902e-05
4,RGS4,-4.431377,,9.36331975389815e-06,1.438297965268533e-05
4,ITM2A,-4.441002,-0.24115828,8.954097935040048e-06,1.3775535284676995e-05
4,ACTG1,-4.4588976,-0.100590765,8.238229348987276e-06,1.2752677010816215e-05
4,RBP1,-4.4738913,-0.4693613,7.68088694596381e-06,1.1926843083794735e-05
4,CCDC80,-4.5715914,-0.25234762,4.840345081066349e-06,7.551240376078548e-06
4,GABRD,-4.602836,-1.7096682,4.167766093795034e-06,6.52232565539129e-06
4,TRAC,-4.6049643,-1.0375246,4.125371743842537e-06,6.469106209211868e-06
4,PCSK1N,-4.624891,-0.9218641,3.747954879298322e-06,5.902291148501294e-06
4,FAM181A,-4.6383367,-2.0463657,3.512240556112905e-06,5.5398116027017425e-06
4,OSR2,-4.640949,-0.20984817,3.468133637359458e-06,5.478884103253488e-06
4,CYP26B1,-4.6568127,-0.26507878,3.2114221288209584e-06,5.089417002885829e-06
4,CBLN2,-4.666099,-0.84649307,3.0697163294444313e-06,4.872565602292748e-06
4,TBX2-AS1,-4.685446,-0.24383393,2.7935136025426826e-06,4.448270067743125e-06
4,RP11-834C11.4,-4.686026,-0.39047658,2.7856076529396796e-06,4.442755427336012e-06
4,NTF3,-4.7108865,-0.18236712,2.466416736859747e-06,3.939962838434101e-06
4,HOXD11,-4.720947,-0.35652217,2.3474953800670725e-06,3.755992608107316e-06
4,PDGFRA,-4.7390356,-0.13085186,2.1473771879216675e-06,3.4468333674505095e-06
4,HIP1R,-4.7606072,-0.18899335,1.9301150704404616e-06,3.108075797810727e-06
4,KIAA1614,-4.7945604,-0.19129175,1.6303204309161486e-06,2.6380589497025057e-06
4,FMOD,-4.7988167,,1.596059257750126e-06,2.586805928282214e-06
4,COL5A1,-4.8089733,-0.94579375,1.5170734654519919e-06,2.466786122686166e-06
4,MESP1,-4.8361554,,1.3237446867147285e-06,2.1629815142397526e-06
4,RGS2,-4.8508587,-0.26729277,1.229280690609132e-06,2.0152142469002165e-06
4,RFTN2,-4.908415,-0.24441582,9.181552142314571e-07,1.5151076142433286e-06
4,FGF8,-4.9154763,-1.2902135,8.85668882210016e-07,1.4639155077851505e-06
4,ST7-AS1,-5.0063086,-1.1263613,5.548385654888418e-07,9.231922886669581e-07
4,TGFBI,-5.0072756,-0.24065284,5.520583755136837e-07,9.200972925228062e-07
4,CNTN1,-5.06251,-0.72109526,4.1377219058284134e-07,6.907716036441425e-07
4,ZIC4,-5.100526,-0.6006377,3.3871074208466156e-07,5.683066142360094e-07
4,ALX1,-5.1423144,-0.13458411,2.713741653443353e-07,4.5685886421605273e-07
4,TNFAIP6,-5.201225,-0.31496987,1.9797937230713002e-07,3.35558258147678e-07
4,IDH1,-5.209157,-0.7133239,1.8970057565532978e-07,3.220722846440234e-07
4,MROH8,-5.2133164,-0.26095244,1.854940328186477e-07,3.1546604220858456e-07
4,SLC18A1,-5.2161217,,1.8270812717343805e-07,3.112574568542386e-07
4,CTD-2521M24.8,-5.317401,-0.24409544,1.0525994907530781e-07,1.8117030821911846e-07
4,TMEM176A,-5.321657,-2.1666915,1.0282620286477231e-07,1.7759275106178292e-07
4,CLEC1B,-5.3479686,,8.894693527799403e-08,1.5415413393066556e-07
4,SIX1,-5.3607373,-0.27087218,8.288300111353081e-08,1.4389409915543544e-07
4,RERG,-5.3650904,-0.37938225,8.090877030732383e-08,1.4071090488230233e-07
4,ZNF804A,-5.3855977,-0.5499164,7.220435576731396e-08,1.257915605702334e-07
4,PLK2,-5.453504,-0.15572634,4.9386841570280605e-08,8.649184162921298e-08
4,MIXL1,-5.503128,1.0638947,3.731115540869294e-08,6.568865388854391e-08
4,OR8S1,-5.546561,-0.39294592,2.913431644318575e-08,5.156516184634647e-08
4,HOXA7,-5.546561,-0.44705418,2.913431644318575e-08,5.156516184634647e-08
4,PRPH,-5.557298,-1.6615794,2.7398238171467386e-08,4.866472144132751e-08
4,RSPO1,-5.5611677,-1.3397667,2.6797574950961242e-08,4.7682517706336724e-08
4,MIR7-3HG,-5.632363,,1.7775715803889346e-08,3.1685767921371376e-08
4,PTX3,-5.672217,-0.34925047,1.4096143292630446e-08,2.5171684451125794e-08
4,GABRB1,-5.7150693,-0.31581783,1.0965925250648824e-08,1.9722887141454718e-08
4,KCNA3,-5.786168,-2.2012503,7.2010194757074084e-09,1.3069000863352828e-08
4,BHMT,-5.825538,-0.9497896,5.692881852459228e-09,1.0350694277198596e-08
4,RAB3A,-5.917338,-0.6722725,3.27194544783114e-09,6.02568222436674e-09
4,SOX2,-5.953419,-2.5661802,2.6259787488942275e-09,4.856805945040654e-09
4,COL3A1,-5.9652205,-0.5303914,2.4430407467542923e-09,4.54096793077006e-09
4,TERF1,-6.0097175,-0.39417902,1.8584692302669026e-09,3.473774262181126e-09
4,RP1-40E16.9,-6.0708528,-1.0649575,1.2723294555403645e-09,2.3915967209405347e-09
4,FHL2,-6.071723,-0.24193947,1.265449384330306e-09,2.3831438499629114e-09
4,NXPH4,-6.1712613,-0.5590989,6.774739112355704e-10,1.2879732152767498e-09
4,SNAI2,-6.1754208,-0.52143735,6.598751397933877e-10,1.2569050281778813e-09
4,WNT16,-6.1772585,-0.7905413,6.522417666211753e-10,1.2447361958419374e-09
4,RP11-111M22.5,-6.1853843,-0.7807699,6.195140122386148e-10,1.1845392203415195e-09
4,C5orf66-AS1,-6.2143073,-2.0847757,5.155155573641218e-10,9.875776960998501e-10
4,RP11-407N17.5,-6.229204,-0.31678757,4.688105821777412e-10,8.998283727019985e-10
4,NPR3,-6.2304616,-0.2439236,4.650626121227318e-10,8.943511771590996e-10
4,CTSK,-6.268671,-0.31967303,3.641423123607051e-10,7.084480785227726e-10
4,PHOX2B,-6.368693,,1.9064600211923947e-10,3.738156904298813e-10
4,PLPP3,-6.395778,-0.45801795,1.5973194636157267e-10,3.1567578332326616e-10
4,MEOX2,-6.450045,-0.40814227,1.1181688534404608e-10,2.2185889949215493e-10
4,SST,-6.469585,,9.827237142116362e-11,1.953725077955539e-10
4,EMX2,-6.4719067,-0.68019295,9.677388083379923e-11,1.9277665504740882e-10
4,FRMD5,-6.4803224,-0.33989164,9.15268070735225e-11,1.826882376717016e-10
4,CDK1,-6.5436826,-1.2590953,6.002219262411558e-11,1.2101248512926528e-10
4,CORIN,-6.6316123,-0.37963933,3.3203930236117555e-11,6.735077127001533e-11
4,RLTPR,-6.6532807,-1.458294,2.8663087005168376e-11,5.849609592891506e-11
4,HDAC9,-6.682494,-0.39953497,2.3490965802226156e-11,4.8038784871628134e-11
4,COL15A1,-6.718962,,1.8302336144116568e-11,3.758179906389439e-11
4,DHRS9,-6.7326984,,1.6654521177995934e-11,3.4339218923702957e-11
4,IL6ST,-6.76225,-1.2475395,1.3586487077768403e-11,2.8071254292909925e-11
4,TAC1,-6.775261,-0.28059256,1.241821370198656e-11,2.5710587374713377e-11
4,AC009501.4,-6.8133736,-1.32835,9.533625577598504e-12,1.9779306177590257e-11
4,DDC,-6.8141475,-1.8418057,9.482452961990794e-12,1.9714039422018282e-11
4,FGF19,-6.858064,-7.072924,6.9800014455252305e-12,1.460251348436241e-11
4,SERTAD4,-6.861933,-0.2860912,6.793480307027739e-12,1.4242097079722723e-11
4,LUM,-6.867447,-0.69860613,6.536100943044334e-12,1.373130450219398e-11
4,SNTG1,-6.868124,,6.505159441678383e-12,1.3695072508796596e-11
4,IFI6,-6.8720903,-0.25255418,6.3267925125863186e-12,1.3374851441009885e-11
4,CXCL12,-6.886987,-0.25051203,5.698640688817109e-12,1.2073391289866756e-11
4,POU4F1,-6.8911467,,5.5344481590380305e-12,1.1750420719825967e-11
4,EMP3,-6.908365,-0.4632323,4.902712443882404e-12,1.0431303072090223e-11
4,HIST2H2BE,-6.910977,-0.4722868,4.813278429680259e-12,1.0284782969402262e-11
4,DCN,-6.976078,-0.77799535,3.035343749182021e-12,6.4996654158073255e-12
4,COL1A2,-6.9950376,-0.5802445,2.651878614391588e-12,5.690726640325296e-12
4,ZIC1,-7.0020022,-0.77577657,2.5232988833810034e-12,5.42644921157205e-12
4,HOXA9,-7.005388,-0.5340362,2.4630234298095654e-12,5.3082401504516496e-12
4,ID2,-7.0149646,-0.54252356,2.3000731503203262e-12,4.967760583845197e-12
4,TLX2,-7.0351815,-3.5809417,1.990015460072363e-12,4.3073927707194e-12
4,HOXC5,-7.087901,-0.48839083,1.3616127838786825e-12,2.97295367659101e-12
4,PHOX2A,-7.1232085,,1.0544312226778993e-12,2.3123491725392527e-12
4,DHRS2,-7.131044,-0.5479949,9.961057124430841e-13,2.1892433240507343e-12
4,SHOX,-7.1314306,-0.5799973,9.933089887553356e-13,2.187905261575629e-12
4,ZNF503,-7.138202,-0.40816227,9.455954770793694e-13,2.0874072341707934e-12
4,NTS,-7.145941,2.8697479,8.938163900474072e-13,1.981854523386712e-12
4,SRPX,-7.1536794,-0.5565995,8.448229270363517e-13,1.877384282303004e-12
4,HMGB2,-7.1890836,-0.8843242,6.5227663901608e-13,1.4527319354478395e-12
4,NFIB,-7.19866,-0.43251577,6.080713307682594e-13,1.3573020776077219e-12
4,HIST1H2AC,-7.2218275,-0.60593826,5.129348737706121e-13,1.1475053104487966e-12
4,ALPK1,-7.3061304,-0.40678206,2.7494579063458603e-13,6.206451255859729e-13
4,NTRK2,-7.3187056,-0.71121377,2.5037447350723493e-13,5.664580848579975e-13
4,GAP43,-7.3480153,-0.91794926,2.0117120030612453e-13,4.572072734230103e-13
4,SCRT2,-7.375294,,1.6398261617907706e-13,3.7438953465542707e-13
4,SERPINE2,-7.3907714,-0.35596508,1.4597943715248807e-13,3.340490552688514e-13
4,H3F3B,-7.405378,-0.17512846,1.307773968155285e-13,2.9994815783378096e-13
4,LINC01117,-7.410118,-0.9412967,1.2618715587201225e-13,2.900854157977293e-13
4,FGFBP2,-7.4380736,-0.52551264,1.0216405923024751e-13,2.3594470953867785e-13
4,HOXA10,-7.4986286,-0.55889887,6.448905113774522e-14,1.4962656876507012e-13
4,MLLT11,-7.5100427,-0.44588342,5.910799378078096e-14,1.3746045065297898e-13
4,GSX2,-7.5365477,,4.825765987129418e-14,1.1248871764870439e-13
4,SPOCK3,-7.5568614,-0.3552419,4.129110432654572e-14,9.670047851650051e-14
4,SERPIND1,-7.5831246,,3.373308405435486e-14,7.937196248083497e-14
4,GABRA1,-7.5916853,-0.6333469,3.1577104211624825e-14,7.44743023859076e-14
4,CTSS,-7.5952644,-0.48324606,3.07164441430209e-14,7.261570719390284e-14
4,ADCYAP1,-7.61848,-1.8196319,2.566795752019423e-14,6.096902023799105e-14
4,RP11-285F16.1,-7.6286373,-0.6431754,2.3724811690316853e-14,5.6487646881706794e-14
4,MAB21L2,-7.643921,-0.49295646,2.1070461609585065e-14,5.028749787490469e-14
4,GLT8D2,-7.667137,-0.3919423,1.7587799433529194e-14,4.207607519983061e-14
4,HOXB5,-7.716277,-0.4783377,1.1977668582115905e-14,2.879247255316323e-14
4,PRRX1,-7.733979,-0.44467416,1.0423600733517427e-14,2.511711020124681e-14
4,XX-FW83563B9.5,-7.7603874,-0.24967547,8.467039703377529e-15,2.045178672313413e-14
4,YPEL4,-7.772672,-0.71824205,7.684731211297156e-15,1.8607097363915632e-14
4,STMN2,-7.822103,-4.3641763,5.1948140623902175e-15,1.2639450273455518e-14
4,CTD-2339F6.1,-7.8595386,,3.855515309260727e-15,9.403695876245675e-15
4,FST,-7.901714,,2.7509422463450095e-15,6.742505505747573e-15
4,CA9,-7.9615917,-0.40178776,1.6984038199277672e-15,4.193589678833993e-15
4,GRIK1,-7.9659443,-2.35246,1.63966543076822e-15,4.058577798931237e-15
4,LINC00305,-7.979487,,1.469426298549681e-15,3.646219103100945e-15
4,HPCAL4,-8.024661,-1.1687995,1.0180645292887902e-15,2.5388142875032173e-15
4,CTXN3,-8.14374,,3.832538247023627e-16,9.6781268864233e-16
4,RP11-559M23.1,-8.179917,-0.7469247,2.8403851568348615e-16,7.190848498316105e-16
4,CER1,-8.182529,2.4076858,2.779474049778123e-16,7.054502664411479e-16
4,CHRNA3,-8.186688,,2.6851153804926153e-16,6.832354657742024e-16
4,NELL2,-8.190365,-0.772694,2.604361462639873e-16,6.643779241428247e-16
4,CCNA1,-8.226446,-2.3872387,1.9285018132249246e-16,4.932229701342518e-16
4,CRTAC1,-8.237763,,1.7545943591550503e-16,4.49895989526936e-16
4,DKK2,-8.24231,-0.64750993,1.6891716777079853e-16,4.3423436444935355e-16
4,COL6A3,-8.276457,-0.7646239,1.2689460901337264e-16,3.2874251039733843e-16
4,TUBA1B,-8.284389,-0.5163961,1.1871717871404308e-16,3.0835630834816384e-16
4,DLK1,-8.327338,-2.4696562,8.268032235822961e-17,2.1700872010034018e-16
4,SMCR2,-8.333336,-0.68820226,7.859597155646389e-17,2.0683150409595761e-16
4,DMRT2,-8.34504,-0.44417107,7.11896323465629e-17,1.8833236070519285e-16
4,FGFBP3,-8.3788,-2.0527563,5.347004616533426e-17,1.4183036118125798e-16
4,SSTR2,-8.4546385,,2.7995333255605205e-17,7.525627219248711e-17
4,MAPT,-8.464312,-1.2648096,2.576696940478263e-17,6.945274772178607e-17
4,POSTN,-8.528253,-0.9308156,1.4857542928182848e-17,4.037375795701861e-17
4,IGF1,-8.55437,-0.44719714,1.1851420823884066e-17,3.238093121279799e-17
4,HIST1H2BG,-8.762539,-0.46236062,1.9090114395648135e-18,5.317580611601152e-18
4,XKR7,-8.768633,,1.8084830332712917e-18,5.051628584556681e-18
4,BRINP3,-8.877168,-0.52805173,6.858461686772838e-19,1.951817253316674e-18
4,LGALS1,-8.909476,-0.7304568,5.127430707498075e-19,1.4691778531513111e-18
4,TANGO6,-8.967032,-0.32701722,3.0461154208344843e-19,8.778430607592175e-19
4,LINC01102,-8.968579,-0.5360268,3.003622060762631e-19,8.6809886149209e-19
4,UBE2C,-8.993731,-2.1706042,2.389784717867051e-19,6.9470485984507295e-19
4,PENK,-9.019558,-0.45525888,1.8884981582541123e-19,5.52192443933951e-19
4,RP11-21B23.2,-9.035035,-0.7992636,1.6394968897645002e-19,4.80790876763783e-19
4,FGF4,-9.104683,1.6293619,8.651890042690446e-20,2.5521799535960014e-19
4,RP4-794H19.1,-9.162142,-1.6922584,5.087720851517013e-20,1.505242855478406e-19
4,CCDC184,-9.185938,-1.0509338,4.0795491265590303e-20,1.2105487022430356e-19
4,BASP1,-9.289056,-0.48019257,1.5566353885781533e-20,4.7028259473660216e-20
4,FAP,-9.360831,-0.47358313,7.911185659318173e-21,2.4046157019204175e-20
4,PCDHA9,-9.3911085,-1.973536,5.9372045023909e-21,1.8101233238996645e-20
4,INA,-9.395752,,5.6810688431722685e-21,1.7373299214594094e-20
4,NHLH1,-9.430769,,4.070933486583887e-21,1.2525949189488883e-20
4,ARL6IP1,-9.477781,-1.1915212,2.5974745044983675e-21,8.016896618822122e-21
4,HBD,-9.485326,-0.6997774,2.4162598749497104e-21,7.503912655123324e-21
4,CH25H,-9.495096,-0.4914941,2.2000796729585338e-21,6.853830756880167e-21
4,WIF1,-9.625396,-0.6665505,6.2466251698295425e-22,1.9767801170346652e-21
4,IFI44L,-9.653642,-0.64749825,4.744060781864406e-22,1.506051041861716e-21
4,LBX1,-9.7213545,-1.4229677,2.4450762211814843e-22,7.836782760197065e-22
4,IL11RA,-9.742538,-0.5645979,1.9853138163772207e-22,6.383645711823861e-22
4,PAK3,-9.796128,-2.2787025,1.1698348702999447e-22,3.785873366666488e-22
4,GSC,-9.843818,-0.6345827,7.289098877612339e-23,2.3742993086685143e-22
4,PTGER2,-9.845076,-0.5449349,7.198517114158712e-23,2.352456573254481e-22
4,STMN4,-9.853201,,6.639499206724603e-23,2.1840457916857246e-22
4,RGS6,-9.901567,-1.5847367,4.098012179207421e-23,1.3569576752342453e-22
4,TWIST2,-9.915013,-0.5796655,3.5820880141417565e-23,1.1900624631700188e-22
4,AGTR2,-9.920527,-0.83727235,3.389615206009659e-23,1.129871735336553e-22
4,LINC00900,-9.962896,-0.6468641,2.2151428182283965e-23,7.408504408790623e-23
4,MPPED2,-10.082361,-0.4874505,6.611796909087596e-24,2.241287087826304e-23
4,PHYHIPL,-10.138079,-1.0047609,3.743890184578772e-24,1.277778219992755e-23
4,HTR3A,-10.148526,,3.364050920613764e-24,1.1520722330869056e-23
4,C19orf45,-10.152299,-1.0357584,3.2364850234263523e-24,1.1121941661258943e-23
4,TUBB4B,-10.155781,-1.0814434,3.1229905139982835e-24,1.0768932806890634e-23
4,PAX1,-10.1907015,-0.83558923,2.181836096014691e-24,7.575819777828789e-24
4,RP11-110I1.14,-10.205792,-1.396712,1.8679087727360914e-24,6.508392936362688e-24
4,SLITRK6,-10.230459,-0.6264647,1.448314666383391e-24,5.081805846959267e-24
4,MFAP4,-10.237327,-0.9039721,1.3491234182066065e-24,4.7504345711500235e-24
4,RTN1,-10.258899,,1.0793102777676014e-24,3.8273414105234095e-24
4,C1QTNF7,-10.279261,-0.68229616,8.73955086302662e-25,3.1101604494756653e-24
4,NEUROD1,-10.303493,,6.794888422869578e-25,2.4267458653105632e-24
4,SNCG,-10.303493,-0.9838773,6.794888422869578e-25,2.4267458653105632e-24
4,CRABP1,-10.322839,-1.2715642,5.5555876574982015e-25,1.9984128264382017e-24
4,NFIA,-10.359887,-0.5303519,3.774062881817133e-25,1.3624775746632247e-24
4,CDCA3,-10.399451,-3.779187,2.4936560793949367e-25,9.100934596331885e-25
4,SLC17A6,-10.406222,,2.32255962993771e-25,8.507544432006262e-25
4,NPPC,-10.407287,,2.29675213215232e-25,8.443941662324705e-25
4,CTB-113D17.1,-10.521044,-0.61814153,6.910347968382141e-26,2.5689025904766324e-25
4,RUNX2,-10.530233,-0.67495716,6.267862934537534e-26,2.3387548263199753e-25
4,GAS2,-10.558577,-0.6408779,4.636393804073506e-26,1.736477080177343e-25
4,LINC00682,-10.5649605,,4.3314943551282865e-26,1.6283813365143934e-25
4,NEUROD4,-10.566412,,4.265020136225779e-26,1.6094415608399166e-25
4,PEG10,-10.580729,-0.6164862,3.6610138545087806e-26,1.3920204769995364e-25
4,CENPF,-10.607717,-1.6534868,2.7437196715677195e-26,1.0472212486899692e-25
4,LRRC17,-10.626386,-0.6441374,2.2464961641181221e-26,8.607264996621158e-26
4,SYP,-10.697775,,1.0425149518984326e-26,4.05342749459615e-26
4,TTC9B,-10.726021,,7.683386028310905e-27,3.024955129256262e-26
4,HS3ST1,-10.771485,-0.78832704,4.693671671734513e-27,1.8625681237041718e-26
4,DBH,-10.785512,,4.029947616068397e-27,1.6055568191507556e-26
4,TLX3,-10.8190775,,2.7957610603873106e-27,1.1183044241549242e-26
4,ELAVL4,-10.878665,,1.456804706864582e-27,5.850621312709165e-27
4,DCX,-10.891337,-2.6847832,1.2676509050819513e-27,5.111495585007868e-27
4,KPNA2,-10.977042,-1.295797,4.9279389134839305e-28,1.9951169690218342e-27
4,TSPAN7,-10.992907,-0.949876,4.133944723433267e-28,1.6804653347289706e-27
4,SCG2,-11.002871,-2.4577518,3.7015932674678896e-28,1.5170464210933974e-27
4,CHGB,-11.021346,,3.015159910046633e-28,1.2408065473442934e-27
4,NUSAP1,-11.024925,-2.0262053,2.8975926336037486e-28,1.1973523279354334e-27
4,PTTG1,-11.059652,-1.4232448,1.9685921083836586e-28,8.168431984994434e-28
4,CPA5,-11.078321,-0.5386887,1.5984058821147957e-28,6.660024508811649e-28
4,PGM5-AS1,-11.088188,-1.4134487,1.4315744766021831e-28,5.989851366536331e-28
4,ELAVL2,-11.108115,,1.1455158264416475e-28,4.833400111568133e-28
4,DNM3OS,-11.178827,-0.6478241,5.176967603417766e-29,2.22187450790462e-28
4,FAM102B,-11.216263,-0.839001,3.3930897730365666e-29,1.4752564230593766e-28
4,NEFM,-11.252151,-2.3171906,2.260132636942734e-29,9.869574833811065e-29
4,DLL3,-11.276527,-1.1008878,1.7137866143073525e-29,7.516607957488388e-29
4,GADD45G,-11.352753,-0.8192066,7.186408650476059e-30,3.2082181475339547e-29
4,NUPR1,-11.380611,-1.6614145,5.2232107732292544e-30,2.3741867151042065e-29
4,NKX2-8,-11.433718,,2.8369611164584964e-30,1.3134079242863408e-29
4,TUBB2A,-11.454709,-2.5669615,2.2271006996865603e-30,1.0358607905518885e-29
4,CHGA,-11.460126,,2.0921024375339803e-30,9.776179614644769e-30
4,AURKA,-11.477247,-5.110274,1.716581897780413e-30,8.097084423492515e-30
4,ADAMTSL1,-11.482181,-0.6613149,1.621380401521472e-30,7.684267305788966e-30
4,PPP1R17,-11.496497,,1.3737764140984531e-30,6.541792448087872e-30
4,RP11-247C2.2,-11.499593,-3.7217224,1.3253897317245376e-30,6.341577663753769e-30
4,MIAT,-11.539737,-2.526349,8.31790837071131e-31,4.01831322256585e-30
4,EPHA5-AS1,-11.559567,-0.94370973,6.604072834376083e-31,3.205860599211691e-30
4,CLEC3A,-11.582686,,5.0440175702288005e-31,2.4604963757213662e-30
4,IFI44,-11.595165,-0.8308845,4.36024768811732e-31,2.1479052650824238e-30
4,TOP2A,-11.640243,-2.3989375,2.5728327011388225e-31,1.2928807543411167e-30
4,APCDD1,-11.672068,-0.6864887,1.7706697258589242e-31,8.94277639322689e-31
4,TH,-11.683772,,1.542930594744714e-31,7.832134998704131e-31
4,HMP19,-11.688126,,1.4658682323372268e-31,7.478919552740953e-31
4,CREB5,-11.739877,-0.62778455,7.960195620312084e-32,4.103193618717569e-31
4,C7,-11.75816,-0.98484635,6.411657900242249e-32,3.322102538985621e-31
4,NEFL,-11.762126,-7.9606953,6.117442406232384e-32,3.1861679199127e-31
4,DPT,-11.777797,-1.2870312,5.080387794667203e-32,2.702333933333619e-31
4,HBE1,-11.827904,-1.3122731,2.800474354457238e-32,1.4975798686937102e-31
4,RP11-231G3.1,-11.878108,-1.8932576,1.5380870278354835e-32,8.269285095889697e-32
4,SYT4,-11.883525,-1.7182877,1.4415673222735692e-32,7.792255796073348e-32
4,EBF1,-11.890006,-0.88054127,1.3339625677723386e-32,7.249796563980101e-32
4,OLIG2,-11.91448,,9.948507636501506e-33,5.43634297076585e-32
4,RP11-290H9.5,-11.954431,-0.8413538,6.1554100535800234e-33,3.3820934360329797e-32
4,AGAP2,-11.955108,-1.2170713,6.105442445420116e-33,3.3731726217790696e-32
4,DOK5,-11.994575,-0.7292307,3.79361140997343e-33,2.1193359832253798e-32
4,RP11-802E16.3,-11.995058,-0.95430446,3.7715166067337776e-33,2.118829554344819e-32
4,CENPA,-12.005989,-2.8390756,3.3048900332625404e-33,1.8671695103178196e-32
4,SNAP25,-12.014695,-1.9235349,2.9746506604346577e-33,1.6998003773912332e-32
4,INSM1,-12.154087,,5.456801792765568e-34,3.191112159512028e-33
4,EPYC,-12.164437,-1.4906279,4.807462771849612e-34,2.8446525277216636e-33
4,INHBA,-12.169468,-0.9656121,4.520218772156075e-34,2.6906064119976637e-33
4,AC140912.1,-12.198487,-1.5440497,3.1665182641167834e-34,1.919101978252596e-33
4,MAB21L1,-12.283031,-0.9688759,1.1173131098885724e-34,6.939832980674363e-34
4,RP11-382A20.7,-12.288448,-1.1720533,1.0449188609225713e-34,6.530742880766071e-34
4,ELAVL3,-12.329464,,6.286388211952702e-35,3.953703277957674e-34
4,HS3ST2,-12.339427,,5.554982373161248e-35,3.515811628583068e-34
4,CDKN3,-12.341168,-2.2283623,5.436139421300047e-35,3.4625091855414314e-34
4,ANGPTL1,-12.346972,-0.48142445,5.057945461131011e-35,3.242272731494238e-34
4,CCNB1,-12.380152,-2.1176314,3.3471052715973024e-35,2.17344498155669e-34
4,PLK1,-12.45628,-3.441104,1.2926054236285049e-35,8.503983050187533e-35
4,OGN,-12.705077,-1.312769,5.541494796180593e-37,3.821720549090064e-36
4,ZCCHC12,-12.790976,-1.0471381,1.8414762288069988e-37,1.2877456145503489e-36
4,CCNB2,-12.906281,-1.4705842,4.1485829553268235e-38,2.963273539519159e-37
4,SFRP2,-12.942653,-1.4902579,2.585458366178675e-38,1.8735205552019381e-37
4,HOXC6,-13.081561,-0.95089525,4.1973180237235014e-39,3.179786381608713e-38
4,OLFM1,-13.207991,,7.890268267227531e-40,6.212809659234277e-39
4,TAGLN3,-13.244459,-3.213396,4.8577051914118016e-40,3.886164153129441e-39
4,ONECUT1,-13.304239,,2.1870648123403196e-40,1.8074915804465452e-39
4,ZNF385D,-13.305884,-0.91408044,2.13947085149239e-40,1.7828923762436583e-39
4,TNMD,-13.324843,-1.0126002,1.659798087048691e-40,1.3947883084442781e-39
4,NEK2,-13.355701,-2.5536032,1.0971953399230954e-40,9.298265592568606e-40
4,CDC20,-13.49432,-2.1001623,1.6890720284037997e-41,1.456096576210172e-40
4,LHX9,-13.53427,-1.1198734,9.81522750092498e-42,8.686042036216796e-41
4,CHN1,-13.576349,-1.3061641,5.531577654334997e-42,4.938908619941962e-41
4,VWC2,-13.589891,-1.22411,4.5976070191973586e-42,4.141988305583206e-41
4,HES6,-13.643868,-2.258739,2.1959544237382752e-42,2.0146370859984177e-41
4,MEGF11,-13.647931,-1.1151173,2.0769114497210526e-42,1.9230661571491227e-41
4,ARPP21,-13.653832,-1.7670398,1.915357750155154e-42,1.7900539721076206e-41
4,APOL4,-13.901468,-1.2768807,6.205549548269914e-44,6.205549548269914e-43
4,ZFHX4-AS1,-13.908336,-0.8709186,5.637585019712772e-44,5.694530322942193e-43
4,ASCL1,-13.929037,,4.2200852870301385e-44,4.306209476561366e-43
4,NEUROG1,-13.939484,,3.6456692329579073e-44,3.758421889647327e-43
4,RP11-510C10.2,-13.982723,-1.7828647,1.9873496519157956e-44,2.070155887412287e-43
4,TUBB2B,-14.020062,-1.4622198,1.1751146341205157e-44,1.263564122710232e-43
4,ASPN,-14.123276,-1.2347759,2.729986431633654e-45,2.999985089707312e-44
4,TOX,-14.2170105,-0.74612767,7.185793836896582e-46,8.073925659434363e-45
4,RIT2,-14.278532,-1.8152647,2.9780759470634275e-46,3.3841772125720766e-45
4,LA16c-312E8.2,-14.288737,-0.953985,2.5723011829183543e-46,2.9566680263429364e-45
4,VIM,-14.397611,-1.1038077,5.3563712580244915e-47,6.301613244734695e-46
4,HSPA6,-14.453909,-1.4912696,2.3685369051741537e-47,2.9241196360174735e-46
4,TUBA1A,-14.608778,-1.1443591,2.4690690966868432e-48,3.086336370858554e-47
4,HOXC10,-14.613131,-1.0817565,2.316239294399927e-48,2.9319484739239584e-47
4,MAP1B,-14.718957,-1.7155596,4.87117917353137e-49,6.426523603883394e-48
4,C8orf46,-14.754555,-4.7910366,2.8758496415502857e-49,3.8862832993922783e-48
4,SRBD1,-14.798278,-0.4480489,1.50281983887315e-49,2.1166476603847184e-48
4,GNG3,-14.868699,-4.411469,5.262609969685495e-50,7.626970970558688e-49
4,NTNG1,-14.923547,-1.5282267,2.3162804974653583e-50,3.4571350708438184e-49
4,NTM,-15.028018,-1.5605592,4.8118979922261123e-51,7.402919988040172e-50
4,HOXC9,-15.035853,-1.3612732,4.27504364586568e-51,6.679755696665125e-50
4,SP9,-15.077255,,2.2857688120306447e-51,3.6282044635407056e-50
4,CBLN4,-15.174471,,5.219662256140843e-52,8.556823370722693e-51
4,GRIA2,-15.176889,-1.844139,5.030780059578871e-52,8.384633432631451e-51
4,FABP7,-15.302449,-1.1546668,7.363318422221634e-53,1.2480200715629888e-51
4,NNAT,-15.725267,-1.0307109,1.015207602376243e-55,1.990603141914202e-54
4,ATOH1,-16.114521,,2.0172271427627982e-58,4.6912259134018564e-57
4,NOV,-16.472626,-0.67435175,5.771065134571378e-61,1.5187013512029942e-59
5,PHACTR3,23.722311,3.2064755,2.1224262475178056e-124,5.306065618794514e-122
5,GSTA1,22.34847,1.0369445,1.2495032405481067e-110,2.082505400913511e-108
5,DLX1,21.564465,4.3690863,3.8737317216209215e-103,3.521574292382656e-101
5,NPR3,20.633463,0.844802,1.3744884977222214e-94,7.6360472095678974e-93
5,CTB-113D17.1,20.282701,0.65133387,1.828087402735008e-91,8.309488194250038e-90
5,LBX1,19.195751,1.1398605,4.016390656124364e-82,1.43442523433013e-80
5,MT-CO1,18.87174,0.5432049,1.9477964373117477e-79,6.492654791039159e-78
5,TFAP2B,18.75888,2.675365,1.638115091681655e-78,4.963985126308045e-77
5,DLX2,18.421549,2.6727808,8.824188646823164e-76,2.3221549070587275e-74
5,MGC16275,18.23718,1.4207646,2.6160509960329703e-74,6.380612185446269e-73
5,MEOX2,18.073418,0.72877747,5.161507304995175e-73,1.2003505360453898e-71
5,DLX5,17.549019,1.1759943,6.051726767547297e-69,1.1206901421383884e-67
5,PLP1,17.353922,,1.8422483714816363e-67,3.289729234788636e-66
5,BGN,17.34426,0.5721261,2.179671769386178e-67,3.8239855603266276e-66
5,MPZ,17.280247,,6.626430601078102e-67,1.1424880346686381e-65
5,DPT,17.175701,0.84321535,4.037496268350582e-66,6.72916044725097e-65
5,FGFBP2,16.99215,0.7294514,9.388393758447874e-65,1.5390809440078483e-63
5,RFTN2,16.966715,0.57879376,1.4480924374765532e-64,2.33563296367186e-63
5,MOXD1,16.432156,1.3508991,1.1258433484409539e-60,1.608347640629934e-59
5,SIX1,16.393578,0.6881257,2.125595142974533e-60,2.9522154763535184e-59
5,HOXA9,16.339865,0.7472703,5.136612980547093e-60,6.941368892631207e-59
5,PRSS56,16.287006,,1.2205958772760168e-59,1.6060472069421273e-58
5,FOXS1,15.903778,2.7847393,5.965635323269195e-57,7.018394497963759e-56
5,LAMA4,15.875501,0.5763321,9.366030268056136e-57,1.0765552032248433e-55
5,DSG3,15.858592,0.7152867,1.2261280635089962e-56,1.3933273448965868e-55
5,GRIA2,15.789818,0.8224268,3.6563397655496933e-56,3.9315481349996705e-55
5,EDNRA,15.720405,0.6780422,1.0962114140737385e-55,1.1539067516565668e-54
5,FIGF,15.670103,0.8145177,2.421853532820363e-55,2.522764096687878e-54
5,TAC1,15.653194,0.46019828,3.1595535716395417e-55,3.257271723339734e-54
5,CTSK,15.542502,0.54921675,1.788603848888637e-54,1.7535331851849384e-53
5,SERTAD4,15.433374,0.6180042,9.762999977873657e-54,9.210377337616658e-53
5,C1QTNF7,15.390604,0.62742954,1.892586098519272e-53,1.7477943806613304e-52
5,RP11-21B23.2,15.390178,0.7420819,1.90509587492085e-53,1.7477943806613304e-52
5,CXCL12,15.337176,0.6289878,4.315646592748358e-53,3.9233150843166886e-52
5,SPP1,14.994089,7.5958343,8.025625301603177e-51,6.688021084669314e-50
5,TWIST2,14.898531,0.6785275,3.369077708417212e-50,2.76153910526001e-49
5,SLITRK6,14.893344,0.57356566,3.640937220404869e-50,2.9362396938748945e-49
5,CLEC1A,14.744003,0.68772507,3.362495839830831e-49,2.6476345195518354e-48
5,LRRC17,14.558072,0.57378733,5.1900812700637726e-48,3.9318797500483123e-47
5,LINC01102,14.529014,0.5788432,7.935447375278831e-48,5.966501785923933e-47
5,CBLN4,14.062802,1.1155849,6.428934305202537e-45,4.527418524790519e-44
5,EPHA5-AS1,13.874101,0.58309567,9.092632194551164e-44,6.102437714463869e-43
5,PTHLH,13.814208,0.60488594,2.0924314971955376e-43,1.3857162233083032e-42
5,TMSB4X,13.68341,0.5987076,1.275671608569246e-42,8.12529686986781e-42
5,S100B,13.616342,2.1978216,3.2021184507730994e-42,2.0266572473247465e-41
5,TSPAN8,13.571226,0.83143264,5.932108737008145e-42,3.73088599811833e-41
5,SOSTDC1,13.569379,0.35741752,6.083510270436352e-42,3.8021939190227197e-41
5,ACTG2,13.481138,0.5950888,2.0196597355234398e-41,1.2467035404465677e-40
5,HOXC10,13.380252,0.55585843,7.888002109271247e-41,4.751808499560992e-40
5,CHCHD2,13.358085,0.24470581,1.0626316848918509e-40,6.3630639813883284e-40
5,TNFAIP6,13.30352,0.5520068,2.2082100604756417e-40,1.3066331718790778e-39
5,ZNF385D,13.251834,0.51942295,4.4031200210659275e-40,2.5749239889274428e-39
5,GAS2,13.251087,0.530774,4.447110639825589e-40,2.5855294417590637e-39
5,ASCL4,13.233823,2.0376086,5.596648168107408e-40,3.2350567445707564e-39
5,IFI44,13.232189,0.5577449,5.719685728237931e-40,3.2871757058838685e-39
5,CPED1,13.079935,0.5995417,4.2880725106669144e-39,2.3560837970697335e-38
5,PTX3,12.985513,0.52255857,1.4784392735965657e-38,7.906092372174148e-38
5,PRRX1,12.980469,0.6330093,1.579110676347862e-38,8.399524874190756e-38
5,HOXA7,12.97919,0.563973,1.6056978649084589e-38,8.451041394255046e-38
5,GATA3,12.888463,0.58695227,5.227550769142813e-38,2.7226826922618815e-37
5,WIF1,12.806047,0.61717856,1.5166453786804934e-37,7.737986625920885e-37
5,HDAC9,12.79326,0.4985436,1.7881410425614988e-37,9.076858084068522e-37
5,HOXA10,12.78516,0.6619548,1.984539789130806e-37,1.0022928227933364e-36
5,PTGER2,12.760009,0.5465785,2.741684098870717e-37,1.377730702950109e-36
5,EPYC,12.705232,0.6690873,5.5305258994185025e-37,2.7515054225962697e-36
5,CRYM,12.615784,0.6797108,1.7283033864399217e-36,8.555957358613473e-36
5,HSPA6,12.586157,0.44571415,2.5162952482309177e-36,1.2395543094733585e-35
5,RP11-343L5.2,12.573936,0.7884798,2.9372590857671754e-36,1.4328093101303297e-35
5,IFI44L,12.444418,0.53560233,1.4997442128191584e-35,7.245141124730234e-35
5,AGAP2,12.435324,0.60292274,1.68059043463996e-35,8.041102558085934e-35
5,KLF4,12.378095,0.4367662,3.4339719794635053e-35,1.6121934175885002e-34
5,FHL2,12.346941,0.53774357,5.059917228310115e-35,2.3534498736326114e-34
5,SPOCK3,12.316248,0.44745168,7.406022735708847e-35,3.428714229494837e-34
5,HBZ,12.26339,0.8861359,1.4241618885648146e-34,6.5030223222137655e-34
5,MLLT11,12.239801,0.44499558,1.9049782579070554e-34,8.619811121751383e-34
5,GATA2,12.2144375,0.5083593,2.602949004440238e-34,1.1672417060270125e-33
5,NGF,12.139056,0.4017858,6.557775101510884e-34,2.927578170317359e-33
5,HOXC9,12.132875,0.5277094,7.072172586404156e-34,3.143187816179625e-33
5,ALCAM,12.116748,0.46323892,8.610874748266973e-34,3.810121570029634e-33
5,INHBA,12.079519,0.5381309,1.3551005498181974e-33,5.891741520948684e-33
5,SERPINE2,11.942327,0.2673587,7.120298164259114e-33,3.0428624633585956e-32
5,IGF1,11.922576,0.5389336,9.027375911063107e-33,3.8090193717565854e-32
5,RUNX2,11.880622,0.51776445,1.492519887645375e-32,6.271091964896534e-32
5,GABRB1,11.864317,0.485723,1.813765459752098e-32,7.525997758307461e-32
5,NENF,11.856075,0.38293186,2.001377965507908e-32,8.236123314847358e-32
5,CRYL1,11.844424,0.40530336,2.2999369684359778e-32,9.425971182114663e-32
5,TNMD,11.79874,0.4522738,3.961973680369595e-32,1.6105584066543069e-31
5,PCSK9,11.791067,0.62088424,4.3400561567265115e-32,1.7571077557597212e-31
5,ZFHX4-AS1,11.728972,0.4117788,9.055165259087825e-32,3.6366125538505324e-31
5,LA16c-312E8.2,11.62638,0.3922143,3.0266292103265716e-31,1.2058283706480364e-30
5,TANGO6,11.580341,0.2473266,5.183926649081985e-31,2.0571137496357084e-30
5,FAP,11.572882,0.4932229,5.655106627831354e-31,2.235220011000535e-30
5,BASP1,11.38283,0.40200487,5.092003922065133e-30,1.973644931032997e-29
5,AC140912.1,11.313062,0.6999729,1.1307376017232203e-29,4.3323279759510356e-29
5,EDN3,11.306525,0.61103165,1.2181875022919865e-29,4.649570619435063e-29
5,RP11-1109F11.5,11.266028,0.41397995,1.930844356786955e-29,7.313804381768769e-29
5,RAB27B,11.168267,0.48855373,5.830709636206343e-29,2.1515533712938536e-28
5,NUPR1,11.115976,0.27162173,1.0489649478675596e-28,3.842362446401317e-28
5,OSR2,11.115976,0.4948657,1.0489649478675596e-28,3.842362446401317e-28
5,WFDC1,11.110435,0.6366097,1.1161448715322227e-28,4.073521428949718e-28
5,ID3,11.104822,0.72564,1.1885359052556642e-28,4.321948746384233e-28
5,DMRT2,11.033775,0.4104944,2.6260551656650054e-28,9.514692629221034e-28
5,MSX2,11.006848,0.457184,3.5417830131025933e-28,1.2694562770977035e-27
5,C7,10.943474,0.47129476,7.141005889411346e-28,2.5503592462183378e-27
5,TIMP3,10.934451,0.33742225,7.888196085477036e-28,2.797232654424481e-27
5,S100A11,10.897542,0.7306351,1.1841294999392108e-27,4.169470070208489e-27
5,DNM3OS,10.873066,0.4953978,1.5490566600264861e-27,5.435286526408724e-27
5,HOXB9,10.86241,1.1830596,1.7409469538280503e-27,6.08722711128689e-27
5,FAM102B,10.842302,0.36467886,2.1694053786066655e-27,7.558903758211379e-27
5,LGALS1,10.829869,0.5987611,2.48509193783344e-27,8.628791450810556e-27
5,SRGN,10.826175,0.9061683,2.587388091799592e-27,8.922027902757214e-27
5,SMAGP,10.814168,0.31190732,2.9495658212241646e-27,1.0135965021388883e-26
5,ACTG1,10.768698,0.19400437,4.837949237747738e-27,1.6568319307355268e-26
5,CRABP2,10.708165,0.73078024,9.319000131075109e-27,3.1589830952796983e-26
5,OR8S1,10.667598,0.4789373,1.443091658984641e-26,4.8753096587318955e-26
5,MAB21L1,10.536587,0.48170874,5.858688570910973e-26,1.9528961903036577e-25
5,BDNF,10.521809,0.4607567,6.854488193209984e-26,2.269698077221849e-25
5,HIST1H4C,10.46966,1.0755743,1.190697443414935e-25,3.929694532722558e-25
5,CPA5,10.335523,0.2877179,4.867497426463802e-25,1.5752418855869908e-24
5,PAX1,10.290834,0.5043911,7.750193042448872e-25,2.4920234863179653e-24
5,PGF,10.279751,0.34489998,8.69520336072415e-25,2.7869241540782534e-24
5,CXCL14,10.221137,0.44885,1.5945948657522794e-24,5.078327597937195e-24
5,PLK2,10.0442295,0.38837942,9.740602325325771e-24,3.043938226664303e-23
5,CTSC,9.97709,0.33933666,1.9201608593109653e-23,5.908187259418355e-23
5,CAPN3,9.967285,2.6984258,2.1194270128278614e-23,6.501309855300188e-23
5,ID2,9.928174,0.5901408,3.139527513947117e-23,9.571730225448527e-23
5,LHX9,9.8862915,0.4323822,4.7738626206173666e-23,1.437910427896797e-22
5,IBSP,9.879258,,5.121082294172103e-23,1.5378625508024331e-22
5,ADAMTSL1,9.81908,0.4070433,9.318942350671728e-23,2.7901025002011157e-22
5,GPRC5A,9.807856,0.33957544,1.0415875285092059e-22,3.109216503012555e-22
5,SHOX,9.788815,0.50354975,1.2576154928620932e-22,3.7429032525657536e-22
5,AMBN,9.705832,0.39266187,2.8474505929892807e-22,8.424410038429824e-22
5,CTSS,9.680183,0.37990087,3.660586048318313e-22,1.0798188933092368e-21
5,RP11-559M23.1,9.554004,0.4859729,1.2477884082087814e-21,3.595932012129053e-21
5,EBF1,9.469102,0.43433425,2.822593277493239e-21,7.996014950405777e-21
5,RBP4,9.412123,0.42165905,4.862185961546015e-21,1.3696298483228212e-20
5,SLPI,9.367505,0.73539984,7.426755872020009e-21,2.0745128134134105e-20
5,LINC00562,9.342496,0.36292645,9.408939180683108e-21,2.6208744235886095e-20
5,DLX6-AS1,9.274433,0.66184026,1.7856661379570065e-20,4.905676203178589e-20
5,RPL10,9.271058,0.11640942,1.8430846242680307e-20,5.049546915802824e-20
5,L1TD1,9.253048,0.8252213,2.1818129555742698e-20,5.961237583536256e-20
5,MYL3,9.211841,0.2425384,3.2058116731462337e-20,8.71144476398433e-20
5,RP13-941N14.1,9.187471,0.6943615,4.021855058519673e-20,1.0869878536539657e-19
5,ACAT2,9.128857,0.6350912,6.922627729085286e-20,1.8559323670469935e-19
5,CYTL1,9.078272,0.45059192,1.1031280264353845e-19,2.9260690356376244e-19
5,LYZ,9.012979,0.40690914,2.0053366316517208e-19,5.249572334166808e-19
5,APOL4,8.995004,0.36219567,2.362234698803867e-19,6.167714618286859e-19
5,HOXD11,8.909392,0.52915096,5.131310249558197e-19,1.3328078570281032e-18
5,CREB5,8.902572,0.29916516,5.456743704128332e-19,1.4136641720539718e-18
5,HOXC6,8.831951,0.29181233,1.0286578425991475e-18,2.658030601031389e-18
5,CXCL2,8.825769,0.48032802,1.0870963240443813e-18,2.8017946495989207e-18
5,KRT17,8.793443,0.28707537,1.4504506363607061e-18,3.719104195796682e-18
5,ALX1,8.648862,0.45805997,5.201550735136393e-18,1.316848287376302e-17
5,IL11RA,8.609005,0.4638733,7.369773687129448e-18,1.8517019314395595e-17
5,TMEM100,8.586127,0.3918935,8.994997641856808e-18,2.2543853738989494e-17
5,DKK2,8.559769,0.3397855,1.1309407963248482e-17,2.820301237717826e-17
5,RP11-231G3.1,8.520693,0.56729996,1.5860165134766866e-17,3.935524847336691e-17
5,ASPN,8.450853,0.35166898,2.891811213904379e-17,7.122687718976303e-17
5,EMCN,8.43501,0.3598683,3.311747873857285e-17,8.117029102591386e-17
5,HS3ST1,8.397639,0.32699832,4.555449203227271e-17,1.1110851715188467e-16
5,NTF3,8.341938,0.2928483,7.308274659026925e-17,1.7781690167948725e-16
5,RAMP2,8.330286,0.22678773,8.064708779000133e-17,1.9574535871359547e-16
5,PLAU,8.305064,0.38671455,9.97652091318664e-17,2.40398094293654e-16
5,HOXC5,8.271175,0.4012907,1.3264516996204744e-16,3.180939327627037e-16
5,RP11-61A14.1,8.225137,0.27703232,1.9496882976943682e-16,4.664326071039159e-16
5,FILIP1L,8.215118,0.21556874,2.1195439601314944e-16,5.058577470480894e-16
5,JUN,8.147482,0.29733047,3.715807799432799e-16,8.826146792001898e-16
5,CTD-2521M24.8,8.13448,0.24232921,4.1370970846388944e-16,9.80354759393103e-16
5,VWC2,8.12258,0.37000293,4.563774052290738e-16,1.0789063953406e-15
5,CH25H,8.100235,0.2815325,5.485294251775916e-16,1.2937014744754519e-15
5,TSLP,8.053984,0.79382676,8.014191911185162e-16,1.885692214396509e-15
5,ATAD3C,8.018105,0.5393825,1.073891489495415e-15,2.5149683594740402e-15
5,RP11-382A20.7,8.01441,0.364878,1.1066663331215097e-15,2.58566900262035e-15
5,NNAT,7.983931,0.32823268,1.4174515059810088e-15,3.296398851118625e-15
5,COL6A3,7.9693666,0.19132733,1.5948990653853139e-15,3.7004618686434194e-15
5,TBX2-AS1,7.9577146,0.41595343,1.7524588300198354e-15,4.056617662082952e-15
5,VWF,7.941374,0.519905,1.9995404470189716e-15,4.6178763210599804e-15
5,AGTR2,7.914518,0.3637204,2.4821285738648562e-15,5.706042698539899e-15
5,HIP1R,7.816118,0.21394317,5.447749090906087e-15,1.2353172541737158e-14
5,PMP22,7.782299,0.28312576,7.121824260866862e-15,1.6076352733333775e-14
5,TBX3,7.7787466,0.42378864,7.324652657670696e-15,1.649696544520427e-14
5,GLT8D2,7.750541,0.47475657,9.150187040660908e-15,2.0470217093201135e-14
5,S100A9,7.741234,0.4717574,9.845664688346568e-15,2.1927983715693916e-14
5,RP11-290H9.5,7.703437,0.29120678,1.324547412459245e-14,2.9434386943538776e-14
5,C8orf4,7.696545,0.41909486,1.3979446093055616e-14,3.09965545300568e-14
5,IER2,7.6642895,0.3209338,1.7982362350140268e-14,3.969616412834496e-14
5,SULT1E1,7.6492276,0.26096755,2.021899944730977e-14,4.453524107336953e-14
5,ECEL1,7.648375,1.2375076,2.0353477574350375e-14,4.4732917745825e-14
5,FBLN2,7.6166883,0.27674025,2.6026733248267747e-14,5.707616940409594e-14
5,CA9,7.597079,0.28212827,3.0288963034294775e-14,6.627781845578726e-14
5,SNAI2,7.595516,0.41568843,3.065684234463536e-14,6.693633699702044e-14
5,LUM,7.5601344,0.6011488,4.02652926332167e-14,8.753324485481892e-14
5,NPPC,7.559495,0.7181652,4.04637155172295e-14,8.777378637143058e-14
5,BRINP3,7.5111117,0.27732223,5.862726255036917e-14,1.2662475712822715e-13
5,COLEC10,7.501805,0.9724396,6.294511559737805e-14,1.3565757671848717e-13
5,CORIN,7.470615,0.27413544,7.982090162704469e-14,1.7128948847005297e-13
5,ALPK1,7.465002,0.363194,8.329820228863982e-14,1.7836874151743e-13
5,FOXD3-AS1,7.3614864,,1.8187350313959684e-13,3.877899853722747e-13
5,NFKBIA,7.324258,0.14488149,2.40224689152661e-13,5.111163598992788e-13
5,ID1,7.3150215,0.4865787,2.5734008518269127e-13,5.452120448785833e-13
5,PEG10,7.246248,0.35190836,4.284757414064725e-13,9.00159120601833e-13
5,XKR7,7.0360193,1.678001,1.9780979504633745e-12,4.086979236494575e-12
5,PCAT14,7.0019164,4.762907,2.524846204810002e-12,5.184489126919922e-12
5,HBD,6.9899096,0.348086,2.750636507469887e-12,5.636550220225178e-12
5,OSR1,6.9541016,0.33648854,3.5481562242125583e-12,7.2263874220215036e-12
5,SRPX,6.951899,0.028041767,3.604008389834041e-12,7.325220304540734e-12
5,RP11-510C10.2,6.922983,0.3489009,4.422308440125082e-12,8.970199675710106e-12
5,PRR9,6.8968377,1.2228476,5.317289808003898e-12,1.0741999612129087e-11
5,SNCG,6.8471403,0.44318756,7.534092792191812e-12,1.5159140426945296e-11
5,VGLL1,6.8004265,0.38990638,1.0430984002840124e-11,2.0945751009719126e-11
5,SFRP4,6.798437,0.34271586,1.0576007259628269e-11,2.1194403325908356e-11
5,CYP1A1,6.790267,0.36056182,1.1192636087672095e-11,2.238527217534419e-11
5,OGN,6.5353494,0.316575,6.346121862462219e-11,1.256657794546974e-10
5,HPGD,6.51098,0.3483864,7.466199231271553e-11,1.4755334449153265e-10
5,CCL2,6.4568424,0.28228357,1.069102656595935e-10,2.1086837408203845e-10
5,RBP1,6.3943915,0.3351648,1.611877415466982e-10,3.1667532720372924e-10
5,GSC,6.337696,0.24426961,2.332263879621801e-10,4.5641171812559704e-10
5,CYP26B1,6.316595,0.22275716,2.673891049504334e-10,5.222443456063153e-10
5,KLF6,6.3026695,0.20074257,2.9256184807859064e-10,5.702960001531981e-10
5,CLDN7,6.2703433,-0.119708985,3.6025302870254123e-10,7.008813787987184e-10
5,WNT10A,6.265725,0.275883,3.7109428262596876e-10,7.205714225746966e-10
5,HLF,6.2586913,0.43625352,3.882209336546884e-10,7.523661504935822e-10
5,EMP1,6.1968093,0.25573167,5.761920834489824e-10,1.1144914573481285e-09
5,CTD-2339F6.1,6.088249,0.42367443,1.1415206805725981e-09,2.191018580753547e-09
5,NFIB,6.0164204,0.25939423,1.7831600364409504e-09,3.409483817286712e-09
5,RP11-110I1.14,6.0137916,0.37529808,1.8123329617551172e-09,3.4520627842954614e-09
5,NTS,5.9637036,,2.4658406012957636e-09,4.6879098883949875e-09
5,HES6,5.956812,0.23180874,2.5720600691191767e-09,4.880569391117982e-09
5,CTD-2314G24.2,5.9442368,0.94656426,2.7774830476292503e-09,5.260384559903883e-09
5,ALX3,5.9411106,0.3970084,2.830977790927938e-09,5.351564822170015e-09
5,RP4-794H19.1,5.871413,0.13460796,4.320959890284712e-09,8.106866585900023e-09
5,MLANA,5.848394,1.0499134,4.963422707753657e-09,9.277425621969451e-09
5,TBX5,5.838518,0.30217853,5.266710816247033e-09,9.825953015386256e-09
5,MX1,5.7887144,0.22146583,7.092727213351747e-09,1.3208058125422248e-08
5,COL1A2,5.7659793,0.388889,8.1185139424748e-09,1.5087583359399992e-08
5,TOX,5.765695,0.16427137,8.132207430716597e-09,1.5087583359399992e-08
5,COL1A1,5.7528353,0.1676988,8.77589620379577e-09,1.625165963665883e-08
5,KRT23,5.7259083,0.18129805,1.0288170648913773e-08,1.898186466589257e-08
5,ITM2A,5.690243,0.185741,1.2685891350640801e-08,2.3319653218089707e-08
5,RIT2,5.666868,0.35080355,1.4543112800287769e-08,2.668461064272985e-08
5,TGFBI,5.6503854,0.36263978,1.600886560959012e-08,2.9320266684230984e-08
5,MSC,5.588645,0.34030753,2.2884797499017213e-08,4.160872272548584e-08
5,TRAC,5.5647736,0.51817226,2.6249337336153016e-08,4.7553147348103284e-08
5,BARX2,5.5533347,0.14237812,2.8027063481426108e-08,5.059036729499297e-08
5,CCBE1,5.5458746,0.28770742,2.92488102070905e-08,5.270055893169459e-08
5,NOV,5.54147,0.12946174,2.9994321997481825e-08,5.394662229762918e-08
5,HHIP,5.51298,0.2602083,3.5280850150158595e-08,6.311422209330696e-08
5,PHLDA1,5.5037436,0.13841183,3.718098001776664e-08,6.639460717458328e-08
5,C2orf54,5.445059,0.045056015,5.178828164023641e-08,9.198629065761353e-08
5,AF131217.1,5.3752193,0.32266244,7.648950114092468e-08,1.351404613797256e-07
5,ZNF592,5.3549,0.14347546,8.560381421707799e-08,1.5071094052302463e-07
5,TACSTD2,5.2598386,0.004108641,1.4418183660104272e-07,2.511878686429316e-07
5,S100A8,5.208472,0.3199078,1.9040254586576326e-07,3.3055997546139455e-07
5,HES2,5.1839604,0.14887255,2.172232463804856e-07,3.7452283858704414e-07
5,MFAP4,5.170319,0.3777606,2.336944925569548e-07,4.0222804226670364e-07
5,HS3ST2,5.109645,0.5594344,3.2276493491797684e-07,5.507934042968888e-07
5,PLAT,5.0621853,0.103927314,4.1447783201248e-07,7.04894272130068e-07
5,POU4F1,5.022328,1.192233,5.104895161314938e-07,8.623133718437396e-07
5,LTB,4.980197,0.18855073,6.351963597546322e-07,1.0657657042862958e-06
5,VTCN1,4.9225063,0.1041166,8.544272991535637e-07,1.4216760385250645e-06
5,GPC3,4.8933773,0.31559938,9.912020580613152e-07,1.6465150466134805e-06
5,POSTN,4.882791,0.06368971,1.0459466547541738e-06,1.731699759526778e-06
5,PPP1R17,4.847481,1.9524213,1.250392378248565e-06,2.063353759486081e-06
5,OLFML3,4.8399496,0.10457118,1.298720454803981e-06,2.1360533796118108e-06
5,CRABP1,4.7599506,0.3954436,1.9364048703497915e-06,3.1692387403433575e-06
5,RP11-407N17.5,4.732171,0.1322349,2.2213116329742383e-06,3.6236731369889695e-06
5,TUBA1B,4.7258477,0.22108923,2.291572547682859e-06,3.7322028463890215e-06
5,TINAGL1,4.6908927,-0.04466338,2.7201579013179993e-06,4.401550002132685e-06
5,CTHRC1,4.6815853,0.19947259,2.8466479665513652e-06,4.5987850832816885e-06
5,CENPF,4.672847,-0.29265594,2.9705368157680374e-06,4.775782662006491e-06
5,ERP27,4.6618342,-0.03398346,3.1340355941765387e-06,5.0305547258050385e-06
5,MMP10,4.6270566,0.50197756,3.708991152386537e-06,5.924905994227695e-06
5,NUSAP1,4.583043,-0.14488518,4.582580138219801e-06,7.2855010146578715e-06
5,CDK1,4.5493665,0.14521363,5.380765673522416e-06,8.5138697365861e-06
5,TOP2A,4.5011964,-0.28333485,6.757200321874352e-06,1.0658044671726108e-05
5,KPNA2,4.4352646,-0.25574124,9.195923841726512e-06,1.4458999751142315e-05
5,COL9A3,4.360239,0.14240597,1.2992057717712519e-05,2.033185871316513e-05
5,CGA,4.242727,-0.23420519,2.2082028170963957e-05,3.434219000149916e-05
5,CYP1B1,4.2112527,0.17842185,2.5395836275491784e-05,3.937338957440587e-05
5,FRZB,4.202301,0.24525867,2.64215671490402e-05,4.0837043507017313e-05
5,CRYAB,4.1969724,0.48478344,2.705070019221054e-05,4.174490770402861e-05
5,IHH,4.179921,0.6808392,2.916104227494007e-05,4.493226852841305e-05
5,LMCD1,4.1356587,-0.30025688,3.539381367384395e-05,5.4452021036683e-05
5,PLA2G2A,4.1323195,-1.5582787,3.591210184896491e-05,5.516451896922413e-05
5,COL3A1,4.1218753,0.35450596,3.758004709213448e-05,5.7638109037016076e-05
5,SNAP25,4.0997796,0.38616773,4.135435895413154e-05,6.33297993171999e-05
5,KIAA1614,4.0773997,0.13187869,4.554213906639181e-05,6.952998330746841e-05
5,SFN,4.060846,-0.20779325,4.889525188646753e-05,7.446730920230316e-05
5,GABRP,4.0607038,-0.010049693,4.892502214591318e-05,7.446730920230316e-05
5,UBE2C,4.027951,-0.31859526,5.626507310578122e-05,8.537947360513083e-05
5,LGALS3,4.0273824,-0.032907944,5.640121538627001e-05,8.545638694889395e-05
5,IGFBP3,4.0093365,-0.38680202,6.088957015056883e-05,9.17011598653145e-05
5,CXCL1,4.0093365,0.12703848,6.088957015056883e-05,9.17011598653145e-05
5,PHYHIPL,3.973742,0.15235163,7.075221808767486e-05,0.0001062345616932055
5,FOSB,3.9493728,0.1036168,7.835625319988895e-05,0.00011729978023935471
5,MATN3,3.9225879,0.19159995,8.760290054819987e-05,0.0001305557385219074
5,CDCA3,3.9085207,-0.34998378,9.286303145708028e-05,0.00013818903490636945
5,GADD45B,3.89559,0.046522096,9.795997652468562e-05,0.00014555717165629363
5,CYR61,3.8951638,0.14567348,9.813242314695643e-05,0.00014559706698361486
5,ISL2,3.8935297,0.23803286,9.879612723181094e-05,0.0001463646329360162
5,DCN,3.8905456,0.13685472,0.00010001905733895796,0.0001479571854126597
5,CCNB1,3.8867092,-0.71788067,0.00010161240080418708,0.0001500921725320341
5,ISL1,3.8010972,0.4951839,0.00014405677132172496,0.00021153710913616
5,SFRP1,3.798042,0.21090774,0.0001458435131914431,0.00021384679353584032
5,JUNB,3.7793567,0.09765103,0.00015723401489770833,0.00023021085636560514
5,SCRT2,3.7517195,1.0045893,0.00017562597462171553,0.00025638828411929273
5,HEY1,3.7440107,0.11065993,0.00018110588916762715,0.0002636184704041152
5,CES1,3.6869953,0.13956197,0.00022691748256613474,0.00032791543723429876
5,HBA1,3.6793933,0.4125219,0.0002337894616659789,0.00033735853054253813
5,TAGLN,3.6734254,0.10576678,0.00023932061256662384,0.0003448423812199191
5,SCN2A,3.6542425,0.113609344,0.00025794228460416564,0.00037113997784772037
5,S100A14,3.5639415,-0.13827223,0.0003653272820786319,0.0005226427497548382
5,FOXF1,3.5596788,0.39558995,0.0003713087194244223,0.0005304410277491748
5,NEUROD4,3.557121,0.96348286,0.00037494139885564605,0.0005348664748297376
5,ICAM1,3.53872,0.16960944,0.0004020723490581731,0.0005719379076218679
5,MROH8,3.5304782,0.10211923,0.0004148089613175649,0.0005883815054149857
5,ASCL1,3.5151322,0.21572432,0.0004395352079001501,0.000621690534512235
5,IGFBP7,3.4754167,0.1307012,0.0005100602663408642,0.0007204241050012206
5,ISM1,3.4629836,0.1607366,0.0005342211667643504,0.0007534854256196761
5,LGALS2,3.420355,0.22002321,0.000625394280323922,0.0008783627532639354
5,TMEM196,3.364583,0.13593648,0.0007665939620655712,0.0010736610112963183
5,PCOLCE,3.265259,0.33388886,0.0010936399307967615,0.0015189443483288355
5,RPL34,3.2526836,0.043709744,0.0011432066265300858,0.0015833886794045509
5,LYPD3,3.21375,0.09049895,0.0013101375676709663,0.001804597200648714
5,LINC01117,3.2130394,0.20821539,0.001313382797424592,0.0018065788135138818
5,HOXB-AS3,3.1759527,0.3271885,0.001493452826816074,0.0020486321355501704
5,HOXB5,3.1225963,0.0888352,0.0017926346586487972,0.0024523045945947976
5,MEIS2,3.030448,0.17476076,0.0024419120664193597,0.0033088239382376146
5,CENPA,3.0247643,-0.7472233,0.002488269955948886,0.0033625269674984947
5,RGS16,2.9842672,0.11228989,0.0028425828945889595,0.003820675933587311
5,HBG2,2.9750311,0.20528252,0.0029295874875186366,0.0039323321980115926
5,NEUROD1,2.9302714,0.72835827,0.0033866601440465122,0.004521575626230324
5,GPR183,2.9284952,0.33336505,0.0034060701114792227,0.004541426815305631
5,TDO2,2.9127228,-0.10286638,0.0035829251162950906,0.004764528080179642
5,FABP7,2.9032736,0.003811404,0.003692839704013564,0.004897665389938414
5,COL5A1,2.8940375,-0.46001282,0.0038032289168006797,0.005037389293775734
5,GAL,2.8579454,-1.0410285,0.004263937722738169,0.005632678629773011
5,FGFBP3,2.857377,-0.1875762,0.004271581418484443,0.005635331686654938
5,CDC20,2.8428123,-0.7971984,0.00447173930149164,0.005891619633058814
5,CYB5A,2.800326,0.06254851,0.005105100678269116,0.006699607189329548
5,ACPP,2.7977684,0.09225814,0.005145699596113479,0.006744036167907574
5,HOXD1,2.7940028,0.14735721,0.005206001340088636,0.006800827236553897
5,RASL11B,2.7807171,0.09419468,0.00542389865750784,0.007062368043629999
5,CPM,2.7172718,-0.024291392,0.006582250981012076,0.008526231840689217
5,PMAIP1,2.6710913,0.13176437,0.007560510132591421,0.009780737558333015
5,RGS2,2.652903,0.11831944,0.007980277318169318,0.01028386252341407
5,ADM,2.6400435,0.11209749,0.008289536953301072,0.010668644727543206
5,HOXA-AS3,2.6173084,0.74695927,0.00886262125018325,0.011376920731942554
5,GLIPR1,2.604804,-0.64117384,0.00919267902949107,0.011785485935244961
5,CCNB2,2.5975573,-0.61289215,0.009388944493541301,0.01202169589441908
5,CAV1,2.583561,-0.013803338,0.009778616450748288,0.012504624617325176
5,KRT7,2.5646625,-0.34361485,0.010327621545101586,0.013189810402428588
5,SMCR2,2.5557816,0.046753336,0.010594960391195495,0.01351398009081058
5,SNTG1,2.5201159,0.5933195,0.01173162102539416,0.014906761150437306
5,WNT16,2.4988017,0.13106926,0.012461401958193499,0.015813961875880075
5,TPM1,2.4755692,0.051343996,0.013302395798364194,0.016817188114240447
5,SCGN,2.4553208,0.25124052,0.014075891162329041,0.017772589851425557
5,XAGE2,2.4547524,-0.14217576,0.014098164549514673,0.017778265510106774
5,AREG,2.4372036,-0.008896202,0.014801336318313492,0.018641481509210946
5,SERPINA11,2.4340067,0.1404072,0.014932721271792146,0.018783297197222822
5,CTXN3,2.4276123,-0.2634887,0.015198577039270645,0.019093689747827443
5,RP11-802E16.3,2.4207919,0.04180326,0.015486741979711368,0.019406944836731038
5,CLDN4,2.380153,-0.44445026,0.01730545835120707,0.02165889655970847
5,PTN,2.3699932,0.22169653,0.01778841752696901,0.022235521908711264
5,RGS6,2.3522313,0.16494642,0.01866116740479216,0.023268288534653566
5,IGF2,2.3515208,-0.004686165,0.018696843399559845,0.023283740223611262
5,ARHGAP29,2.3204732,0.038601495,0.020315293982991624,0.025205079383364297
5,COL9A2,2.3103845,0.11565228,0.020866877664860558,0.02585734530961655
5,CLDN9,2.2988749,-0.7506104,0.021512048121779245,0.026623821932895104
5,SP9,2.2062292,0.07214433,0.027367951778702958,0.03345715376369555
5,SERPINB2,2.2021086,-0.34647843,0.02765764393881998,0.033770017019316215
5,HMGCS2,2.1797998,0.053929634,0.029272312819761108,0.035611086155427144
5,CDH7,2.1577752,-0.53013283,0.03094532530093895,0.03755500643317834
5,WNT2,2.099019,-0.31151366,0.03581522544846066,0.04320292575206352
5,NHLH1,2.097314,0.78508687,0.0359657997085556,0.04333228880548868
5,MPPED2,2.0378473,0.0965867,0.04156520131438957,0.04983837088056304
5,RGCC,2.0362132,-0.35636064,0.04172894489539947,0.049974784305867624
5,PHOX2B,2.0092864,2.188338,0.044506772683902227,0.05316464672500072
5,CXCL3,1.944136,0.0653073,0.051879044607677206,0.061614067230020435
5,LEFTY2,1.891419,-0.26136577,0.0585684296818937,0.06931175110283279
5,HTR2B,1.8741546,0.02215718,0.06090912504988522,0.07191159982276886
5,CRHBP,1.858311,-0.104192555,0.06312485828483,0.07443969137362029
5,SCGB1A1,1.8560375,0.4045893,0.06344821032256412,0.07464495332066368
5,SERPINE1,1.8474408,-0.03765278,0.06468327967690586,0.07600855426193404
5,PITX2,1.8375652,-0.5187746,0.06612649434151219,0.07761325626938051
5,HOTAIRM1,1.8143328,0.08641292,0.06962650428184694,0.08152986449864981
5,PPIC,1.8081517,-0.16690004,0.0705828943500522,0.0825530928070786
5,TH,1.7972815,0.32023892,0.07229094632285879,0.08445204009679766
5,CNTN1,1.7628946,0.22571802,0.07791826509853099,0.09081382878616666
5,IGFBP6,1.7351862,-0.027129905,0.08270782962563836,0.09617189491353298
5,TLX2,1.6881529,0.38877365,0.09138187347571554,0.10576605726355966
5,UPK1B,1.6834638,-0.27661332,0.09228533616796852,0.10668824990516593
5,LA16c-380H5.3,1.6437484,0.07064751,0.10022817711828581,0.11547025013627397
5,MMP9,1.6099299,-0.08638755,0.10741314820856986,0.12360546399144978
5,HMP19,1.5637493,0.63204557,0.11787646315551199,0.13533463048853273
5,RLTPR,1.5532342,0.153079,0.12036717517382227,0.13787763479246537
5,ALDH1A2,1.441406,0.028390259,0.1494700285519858,0.17023921247378793
5,APOA1,1.4393456,-0.0661361,0.15005263282696132,0.17070834223772618
5,PDGFRA,1.4380667,0.19868954,0.15041511941113167,0.17086957607203332
5,RP11-511B23.1,1.437001,-0.06247928,0.15071770124414147,0.17088174744233725
5,DDC,1.3849235,0.3083984,0.16607588550785946,0.1878686487645469
5,INSM1,1.3653854,0.40685412,0.1721319398393688,0.19449936705013424
5,PLS3,1.3356876,0.027674498,0.18165137264259923,0.20479297930394502
5,GADD45G,1.2981037,0.07937261,0.1942516969592729,0.21801537256932987
5,NEUROG1,1.2845337,0.13485037,0.19895528020507758,0.22304403610434706
5,AURKA,1.2773579,-0.8590189,0.2014759101955953,0.22556092442749837
5,TPD52L1,1.2768606,0.053443693,0.20165146643818355,0.22556092442749837
5,GNG11,1.2713189,-0.019824162,0.2036152153043902,0.22750303385965384
5,EMP3,1.2498627,-0.07299585,0.21134972284712528,0.23561842011942616
5,ENPP3,1.2345876,0.07416847,0.21698406161771144,0.24163035814889916
5,SMOC2,1.1930249,-0.13569614,0.2328596282324027,0.25815923307361716
5,TLX3,1.1192068,0.43231273,0.26305191525089433,0.2903442773188679
5,MIR22HG,1.0875908,-0.25816903,0.27677578904262223,0.30502654663919665
5,C19orf45,1.0640742,0.059062697,0.28729509558068755,0.3154330029390019
5,ELAVL4,1.0288348,0.25849855,0.3035573286137381,0.33284794804137946
5,DCX,1.0161173,0.22059914,0.30957352695379325,0.3390728663239795
5,FGB,1.006455,-0.071907386,0.31419680159884655,0.3433844826216902
5,FN1,0.97810704,-0.036541056,0.32802138213531606,0.3577114309000175
5,SLC17A6,0.9716418,0.6053633,0.3312288039357948,0.36081569056186796
5,ANGPTL1,0.9316422,0.035771973,0.35152148311166576,0.38125974307122096
5,RP11-285F16.1,0.8894401,0.04910088,0.3737665909255833,0.4027657229801544
5,S100A3,0.8835432,-0.0853051,0.37694285164292396,0.4053148942397032
5,ONECUT1,0.8538455,0.17238188,0.3931906198461267,0.42187834747438485
5,CDKN3,0.8067412,-0.8287182,0.41981562572521913,0.44948139799273995
5,FOS,0.73782533,-0.08415223,0.4606205819608933,0.4894400081599912
5,ARHGDIB,0.7099038,-0.636987,0.4777637931989964,0.5066424106033897
5,DLL3,0.69057894,0.07137832,0.48983017480296764,0.5177908824555684
5,EGR1,0.6828348,-0.036742005,0.4947112301401373,0.52184728917736
5,EGFL6,0.67878515,-1.411955,0.4972740236072728,0.5239979173943865
5,POU5F1,0.5680225,0.002473295,0.5700196853789344,0.5950101099988877
5,RASSF9,0.55331576,0.029475633,0.5800472297945609,0.6042158643693343
5,NR2F1,0.5410956,0.01576163,0.5884416830321593,0.6123222508139015
5,DUSP2,0.52930176,-0.019231163,0.596596125750895,0.6201622928803483
5,GSTA2,0.49484387,-0.13492209,0.6207103327338428,0.643890386653364
5,AFP,0.4587519,-0.097865805,0.6464123496208906,0.6684719230826169
5,SERPIND1,0.44837898,,0.6538797006521405,0.6741027841774645
5,RP11-834C11.4,0.41051084,-0.060090985,0.6814312644052175,0.7017829705512024
5,FGF7,0.40006688,-0.082663134,0.6891072547906736,0.7089580810603638
5,GEM,0.37697655,-0.10721456,0.7061910407737216,0.7250421363179894
5,SCG2,0.37242952,0.13152885,0.7095730812834384,0.7277672628548086
5,NKX2-8,0.36042252,-0.7160902,0.7185311760168375,0.7361999754270876
5,HOPX,0.35793588,-0.6147241,0.7203912961056143,0.7373503542534434
5,TUBA1A,0.33939257,0.009767129,0.7343140227718136,0.7500653960896972
5,GSX2,0.30600038,-0.72434044,0.7596043660560703,0.773527867674206
5,APOA2,0.29171988,-0.26291108,0.7705008106113682,0.7830292790765937
5,KCNN4,0.2759474,-0.6006461,0.7825884712465491,0.7945060621792377
5,PLK1,0.24589442,-1.0743973,0.8057639626167477,0.8155505694501495
5,HMGB2,0.22685377,-0.20001505,0.8205374536334817,0.8296637549377975
5,DLL4,0.1823782,-0.07600297,0.8552859262719416,0.862183393419296
5,GABRA1,0.16049567,-0.008324167,0.8724906360532296,0.8777571791279977
5,PAPPA2,0.15722749,0.016798759,0.8750655613606362,0.8794628757393328
5,ZCCHC12,0.06031909,0.030287502,0.9519014996196449,0.9547657970106769
5,ELAVL3,0.009022997,0.22573806,0.9928007879516573,0.9928007879516573
5,ELAVL2,-0.009804516,0.037057832,0.9921772533360599,0.9928007879516573
5,LINC00682,-0.011012319,0.4740494,0.9912136184639072,0.9928007879516573
5,NR4A1,-0.1315084,-0.11605718,0.8953731418214752,0.8989690178930474
5,OLIG2,-0.1722895,-0.74306,0.8632099360807659,0.8692950010883846
5,SLC40A1,-0.18955398,-0.14474377,0.8496586540529281,0.8573750293167791
5,APCDD1,-0.22230674,0.02828752,0.8240751019342111,0.8323990928628395
5,CDX2,-0.2529281,-0.7966313,0.8003237780175859,0.8108650233207557
5,KLF5,-0.27438435,-0.40561837,0.7837892643941412,0.7949181180467964
5,XXbac-BPG181B23.7,-0.29427758,-0.03089814,0.7685458058532382,0.78183703545599
5,NKX2-1,-0.3230517,-0.13642949,0.7466560886649911,0.7611173177013162
5,TUBB4B,-0.3352008,-0.37524006,0.7374736382598202,0.7525241206732859
5,CLEC3A,-0.34678146,0.039782524,0.7287554987631255,0.7451487717414371
5,FGF4,-0.39793548,0.03117188,0.6906777552277499,0.709843530552672
5,RP11-247C2.2,-0.44937366,0.09082861,0.6531621341250158,0.6740579299535767
5,INA,-0.45264181,0.19935368,0.6508066762944058,0.67232094658513
5,NEK2,-0.46436462,-0.8938574,0.6423865366338131,0.6649964147347962
5,NPW,-0.4810607,0.13526566,0.6304733497500035,0.6533402588082937
5,ACTC1,-0.4992488,-0.16885675,0.6176041196976643,0.6413334576299733
5,FCN3,-0.55352885,-0.15258326,0.5799013143206688,0.6042158643693343
5,RP11-753H16.3,-0.5954467,0.05003433,0.5515448950418235,0.5763269540666912
5,PCDHA9,-0.6121428,-0.10747327,0.540443262985283,0.5653172206959027
5,VIM,-0.62748903,0.06421024,0.5303387259254969,0.5553285088225098
5,RP11-44N21.1,-0.6368673,-0.03820127,0.5242113095795888,0.5494877458905544
5,CLEC1B,-0.6398513,,0.5222693138019674,0.5480265622266185
5,ADCYAP1,-0.665002,0.05009654,0.5060492398978517,0.5315643276237938
5,MGST1,-0.6688385,-0.06271928,0.5035984987907238,0.5295462658156928
5,CAPN9,-0.67658263,-0.47639766,0.49867078663183984,0.5249166175071999
5,CTD-2410N18.3,-0.68517935,-0.013173763,0.493230740820076,0.5208349955861415
5,CHGA,-0.69562334,0.3568949,0.48666476413519355,0.5149891683970302
5,NFIA-AS2,-0.70350957,-0.050601747,0.4817382564958411,0.5103159496777978
5,MAFB,-0.7371149,-0.014799915,0.4610524876867117,0.4894400081599912
5,FGF19,-0.7409514,-0.9443898,0.4587228871088962,0.4880030713924428
5,MAB21L2,-0.74102247,-0.016569376,0.45867980867461544,0.4880030713924428
5,APOC3,-0.74230134,-0.216815,0.457904784766054,0.4880030713924428
5,CXCL10,-0.7506849,-0.5635934,0.4528423102175647,0.483289551993132
5,TTC9B,-0.7818036,0.19177511,0.4343300135713296,0.46402779227706153
5,PENK,-0.7881978,-0.019965213,0.43058099525347826,0.4605144334261799
5,LINC01411,-0.8518562,-0.10263702,0.3942939414653803,0.4226087261150914
5,C8orf46,-0.86031073,-0.025620284,0.3896177624620162,0.41849383723095185
5,PLPP3,-0.88546145,-0.16250473,0.3759077882192994,0.4046370163824536
5,RP11-462L8.1,-0.89007956,-0.13005708,0.37342317523565416,0.4027657229801544
5,CARTPT,-0.8915005,-3.0152497,0.37266072886518686,0.4024413918630527
5,CST4,-0.90528363,-0.8259563,0.3653151358671455,0.3949352820185356
5,HBE1,-0.9181432,-0.12554683,0.3585439025109066,0.3880345265269552
5,CLDN10,-0.9270241,-0.118959576,0.3539140221882827,0.3834388106048567
5,EPCAM,-0.9485514,-1.0220538,0.3428488159939117,0.37225712920077275
5,DHRS2,-0.96382654,-0.06250703,0.33513288944785513,0.36427487983462514
5,PLVAP,-0.9658159,-0.30359143,0.33413632097508694,0.3635868563385059
5,NODAL,-1.0019078,0.2566368,0.31638809296738,0.3454018482176638
5,FGG,-1.0090126,-0.33636847,0.3129685970778977,0.3424164081815073
5,ARPP21,-1.0639321,-0.0010417155,0.28735946567743076,0.3154330029390019
5,HAPLN1,-1.071392,-0.13229743,0.2839931879729575,0.31242374914516774
5,MIXL1,-1.0871645,0.16676444,0.2769641043483906,0.30502654663919665
5,T,-1.1393843,0.16368303,0.2545429292804271,0.2812629052822399
5,CTGF,-1.1577854,-0.09706423,0.24695159740086925,0.27317654579742173
5,PGM5-AS1,-1.1919591,-0.18345477,0.23327725366895735,0.2583358290907612
5,TDRD10,-1.2100762,-0.33133465,0.22624964905964284,0.25110948841247815
5,LECT1,-1.2251382,,0.22052314501613002,0.2450257166845889
5,HTR3A,-1.2333797,0.099005945,0.21743413424001123,0.24186221828699803
5,GNRH2,-1.2615144,-0.5768459,0.2071235749537308,0.2311647041894317
5,LOX,-1.3152261,-0.059624232,0.18843392683096782,0.21172351329322228
5,ZG16,-1.3233255,-0.35689244,0.18572716172536086,0.20891694232324057
5,IL6ST,-1.3276949,-0.80803674,0.18427892434035986,0.20752131119409895
5,CRH,-1.3523128,-0.2459652,0.17627528895680278,0.1989563080776555
5,GPX2,-1.3871258,-0.61160547,0.16540338116487263,0.1873197974687119
5,CST1,-1.4376404,-0.72088546,0.15053609651946134,0.17086957607203332
5,CCDC80,-1.44304,-0.13740215,0.14900919169536503,0.16990785826153368
5,ITLN2,-1.4931993,-1.3861402,0.13538500487563268,0.1545490923237816
5,GPR12,-1.4973202,-0.20136599,0.1343099829108856,0.1534971233267264
5,CDH5,-1.5475506,-0.50330484,0.12173055708159995,0.13927981359450795
5,CER1,-1.5604811,0.38061887,0.11864623446065531,0.13606219548240286
5,SAMSN1,-1.583003,-0.2371169,0.11342076660915171,0.1303686972518985
5,SHISA3,-1.6539081,-0.2986654,0.09814616937219461,0.11320204079837902
5,SEPP1,-1.6664125,-0.07735574,0.09563128375208277,0.11042873412480689
5,RP11-188D8.1,-1.7157903,-0.08683079,0.08620042804219372,0.09988462113811555
5,IFI6,-1.7204084,-0.040650036,0.08535823465287046,0.09902347407525575
5,MGP,-1.7295024,,0.08371921291058895,0.09723485820045175
5,KCNF1,-1.7369624,-0.12917595,0.08239381095048609,0.09591828981430278
5,PTTG1,-1.7715623,-0.78381586,0.07646722954739787,0.08922663891178281
5,RPRM,-1.8220059,-0.10687852,0.06845409007096225,0.08025098484286312
5,TFPI2,-1.856748,-0.62174904,0.06334701612121042,0.07461368212156705
5,CD34,-1.8831065,-0.381068,0.05968593520499316,0.07055075083332525
5,ECSCR,-1.9142963,-0.59150743,0.05558231480860163,0.06585582323294033
5,AGT,-1.9144384,-0.3328593,0.05556417154256635,0.06585582323294033
5,CD44,-1.9677948,-0.12160243,0.04909165350139968,0.058372953033768944
5,SOX17,-1.9709209,-1.0097936,0.0487329274482447,0.05801538981933893
5,DUSP1,-1.9880433,-0.20153177,0.04680690680301619,0.055788923483928714
5,S100A10,-2.00886,-0.31673113,0.044551973955550606,0.05316464672500072
5,ANXA1,-2.010139,-0.49970034,0.04441648621403309,0.053129768198604176
5,C3orf80,-2.0560355,-0.11291374,0.03977910047513392,0.047754022179032324
5,HBA2,-2.0938325,,0.036274898767694345,0.04359963794194032
5,SDPR,-2.0967455,-0.16950598,0.036016110932187435,0.043340687042343486
5,SYP,-2.1015058,-0.17406496,0.035596601886800645,0.04299106508067711
5,ANKRD1,-2.1445603,-1.1897572,0.03198802162384043,0.0386795908389848
5,AHSG,-2.1466208,-0.16149178,0.03182349529545228,0.03852723401386475
5,S100A6,-2.148681,-0.17355801,0.031659695032187865,0.038375387917803476
5,SERPINA1,-2.1793025,-0.38750324,0.029309213950479928,0.035612653645783636
5,CXCR4,-2.1858387,-0.68575805,0.0288274079450169,0.03511255535324836
5,COL6A1,-2.194009,-0.32872546,0.02823475282655211,0.03443262539823428
5,GYPB,-2.2116644,0.5179161,0.026989864203595434,0.03303532950256479
5,CYP4X1,-2.219231,-0.3225485,0.026471020056010573,0.03243997555883649
5,MMP23B,-2.222357,-0.21936548,0.026259190551944592,0.032219865707907476
5,TAGLN3,-2.2267618,-0.15208231,0.02596319081288005,0.03189581180943495
5,RTN1,-2.2277565,-0.17665526,0.025896752825569597,0.03185332450869569
5,SSTR2,-2.2685378,-0.38138735,0.023296455927953156,0.028690216660040832
5,EFNA1,-2.275003,-0.23033632,0.0229057520549626,0.028243837305749194
5,APOB,-2.2799764,-0.54523957,0.022609095993667283,0.027912464189712695
5,H3F3B,-2.2902427,-0.04720671,0.022007257674166027,0.027203037916150835
5,RNASE1,-2.3220363,-0.73190135,0.020230985326434435,0.02513165879060178
5,RASGRP3,-2.3375955,-1.1976638,0.019408238365815737,0.024139599957482258
5,AGTR1,-2.3617516,-0.21162377,0.018188824132722315,0.02270764560889178
5,TTYH1,-2.423918,-0.93193907,0.015354074831675417,0.01926483667713352
5,ANXA2,-2.4837396,-0.21403812,0.013001080675658437,0.016457064146403085
5,OLFM1,-2.4965992,-0.36364347,0.012539057878741872,0.015892342051637354
5,ATOH1,-2.5255156,-0.369717,0.01155287002552487,0.0146983079205151
5,CLDN6,-2.5375934,-1.3908002,0.011161755412092932,0.014218796703303097
5,ESAM,-2.618232,-1.1286356,0.00883866708246684,0.011360754604713162
5,DBH,-2.6615708,-1.7971829,0.007777696454023689,0.010035737360030566
5,LCN15,-2.6644127,-0.8483647,0.00771228665167678,0.009964194640409277
5,CKB,-2.723453,-0.7295515,0.0064603406570493994,0.00837917076141297
5,S100A16,-2.7621737,-0.4072837,0.00574179160042815,0.007456872208348247
5,GYPE,-2.7708416,1.0529712,0.005591163630717689,0.007270693928111429
5,SNHG18,-2.7873955,-0.15219842,0.005313358818716799,0.006927456086984092
5,BMP4,-2.7937899,-0.035590403,0.005209433663200285,0.006800827236553897
5,HLX,-2.7961342,-0.2702033,0.005171790321258206,0.006769359059238489
5,TM4SF18,-2.8146067,-0.85509425,0.004883698002061251,0.006417474378529896
5,REN,-2.8200061,-2.3386147,0.0048022725828990205,0.006318779714340817
5,USP18,-2.8738954,-0.4468314,0.004054431060453698,0.005363004048219178
5,ANXA3,-2.9110177,-0.7896337,0.0036025365741111895,0.004784245118341553
5,GNG3,-2.9232378,-0.16154198,0.0034641186585797267,0.0046126746452459745
5,NFIA,-2.9363105,-0.059963834,0.0033214171789887723,0.004440397298113332
5,SST,-2.9681396,-0.69300675,0.002996082030893882,0.004010819318465705
5,GNAS,-2.9732194,-0.11027507,0.002946936265533818,0.003950316709830855
5,CHRM2,-2.9946404,-0.4122126,0.002747687177216797,0.0036980984888516787
5,FAM159B,-3.010839,-1.0796583,0.002605269516226512,0.003511144900574814
5,ISG15,-3.0164163,-0.102897845,0.002557819029609839,0.0034518475433331164
5,FAM181A,-3.0282454,-1.3940821,0.0024597811346411982,0.0033285265692032454
5,LINC00900,-3.0413182,-0.13918705,0.0023554471718711255,0.0031959934489431824
5,PCP4L1,-3.051762,-0.50556916,0.002275022588460651,0.003091063299538928
5,ODAM,-3.0553145,-0.35940325,0.0022482458801650934,0.003058837932197406
5,IL3RA,-3.072224,-0.44943067,0.0021247036372972895,0.002894691603947261
5,RAD21-AS1,-3.1034846,-0.15060987,0.0019125620697228122,0.0026092251974390345
5,TMEM156,-3.1112287,-0.9890803,0.0018631057328605434,0.0025452264110116716
5,PECAM1,-3.1542833,-2.0694718,0.0016089279897398606,0.002204010944849124
5,COL15A1,-3.210908,,0.0013231630474774233,0.0018175316586228343
5,KISS1,-3.2208545,,0.0012780898352954026,0.0017628825314419346
5,GIMAP4,-3.2358456,-1.6849527,0.0012128299418794253,0.0016751794777340129
5,BDKRB1,-3.2461474,-4.1310167,0.0011697826173329058,0.0016179565938214465
5,ADGRL4,-3.2639802,-0.53815264,0.0010985882847835949,0.001523700811072947
5,MESP1,-3.283163,-1.7828112,0.0010264929942225612,0.0014276675858450087
5,APLN,-3.3008537,-0.5438337,0.0009639111641785336,0.0013424946576302698
5,GJA4,-3.3017063,-0.9419022,0.0009609863370157722,0.0013402877782646755
5,STMN4,-3.331404,-0.34039095,0.0008640908374268574,0.0012068307785291306
5,TERF1,-3.3412085,-0.1340761,0.0008341453773708777,0.0011666368914278011
5,MYL9,-3.379574,-0.29142395,0.0007259824483586098,0.0010182082024664935
5,SRBD1,-3.4340672,-0.0999001,0.00059459660088023,0.0008362821390720535
5,SOCS3,-3.4462163,-0.29037818,0.0005684950251686067,0.0008006972185473334
5,FMOD,-3.5156295,,0.00043871277430384387,0.0006214061958977958
5,TDGF1,-3.531757,0.93744785,0.0004128081965107486,0.0005863752791345861
5,CDKN1A,-3.555629,-0.17390421,0.00037707577643632446,0.0005371449806785249
5,PLD1,-3.567494,-0.16944058,0.00036041169644548645,0.0005163491353087199
5,DOK5,-3.6168008,-0.15133183,0.0002982667547421178,0.00042792934683230676
5,URAD,-3.6484168,,0.0002638613931750164,0.00037911119709054084
5,PHOX2A,-3.6874216,-1.0339961,0.00022653780784943553,0.0003278405323436115
5,YPEL4,-3.6972263,-0.1907754,0.00021796813386826621,0.00031589584618589307
5,FIBIN,-3.7054677,-1.4313402,0.00021100106219173995,0.00030624247052502175
5,HOXB6,-3.7356627,-0.3500864,0.00018722147132267398,0.0002721242315736541
5,AMBP,-3.7444725,-1.0886297,0.00018077312365235578,0.0002635176729626177
5,PCAT19,-3.770689,-2.0539956,0.00016279745709590863,0.00023800797821039272
5,LINC00907,-3.8177223,-1.2240782,0.00013468943462425841,0.0001980726979768506
5,CHGB,-3.8327131,,0.0001267376708270906,0.0001866534180074972
5,FTH1,-3.8514342,-0.04772414,0.00011742810407077174,0.00017319779361470758
5,ACTA2,-3.9264245,-0.2571618,8.621793995880607e-05,0.00012868349247582993
5,ICAM2,-3.930119,-1.6149582,8.490384799809093e-05,0.00012691158146201933
5,GDPD5,-3.9611666,-0.28479576,7.458447358841061e-05,0.0001118207999826246
5,HOXC8,-3.9895144,-1.4281689,6.620869290422701e-05,9.956194421688272e-05
5,CPXM2,-4.0236173,-0.56354696,5.731107019296567e-05,8.657261358454028e-05
5,NEFL,-4.0255356,-0.57132363,5.684583600246545e-05,8.5999751894804e-05
5,ZFP36,-4.0435815,-0.5275821,5.2640877954046504e-05,8.000133427666641e-05
5,CLDN5,-4.091254,-0.63418204,4.2904682461013416e-05,6.560349000154956e-05
5,CDX4,-4.20699,,2.587946352501735e-05,4.0061089048014474e-05
5,PRKCDBP,-4.21445,-1.2084193,2.50387705116007e-05,3.8880078434162574e-05
5,SLC18A1,-4.244645,-1.4939338,2.1893977150440032e-05,3.410276814710285e-05
5,SFRP2,-4.327273,-0.47250244,1.5096687041024799e-05,2.3551773854952885e-05
5,BAMBI,-4.348445,-0.40014455,1.37106210564339e-05,2.142284540067797e-05
5,TNFSF10,-4.3676276,-0.957805,1.2560334879374454e-05,1.96870452654772e-05
5,NPPB,-4.4168634,-1.1241084,1.0014345299214573e-05,1.572110722011707e-05
5,AC007325.4,-4.435762,-0.12692861,9.174716876211319e-06,1.4448373033403652e-05
5,MIR7-3HG,-4.5129905,-0.9729619,6.3919938566660175e-06,1.009793658241077e-05
5,LINC00458,-4.5584607,0.67323226,5.152994224672923e-06,8.166393382999877e-06
5,ZNF503-AS1,-4.575512,-0.7456146,4.7505701027988495e-06,7.540587464760079e-06
5,HAMP,-4.6066303,-0.4653645,4.092461469213429e-06,6.516658390467243e-06
5,STMN2,-4.6217637,-0.6580183,3.804914272423528e-06,6.068443815667509e-06
5,CREB3L1,-4.639241,-1.2214354,3.496906824766286e-06,5.595050919626058e-06
5,SERPINB4,-4.6408753,-1.4897014,3.469364202047338e-06,5.559878528922016e-06
5,MYCT1,-4.6786723,,2.887382849029713e-06,4.649569805200826e-06
5,PRND,-4.6788144,-3.4760666,2.8853828723552906e-06,4.649569805200826e-06
5,C4orf26,-4.691248,-0.5867901,2.7154385236661698e-06,4.401034884386013e-06
5,FGA,-4.704285,-2.2212517,2.5475721913484854e-06,4.13566914179949e-06
5,PDLIM1,-4.719169,-0.5934426,2.3680961626657176e-06,3.850562866123118e-06
5,NEFM,-4.7393823,-0.5324931,2.1437072693728918e-06,3.5027896558380586e-06
5,PRSS35,-4.8185287,-0.3020497,1.4462058948270934e-06,2.37082933578212e-06
5,XX-FW83563B9.5,-4.8189907,-0.072740704,1.4428628298702062e-06,2.3692328897704534e-06
5,RGS13,-4.8412995,-0.97108746,1.289927716548042e-06,2.1250868476903492e-06
5,WNT2B,-4.8523116,-0.17010042,1.220305429189225e-06,2.0170337672549172e-06
5,TNFRSF12A,-4.8847804,-0.57270485,1.0354418237962602e-06,1.7171506198942954e-06
5,NTM,-4.9242826,-0.35438344,8.467037004835936e-07,1.4111728341393228e-06
5,TUBB2B,-4.939558,-0.35847116,7.829992303860813e-07,1.3071773462205032e-06
5,LINC00305,-4.9634295,,6.925912172645469e-07,1.1581792930845266e-06
5,TPPP3,-4.9678345,-0.53245854,6.770466562792314e-07,1.1340815013052453e-06
5,TAL1,-4.9826837,,6.270848030534151e-07,1.0539240387452354e-06
5,ELF3,-4.9920616,-1.2871033,5.973815875686891e-07,1.0056929083647966e-06
5,PRSS1,-5.0217595,,5.12002811015917e-07,8.634111484248179e-07
5,ST7-AS1,-5.0250278,-0.65432864,5.033600726172414e-07,8.517090907229127e-07
5,C5orf66-AS1,-5.042079,-1.2661133,4.605011874159447e-07,7.80510487145669e-07
5,NTRK2,-5.0498943,-0.40206274,4.4205493767585445e-07,7.505177210116375e-07
5,MT1G,-5.0878334,0.7854602,3.621773763386149e-07,6.16997233966976e-07
5,FBXO32,-5.1163945,-1.6105678,3.1143159861712486e-07,5.323617070378203e-07
5,WT1,-5.1415453,-0.5729521,2.724882771139188e-07,4.665895156060254e-07
5,SPINK1,-5.1558967,-1.1052426,2.524201643740766e-07,4.329676918937849e-07
5,HES4,-5.1695375,-0.45294392,2.3467383352229645e-07,4.0321964522731354e-07
5,DKK1,-5.188436,-0.23270397,2.1206736088470783e-07,3.6626487199431407e-07
5,SYNPO2,-5.1960382,-0.24411578,2.0358035631386437e-07,3.522151493319453e-07
5,SYT16,-5.207122,-0.27231675,1.9179236956535462e-07,3.3239578780824027e-07
5,MYF6,-5.2231784,-0.36345422,1.7587787395470417e-07,3.058745633994855e-07
5,MITF,-5.260336,-0.8510731,1.4379239462598482e-07,2.5094658747990374e-07
5,SMIM5,-5.270709,-1.2913377,1.358978522789487e-07,2.3758365783032993e-07
5,LINC01356,-5.306872,,1.11522469580753e-07,1.9531080486997025e-07
5,NTNG1,-5.333657,-0.4168219,9.62544021281948e-08,1.6886737215472772e-07
5,LINC00643,-5.3403354,-1.0348165,9.277489190260892e-08,1.6304901916099988e-07
5,RP4-758J18.13,-5.368825,-0.56867915,7.925122284336132e-08,1.3977287979428805e-07
5,PDE1A,-5.3828216,-0.51077235,7.332728039575882e-08,1.2978279716063508e-07
5,PRSS2,-5.432128,,5.5685896806051164e-08,9.873385958519711e-08
5,IDH1,-5.4752893,-0.4388899,4.367972399427902e-08,7.77219288154431e-08
5,CCDC42,-5.487616,-0.20440207,4.0739434112210754e-08,7.261931214297816e-08
5,CHN1,-5.5198717,-0.4688557,3.392476559390371e-08,6.079707095681668e-08
5,SPON2,-5.536923,-2.2496667,3.078321010947627e-08,5.526608637248881e-08
5,NPY,-5.5590897,-0.91270256,2.7118551980356005e-08,4.903897283970344e-08
5,APLNR,-5.5799065,,2.4064805133078572e-08,4.3674782455677986e-08
5,CCDC184,-5.5980234,-0.44411886,2.168094466199092e-08,3.9491702480857777e-08
5,CCDC81,-5.6235294,-0.5534247,1.8709491565725487e-08,3.4141407966652345e-08
5,TUBB2A,-5.644275,-0.41595894,1.658785839519886e-08,3.0325152459230087e-08
5,FST,-5.7165303,-1.8636659,1.0872115701750958e-08,2.0022312526244857e-08
5,SYT4,-5.7293897,-0.8179496,1.0079257579485919e-08,1.8630790350251236e-08
5,GAP43,-5.848465,-0.37474862,4.961303587696872e-09,9.277425621969451e-09
5,IL32,-5.893509,-0.5897051,3.780799173289562e-09,7.106765363326244e-09
5,RERG,-5.911981,-0.32536379,3.380173449091361e-09,6.365675045369794e-09
5,TMEM98,-5.93159,-0.25450784,3.0001480448599593e-09,5.660656688415017e-09
5,ZIC1,-6.015852,-0.5709984,1.789428666479806e-09,3.4149402032057367e-09
5,APOE,-6.054147,-0.38310206,1.4116403150301734e-09,2.704291791245543e-09
5,C10orf10,-6.088249,-0.5239809,1.1415206805725981e-09,2.191018580753547e-09
5,APOC1,-6.151197,-0.4587801,7.690029041897249e-10,1.4817011641420519e-09
5,KDR,-6.182387,,6.313958360021736e-10,1.2189108803130766e-09
5,RP11-676J12.4,-6.344659,-0.41302773,2.2291915815148175e-10,4.3709638853231717e-10
5,MIAT,-6.4342494,-0.72090214,1.240851441236114e-10,2.4426209473151854e-10
5,NXPH4,-6.6313343,-0.31893837,3.3266612781591026e-11,6.600518409045839e-11
5,GZMA,-6.6356683,-0.602238,3.230360819068683e-11,6.422188507094797e-11
5,GPM6A,-6.7552404,-1.011205,1.4259849573560962e-11,2.8406074847730998e-11
5,CTD-2035E11.4,-6.777052,1.9042561,1.226527364309027e-11,2.4481584117944652e-11
5,LIMD1,-6.8907986,-0.27428752,5.5480033793304154e-12,1.1185490684133902e-11
5,H1F0,-6.898685,-0.3227585,5.248616041708266e-12,1.062472882936896e-11
5,SPX,-6.9734974,-0.41151658,3.091567663751848e-12,6.309321762758874e-12
5,MAPT,-6.9796076,-0.5426268,2.9600557433142095e-12,6.0532837286589155e-12
5,LHX1,-7.008879,,2.4023494227372796e-12,4.943105808101399e-12
5,NELL2,-7.014279,-0.61481965,2.311382877880735e-12,4.7657378925375984e-12
5,COLEC11,-7.0417027,-1.5898824,1.8990441250088384e-12,3.9317683747595e-12
5,KRT14,-7.079074,,1.4512115222877623e-12,3.010812286904071e-12
5,CBLN2,-7.079145,-0.86358684,1.4504677904960558e-12,3.010812286904071e-12
5,EPO,-7.1057873,-1.5793893,1.1963837837353596e-12,2.4924662161153326e-12
5,PMEL,-7.1671014,-0.7053605,7.660238305840806e-13,1.599214677628561e-12
5,GRIK1,-7.1768346,-0.9914749,7.134385179873518e-13,1.4925492008103594e-12
5,GPNMB,-7.228628,-2.0957696,4.878973614079255e-13,1.022845621400263e-12
5,MT1H,-7.262091,0.9514453,3.811505638810033e-13,8.024222397494806e-13
5,ARL6IP1,-7.268841,-0.91017187,3.625852421950135e-13,7.649477683439104e-13
5,KCNN1,-7.2816296,-0.28890386,3.29812179642048e-13,6.972773353954504e-13
5,EGR2,-7.3190002,-0.65377104,2.498252322283233e-13,5.304145057926185e-13
5,L3MBTL4,-7.3658915,-0.6002972,1.7596708539446437e-13,3.7599804571466744e-13
5,ZNF503,-7.497542,-0.21753693,6.502571490702369e-14,1.398402471118789e-13
5,CFAP161,-7.5561557,-0.7688441,4.15156494609007e-14,8.986071311883268e-14
5,SLC39A2,-7.5869904,,3.274215820723631e-14,7.133367801140807e-14
5,RIPPLY1,-7.6894403,-2.3608322,1.4777996645907712e-14,3.2694682844928563e-14
5,MT1M,-7.744218,1.2421346,9.617203918136164e-15,2.1466973031553936e-14
5,GDF15,-7.7604165,-0.6945166,8.465088157374436e-15,1.898001829007721e-14
5,GAD2,-7.7616954,-1.440578,8.380147297816269e-15,1.8831791680485998e-14
5,GJB2,-7.8032227,-0.6266143,6.0346010650245625e-15,1.3652943586028422e-14
5,RP11-387A1.5,-7.8220143,-1.9813814,5.198461968370054e-15,1.1814686291750124e-14
5,SOX2,-7.825993,-2.6095943,5.036647896850214e-15,1.1473002042938985e-14
5,RP11-513G11.4,-7.8291903,-0.32996985,4.910220694904047e-15,1.12105495317444e-14
5,HHEX,-7.8298297,-8.84184,4.885312750701497e-15,1.1179205379179626e-14
5,CTD-2545M3.8,-7.8900065,,3.0217034585532077e-15,6.930512519617449e-15
5,LEPR,-7.9268804,-0.28613195,2.2471989832575326e-15,5.177877841607218e-15
5,NEAT1,-7.9965777,-0.23149021,1.2792524920005646e-15,2.981940540793857e-15
5,MYOZ2,-8.049294,3.7770488,8.327261850894264e-16,1.9547563030268227e-15
5,GJB6,-8.184995,-1.1347111,2.723155558630952e-16,6.483703711026076e-16
5,COL21A1,-8.30272,,1.0175451208045397e-16,2.4460219250109126e-16
5,LPL,-8.313164,-1.8204875,9.318366571140727e-17,2.2508131814349584e-16
5,TF,-8.326876,-1.2051005,8.300358553135861e-17,2.0097720467641313e-16
5,MT1X,-8.4161825,-2.1923118,3.8895161278197695e-17,9.50981938342242e-17
5,SERPINF1,-8.447372,-0.44660276,2.97932945209962e-17,7.32021978402855e-17
5,RP1-40E16.9,-8.481191,-0.9137468,2.2290114489925816e-17,5.503731972821189e-17
5,NKX2-5,-8.517993,,1.623419496401284e-17,4.018365090102188e-17
5,ZIC4,-8.531563,-0.7713897,1.4438347024294917e-17,3.591628613008686e-17
5,SAT1,-8.561545,-0.5002449,1.1136494408055209e-17,2.784123602013802e-17
5,CHRNA3,-8.610568,,7.269973334587275e-18,1.8312275401983058e-17
5,PAK3,-8.640478,-1.0094442,5.59780993373473e-18,1.41358836710473e-17
5,RAB3A,-8.661295,-0.5534037,4.66433568040083e-18,1.1838415432489416e-17
5,AC012358.8,-8.683106,-2.1964245,3.851025449014416e-18,9.799046944057039e-18
5,LINC01361,-8.7734785,-0.48887488,1.7322950901330622e-18,4.4191201278904644e-18
5,TFF3,-8.774545,,1.7159693514269708e-18,4.388668417971792e-18
5,MS4A8,-8.803674,-1.7421098,1.3240874288257067e-18,3.4038237244876778e-18
5,APOM,-8.98797,-0.33474854,2.5183785922020643e-19,6.558277583859542e-19
5,ZNF474,-9.013618,-0.56479466,1.9936743035646572e-19,5.232740954237945e-19
5,SLC5A12,-9.045519,,1.4895635926227856e-19,3.9199041911125937e-19
5,PRPH,-9.059799,-1.4830382,1.3069100660897916e-19,3.448311520025835e-19
5,RASD1,-9.06868,-0.6870392,1.2046749022638603e-19,3.1869706409096833e-19
5,DIO3,-9.083316,-2.792267,1.0531654108517218e-19,2.8009718373716004e-19
5,AQP3,-9.108396,-1.4169079,8.360933183087942e-20,2.2295821821567844e-19
5,THBD,-9.124239,,7.224203474528001e-20,1.9316052070930483e-19
5,DLK1,-9.173474,-2.0968287,4.580125020127874e-20,1.2312164032601813e-19
5,HAND1,-9.183705,-2.5828838,4.1650669865249265e-20,1.1226595651010584e-19
5,NSG1,-9.207932,-0.99291617,3.324664134562877e-20,9.009929903964436e-20
5,TTLL10,-9.233723,-0.98600346,2.6138585487604162e-20,7.122230378093777e-20
5,CA4,-9.28914,-1.3978794,1.5554062054779502e-20,4.284865579829064e-20
5,RP11-1085N6.5,-9.295605,-2.4813337,1.4637158173312007e-20,4.043413860030941e-20
5,ZNF804A,-9.300436,-0.5752271,1.398708581374573e-20,3.8745390065777644e-20
5,TMEM176A,-9.337665,-2.5422993,9.848214171031935e-21,2.735615047508871e-20
5,IFITM3,-9.370133,-0.5122859,7.244092829103885e-21,2.0291576552111724e-20
5,PDPN,-9.397771,-1.5373077,5.573129953404594e-21,1.5654859419675825e-20
5,PAGE4,-9.452193,,3.3180519652216717e-21,9.373028150343706e-21
5,AC009501.4,-9.486793,-1.6935015,2.382515572370001e-21,6.768510148778412e-21
5,RP11-111M22.5,-9.501713,-0.8297236,2.0646589350082255e-21,5.882219188057623e-21
5,CDO1,-9.538231,-0.83441,1.4528926502004705e-21,4.15112185771563e-21
5,SYNM,-9.544555,-0.79846275,1.3669410714252808e-21,3.916736594341779e-21
5,SLC18A3,-9.551517,,1.2781094565269464e-21,3.6727283233532944e-21
5,GLYAT,-9.569563,-2.7260578,1.073585753307312e-21,3.102848997998012e-21
5,RGS1,-9.577378,-3.1617727,9.953968897475372e-22,2.885208376079818e-21
5,LAMP5,-9.599687,-1.6360731,8.018760767894171e-22,2.3310351069459804e-21
5,FRMD5,-9.604305,-0.34369776,7.667343225768584e-22,2.2353770337517734e-21
5,CCKBR,-9.615672,-5.788232,6.865916522535215e-22,2.007577930565852e-21
5,GATA6-AS1,-9.660219,-1.3045135,4.449110999752569e-22,1.3047246333585247e-21
5,NPPA,-9.677981,,3.7402932465310847e-22,1.1000862489797308e-21
5,LINC00379,-9.761675,,1.6441755719933668e-22,4.878859264075272e-22
5,KCNA3,-9.890412,-2.4787612,4.581378013429195e-23,1.3841021188607838e-22
5,SPARC,-9.891265,-0.57077885,4.542523575621371e-23,1.3765222956428396e-22
5,CSRP3,-9.895883,5.2440324,4.337663385315202e-23,1.3184387189407908e-22
5,RIMS1,-9.96011,-0.8499896,2.2781172385703793e-23,6.966719384007275e-23
5,TAC3,-9.985544,-1.6068043,1.7633050117037525e-23,5.442299418838743e-23
5,TNNI1,-9.999079,-1.7101682,1.5382114997526347e-23,4.762264705116516e-23
5,MEGF11,-10.033288,-0.55633277,1.0883077017228998e-23,3.379837582990372e-23
5,CFC1,-10.042879,,9.874864451331579e-24,3.076281760539433e-23
5,CDH6,-10.106112,-1.1672171,5.1903616317376716e-24,1.627072611829991e-23
5,NR4A2,-10.11414,-1.8004707,4.781989295893996e-24,1.50377021883459e-23
5,VAMP5,-10.156981,-0.9127435,3.0847974182887037e-24,9.731222139712e-24
5,LINC00950,-10.16295,-1.9200665,2.9016371832947023e-24,9.182396149666779e-24
5,ANKS1B,-10.193003,,2.130801883299052e-24,6.764450423171595e-24
5,FAM84A,-10.25389,-1.7587208,1.1367483287179685e-24,3.6317837978209856e-24
5,CD48,-10.328702,,5.226274799198542e-25,1.6858950965156588e-24
5,AC108488.4,-10.370479,-0.79294646,3.3782989293630095e-25,1.0968503017412368e-24
5,SLC45A2,-10.414172,,2.1364801139604982e-25,6.95921861224918e-25
5,NRG4,-10.419358,-0.6110614,2.0231274440978936e-25,6.6115275950911555e-25
5,SLN,-10.428382,,1.8399522943602216e-25,6.032630473312202e-25
5,MAL,-10.468026,-2.5516315,1.2114276936878076e-25,3.9849595187098933e-25
5,TECRL,-10.5341,-2.1612282,6.015596303264563e-26,1.9985369778287583e-25
5,ESM1,-10.540494,-3.7757814,5.620277391088182e-26,1.8796914351465491e-25
5,CD36,-10.543692,-0.38900408,5.432386766432144e-26,1.8229485793396456e-25
5,CLEC14A,-10.573603,-2.3374379,3.950238798544914e-26,1.3300467335168061e-25
5,SLC35D3,-10.708165,,9.319000131075109e-27,3.1589830952796983e-26
5,ETV3L,-10.766638,,4.947411313555133e-27,1.6885362844898066e-26
5,BARHL2,-10.82852,-2.958047,2.5219957886850677e-27,8.726629026591931e-27
5,RP11-525K10.3,-10.929904,-2.3907578,8.293611925101235e-28,2.930604920530472e-27
5,MT2A,-10.937506,-1.5875334,7.6269105939772975e-28,2.71420305835491e-27
5,ACTA1,-11.007061,,3.533416248687794e-28,1.2694562770977035e-27
5,ALDH1A1,-11.029903,-1.6457255,2.741607204634247e-28,9.897498933697641e-28
5,HPCAL4,-11.182832,-1.1270936,4.94851350625294e-29,1.8327827800936813e-28
5,PCSK1N,-11.20038,-1.2841197,4.059848165159681e-29,1.5092372361188405e-28
5,TRPM1,-11.20912,,3.678339596901702e-29,1.3725147749633217e-28
5,MYH6,-11.235052,,2.743329133524379e-29,1.027464094952951e-28
5,RP11-95O2.5,-11.2442875,-0.68937916,2.4708243192997228e-29,9.288813230450085e-29
5,MYL4,-11.265318,,1.9464816358752746e-29,7.345213720284055e-29
5,TXLNB,-11.29125,-2.1574483,1.4496002778875985e-29,5.511788128850184e-29
5,TYR,-11.3338785,,8.916697911702933e-30,3.42949919680882e-29
5,EDN1,-11.382333,-1.3841059,5.1211314375023706e-30,1.9772708252904904e-29
5,CITED2,-11.392422,-0.7920073,4.561350409467451e-30,1.7748445173025102e-29
5,SPARCL1,-11.469863,-2.979676,1.8695534481379387e-30,7.302943156788823e-30
5,MAP1B,-11.475405,-0.8337825,1.7535563856465e-30,6.876691708417647e-30
5,SOST,-11.49338,-7.436534,1.4242884229306382e-30,5.6074347359473944e-30
5,TRIB3,-11.7144785,-0.93362314,1.0745046082568271e-31,4.2980184330273085e-31
5,EMX2,-11.750997,-0.92257863,6.979077113587655e-32,2.8141439974143774e-31
5,GAPDH,-11.801156,-0.16647123,3.849858573215597e-32,1.5713708462104479e-31
5,SFTA3,-11.858065,,1.9543993827741747e-32,8.076030507331301e-32
5,PRCD,-11.865312,-2.2196982,1.792337973588897e-32,7.468074889953738e-32
5,ANGPT2,-11.871066,-0.6298899,1.6732089487075066e-32,7.000874262374504e-32
5,CRTAC1,-11.928615,,8.395899145849302e-33,3.55758438383445e-32
5,STOML3,-11.931244,-1.8123922,8.134914802635939e-33,3.461665873462102e-32
5,PLN,-11.951563,,6.371553652993495e-33,2.73457238325901e-32
5,RP11-490O6.2,-11.971457,-1.3724202,5.0140790160595336e-33,2.1612409551980747e-32
5,FMO1,-12.003001,,3.4264231971179315e-33,1.483300085332438e-32
5,LHX5-AS1,-12.090177,-2.0702088,1.1903129623864468e-33,5.1978731981940904e-33
5,TMEM176B,-12.095433,-2.248763,1.1165118501403567e-33,4.8969817988612136e-33
5,HES7,-12.096428,-4.2266326,1.1030696794512475e-33,4.859337794939416e-33
5,SLC30A8,-12.230991,-0.89621484,2.1233040357893378e-34,9.564432593645666e-34
5,VTN,-12.250103,,1.6778186462411712e-34,7.626448392005324e-34
5,PCP4,-12.298771,-0.66976714,9.196301490376336e-35,4.21848692219098e-34
5,SYNPR,-12.307794,,8.224067528568379e-35,3.7898928703080087e-34
5,RIPPLY3,-12.360085,-3.4398892,4.2970483863387395e-35,2.0079665356723082e-34
5,SLC7A7,-12.3898535,-2.3533843,2.965855304930139e-35,1.398988351382141e-34
5,DHRS9,-12.418912,,2.0634966790365203e-35,9.779605113917157e-35
5,TYRP1,-12.425235,,1.906658134544531e-35,9.079324450212053e-35
5,RGS4,-12.438094,,1.6233063534853414e-35,7.804357468679527e-35
5,MYL7,-12.528254,,5.2301923234666206e-36,2.5389283123624373e-35
5,CCDC170,-12.579408,-0.7309008,2.7407862243339242e-36,1.3435226589872178e-35
5,IL37,-12.711982,-1.4671861,5.073250000478223e-37,2.5366250002391114e-36
5,AZU1,-12.827362,-0.48204193,1.1522081104131405e-37,5.908759540580208e-37
5,CD9,-12.862531,-1.4372252,7.31424444412233e-38,3.770229094908417e-37
5,TMEM141,-12.885621,-0.84808296,5.423733123177631e-38,2.810224416154213e-37
5,SOX3,-12.894004,-2.471059,4.865059176363022e-38,2.5471514012371843e-37
5,DCT,-12.9799,,1.5908727366812713e-38,8.417316067096673e-38
5,KRT8,-13.001215,-0.95358324,1.204154927171802e-38,6.473951221353773e-38
5,DNAI1,-13.036312,-3.2392247,7.60475982063513e-39,4.1106809841270976e-38
5,FGF8,-13.038514,-2.6550984,7.388264855679423e-39,4.0153613346083825e-38
5,SDC2,-13.052794,-0.2856564,6.12581866418672e-39,3.3474418929982077e-38
5,CA3,-13.096347,-0.67072374,3.4549094788627035e-39,1.9087897673274605e-38
5,TMEFF2,-13.110911,-2.5850177,2.8515057298234917e-39,1.5841698499019398e-38
5,SMPX,-13.145796,,1.799030826089681e-39,1.0050451542400452e-38
5,GMNC,-13.174925,-7.288133,1.2234890555773297e-39,6.873534020097358e-39
5,BAALC,-13.188282,-1.4807539,1.0249457122197548e-39,5.790653741354547e-39
5,SLC2A3,-13.217979,-1.2454726,6.909501088653668e-40,3.925852891280494e-39
5,RP4-665J23.1,-13.225156,-1.4615661,6.280727552848737e-40,3.5889871730564214e-39
5,RGS5,-13.267926,-1.4884467,3.5527879883258497e-40,2.0898752872504998e-39
5,DDIT3,-13.30757,-0.54509294,2.0917434212912295e-40,1.2450853698162079e-39
5,DKK4,-13.389275,,6.985980898990585e-41,4.233927817570052e-40
5,GALP,-13.478368,,2.0969473868982437e-41,1.2786264554257584e-40
5,BHLHE40,-13.479717,-0.780856,2.0589337798386097e-41,1.263149558183196e-40
5,RAMP1,-13.514033,-2.5814312,1.292420449790869e-41,8.027456209881173e-41
5,SPRR2F,-13.733214,,6.4220172860461986e-43,4.116677747465512e-42
5,CFAP77,-13.739325,-2.3311934,5.902421150139642e-43,3.8080136452513817e-42
5,SERPINE3,-13.744723,,5.478177573300955e-43,3.5572581644811396e-42
5,UPK3A,-13.775629,-2.1078289,3.572565306870426e-43,2.3350100044904744e-42
5,NRN1,-13.798009,-1.0857648,2.6198839071891108e-43,1.7236078336770465e-42
5,TTN,-13.871899,,9.37621689581481e-44,6.250811263876541e-43
5,PPP1R42,-13.902093,-2.4786425,6.151557082280024e-44,4.156457488027043e-43
5,SLC8A1-AS1,-13.967527,,2.460192119801174e-44,1.6736000814973974e-43
5,TSPAN7,-13.984579,-0.82020265,1.936188320751822e-44,1.3261563840765906e-43
5,DDIT4,-13.989623,-0.70906174,1.803642698020262e-44,1.2438915158760428e-43
5,FGF17,-14.027563,-2.7685843,1.0572296675241259e-44,7.341872691139764e-44
5,RP11-327J17.9,-14.061381,-0.6533552,6.559341961289327e-45,4.586952420482047e-44
5,FGF5,-14.072962,-5.3781466,5.568732768271449e-45,3.9494558640223044e-44
5,HERPUD1,-14.144791,-0.42286023,2.0111438155375568e-45,1.4365312968125404e-44
5,RAMP3,-14.218822,,7.002190788164028e-46,5.037547329614408e-45
5,HSD17B2,-14.274807,,3.141562655398994e-46,2.2764946778253577e-45
5,BIRC7,-14.371928,,7.763875888575171e-47,5.667062692390635e-46
5,MORN5,-14.413633,-1.7800087,4.2476442458857855e-47,3.123267827857195e-46
5,TTR,-14.433171,-1.4797114,3.2002164093021236e-47,2.3705306735571284e-46
5,ATP6V1C2,-14.443615,,2.7502948983270803e-47,2.0524588793485673e-46
5,FEZF1-AS1,-14.598569,-2.3369672,2.868014594824188e-48,2.1893241181864032e-47
5,C1orf194,-14.607947,-4.4655666,2.4993506073627643e-48,1.9225773902790494e-47
5,ELMO1,-14.649865,-1.1795626,1.3498308296118691e-48,1.0463804880712164e-47
5,IGFBP7-AS1,-14.713524,-11.859391,5.278573954093077e-49,4.123885901635216e-48
5,LIM2,-14.804393,-4.225506,1.3722020362988623e-49,1.0890492351578272e-48
5,AKR1B10,-14.872953,,4.938564405212718e-50,3.9508515241701744e-49
5,HIST1H2BG,-14.8937,-0.5415913,3.6216393008638234e-50,2.9362396938748945e-49
5,PACRG,-14.970004,-1.5288286,1.1531424288577462e-50,9.530102717832614e-50
5,GNB5,-15.05185,-0.33798146,3.3571099304338064e-51,2.8211007818771486e-50
5,CALB1,-15.151317,-3.2904227,7.426390285252144e-52,6.293551089196733e-51
5,TMEM155,-15.15295,,7.243996782104952e-52,6.191450241115343e-51
5,PLSCR2,-15.233661,,2.11416461476346e-52,1.822555702382293e-51
5,LYPD1,-15.251564,-2.3409283,1.6073596598787264e-52,1.3977040520684577e-51
5,TPBG,-15.257888,-1.882055,1.4589589479647633e-52,1.2797885508462836e-51
5,CYP26A1,-15.264637,-2.3126538,1.315581690215993e-52,1.1642315842619406e-51
5,LMO1,-15.2697525,,1.2163430685033612e-52,1.086020596878001e-51
5,ENO2,-15.286164,-1.5749555,9.455800124476824e-53,8.518738850880022e-52
5,TNNT2,-15.416393,,1.2700107085428317e-53,1.186925895834422e-52
5,MEST,-15.435222,-0.592607,9.487454695271131e-54,9.035671138353458e-53
5,NCCRP1,-15.463924,,6.078010977666478e-54,5.844241324679306e-53
5,CA2,-15.482894,-3.7052655,4.526446038301874e-54,4.394607804176577e-53
5,APOBEC2,-15.5739765,,1.0939007758253738e-54,1.0830700750746274e-53
5,PAX6,-15.592875,-4.0900464,8.138678679894398e-55,8.138678679894398e-54
5,IGFBP2,-15.604456,-0.9113378,6.788622152151693e-55,6.857194093082517e-54
5,LY6H,-15.628754,-1.4527628,4.6378458589271555e-55,4.7324957744154645e-54
5,RP11-32K4.1,-15.75067,,6.795654551770928e-56,7.22941973592652e-55
5,CFI,-15.805875,-1.0253785,2.83429537888608e-56,3.080755846615304e-55
5,HIST2H2BE,-15.816745,-0.78641576,2.3850945708143155e-56,2.620983044850896e-55
5,FOXJ1,-15.851629,-3.143035,1.369834908163056e-56,1.5220387868478402e-55
5,PRTN3,-15.852126,-2.4458141,1.359035797983589e-56,1.5220387868478402e-55
5,TM4SF1,-15.902357,-1.6923062,6.102518710099392e-57,7.095951988487665e-56
5,KCNJ2,-15.915429,-0.7664174,4.952607668424325e-57,5.895961510028958e-56
5,HES1,-15.958626,-0.78424186,2.481337105444248e-57,2.9895627776436723e-56
5,BHMT,-16.106192,-2.9962027,2.3081011337884588e-58,2.8147574802298276e-57
5,MT1E,-16.117416,,1.9248947563090534e-58,2.376413279393893e-57
5,RP3-466P17.1,-16.130915,-0.75783354,1.5470977681838313e-58,1.933872210229789e-57
5,KRT18,-16.155499,-1.4611108,1.0387641765415706e-58,1.3148913627108487e-57
5,ARX,-16.172407,-2.8518882,7.895227321602089e-59,1.0122086309746269e-57
5,FEZF1,-16.263773,-2.8739586,1.7840268243210417e-59,2.3169179536636907e-58
5,AQP1,-16.290203,,1.1584323091050847e-59,1.544576412140113e-58
5,STC1,-16.384981,-0.85323733,2.448477640961591e-60,3.354078960221358e-59
5,CTSV,-16.400824,-3.4506314,1.886617616663961e-60,2.6572079107943114e-59
5,HIST1H2AC,-16.502777,-1.0314453,3.5040245396513524e-61,5.078296434277322e-60
5,SPAG6,-16.557127,-4.3839593,1.4222303741928388e-61,2.0915152561659393e-60
5,PLTP,-16.593718,-1.9288915,7.737946683957428e-62,1.1549174155160339e-60
5,RP11-111H13.1,-16.670448,-1.8764781,2.1497669414322423e-62,3.2572226385337e-61
5,CAPSL,-16.68203,,1.771005463220704e-62,2.7246237895703138e-61
5,LLNLF-187D8.1,-16.874992,,6.873300684220917e-64,1.0739532319095183e-62
5,TRH,-16.947248,-2.6890223,2.0167510055312413e-64,3.2011920722718115e-63
5,OTX2-AS1,-17.226463,,1.6812046805139062e-66,2.849499458498146e-65
5,LDHA,-17.394562,-1.832983,9.071848991898214e-68,1.6494270894360388e-66
5,NDUFA4L2,-17.561735,-3.07104,4.837336180708276e-69,9.127049397562785e-68
5,DRC1,-17.589018,-6.7596235,2.9901634585732576e-69,5.750314343410111e-68
5,PIFO,-17.596975,-3.1750424,2.5983745772990745e-69,5.094852112351126e-68
5,TRPM3,-17.710863,,3.457269032831985e-70,6.91453806566397e-69
5,RSPO3,-17.75669,-1.8669258,1.5299769971051707e-70,3.1224020349085114e-69
5,TCTEX1D4,-17.76287,,1.370439811552474e-70,2.855082940734321e-69
5,IGFBP5,-17.802692,-0.92669654,6.735190534005612e-71,1.4330192625543854e-69
5,CALB2,-17.820135,,4.931802824872041e-71,1.0721310488852263e-69
5,EFEMP1,-17.866528,-0.5351024,2.1496393639881047e-71,4.776976364418011e-70
5,CLU,-17.882301,-2.4715204,1.6201184105729482e-71,3.6820872967567005e-70
5,CCNA1,-18.073418,,5.161507304995175e-73,1.2003505360453898e-71
5,RP5-1159O4.2,-18.390644,-1.1384218,1.5611632685753742e-75,3.902908171438436e-74
5,PLP2,-18.396255,-2.4885554,1.4076059967099658e-75,3.6092461454101685e-74
5,CFAP126,-18.445635,,5.653215403997846e-76,1.527896055134553e-74
5,RSPO2,-18.556042,-4.1327667,7.28813210060977e-77,2.0244811390582695e-75
5,C20orf85,-18.636751,,1.6177293435395457e-77,4.622083838684416e-76
5,RSPO1,-18.66581,-4.793235,9.39412742311145e-78,2.7629786538563088e-76
5,RP11-156E8.1,-18.86254,-1.7229714,2.3181580627198308e-79,7.244243945999471e-78
5,LGALS3BP,-18.86666,-2.0022986,2.1443138577771073e-79,6.917141476700346e-78
5,SPINT2,-19.011524,-1.8470368,1.369137345797483e-80,4.721163261370631e-79
5,C11orf88,-19.338129,,2.5661784956623475e-83,9.504364798749435e-82
5,RSPH1,-19.644058,,6.499085298638669e-86,2.4996481917841037e-84
5,C9orf24,-20.030697,,2.974632100596447e-89,1.1898528402385787e-87
5,FAM81B,-20.142668,,3.1206589755126473e-90,1.3002745731302696e-88
5,NPNT,-20.21407,,7.36193511966109e-91,3.200841356374387e-89
5,SLC9A3R1,-20.419468,,1.12280810221657e-92,5.346705248650333e-91
5,BST2,-20.476662,-2.137095,3.476923163006789e-93,1.7384615815033945e-91
5,SLC2A1,-20.482912,-3.348772,3.0581223099551602e-93,1.609538057871137e-91
5,ZMYND10,-20.74394,,1.390545718203685e-95,8.179680695315793e-94
5,WFIKKN2,-20.940245,,2.3027770300192921e-97,1.4392356437620575e-95
5,CFAP45,-21.086742,,1.0526354653459364e-98,7.017569768972909e-97
5,SLC16A3,-21.202408,-1.5368891,9.073304764867904e-100,6.480931974905646e-98
5,TEKT1,-21.245605,,3.6201048964149725e-100,2.7846960741653635e-98
5,SARAF,-21.272745,-0.8804673,2.0304494390416978e-100,1.692041199201415e-98
5,EZR,-21.876505,-2.2425997,4.3493263757298467e-106,4.349326375729847e-104
5,C1orf168,-21.880909,,3.948936725111249e-106,4.349326375729847e-104
5,GABRD,-22.032026,,1.4207317632831003e-107,1.775914704103875e-105
5,ANKRD37,-22.081263,-1.5188022,4.785350126355884e-108,6.836214466222691e-106
5,CCNO,-22.651417,,1.3509885772223494e-113,2.701977154444699e-111
5,CDC20B,-24.46781,,3.252987876886199e-132,1.0843292922953996e-129
5,TMEM88,-25.063896,,1.231841916631518e-138,6.15920958315759e-136
5,KRT19,-25.114197,-3.1981719,3.480173449517796e-139,3.4801734495177964e-136
