group,names,scores,logfoldchanges,pvals,pvals_adj
0,Elane,32.76949,6.424226,1.6025443657435627e-235,2.5993269612360586e-232
0,Prtn3,30.435774,4.516717,1.8480446375917438e-203,1.4987642010869043e-200
0,Mpo,29.992369,5.389893,1.2340959801422664e-197,6.67234559930252e-195
0,Ctsg,28.598347,4.312377,7.044380567927328e-180,2.8564963202945314e-177
0,Gstm1,27.398127,4.0276732,2.887234027835172e-165,9.366187186297298e-163
0,Plac8,22.946995,2.404333,1.5789029737634675e-116,4.268301039073907e-114
0,Slpi,21.380848,3.4813259,2.0143594412667746e-101,4.667558591049584e-99
0,Dmkn,21.133059,3.5066593,3.951067696018878e-99,8.010789753678275e-97
0,Gda,20.860785,3.8190262,1.2165779831812332e-96,2.1925438763555115e-94
0,Gfi1,20.731274,4.55956,1.809397623409392e-95,2.9348429451700335e-93
0,Sgms2,20.689568,5.7515845,4.300469493733184e-95,6.341237744395659e-93
0,Msrb1,19.97647,2.892709,8.824507057672935e-89,1.192779203962125e-86
0,Prdx5,19.491135,2.7629855,1.3055500479502343e-84,1.628924752134831e-82
0,Fcgr3,18.599274,2.9743009,3.256898467324192e-77,3.7733495099998853e-75
0,Igsf6,17.86399,3.3579676,2.2496288812409106e-71,2.4325986969151714e-69
0,Wfdc21,16.629044,3.8110373,4.29390251222303e-62,4.352943671766097e-60
0,Lipg,16.13389,4.8353596,1.4743267772224206e-58,1.4066811956792744e-56
0,Sorl1,15.212326,2.6330805,2.9294598689491746e-52,2.639768837464201e-50
0,Mgst2,15.0330515,3.7921221,4.459762234162794e-51,3.807228602006343e-49
0,Serpinb1a,14.71618,1.9646153,5.075324339186289e-49,4.1160880390800807e-47
0,Hp,14.556992,2.8900838,5.272732671307895e-48,4.0725582823149556e-46
0,Pygl,14.536565,3.286757,7.107036673537656e-48,5.2398243111263996e-46
0,Mgst1,14.140907,3.3493571,2.1252519807072997e-45,1.4987646576988e-43
0,Rps27rt,13.9803295,2.1844847,2.0553357346118927e-44,1.3890644006418708e-42
0,Cebpe,13.783665,6.9479485,3.196280609619026e-43,2.073746859520824e-41
0,Ccl9,13.589183,1.7149767,4.6423176188244655e-42,2.8960919914358784e-40
0,Itgb2,13.549351,2.018916,7.993390120186985e-42,4.801955101830848e-40
0,Myo1f,12.938303,2.101451,2.736054266942084e-38,1.5303034555103657e-36
0,Ly6c2,12.778009,4.3375645,2.175679295769151e-37,1.1763172725791876e-35
0,Lcn2,12.7005005,3.694216,5.875288693198316e-37,3.074102664634732e-35
0,Cd93,12.576577,1.674174,2.8407358683552514e-36,1.439897993272568e-34
0,Itgam,12.158734,2.4202263,5.155142119846463e-34,2.4593060348208716e-32
0,Ftl1,12.046726,1.6419486,2.0180620059271517e-33,9.352275924610971e-32
0,Hsd11b1,11.357036,5.306012,6.842739243948057e-30,3.083034181578819e-28
0,Vsir,10.574771,2.38179,3.901295936299812e-26,1.710243786129269e-24
0,Cyp11a1,10.518881,1.9357675,7.070853913210944e-26,3.0181381703231974e-24
0,Rhoj,10.506397,2.6665237,8.071815252045047e-26,3.35704726636335e-24
0,Mt1,10.373452,1.4110643,3.274743883072242e-25,1.3279086445857942e-23
0,Tbc1d8,10.334868,2.4090557,4.900835687653667e-25,1.9388184110668898e-23
0,Lgals1,10.157042,1.2439497,3.0829046780612902e-24,1.1905884256703363e-22
0,Sirpa,10.063191,1.1041418,8.03508846566406e-24,3.030910114257466e-22
0,Olfml2b,9.907918,4.106153,3.845753461895738e-23,1.4176845716352016e-21
0,Ceacam1,9.384139,3.3029146,6.3432600879103065e-21,2.236688665780547e-19
0,Tyrobp,9.267223,1.442069,1.9105456696159346e-20,6.593415055568183e-19
0,Ctsd,9.117256,1.0889196,7.705040455395738e-20,2.603661587219143e-18
0,Pde2a,9.027434,3.8472497,1.7574347996440218e-19,5.817467846984905e-18
0,Sell,8.975488,1.1271203,2.820990359452146e-19,8.971855613787023e-18
0,Gadd45a,8.965133,1.7948864,3.0990808457660557e-19,9.666748330447196e-18
0,F10,8.911597,2.4341147,5.030267250448597e-19,1.539451600042948e-17
0,Cnn2,8.459,1.4071306,2.6968076563255826e-17,7.953130942836536e-16
0,G0s2,8.3571205,6.807301,6.426759014080374e-17,1.8614648430068514e-15
0,Fcer1g,7.981124,0.97049874,1.4500660549471536e-15,4.0551847260763504e-14
0,Ndrg2,7.9775496,2.0285146,1.492671994775942e-15,4.1035830093670815e-14
0,Csf2rb,7.8247166,0.7716197,5.088019428050806e-15,1.3754612520497344e-13
0,Fgl2,7.8168297,1.0710328,5.417039016677558e-15,1.4403995549263934e-13
0,Adpgk,7.6588616,0.9450943,1.8758839709558512e-14,4.754193438891235e-13
0,Smpdl3a,7.607,2.110944,2.8053126099432897e-14,7.000333928196947e-13
0,Ctsb,7.5154195,0.86636734,5.6728737262237076e-14,1.3941516945355837e-12
0,Ccl6,7.4326053,1.8488145,1.0647911321568008e-13,2.5777480841169118e-12
0,Slc40a1,7.3384147,6.795563,2.161383190542105e-13,5.155534610381315e-12
0,Tnfrsf1b,7.286156,0.81482667,3.189234609296562e-13,7.497012371418875e-12
0,Dmxl2,7.2459264,1.6388177,4.294930669410288e-13,9.951967922547837e-12
0,Golim4,7.213669,1.0518335,5.446404548780222e-13,1.2442349546650027e-11
0,Tmem216,7.026082,2.776482,2.124134503321161e-12,4.719652279982087e-11
0,Anxa1,7.0054564,1.2467616,2.4618154073250958e-12,5.396033230650413e-11
0,Sp140,6.9973426,1.4904565,2.6086277863706625e-12,5.641592359324286e-11
0,Mcemp1,6.9314094,3.6468446,4.166688580637632e-12,8.89259062867663e-11
0,Syne1,6.8920875,3.1925023,5.497955597584045e-12,1.1581407765300417e-10
0,C3,6.8095856,3.1973445,9.788032434171974e-12,2.0354087959265312e-10
0,Tiam1,6.621772,1.1203126,3.549189663402113e-11,7.2870704228332e-10
0,Stx3,6.5521784,1.8289165,5.670373287538835e-11,1.1496681840484988e-09
0,Fcnb,6.4282837,6.4073434,1.290527222112824e-10,2.552725797886586e-09
0,Msra,6.383458,2.012231,1.7313305742026105e-10,3.3431168944721838e-09
0,Mgl2,6.316248,1.3412819,2.6799002583238837e-10,5.113880257648634e-09
0,Grina,6.2707415,1.2054898,3.593330891582329e-10,6.6992904668351e-09
0,Cst3,6.2499456,0.77342916,4.1059554133690657e-10,7.568022364187074e-09
0,Egln3,6.1469035,0.592398,7.901022969128956e-10,1.4239399173252408e-08
0,Cd33,6.016512,1.8385863,1.7821555997181093e-09,3.176545475541509e-08
0,Spint1,5.9942975,1.026062,2.0436691947742157e-09,3.603077645569324e-08
0,Thy1,5.9732747,1.115003,2.325376344742418e-09,4.055656377604518e-08
0,Dach1,5.862459,2.8419771,4.560622264191058e-09,7.705551367206142e-08
0,Ctsa,5.767389,0.6789804,8.050913228780761e-09,1.3462454904208653e-07
0,Cndp2,5.7549057,0.5819521,8.669012806509823e-09,1.4348100787917278e-07
0,Noct,5.736039,0.6051876,9.691618801673265e-09,1.587859161243842e-07
0,Pglyrp1,5.725911,4.166808,1.0288017322574419e-08,1.6687164097215708e-07
0,S100a10,5.706988,0.6423664,1.1499307412711112e-08,1.8467204577641012e-07
0,Vim,5.7019377,0.69225085,1.1845309460381285e-08,1.883636465170436e-07
0,Hdc,5.6548142,1.1404239,1.560150819590561e-08,2.4568588634717374e-07
0,Lipa,5.637451,0.7513996,1.7258548671940054e-08,2.6916698024891124e-07
0,Napsa,5.6084566,0.5839418,2.0413913803976905e-08,3.15346363714767e-07
0,Rhou,5.592994,5.8925533,2.2318654412444547e-08,3.415175231791043e-07
0,Pdlim7,5.551942,0.784147,2.8251334321949087e-08,4.282585445813217e-07
0,Sp100,5.4898386,0.6480409,4.0230120314775716e-08,6.041968069496871e-07
0,Lst1,5.465156,1.4791232,4.6249959573989776e-08,6.882333433854259e-07
0,Spp1,5.4254656,0.90569454,5.7803681887091915e-08,8.52341563826028e-07
0,Runx2,5.4113655,0.57818395,6.254602787855476e-08,9.139608758469894e-07
0,Bst2,5.389236,0.50599897,7.07577630710342e-08,1.0247240330465846e-06
0,Tusc1,5.167009,0.74918836,2.3787017800811543e-07,3.3844335853435374e-06
0,Man2b1,5.1597457,0.8166022,2.4728533952677166e-07,3.4877984409775964e-06
0,Tmem40,5.10082,1.6709521,3.3818519175792186e-07,4.68834513702008e-06
0,Lgals3,5.080308,0.44627336,3.768235383306439e-07,5.1797269421381725e-06
0,Chil3,5.000955,5.783855,5.70469782616409e-07,7.710849895031795e-06
0,AB124611,4.9898624,1.5026964,6.042236906594099e-07,8.099593605368288e-06
0,Ffar2,4.9865146,0.55228263,6.147829598497267e-07,8.173589843248007e-06
0,Plaur,4.915361,1.5427144,8.861907697779901e-07,1.1591947004676613e-05
0,Arfgef2,4.801878,0.72929174,1.571843282197777e-06,2.0075037824604678e-05
0,Ctsc,4.7836356,0.31710407,1.7215247436186591e-06,2.1814946360542697e-05
0,Pnkp,4.711801,1.9384189,2.4553676068901607e-06,3.087291673159567e-05
0,Ak4,4.626377,0.48136112,3.721173655640458e-06,4.572533082915774e-05
0,Pnpla7,4.61744,1.5670831,3.885021759233047e-06,4.737973904869174e-05
0,Gadd45b,4.6001344,0.7959954,4.222186255202947e-06,5.072878596991985e-05
0,Papss2,4.5824876,1.9131558,4.594766341333081e-06,5.4799345629722476e-05
0,Agl,4.5155044,1.5715305,6.316617780410551e-06,7.478506598413075e-05
0,Desi1,4.504298,1.0411845,6.659265062689388e-06,7.827049225856657e-05
0,Ctsl,4.453685,0.9474831,8.440895265588023e-06,9.710022780697711e-05
0,Mmp19,4.4318113,1.9521558,9.344486302795896e-06,0.00010673772382489396
0,Mgll,4.4278674,2.3779755,9.516929442726593e-06,0.00010794726962309465
0,Gm2a,4.4261656,0.48149383,9.592300948390276e-06,0.00010804661207145159
0,Cd84,4.40954,0.97644585,1.0359036152426617e-05,0.00011587832164990325
0,R3hdm4,4.3905034,0.63916785,1.130885420376899e-05,0.000124782051146349
0,Lrpap1,4.368743,1.0710702,1.2496365935564565e-05,0.00013695341586139004
0,Adgre5,4.3531394,3.10898,1.342018570562079e-05,0.00014609088063434177
0,N4bp2l1,4.1526723,0.9128134,3.286154988978602e-05,0.00035534289280821947
0,Rab7b,4.1146836,2.041865,3.877106350350932e-05,0.00041646798015027893
0,Ccz1,4.1073356,0.48434865,4.002492492868136e-05,0.00042710808048895506
0,Abtb1,4.0966115,1.6726986,4.192413990666147e-05,0.0004415646423935384
0,Sgpl1,4.088072,0.21581514,4.349730864944091e-05,0.0004530906502647902
0,B230208H11Rik,4.0876465,1.3033639,4.35771525532104e-05,0.0004530906502647902
0,Itm2c,4.0244365,0.32388815,5.711187138444266e-05,0.0005826129269532452
0,Ly6i,4.008152,3.4643786,6.119576750086516e-05,0.0006165188502261074
0,Ltb4r1,3.9914699,1.9877474,6.566502332746568e-05,0.0006574609125749958
0,Ets1,3.9622765,2.2894843,7.423849867762852e-05,0.000734236858872643
0,Tmem154,3.941027,1.1763828,8.113354417466611e-05,0.000797567325159445
0,Gns,3.909734,0.445487,9.239781330485188e-05,0.000902826826388372
0,Hbp1,3.8813634,0.44415328,0.00010387252392787295,0.0010088696635389815
0,Sh2d3c,3.8619862,0.9846066,0.00011246894252853753,0.0010858608617933803
0,Kit,3.847744,0.5299653,0.00011921048887623383,0.0011441385382085873
0,Rassf3,3.8316863,0.69328785,0.00012726796211846723,0.0012142860856244344
0,S1pr4,3.814664,1.147061,0.00013636842087346232,0.001293506307934245
0,Prkcb,3.806039,1.0455096,0.00014121001877092498,0.0013316433165490717
0,Fbxl5,3.7941234,0.8053688,0.00014816591518067266,0.0013891625111159022
0,Mxd1,3.7538087,1.2490786,0.00017416774912086278,0.0016235637303105713
0,Slc7a11,3.742035,1.0760674,0.00018253612080165282,0.0016918490739444621
0,Furin,3.7335238,0.38961655,0.0001888193810360863,0.0017401422502302953
0,Itgb2l,3.6940885,27.359009,0.00022067692909520905,0.0020222484688837803
0,Tbc1d20,3.684102,1.2726665,0.00022951029555533028,0.002091380333655875
0,Ccpg1,3.6768959,1.326953,0.00023608934127371402,0.002139312355005386
0,Rabggta,3.6365812,0.4960826,0.00027628061950877995,0.002489595360240228
0,Ckap2l,3.6220553,0.23626292,0.0002922715334614518,0.002619140482179419
0,F7,3.6157286,1.5341293,0.00029950390301236856,0.00266920511365968
0,Rassf4,3.6139414,0.50689214,0.0003015772925918607,0.002672996549639334
0,Slc23a2,3.5563772,1.071502,0.00037600401304321623,0.0032789167158929935
0,Gatad2b,3.5416245,0.34665513,0.0003976711109074316,0.0034493184058387917
0,Mitf,3.5244603,0.915547,0.00042434645591028655,0.003661116763225983
0,Clec4e,3.5110693,0.26133624,0.0004463080241538949,0.00383022018612496
0,Klhdc4,3.4837484,0.9329496,0.0004944441545420683,0.004220991677195972
0,Cd177,3.4663572,7.8968625,0.0005275620354987585,0.004480134144392599
0,Iqsec1,3.4513206,0.885978,0.0005578503392538414,0.004712673178488181
0,Slc7a5,3.3935013,0.25669885,0.0006900524627670004,0.005710536196979973
0,Atf5,3.3823233,1.1139053,0.0007187552852210023,0.005917873465119115
0,Bnip3,3.3736134,0.28619578,0.0007418848196161883,0.006077460492007361
0,Bri3,3.3620949,0.13265166,0.0007735353256737538,0.006304895971069491
0,Zmpste24,3.3207588,0.184788,0.0008977307307275977,0.007137839437451782
0,Il1f9,3.3143754,2.7650442,0.0009184809360547557,0.007267200381857628
0,Fmnl2,3.2673085,0.8333181,0.0010857529856141716,0.00850768764573037
0,Ubac2,3.218823,0.12798958,0.0012871790763844461,0.010037521451421018
0,Gm37214,3.1572871,0.2598382,0.0015924451729615312,0.012299743193064778
0,Pi16,3.1182773,2.3626754,0.0018191153183557773,0.013852605851516764
0,Ccl3,3.1162062,0.46742868,0.0018319407150828944,0.013885083363852593
0,Fry,3.0996945,0.18183865,0.0019372030329145116,0.014614620090173664
0,Alox5,3.074161,0.11636965,0.002110955131132619,0.015778660012429068
0,Tpd52,3.0645432,0.09689032,0.0021800261984936745,0.016219791837298377
0,Flt1,3.0631814,0.42717814,0.0021899718941851692,0.016219791837298377
0,Litaf,3.0533652,0.16473433,0.002262903266495469,0.016683768628434775
0,Ugcg,3.0233774,0.2514404,0.0024997025233821743,0.01826359231047697
0,Gm43549,3.005504,0.24754274,0.0026514117542360068,0.019278016476847785
0,Cystm1,2.9878857,1.7681122,0.002809145575206719,0.01998436018853201
0,Ccnd2,2.9781547,0.4190737,0.002899896762334896,0.02052093792237402
0,Tob1,2.9762254,1.0651245,0.0029182030281718493,0.02052093792237402
0,Ifi27,2.9757714,0.47870576,0.00292252568438249,0.02052093792237402
0,Acp6,2.9616997,0.6553501,0.0030594611360633362,0.02131375489132772
0,Cd53,2.937074,0.3935358,0.003313251802781615,0.02295021351988005
0,Cpox,2.9359674,0.5910735,0.0033250925876521648,0.02295021351988005
0,9930111J21Rik2,2.9202216,0.36119366,0.003497824736039144,0.024040134414641916
0,Samd10,2.9151149,0.68145657,0.003555575431627562,0.024333938186075547
0,Arhgef3,2.870261,1.4385841,0.004101332058602364,0.027603156012668197
0,F13a1,2.8376062,0.86554694,0.004545321110928107,0.030464920834402436
0,Antxr2,2.818513,0.48831716,0.004824668409106374,0.032204165265722375
0,Glb1,2.8054056,0.32399136,0.005025330362908082,0.03332751263567817
0,Themis2,2.803533,0.39841992,0.005054604259171906,0.03332751263567817
0,Camp,2.8000152,6.59699,0.005110020935876186,0.033556493757049284
0,Tmcc1,2.7982278,0.8589204,0.005138386042228346,0.03360670226005797
0,Pag1,2.7968943,0.7020543,0.005159639906070541,0.03361018444837919
0,Cd300lb,2.7750206,1.2318885,0.005519821465388053,0.03560774149327748
0,Notch2,2.7734601,0.4553338,0.005546362542135753,0.03560774149327748
0,Pvr,2.7730062,0.56149995,0.005554105177434774,0.03560774149327748
0,Rgs18,2.7668498,0.09493094,0.005660082146864444,0.036144304103205224
0,Ccng2,2.7551327,0.28610963,0.005866832831123998,0.03702724845168531
0,Ifitm6,2.7523525,0.7343199,0.005916880959389981,0.037198375643916856
0,Ttc3,2.7480116,0.32037336,0.005995786937892915,0.03754890507051084
0,Slc2a3,2.72889,0.1921375,0.006354792316791072,0.039644127453212
0,Pcsk9,2.7146761,0.8921271,0.00663406069610508,0.04122776417272966
0,Mad1l1,2.696292,-0.027103692,0.007011617971434396,0.04324275418124179
0,Junb,2.6787872,0.032559358,0.0073889322550940734,0.04539715196122192
0,F5,2.6719499,2.7288833,0.007541190029465048,0.046157774444499276
0,Acpp,2.6386144,4.0391583,0.008324561087496149,0.05076104542826599
0,Cd14,2.6242871,2.2892478,0.008683053343691415,0.052551912400998047
0,Stat1,2.6061583,0.010695667,0.00915641227913974,0.05500629895098021
0,Gng11,2.5604815,1.4586742,0.010452721167492723,0.062332035785563226
0,Mogat2,2.557446,26.197947,0.010544396000220523,0.06264838942255563
0,Klrb1f,2.5190887,0.56188875,0.011765899764285648,0.06939741606425935
0,Ccdc62,2.499825,0.42391855,0.012425464851966859,0.07302211590539943
0,Fcgr4,2.4975271,3.483453,0.012506292890277007,0.07323179446941987
0,Itgal,2.4926472,0.13687076,0.012679473372510956,0.0739787978784632
0,Ing1,2.4798522,-0.03943491,0.013143688702182684,0.07631536831113203
0,Clec4a2,2.4485593,2.780646,0.014342883659418671,0.08249701168644356
0,Cd300lf,2.4432824,1.7025476,0.014554347246644325,0.08341749552670352
0,Zfp236,2.3989673,0.17696701,0.016441382065354507,0.0935716551228246
0,Pknox2,2.3843565,3.8692372,0.017109022817081286,0.09703089164092953
0,Rnf149,2.321799,0.07326352,0.02024375634179823,0.11401171106387754
0,Specc1,2.3115857,0.77995986,0.020800528356082194,0.11593971475451999
0,Nabp1,2.304039,0.4862763,0.021220451731882323,0.11787524900381209
0,Hmox1,2.2974286,0.28911763,0.021594327177888208,0.11954265761957227
0,Ube2h,2.291868,-0.04053876,0.021913259592675458,0.12089560224258364
0,Kdm5b,2.2901375,0.2464669,0.02201335184170012,0.12103612436351728
0,Sipa1l1,2.2884068,-0.034283563,0.02211384157711023,0.1211778751286243
0,Dio2,2.2782218,2.5247054,0.022713369869089794,0.12357221902604223
0,Mxd4,2.2673273,-0.007202761,0.023370232974157076,0.1254753253335193
0,Creb3l2,2.2642066,0.89397365,0.0235614093750583,0.12571251975771236
0,Gbp3,2.2598376,0.28828424,0.023831335557711473,0.1267358238511738
0,Irs2,2.2576814,1.0127652,0.02396553158146961,0.1270329811279206
0,Tnfrsf23,2.2406023,1.1598365,0.025051852496866,0.1323586473938653
0,Cdk18,2.229708,1.4058084,0.025766841991574623,0.13525507349622667
0,Cpne8,2.2072098,0.12300321,0.027299395438024343,0.1428374819370177
0,C5ar1,2.1999187,4.531436,0.027812665110923344,0.14367964452549897
0,Slc39a4,2.1998904,0.80636543,0.027814678409991786,0.14367964452549897
0,5430416N02Rik,2.1878045,0.72246355,0.028683853021046164,0.14723167594980024
0,Snhg12,2.183946,0.3420496,0.02896621691335709,0.147756558993264
0,Acox3,2.1839175,0.5116742,0.02896830194812451,0.147756558993264
0,Txnip,2.1702147,0.04940288,0.029990593595304475,0.15201482128619956
0,Dip2a,2.1418157,0.7891649,0.032208328167418955,0.16274737784284593
0,Cdkn1b,2.1275167,0.24943851,0.03337717322987366,0.16680628004497575
0,Satb1,2.1257293,-0.31555122,0.033525799811752216,0.16680628004497575
0,Psap,2.1242824,0.038614273,0.033646530875385265,0.16689502470909756
0,Sec22a,2.1117144,0.31463063,0.03471096518891628,0.17164995590372623
0,Pkib,2.085358,0.063262716,0.03703682487506324,0.1825949238521355
0,Tgif1,2.0693853,0.10358722,0.038509952666286526,0.1880439628900879
0,Ypel3,2.068364,0.11580873,0.03860581975487008,0.1880439628900879
0,Lrg1,2.052845,1.7945448,0.040087601513362936,0.1940957900139543
0,Neat1,2.0280492,0.35468566,0.042555232276549726,0.20482073220345298
0,Cd52,2.0029695,-0.0024950614,0.045180565274319504,0.21553787316160658
0,Jun,1.9926425,0.2617867,0.04630060264438641,0.22023336507095234
0,Padi4,1.9877912,0.8412721,0.04683479152873753,0.2221229001743049
0,Cd69,1.962371,-0.15921745,0.04971930185483461,0.2337527756769326
0,Slfn2,1.9338869,0.64645165,0.05312703696498276,0.24905217906705793
0,Tcp11l2,1.92112,0.99690276,0.05471657034463661,0.2547811251556792
0,Camk1,1.9202974,0.01751968,0.054820353069871784,0.2547811251556792
0,Cyth1,1.8927778,-0.13697031,0.05838742760335001,0.2705840216360963
0,Pik3ip1,1.8838978,0.2541485,0.0595788062599646,0.2753185861927709
0,Fam20c,1.8705351,3.3355098,0.061409537292445596,0.2829723565009851
0,Slc27a4,1.8677832,2.3241332,0.06179229352306739,0.283635320507388
0,1810021B22Rik,1.8483493,1.8908248,0.06455182698274821,0.2923011771883167
0,Mir142hg,1.8473563,1.1644026,0.06469551332343138,0.2923011771883167
0,Atp1b1,1.827809,2.8446326,0.06757823090133548,0.3027952776849894
0,Cxcr2,1.821227,0.80390626,0.0685723661982394,0.3064032451061827
0,Ddhd1,1.8032967,0.21474698,0.07134163377614176,0.3161642895762348
0,Rnf144a,1.7973388,0.94605976,0.07228184393686682,0.3194581767454986
0,Itga6,1.7938209,-0.12963884,0.07284176387083764,0.32105799184374634
0,Slc31a2,1.7907568,0.87505585,0.07333232358492796,0.3214730509587923
0,Lrp12,1.7795221,0.022161154,0.07515421208905276,0.32768852690441824
0,Ndrg1,1.7732805,-0.03673267,0.07618223721218645,0.33128039881545956
0,Pld3,1.729533,0.48769635,0.08371375782682638,0.36112690211466064
0,Rap2b,1.7115176,-0.109889716,0.08698561337048412,0.3703167057399612
0,Hgsnat,1.6953746,0.2652068,0.09000437320501892,0.38116734553143783
0,Oas1g,1.6795439,0.7471176,0.09304610875068822,0.3930228864417091
0,Gpr65,1.6693304,-0.18683708,0.0950519256572619,0.4004525283534514
0,Evl,1.6635711,0.28366113,0.09619816760129869,0.404231678366079
0,Tshz1,1.6541804,-0.19640733,0.09809085877429531,0.4100162955521711
0,Lrp1,1.6529889,0.8472487,0.09833313130073647,0.4100162955521711
0,Zfp329,1.5967298,0.5006717,0.11032594683511737,0.45189062062262725
0,Stk17b,1.5905167,-0.15306516,0.11171839857129712,0.4546008159146292
0,Rap1b,1.58924,0.1931245,0.11200622876233839,0.4546008159146292
0,Map1lc3a,1.5891548,0.72454166,0.11202543821910287,0.4546008159146292
0,Arntl,1.588786,0.4986002,0.11210870922678895,0.4546008159146292
0,Klhl20,1.569494,0.08723105,0.11653288375645497,0.4713624375385785
0,Sgk1,1.554032,1.7196188,0.12017679519673802,0.48489244231121653
0,Lgalsl,1.5178877,0.606343,0.1290427073324686,0.5142684798360296
0,Ulk1,1.5144265,0.12227354,0.12991770402623704,0.5152237553314338
0,Slc24a3,1.4931768,1.1993126,0.135390897667725,0.534316389335888
0,Chd3,1.4896873,-0.29130638,0.13630648410417967,0.5366240709149985
0,Osbpl5,1.4727783,0.4535365,0.14081081293184605,0.5503497315071187
0,Cd82,1.4681823,0.0017691111,0.1420547115424096,0.5538767839466067
0,Sgsm2,1.4592172,0.48896968,0.14450534588501177,0.5620807458644822
0,Mirt1,1.451557,1.2173275,0.14662479916928162,0.5657246437981446
0,Trp53inp1,1.4509897,0.29835895,0.14678273671568984,0.5657246437981446
0,Ccno,1.449713,5.2918296,0.14713857190499727,0.5657246437981446
0,Plpp6,1.4495428,0.031542115,0.14718606638891307,0.5657246437981446
0,Tnf,1.4475569,0.007922869,0.1477410351189716,0.5665152694160093
0,Amn1,1.4268463,-0.061765064,0.15362422308701074,0.5849260325050033
0,Cib2,1.4247184,1.4987184,0.15423861024700972,0.5855789374187625
0,Pld4,1.4237539,0.0074605383,0.15451774674181895,0.5855789374187625
0,Cnn3,1.4194415,-0.28988296,0.15577034585919122,0.5889498857426764
0,Mboat1,1.411668,0.19240259,0.15804776397921272,0.5961708678471699
0,Iqcb1,1.3983053,0.8995588,0.1620213976212308,0.6069254201885367
0,Csf1r,1.3956952,0.04116679,0.16280629152407955,0.6080894461152999
0,Il1r2,1.3938512,0.22374263,0.16336256269117888,0.6080894461152999
0,Ifi47,1.3935391,-0.21366854,0.16345684248228776,0.6080894461152999
0,Lrrk2,1.3748428,2.3714774,0.16918019042972543,0.6203386786057451
0,Irak2,1.3746725,0.6771545,0.16923298164174516,0.6203386786057451
0,Bbs2,1.3740484,0.6608146,0.1694266551309156,0.6203386786057451
0,Fah,1.354728,1.4851793,0.17550424038222023,0.638268784529061
0,Zfp773,1.3448833,2.176121,0.1786629062625965,0.6454147749619856
0,Trem1,1.3345565,1.0855764,0.18202156605328024,0.6560866225298234
0,Agap1,1.3318896,0.3917446,0.18289647324544211,0.6563231849648388
0,Stat2,1.3024976,-0.06436421,0.19274634794081058,0.6871089590329555
0,Nt5e,1.2980434,1.3509537,0.19427243051617582,0.6898990131833419
0,Lars2,1.2952914,0.06640297,0.19521971800095517,0.6913676475929024
0,Ptafr,1.2911493,1.0659932,0.19665191119334213,0.6932235637340463
0,Oaf,1.2900712,0.82439965,0.19702593272589108,0.6932235637340463
0,Slc7a8,1.2868654,-0.033910915,0.19814123132911332,0.6956386952723416
0,Dab2,1.2828934,-0.093853585,0.1995294128810151,0.6989993686674006
0,Cd68,1.2786095,-0.16051354,0.2010346154801076,0.7015493761393649
0,Klhl24,1.2758576,0.022100924,0.20200589382519374,0.7016136183821504
0,Saa3,1.2736162,0.7013937,0.20279945889488593,0.7028647912980877
0,Ms4a6c,1.2670342,-0.49776804,0.2051430506849664,0.7064586586221135
0,Il18rap,1.2608211,0.08023003,0.20737332696031974,0.7126261362916072
0,Tlr2,1.2587216,0.32256818,0.20813089843325605,0.7137173726400451
0,Rnase4,1.2559696,0.49106294,0.20912696762354033,0.7139461995757399
0,Hacd4,1.2548916,0.14150941,0.20951812022074734,0.7139461995757399
0,Dennd1a,1.2453591,0.03765442,0.2129998038036146,0.7217162146757752
0,Tspyl1,1.2437419,-0.3725074,0.2135945667913869,0.7217162146757752
0,Zfp362,1.2296417,-0.17564572,0.2188313134097507,0.7348745141834692
0,Capg,1.2190595,-0.080720104,0.22282163939395228,0.7413459367308598
0,Car9,1.217272,-0.0031520752,0.2235007170538782,0.7413459367308598
0,S1pr3,1.2147187,0.64772904,0.22447339399465494,0.7430527450190415
0,Dhrs3,1.199512,-0.15591158,0.2303289100115934,0.7577961298961552
0,Wdr91,1.1938379,0.9092759,0.2325413849748097,0.7618280704827406
0,Trp53inp2,1.1927598,0.89955455,0.23296345435230537,0.7618280704827406
0,Nrp1,1.1854969,0.012648082,0.23582103271680643,0.7650034301333201
0,Arhgap25,1.1829436,0.5939209,0.23683151761514554,0.7667479472490341
0,Klf5,1.1752834,2.065533,0.23988132333356527,0.775074714037934
0,Klf2,1.1629707,0.11537237,0.2448414295382061,0.7864015816058818
0,B4galt5,1.1585448,-0.23479444,0.24664178909815104,0.7890591359313629
0,2310001H17Rik,1.151055,0.17290199,0.24970964174904342,0.7941745861116636
0,Cd2ap,1.1404159,-0.2343641,0.2541130638674345,0.8043872192819794
0,Lpl,1.1397066,-0.2619858,0.2544085348283942,0.8043872192819794
0,Hilpda,1.130855,-0.1208525,0.2581161252030415,0.8134045474827851
0,Dusp2,1.1296067,-0.19320014,0.2586419895925902,0.8134045474827851
0,Pcmtd2,1.1286137,-0.07712408,0.2590608206949009,0.8134045474827851
0,Nyap1,1.1271952,1.0844276,0.25965996555099913,0.8134045474827851
0,Top2a,1.1249822,0.17416729,0.2605965461343781,0.8144269707706384
0,Rras,1.123507,-0.11581582,0.2612222300644136,0.8148124176239977
0,Enpp5,1.116159,1.5031403,0.2643540835023941,0.8226700533907665
0,Pf4,1.1144568,-0.11799039,0.2650832873813962,0.8226700533907665
0,Tmem86a,1.1031936,1.5585816,0.26994310143952305,0.8310959816328356
0,Dcun1d3,1.1015197,0.654353,0.27067052357380705,0.8314916462816572
0,2610301B20Rik,1.0882139,0.20299962,0.276500697851533,0.8461964753116726
0,Cmpk2,1.0839015,-0.23278041,0.27840845694350624,0.8488317991773818
0,Fcgr1,1.078426,0.51187426,0.28084368928632075,0.8546500263084659
0,Ctnnal1,1.0738866,-0.09135303,0.28287346850721207,0.8592149174507452
0,Fos,1.0664252,0.9473874,0.2862314727099442,0.867789623804728
0,Zfhx2,1.0453458,0.44577116,0.29586317900027426,0.8903340933922911
0,Vcam1,1.0377425,2.6424356,0.2993899736262271,0.8958899137135489
0,Znfx1,1.03709,-0.4448477,0.2996939477675028,0.8958899137135489
0,Cacnb2,1.0366076,0.6970788,0.29991875656378364,0.8958899137135489
0,Herc6,1.0330896,-0.15358208,0.30156193930930364,0.8974925973572302
0,Pafah1b3,1.0258836,-0.26718476,0.3049464941746999,0.9059033215226432
0,Timp2,1.021174,0.6621018,0.30717201641132885,0.9108464545140318
0,Lpar6,1.0184504,0.32527128,0.3084639617155813,0.9121019622131828
0,Clec7a,1.0086908,0.31078038,0.31312290360722084,0.917916971406353
0,Mcpt8,1.0081803,-0.48219293,0.3133679543310973,0.917916971406353
0,Jade2,1.0062793,-0.15914267,0.3142811966790249,0.917916971406353
0,Arid4b,1.0060807,-0.46727762,0.3143767109401364,0.917916971406353
0,Cd300c2,1.0055134,0.28334126,0.3146497139962591,0.917916971406353
0,Nrp2,0.98948395,1.315993,0.32242642276297073,0.9389150048860655
0,Runx3,0.98576736,-0.29692987,0.3242472745431493,0.9408391400876354
0,Gstt3,0.9833559,-0.17966552,0.32543231837856335,0.9425914650179102
0,Rabgap1l,0.9782775,-0.5217116,0.32793708203829297,0.9481532033264014
0,Gfod2,0.96528375,0.5760297,0.3344027045873067,0.9651266669761771
0,Cd38,0.96230483,1.3481176,0.33589649967133994,0.9670333123394264
0,Itpr2,0.960404,0.32276303,0.33685192445855483,0.9670333123394264
0,Trim12a,0.9488855,-0.238811,0.3426788451810012,0.9768454954017293
0,Txk,0.9440625,0.8707976,0.3451377133150535,0.9786947045402391
0,Tap1,0.94244534,-0.28850433,0.3459646696249883,0.9793275639297225
0,Trim24,0.93753725,-0.010472548,0.3484822769356192,0.9841119941000575
0,B3gnt5,0.935608,-0.39224404,0.3494750361292436,0.9841119941000575
0,Il21r,0.9337923,-0.25269806,0.3504110361104996,0.9850376093088914
0,P2rx1,0.9309836,1.055157,0.3518620397300197,0.9874052395191903
0,Gm13546,0.91955024,1.6281534,0.3578078431057592,0.9954791106647365
0,Gja5,0.9092517,5.7711926,0.36321729012609405,1.0
0,Lrrc56,0.9075778,-0.10863225,0.3641013222013315,1.0
0,I830077J02Rik,0.9049677,0.41456133,0.3654824945788562,1.0
0,Calcoco1,0.90162,0.20440471,0.3672587793524922,1.0
0,Ankrd22,0.89503795,4.653304,0.37076678916403516,1.0
0,Btg2,0.8836897,-0.3281317,0.37686373964498443,1.0
0,Tmem42,0.8795192,1.9363858,0.3791198190537659,1.0
0,Tef,0.8771644,0.41412804,0.38039732243014013,1.0
0,Adtrp,0.877051,1.157087,0.3804589555873702,1.0
0,1700109H08Rik,0.87254006,0.12249949,0.38291384015182794,1.0
0,Jmy,0.8640288,-0.14710143,0.38757205421001084,1.0
0,Gsn,0.86380184,-0.17196165,0.3876967442872381,1.0
0,Cyp4v3,0.86201453,0.25752205,0.38867953286696766,1.0
0,Dhx58,0.8565673,-0.32847795,0.39168404114277566,1.0
0,Hcst,0.8555176,0.22619998,0.3922646504783087,1.0
0,Cnp,0.83997047,-0.44240934,0.4009249280512325,1.0
0,Ppp1r3d,0.83645254,0.30934927,0.40290036864231205,1.0
0,Chst15,0.83574325,1.4769187,0.4032993483532,1.0
0,Gpcpd1,0.8343247,-0.20166439,0.40409801742817575,1.0
0,Ndst1,0.83160114,-0.28195587,0.4056341128922648,1.0
0,Pilra,0.8241113,0.5102713,0.40987632444039657,1.0
0,Vmac,0.8230332,0.38310143,0.4104891100386113,1.0
0,Tmem184b,0.811997,-0.39644477,0.4167933442242756,1.0
0,Gabbr1,0.80759954,1.3537263,0.4193211395861759,1.0
0,Phlda1,0.8067768,0.33258656,0.41979508115125574,1.0
0,Il1rn,0.8053299,1.038248,0.4206293278751627,1.0
0,Mdfic,0.7971875,-0.3140842,0.4253421305586883,1.0
0,Tmem64,0.79608107,-0.1273729,0.4259849173751765,1.0
0,Trim46,0.7942937,-0.042798895,0.42702446173535336,1.0
0,Thbs1,0.79423696,2.0122628,0.42705748733669524,1.0
0,Tmem71,0.79029346,0.78237724,0.42935641073787456,1.0
0,Clec4b2,0.7814418,24.428473,0.43454269394293277,1.0
0,Mreg,0.7804205,2.0505984,0.4351434306847297,1.0
0,Tinagl1,0.7800233,1.4127302,0.43537717990852476,1.0
0,Cd300ld,0.77344126,0.66347784,0.439261272793703,1.0
0,Cpq,0.76555425,-0.04393536,0.4439415904505254,1.0
0,Itgb3,0.7515391,-0.36817762,0.45232827131895514,1.0
0,Tubb2a,0.7503192,-0.22647877,0.4530624976965292,1.0
0,Etv5,0.7469147,-0.3849154,0.4551150564613967,1.0
0,Psg16,0.7386305,2.0133767,0.46013142508493554,1.0
0,Phf11c,0.725126,-0.27007228,0.4683747252387759,1.0
0,4933406C10Rik,0.7239061,2.8356345,0.46912339870790354,1.0
0,Evpl,0.7182319,0.55063206,0.47261428544171113,1.0
0,Tfr2,0.71794826,-0.10826372,0.47278920444012185,1.0
0,Crebrf,0.71513957,0.126616,0.474522823970729,1.0
0,Ceacam10,0.71040165,24.851868,0.47745510818591197,1.0
0,Otulin,0.6857759,-0.511978,0.4928544399544793,1.0
0,A930007I19Rik,0.68123657,1.3484948,0.4957218015043834,1.0
0,Tmcc3,0.6801585,1.4990026,0.4964041060858436,1.0
0,Cd79b,0.6763285,0.62478936,0.4988321274148375,1.0
0,Osgin1,0.6676754,3.738612,0.5043408132304594,1.0
0,Acrbp,0.6639305,0.79221374,0.5067348097137422,1.0
0,Plxnc1,0.6592777,-0.24938244,0.5097174689367829,1.0
0,Prelid2,0.6580861,-0.12056948,0.5104827959866404,1.0
0,Mpeg1,0.6545114,-0.47746924,0.5127823768842428,1.0
0,Serpinb10,0.65042603,0.88373625,0.5154170641775242,1.0
0,Nos1ap,0.64883727,0.644883,0.5164435594003186,1.0
0,Gm7694,0.6469648,-0.26895374,0.5176547163906406,1.0
0,Cyp4f16,0.6462272,-0.45647785,0.518132242067466,1.0
0,Il6ra,0.6431348,-0.27705353,0.5201366529398723,1.0
0,Igf2bp3,0.6403261,0.22013319,0.5219606312611451,1.0
0,9830107B12Rik,0.6393615,24.01405,0.5225878059240183,1.0
0,Cyp2j6,0.63252413,-0.058057893,0.5270444385517639,1.0
0,Ctr9,0.62784296,-0.6406441,0.5301068068848291,1.0
0,Pea15a,0.62710536,-0.3211374,0.5305901850074257,1.0
0,Ppp1r42,0.62537473,5.6522684,0.5317251420638924,1.0
0,Sytl1,0.625091,4.9040556,0.5319113179055068,1.0
0,Parp6,0.62319016,0.8920383,0.5331595473425573,1.0
0,Zdhhc8,0.622793,-0.4707603,0.5334205583704796,1.0
0,Bcl2a1b,0.6219135,0.7076851,0.5339987411203515,1.0
0,Aldoc,0.6137144,-0.33738163,0.5394040804921926,1.0
0,Sirt3,0.6119838,-0.48615563,0.5405484926515332,1.0
0,Vwa5a,0.61189866,-0.4577527,0.5406048065212415,1.0
0,Sox12,0.6113596,0.10552511,0.5409615291272807,1.0
0,Slc25a29,0.6104234,1.9788353,0.5415813793802283,1.0
0,Ccdc8,0.5955004,-0.20137037,0.5515090224843356,1.0
0,Trib3,0.5911597,-0.15040602,0.5544134213924956,1.0
0,Samd9l,0.590876,-0.40790653,0.5546035115818053,1.0
0,9330020H09Rik,0.5885496,0.22644982,0.5561634523123731,1.0
0,Zbp1,0.58613807,0.0216135,0.5577827200281429,1.0
0,Mt2,0.5839252,1.592363,0.559270651681538,1.0
0,D5Ertd605e,0.5771162,-0.7062018,0.5638609491051294,1.0
0,Gal,0.5683213,24.232178,0.5698168117853151,1.0
0,Creb3l1,0.56826454,1.8208358,0.5698553339331992,1.0
0,Ppfibp2,0.568066,2.2113147,0.5699901712320308,1.0
0,Dtx3l,0.56015056,-0.5928486,0.575376748958832,1.0
0,Ndst2,0.5564056,-0.36261892,0.5779335928041986,1.0
0,Tnfsf8,0.55572474,-0.0037456753,0.5783990472227762,1.0
0,Trim26,0.5503343,-0.3109526,0.5820901000142122,1.0
0,Ecm1,0.5472703,0.40838975,0.5841930651053779,1.0
0,Chil1,0.54100037,2.8951206,0.5885073399175627,1.0
0,Ltf,0.5402911,5.1069727,0.5889963052102429,1.0
0,Itpr3,0.54020596,-0.22578245,0.5890549936429219,1.0
0,Hk1os,0.54000735,1.5024651,0.589191943812586,1.0
0,Adgre1,0.53887254,-0.10832644,0.5899747978589194,1.0
0,Lyplal1,0.53867394,0.8096761,0.5901118465724009,1.0
0,Psd3,0.52777964,0.062305063,0.5976523046122351,1.0
0,Ifit1bl2,0.52570856,2.0498924,0.5990907155123557,1.0
0,Slc2a4rg-ps,0.52468723,1.1520442,0.5998006460236367,1.0
0,Ccdc30,0.5112679,0.9725492,0.6091634877239425,1.0
0,Macrod1,0.50976425,0.7475538,0.6102166400019585,1.0
0,Dab2ip,0.50695556,0.1928279,0.6121860106705196,1.0
0,Ptger4,0.5061328,-0.6559534,0.6127634289402432,1.0
0,Dusp6,0.50462914,-0.27504176,0.6138193318060674,1.0
0,Bmpr1a,0.49682721,1.2945075,0.61931090164219,1.0
0,Dand5,0.4965435,0.9946073,0.6195109984950331,1.0
0,Cyp4f18,0.49546543,0.7463879,0.6202716235268906,1.0
0,Upp1,0.4911531,0.2990983,0.6233181809640645,1.0
0,Gbp7,0.49041545,-0.5303097,0.6238399507786077,1.0
0,Synj1,0.48278373,1.2967736,0.629249302556478,1.0
0,Per2,0.4822447,0.82665694,0.6296321335361346,1.0
0,Slx4ip,0.4737051,-0.37112045,0.6357102036779987,1.0
0,Zbed5,0.46998855,1.5171845,0.6383631914735557,1.0
0,F730016J06Rik,0.46874025,3.3827279,0.6392553133077677,1.0
0,Dnajb5,0.46746358,-0.23195598,0.6401682507281197,1.0
0,Mov10,0.45532092,-0.33229578,0.6488783768974633,1.0
0,Procr,0.45381728,-0.24356909,0.6499603481643612,1.0
0,Dusp1,0.44916448,-0.070405394,0.6533130046770116,1.0
0,Btg1,0.44578838,-0.5212253,0.6557501194115577,1.0
0,Slc39a2,0.4402561,1.8364371,0.6597516362613941,1.0
0,D730003I15Rik,0.4388943,0.7287167,0.6607381254524263,1.0
0,Gm5431,0.4369651,0.057859875,0.6621366610501065,1.0
0,Clec4d,0.42780137,-0.33203804,0.6687957399181044,1.0
0,Trim30d,0.42743254,0.77360666,0.6690643029972699,1.0
0,Eno3,0.4264112,1.3645543,0.6698082370225582,1.0
0,Trpm2,0.4262126,1.1340581,0.6699529285129506,1.0
0,Ccdc171,0.4258438,1.3419309,0.6702216737712388,1.0
0,Tmem241,0.42442527,0.5692523,0.6712557025132023,1.0
0,Ampd3,0.4243118,0.5670156,0.6713384517373724,1.0
0,Gm12289,0.4239997,0.53218126,0.671566032647011,1.0
0,Cds1,0.42320532,0.3026851,0.6721454653594501,1.0
0,Tifa,0.42204213,-0.461392,0.6729942718320217,1.0
0,Engase,0.4217868,0.1968428,0.6731806510247414,1.0
0,Zeb1,0.42136124,-0.4764734,0.6734913276157408,1.0
0,Nlgn2,0.42048174,-0.47864902,0.6741335690692121,1.0
0,Kank2,0.41551685,-0.40621474,0.6777635693896087,1.0
0,Zfp36l1,0.41523317,-0.32213944,0.677971225103414,1.0
0,Tnfrsf18,0.41202727,-0.20110697,0.6803194315050822,1.0
0,Ahr,0.41160172,0.67681074,0.6806313741070955,1.0
0,Ccdc173,0.4059843,-0.13848361,0.6847541198670843,1.0
0,Mylk,0.40323237,-0.17554139,0.6867772908555045,1.0
0,Ccdc80,0.3981824,1.9798433,0.6904957477753454,1.0
0,Gp6,0.3979838,4.17402,0.6906421327072196,1.0
0,Siglech,0.3965369,0.4453813,0.6917090004248811,1.0
0,Gm4707,0.3957425,0.24272828,0.6922949922006436,1.0
0,2610035D17Rik,0.39179897,-0.10425435,0.6952067443210106,1.0
0,Pkp3,0.39165714,-0.19148512,0.6953115677255746,1.0
0,Lemd1,0.38379845,1.7209764,0.7011278322239249,1.0
0,Gm12708,0.38379845,2.7530193,0.7011278322239249,1.0
0,Tslp,0.38351476,1.3047804,0.7013381360956583,1.0
0,Hbb-bs,0.36813784,6.855681e-06,0.71277045294815,1.0
0,Nwd1,0.3674853,0.16533783,0.7132570401446985,1.0
0,Serpine2,0.36586818,-0.6724523,0.714463432727989,1.0
0,9330151L19Rik,0.36218,-0.05161873,0.7172175211468188,1.0
0,Mapkbp1,0.36155584,-0.34923205,0.7176839627531932,1.0
0,Arhgap35,0.36019406,-0.39734736,0.7187020187225032,1.0
0,Gm11696,0.35315812,0.37322542,0.7239698952558817,1.0
0,Nr4a1,0.35208005,-0.318319,0.7247782335117123,1.0
0,Arrdc3,0.34867558,-0.20196225,0.7273328914484234,1.0
0,Ms4a6b,0.344193,-0.24150893,0.7307011479748773,1.0
0,Slfn4,0.34163964,2.3539696,0.7326221039171017,1.0
0,Rpl3l,0.34141266,1.9532251,0.7327929368503083,1.0
0,Agrn,0.3413843,1.0972565,0.7328142918979268,1.0
0,Usp35,0.34064665,0.82112175,0.7333695956892943,1.0
0,Asah2,0.3405899,0.39167303,0.7334123171491679,1.0
0,Rab11fip4,0.34030622,0.41069183,0.7336259368304467,1.0
0,Pex11g,0.3402211,0.40331239,0.7336900267574693,1.0
0,Cd22,0.33999413,0.23853917,0.7338609423015698,1.0
0,Gm10797,0.33874583,-0.02742912,0.7348012133481348,1.0
0,Oas3,0.33667478,-0.31557277,0.7363620850965023,1.0
0,Ifih1,0.33497253,-0.5256716,0.7376458088178801,1.0
0,Phf1,0.3268869,1.2446657,0.7437534389879159,1.0
0,Slc17a8,0.3267734,0.5969894,0.7438392759739156,1.0
0,Atp6v1g2,0.32643294,0.6890867,0.7440968060269413,1.0
0,Il27,0.32614926,0.30764335,0.7443114362694685,1.0
0,Clec2h,0.3251279,-0.03414676,0.7450842694792799,1.0
0,Sertad1,0.32404983,-0.5808698,0.7459003163140293,1.0
0,Tnfrsf8,0.32314196,0.0826819,0.7465877348433061,1.0
0,Vwf,0.3201914,-0.20948336,0.7488232353976665,1.0
0,Rab2b,0.31471586,1.4366124,0.7529773943001179,1.0
0,L3mbtl3,0.313808,-0.53257793,0.7536668622316238,1.0
0,Dapk2,0.3128434,2.764339,0.7543996371517474,1.0
0,Dnajc18,0.31040353,-0.073420875,0.7562541124511124,1.0
0,Nmb,0.3103184,0.08899605,0.7563188288687646,1.0
0,Rian,0.30938217,-0.059541065,0.7570308221835986,1.0
0,Rbms3,0.3090701,-0.49701875,0.7572681991522525,1.0
0,Nfkb2,0.30807713,-0.46179408,0.7580236417372258,1.0
0,Insl6,0.30427545,-0.15488385,0.7609180381907238,1.0
0,1600010M07Rik,0.2991971,1.6411844,0.7647896532745507,1.0
0,Rgs11,0.29868644,1.1430517,0.7651793049705788,1.0
0,F3,0.29834598,1.5621458,0.7654391057949942,1.0
0,Tecpr1,0.29811904,-0.4063928,0.7656123210072157,1.0
0,Scel,0.2979488,0.576652,0.7657422401084734,1.0
0,Fbxo44,0.29584938,-0.16333222,0.7673451164205087,1.0
0,Igf2bp2,0.29545218,0.02759026,0.7676484755137596,1.0
0,Tpk1,0.2923314,-0.331696,0.770033246553874,1.0
0,Csf1,0.29170725,-0.16281763,0.7705104626361976,1.0
0,Nme4,0.29054406,-0.42447537,0.7714000516190856,1.0
0,Smim3,0.28583452,-0.45254764,0.7750048640023027,1.0
0,Serpine1,0.28475645,2.2279506,0.7758307476958279,1.0
0,Rwdd3,0.28413227,0.38401082,0.7763090068449108,1.0
0,Myrip,0.2840188,0.5393975,0.7763959721720909,1.0
0,Abtb2,0.28390533,0.37899882,0.7764829403023146,1.0
0,H2-DMb2,0.2831677,0.12725727,0.7770483014018316,1.0
0,Adam23,0.2828556,-0.16974433,0.7772875282055759,1.0
0,Gm19705,0.27082643,2.0995855,0.7865245242653309,1.0
0,Ccdc189,0.27065623,0.81829387,0.7866554556798148,1.0
0,Prickle1,0.27020228,1.0215346,0.7870046356007985,1.0
0,Fcrl1,0.27003205,1.2514502,0.7871355891170232,1.0
0,Myl4,0.2699186,0.3229218,0.7872228948055794,1.0
0,Sh3rf1,0.26986185,0.2546203,0.7872665486527886,1.0
0,Nat8l,0.26957813,0.34806395,0.7874848279129323,1.0
0,Rhobtb2,0.2636203,-0.69382995,0.7920725237708376,1.0
0,Acss1,0.2633933,-0.6614701,0.7922474366853846,1.0
0,Cd274,0.2602442,-0.5196886,0.7946754287523552,1.0
0,Kcnq3,0.25658438,1.085161,0.7974996487928798,1.0
0,1810044D09Rik,0.25621554,1.2688929,0.7977844078707473,1.0
0,Taco1,0.2560453,1.4009296,0.79791584421586,1.0
0,Dbp,0.25544953,0.1422303,0.7983759165145915,1.0
0,Ntng1,0.2553928,0.2144623,0.7984197365784936,1.0
0,Sgsm1,0.25485376,-0.041247465,0.7988360588383299,1.0
0,Nod2,0.25340685,-0.09232883,0.7999538379329105,1.0
0,P2rx4,0.25300965,-0.43059766,0.8002607510531777,1.0
0,Gm8113,0.25125068,-0.49307594,0.8016203078644355,1.0
0,Gmpr,0.24912287,-0.51982856,0.8032657358830576,1.0
0,Srgap3,0.24254088,-0.39618185,0.8083610857774167,1.0
0,Penk,0.24194509,3.4096055,0.8088227076918605,1.0
0,Prg2,0.24177487,1.5978338,0.8089546118969396,1.0
0,Dennd2a,0.24177487,0.7761505,0.8089546118969396,1.0
0,Ifitm10,0.24177487,2.662879,0.8089546118969396,1.0
0,Rps6kl1,0.24171813,2.2839046,0.8089985811718654,1.0
0,0610009E02Rik,0.24120745,0.06282793,0.8093943317679378,1.0
0,Gm10330,0.24115072,0.42004427,0.809438307067473,1.0
0,Ocstamp,0.24069679,-0.04213855,0.8097901311147467,1.0
0,Plekhg1,0.24069679,0.07340464,0.8097901311147467,1.0
0,Tnfsf12,0.24041308,0.0034737997,0.8100100406700989,1.0
0,Jazf1,0.23916477,-0.26662347,0.8109778206871429,1.0
0,Adgrl4,0.2358454,-0.68165725,0.8135526377488445,1.0
0,Myadm,0.2329516,-0.61570185,0.815798996280281,1.0
0,Igfbp7,0.22991593,-0.23230667,0.8181570981356778,1.0
0,Epha10,0.22756116,1.0025731,0.8199874148979936,1.0
0,Clic5,0.22741932,0.9593587,0.8200977063698096,1.0
0,A830082K12Rik,0.22741932,1.0863925,0.8200977063698096,1.0
0,Zfp658,0.22739094,0.16932201,0.82011976509121,1.0
0,Cul7,0.22730583,-0.18612157,0.8201859421091823,1.0
0,Pcp4l1,0.22631286,-0.020052083,0.820958101799585,1.0
0,Ttc30b,0.22549011,-0.14090978,0.8215980227549947,1.0
0,Zbtb20,0.22466736,-0.36715406,0.8222380624407437,1.0
0,Sh3bp5,0.22231258,-0.5208566,0.8240705526702831,1.0
0,Gm10369,0.22035502,-0.51934606,0.8255946789972375,1.0
0,Spata6,0.21879463,-0.5743321,0.8268100335613691,1.0
0,Trem2,0.21584408,0.22291195,0.8291092905490766,1.0
0,Gpr55,0.21357442,0.7080538,0.8308789475050957,1.0
0,Nos2,0.21346094,1.3572636,0.8309674529485525,1.0
0,Zbtb5,0.2134042,-0.3878607,0.831011706474346,1.0
0,Fam167a,0.21323398,0.81190664,0.8311444702663557,1.0
0,Map6,0.21312049,22.254522,0.8312329821385263,1.0
0,Acvr2a,0.21266656,0.06443922,0.8315870510236125,1.0
0,Tcf7,0.21260981,0.031314693,0.8316313120390991,1.0
0,Il12rb1,0.2120424,-0.44656676,0.8320739515391924,1.0
0,Gm26740,0.20012672,0.4523324,0.8413814740116015,1.0
0,Kctd11,0.19998486,1.0141429,0.8414924142150215,1.0
0,Pde11a,0.19992813,0.84338826,0.8415367911777408,1.0
0,Prmt2,0.19984302,0.21042907,0.8416033575656962,1.0
0,AW554918,0.19978628,1.7103812,0.8416477357867173,1.0
0,Mfsd9,0.19941746,0.69565403,0.8419362064798152,1.0
0,Gm26511,0.1992756,1.2024581,0.8420471623980745,1.0
0,Tst,0.19916213,0.77696955,0.8421359293910913,1.0
0,Fam160a1,0.19896352,2.4071639,0.8422912764558353,1.0
0,Trafd1,0.19856633,-0.5083025,0.842601988994536,1.0
0,Jup,0.19839612,-0.3186865,0.8427351590158212,1.0
0,2610037D02Rik,0.19780032,-0.3346195,0.8432012894835308,1.0
0,Trim30b,0.19623995,-0.20334435,0.8444223673178707,1.0
0,Eps8,0.19496326,-0.25731045,0.8454217092842564,1.0
0,Dennd1c,0.19343124,-0.453813,0.8466212478861868,1.0
0,Anxa6,0.19022536,-0.45773247,0.8491325406755698,1.0
0,Ankrd33b,0.18616836,0.3014902,0.852312741219788,1.0
0,Cp,0.18611161,1.9609928,0.8523572367051504,1.0
0,Hgf,0.18526049,-0.38821313,0.8530247252943006,1.0
0,Lyve1,0.18497679,2.7496939,0.8532472449042312,1.0
0,Ercc1,0.1848633,0.12989134,0.8533362560189975,1.0
0,Veph1,0.1848633,0.20582429,0.8533362560189975,1.0
0,Tmem191c,0.1848633,0.049619254,0.8533362560189975,1.0
0,Hao1,0.18480656,1.5882461,0.8533807622767117,1.0
0,Mmp12,0.18327454,-0.57582784,0.8545826071951419,1.0
0,Ralgps1,0.17907569,-0.57652414,0.8578782745095255,1.0
0,Lpin1,0.17711811,-0.3606596,0.8594156187618615,1.0
0,Lat2,0.17158583,-0.44242612,0.8637631507989404,1.0
0,Fbxl21,0.17147234,1.0367754,0.8638523746011129,1.0
0,Ptp4a2,0.17110352,0.39689258,0.8641423639432735,1.0
0,Col1a1,0.17076308,1.5602686,0.8644100626570554,1.0
0,Pla1a,0.17070633,1.484831,0.8644546806232718,1.0
0,Rad9b,0.17067796,-0.17869823,0.8644769897684549,1.0
0,Eme2,0.17042263,0.004377363,0.8646777769342114,1.0
0,Chrnb1,0.17039426,-0.15035741,0.8647000871588768,1.0
0,Alox12,0.17008218,-0.26769087,0.864945506744615,1.0
0,Gm20498,0.16979848,-0.29755017,0.8651686267638881,1.0
0,Rab26os,0.1686069,-0.27845883,0.8661058480164949,1.0
0,Zfp963,0.15779768,0.009942628,0.8746162268744666,1.0
0,Oas1c,0.15706004,0.15023163,0.8751975281623341,1.0
0,Slc25a35,0.15694655,0.2405805,0.875286965115198,1.0
0,4930458D05Rik,0.1567196,0.044438906,0.8754658437986539,1.0
0,4930481A15Rik,0.1567196,0.011600847,0.8754658437986539,1.0
0,0610009L18Rik,0.15660611,-0.12436927,0.8755552855269989,1.0
0,Tnni2,0.15649264,0.25252995,0.8756447288449238,1.0
0,Gm12758,0.15626566,-0.4661706,0.8758236202450188,1.0
0,Tle6,0.15541454,-0.32153225,0.8764945194306566,1.0
0,Shtn1,0.15535781,-0.13828379,0.8765392492038356,1.0
0,Oas1b,0.15416624,-0.67751616,0.8774786653083883,1.0
0,Lrrc1,0.15280443,-0.588019,0.8785524949676667,1.0
0,Zfp799,0.15189658,-0.53309083,0.8792685056795904,1.0
0,H2-T22,0.14922974,-1.0284109,0.8813723560566513,1.0
0,Enc1,0.14803816,-0.74697906,0.8823126458625851,1.0
0,Kank3,0.14335701,0.12660827,0.8860082350799262,1.0
0,Ltbp1,0.14301656,0.2900618,0.8862771029353191,1.0
0,Camk2a,0.14301656,0.18385287,0.8862771029353191,1.0
0,Gm20257,0.14276123,0.4129386,0.8864787624197757,1.0
0,P4ha2,0.14256263,0.06584246,0.8866356137683263,1.0
0,Gm11714,0.14250588,1.2188712,0.8866804292552752,1.0
0,Hic1,0.14250588,0.88889134,0.8866804292552752,1.0
0,Clec2d,0.14242077,-0.5515738,0.8867476531651141,1.0
0,Tcte2,0.14242077,0.12533368,0.8867476531651141,1.0
0,Igf1,0.14239241,0.8272926,0.8867700613161671,1.0
0,Jam3,0.14239241,-0.16821699,0.8867700613161671,1.0
0,1700086P04Rik,0.14233567,-0.14808369,0.8868148778898272,1.0
0,Asprv1,0.14208032,23.099745,0.8870165569484411,1.0
0,H2-DMb1,0.14173988,-0.5738514,0.8872854737392203,1.0
0,Stau2,0.1391014,-0.6626319,0.8893700165353682,1.0
0,Serpinb6a,0.13425002,-1.0056472,0.8932048721594283,1.0
0,Ctsf,0.1287461,1.4148264,0.8975585473787386,1.0
0,Smad7,0.1287461,-0.15525208,0.8975585473787386,1.0
0,Dnajc28,0.12851915,-0.10584068,0.8977381475232404,1.0
0,Pnpla1,0.12851915,1.1777084,0.8977381475232404,1.0
0,Ldhc,0.12834892,0.72201943,0.8978728510701455,1.0
0,Gm16201,0.12829219,0.24623707,0.8979177529066467,1.0
0,Atp13a4,0.12829219,-0.2627208,0.8979177529066467,1.0
0,Boll,0.1281787,0.8269722,0.8980075575600952,1.0
0,Gm10642,0.12812196,-0.232552,0.8980524603767582,1.0
0,Rora,0.12812196,-0.28888667,0.8980524603767582,1.0
0,Amer2,0.12795173,2.1527402,0.8981871707847959,1.0
0,Ephx2,0.12795173,2.8623056,0.8981871707847959,1.0
0,Itgb7,0.12721409,-0.20364629,0.898770949741992,1.0
0,Zfp599,0.12670343,-0.23814012,0.8991751365153482,1.0
0,Nfkbiz,0.11952564,-0.504891,0.904858925578702,1.0
0,Rab15,0.1145324,0.6756319,0.9088157602994353,1.0
0,1700102P08Rik,0.11447566,0.9167832,0.9088607375217574,1.0
0,Whrn,0.11439055,-0.22086647,0.9089282039029785,1.0
0,Sema4c,0.11430544,-0.19634035,0.908995670941056,1.0
0,Slc6a4,0.11419196,0.33036375,0.9090856280127694,1.0
0,Acox2,0.11419196,0.5051302,0.9090856280127694,1.0
0,2200002D01Rik,0.11402173,0.056728564,0.9092205658057524,1.0
0,Ufsp1,0.11399336,-0.28478435,0.9092430556926518,1.0
0,Sik1,0.11393662,-0.36550492,0.9092880356846347,1.0
0,Gdf15,0.11393662,-0.37577358,0.9092880356846347,1.0
0,Glt28d2,0.11387988,2.250235,0.9093330159674102,1.0
0,Tac4,0.11382314,1.3858621,0.9093779965408358,1.0
0,Neil2,0.11382314,1.3691461,0.9093779965408358,1.0
0,A330023F24Rik,0.11382314,1.030915,0.9093779965408358,1.0
0,Sema4b,0.11297202,-0.6506425,0.9100527399230031,1.0
0,Ifit1bl1,0.112886906,-0.35702524,0.9101202178376679,1.0
0,Tie1,0.112773426,-0.72332454,0.910210189398989,1.0
0,Map3k14,0.11214927,-0.8066902,0.9107050535377186,1.0
0,Gbp5,0.11180882,-0.44862542,0.9109749940444638,1.0
0,Sv2a,0.11115629,-0.5039935,0.9114924087108053,1.0
0,Wdr59,0.1109577,-0.43193284,0.9116498901990784,1.0
0,Mctp2,0.10814901,-0.70514643,0.913877497110688,1.0
0,Eepd1,0.10258835,-0.6498498,0.918289688256662,1.0
0,Rpgrip1,0.10122656,-0.789712,0.9193706138318751,1.0
0,Gm9958,0.10071589,0.1197091,0.919775999447174,1.0
0,Exoc3l,0.10071589,-0.07167976,0.919775999447174,1.0
0,Art4,0.100375436,-0.053081777,0.9200462681141948,1.0
0,Serpinb9b,0.10009173,0.2967506,0.9202714990599323,1.0
0,Sall2,0.10009173,-0.26311123,0.9202714990599323,1.0
0,Lama5,0.099864766,-0.2617338,0.9204516884224361,1.0
0,Klra17,0.09969454,0.6022604,0.9205868331250663,1.0
0,Pdzk1ip1,0.087353304,0.40920871,0.9303906883345245,1.0
0,Camk2b,0.08624684,-0.0195546,0.9312701931740006,1.0
0,Kcnb1,0.08610499,0.30702168,0.9313829562973202,1.0
0,Map10,0.08604825,0.022286158,0.9314280619324262,1.0
0,Eya2,0.08601988,1.8054899,0.9314506148325741,1.0
0,Oit3,0.08601988,-0.061102796,0.9314506148325741,1.0
0,Gm43920,0.085934766,0.03631271,0.9315182738631799,1.0
0,Zfp526,0.08587802,-0.180569,0.931563380158539,1.0
0,Hrc,0.085792914,1.2233367,0.9316310400136503,1.0
0,Itk,0.08576454,-0.64745915,0.9316535934085014,1.0
0,Arg2,0.0857078,-0.37887472,0.9316987003628162,1.0
0,Pygm,0.08556595,0.37428102,0.9318114687080037,1.0
0,Fam214a,0.08494179,-0.5503701,0.9323076656574852,1.0
0,Thnsl1,0.084232524,-0.39966512,0.9328715577499167,1.0
0,Ankrd37,0.08340978,-0.51164126,0.9335257147648968,1.0
0,H2-Oa,0.082445174,-0.48608956,0.9342927146108172,1.0
0,Gm20559,0.07540925,-0.66318417,0.9398891018994452,1.0
0,Ak1,0.07260055,-0.46939215,0.942123988478558,1.0
0,Tspan9,0.072515436,0.023228034,0.9421917195176326,1.0
0,Epx,0.07183454,1.2624203,0.9427335828384132,1.0
0,Tnfsf15,0.07166432,0.60802937,0.9428690528196513,1.0
0,Spred3,0.07155084,0.2591464,0.9429593670588327,1.0
0,Dhrs9,0.07143735,-0.29836234,0.9430496820313489,1.0
0,Lhx3,0.07132387,-0.6053126,0.9431399977360427,1.0
0,Ear6,0.07104016,21.071182,0.9433657901934608,1.0
0,Cldn1,0.07104016,20.305185,0.9433657901934608,1.0
0,Krt83,0.07104016,20.676062,0.9433657901934608,1.0
0,Adam8,0.06275593,-0.46806917,0.9499608615095736,1.0
0,Cmtm8,0.061450876,-0.8258267,0.9510001353386661,1.0
0,AI480526,0.06031605,-0.6173085,0.9519039195251094,1.0
0,Mcam,0.057649206,0.5551857,0.9540280538232159,1.0
0,5830416I19Rik,0.057564095,-0.31133762,0.954095850801288,1.0
0,Neo1,0.057478983,0.3876321,0.9541636481115253,1.0
0,Spib,0.05745061,-0.82462615,0.9541862472886676,1.0
0,Abca5,0.05739387,-0.7345804,0.9542314457534382,1.0
0,Spry1,0.05730876,-0.31753135,0.9542992437265371,1.0
0,Src,0.05730876,-0.41413304,0.9542992437265371,1.0
0,Chd2,0.057138532,-0.621985,0.954434840664335,1.0
0,Pkp1,0.05699668,2.4664547,0.9545478391201363,1.0
0,Cdkn2b,0.05693994,0.79280835,0.954593038758396,1.0
0,Mmp9,0.05693994,0.75043344,0.954593038758396,1.0
0,Tpsab1,0.05693994,2.1654224,0.954593038758396,1.0
0,H2-M2,0.05693994,0.41762787,0.954593038758396,1.0
0,Npy,0.05693994,1.9008864,0.954593038758396,1.0
0,Naaa,0.055209327,-0.7696046,0.9559716971908954,1.0
0,Cldn11,0.054953992,-0.3726266,0.9561751170627877,1.0
0,Hdac9,0.054187983,-0.582663,0.9567853937516967,1.0
0,Ptger3,0.05401776,-0.4473838,0.9569210142464168,1.0
0,Hoxa7,0.051549513,-0.49215537,0.9588876495757532,1.0
0,Irf1,0.050953727,-0.5983669,0.9593623926000555,1.0
0,Wdpcp,0.04726554,-0.48825875,0.9623015922766531,1.0
0,Hba-a2,0.04397454,-0.2185823,0.9649246965804347,1.0
0,A530064D06Rik,0.04386106,1.283715,0.9650151553870379,1.0
0,Gm16754,0.043577354,-0.4664735,0.9652413043708779,1.0
0,Acvrl1,0.04352061,-0.7859142,0.96528653450374,1.0
0,Ddc,0.04352061,0.381881,0.96528653450374,1.0
0,Arhgef25,0.04346387,-0.529279,0.9653317647482944,1.0
0,Rxra,0.043407127,-0.749502,0.9653769951043957,1.0
0,Lcn4,0.043407127,-0.5434304,0.9653769951043957,1.0
0,Tesc,0.043236904,-0.10445552,0.9655126868405274,1.0
0,Rap1gap2,0.043180164,-0.47527412,0.9655579176413628,1.0
0,Ndrg4,0.043180164,-1.0588251,0.9655579176413628,1.0
0,Eps8l1,0.04312342,-0.896723,0.9656031485530183,1.0
0,Pmepa1,0.04300994,-1.1545638,0.9656936107082084,1.0
0,Itgae,0.042953197,1.848302,0.9657388419514522,1.0
0,Ppp1r3g,0.042896457,0.99332637,0.9657840733049348,1.0
0,Susd2,0.042839717,0.22946244,0.9658293047685107,1.0
0,Gnai1,0.042839717,0.76565063,0.9658293047685107,1.0
0,Sytl3,0.042839717,0.019734595,0.9658293047685107,1.0
0,C130026I21Rik,0.042839717,0.9946418,0.9658293047685107,1.0
0,Zbtb4,0.042499267,-0.7298625,0.9661006958537868,1.0
0,2410018L13Rik,0.042272303,-0.9076363,0.9662816254274257,1.0
0,Gm45051,0.042102076,-0.948272,0.9664173237473545,1.0
0,Spag1,0.041931853,-0.5553634,0.9665530230398075,1.0
0,Perp,0.041591406,-0.49485242,0.9668244245265858,1.0
0,Plek,0.03171841,-0.49160182,0.9746966118139148,1.0
0,Lif,0.03001617,-0.17914422,0.9760541560588335,1.0
0,Traf1,0.02993106,-0.3852079,0.9761220351245838,1.0
0,2700081O15Rik,0.02990269,-0.1692227,0.9761446615182853,1.0
0,Casq2,0.029477129,-0.7425796,0.9764840597170552,1.0
0,Gm14966,0.029448759,0.058657102,0.9765066864156983,1.0
0,Spire2,0.029392017,-0.08256867,0.9765519398696787,1.0
0,Il2rb,0.029363645,-0.48162445,0.9765745666249797,1.0
0,Gpr45,0.029335275,-0.67410064,0.9765971933991303,1.0
0,Gm5547,0.029165052,-0.30059955,0.9767329544388565,1.0
0,C8g,0.02910831,-1.1861788,0.9767782082687372,1.0
0,Cx3cl1,0.02910831,-0.77366143,0.9767782082687372,1.0
0,Il2ra,0.029079938,-0.7378628,0.9768008352117152,1.0
0,Vegfc,0.029079938,-0.96422505,0.9768008352117152,1.0
0,Bmf,0.029023198,-0.6238057,0.9768460891536562,1.0
0,Wnt16,0.028881345,-1.2248099,0.9769592243342369,1.0
0,Zfp358,0.028881345,-0.46692786,0.9769592243342369,1.0
0,Grm6,0.028739491,0.36998653,0.9770723599783238,1.0
0,Col9a2,0.028739491,-0.38187644,0.9770723599783238,1.0
0,Irf4,0.028739491,-0.4339817,0.9770723599783238,1.0
0,C030014I23Rik,0.028739491,0.32061508,0.9770723599783238,1.0
0,Tnks1bp1,0.02786,-1.0127444,0.9777738111783468,1.0
0,Tmem158,0.022100754,-0.87153673,0.9823675851704053,1.0
0,Vldlr,0.01685218,-0.5648985,0.986554542642284,1.0
0,Tspyl4,0.016341507,-0.35357106,0.9869619439105616,1.0
0,Xaf1,0.015547128,0.14201714,0.9875956859353798,1.0
0,Phyhipl,0.015433646,-0.6560694,0.9876862211586145,1.0
0,Gcnt1,0.015149939,-0.52424747,0.9879125599078872,1.0
0,2900089D17Rik,0.015036456,-0.83613986,0.9880030956810109,1.0
0,Frs3,0.014979715,-0.5710039,0.9880483636255786,1.0
0,Gm43255,0.014979715,-0.80563456,0.9880483636255786,1.0
0,Bst1,0.014922974,-0.5072696,0.9880936316086227,1.0
0,Ahnak2,0.014922974,-0.93832946,0.9880936316086227,1.0
0,Gp1bb,0.014922974,-0.86546373,0.9880936316086227,1.0
0,Sdc1,0.014866232,-0.76658547,0.9881388996299976,1.0
0,Cxcl5,0.014639267,-0.2585589,0.9883199720958892,1.0
0,Kcnn3,0.014639267,-0.38976473,0.9883199720958892,1.0
0,Adam19,0.014639267,-0.23217,0.9883199720958892,1.0
0,Vipr1,0.014639267,-0.5143353,0.9883199720958892,1.0
0,Atp6v0d2,0.014639267,-0.4700521,0.9883199720958892,1.0
0,C030037D09Rik,0.014469043,-0.77686,0.9884557768406399,1.0
0,Ctsh,0.01435556,-0.7009846,0.9885463135232081,1.0
0,Bbs12,0.014185336,-0.8655966,0.9886821188232475,1.0
0,Angptl2,0.007943789,-0.34132865,0.99366184064085,1.0
0,Uchl1,0.0052485745,-0.6053954,0.9958122627498016,1.0
0,Serpinb9,0.005106721,-0.9741079,0.9959254438401065,1.0
0,R74862,0.0011915682,-0.33044872,0.9990492663220537,1.0
0,Cpne5,0.0011348269,-0.43985552,0.9990945393344163,1.0
0,Mmrn1,0.00096460286,-0.66187364,0.9992303583884122,1.0
0,Pcp4,0.0009078615,-0.936561,0.9992756314115612,1.0
0,Tmem121,0.0009078615,-0.76624644,0.9992756314115612,1.0
0,Gfra1,0.0009078615,-0.5395388,0.9992756314115612,1.0
0,Klra2,0.0007943788,-0.97046834,0.9993661774647096,1.0
0,Gm4890,0.0007943788,-1.4887035,0.9993661774647096,1.0
0,Gm10419,0.00053904275,-1.0619068,0.9995699061123615,1.0
0,Fmn1,0.00053904275,-1.3194746,0.9995699061123615,1.0
0,Amigo2,0.00053904275,-0.9183359,0.9995699061123615,1.0
0,Xcl1,0.00053904275,-0.3610265,0.9995699061123615,1.0
0,Dock10,2.8370672e-05,-0.79510295,0.9999773634785047,1.0
0,Stfa2,0.0,0.0,1.0,1.0
0,Ear2,0.0,0.0,1.0,1.0
0,Retnlg,0.0,0.0,1.0,1.0
0,Ifnlr1,0.0,0.0,1.0,1.0
0,Cyp4a12a,0.0,0.0,1.0,1.0
0,Mcpt4,0.0,0.0,1.0,1.0
0,Ear1,0.0,0.0,1.0,1.0
0,Cd200r2,0.0,0.0,1.0,1.0
0,Il1a,0.0,0.0,1.0,1.0
0,Gm21190,0.0,0.0,1.0,1.0
0,Tmem215,-0.002780326,-0.65357876,0.9977816237512569,1.0
0,Irf7,-0.0029221792,-0.71485543,0.9976684416039265,1.0
0,Cacna2d4,-0.0125398375,-0.08617702,0.9899949197107931,1.0
0,Fut10,-0.0128235435,-0.7137765,0.9897685726984616,1.0
0,Smpd5,-0.013163992,-0.6602933,0.989496957372257,1.0
0,Mcoln3,-0.013220733,0.49486098,0.9894516882687199,1.0
0,Prox2,-0.013334216,-1.2969657,0.9893611501636688,1.0
0,Pde1c,-0.013390957,-1.6155051,0.9893158811624463,1.0
0,Hba-a1,-0.013390957,-0.68570185,0.9893158811624463,1.0
0,1500026H17Rik,-0.013561182,-1.5538538,0.9891800743657396,1.0
0,Cfb,-0.013561182,-1.7627177,0.9891800743657396,1.0
0,Rragd,-0.013561182,-1.6238922,0.9891800743657396,1.0
0,Rab6b,-0.014015112,-1.1274823,0.9888179244512144,1.0
0,Zfp503,-0.014071854,-19.478539,0.9887726558723653,1.0
0,Aqp8,-0.014071854,-19.32909,0.9887726558723653,1.0
0,Crisp1,-0.014071854,-19.59807,0.9887726558723653,1.0
0,Ctsk,-0.014071854,-19.530487,0.9887726558723653,1.0
0,1700047M11Rik,-0.014071854,-18.85756,0.9887726558723653,1.0
0,Asb2,-0.014071854,-18.39368,0.9887726558723653,1.0
0,Fpr1,-0.014071854,-19.395702,0.9887726558723653,1.0
0,Alox15,-0.014071854,-18.973215,0.9887726558723653,1.0
0,Bace2,-0.014071854,-18.492964,0.9887726558723653,1.0
0,Egr2,-0.014071854,-19.48863,0.9887726558723653,1.0
0,Gzmc,-0.014071854,-19.351915,0.9887726558723653,1.0
0,Rprm,-0.014071854,-19.9337,0.9887726558723653,1.0
0,Cdkn2a,-0.014071854,-19.333553,0.9887726558723653,1.0
0,Cd36,-0.014071854,-19.21939,0.9887726558723653,1.0
0,Stfa3,-0.014071854,-18.838436,0.9887726558723653,1.0
0,Rasgrp4,-0.020143177,-0.6298784,0.9839291565279319,1.0
0,Cdc42ep2,-0.024654115,-0.18212217,0.9803308554056502,1.0
0,Akr1c18,-0.026923768,-1.139888,0.9785205361683728,1.0
0,Ttc26,-0.027122363,-0.9106764,0.9783621383633919,1.0
0,Rundc3b,-0.027292587,-0.90190214,0.9782263694950944,1.0
0,Fam110c,-0.027349329,-1.0937217,0.9781811133456368,1.0
0,Cacnb3,-0.02746281,-1.9892464,0.9780906012575578,1.0
0,Rhod,-0.02746281,-1.3142728,0.9780906012575578,1.0
0,Ms4a4b,-0.027547922,-1.1276263,0.9780227173765533,1.0
0,Scml4,-0.027576294,-0.861134,0.9780000894515641,1.0
0,Nrip3,-0.027661406,-2.0489693,0.977932205782888,1.0
0,Fabp4,-0.027661406,-1.9272152,0.977932205782888,1.0
0,Igha,-0.027661406,-1.8198988,0.977932205782888,1.0
0,Dok7,-0.027661406,-1.6502483,0.977932205782888,1.0
0,Csf2,-0.028143708,-21.281158,0.9775475346936416,1.0
0,Sucnr1,-0.028143708,-20.283686,0.9775475346936416,1.0
0,Gm14010,-0.028143708,-19.932884,0.9775475346936416,1.0
0,Prg3,-0.028143708,-19.942593,0.9775475346936416,1.0
0,Dcstamp,-0.028143708,-20.5947,0.9775475346936416,1.0
0,Krt18,-0.028285561,-1.3159665,0.9774343971276682,1.0
0,Tmem151b,-0.028455785,-1.3165032,0.9772986326479175,1.0
0,Socs1,-0.033449024,-0.79688567,0.9733165169915364,1.0
0,Rem2,-0.040683545,0.07183873,0.9675481805273412,1.0
0,6430548M08Rik,-0.04091051,-0.5572446,0.9673672389977227,1.0
0,Ghr,-0.041194215,-0.9612272,0.9671410644494068,1.0
0,Cxcl2,-0.0413077,0.13181809,0.9670505953691878,1.0
0,Gm13346,-0.04136444,-1.2337781,0.96700536098804,1.0
0,Crispld2,-0.041421182,-1.1625259,0.9669601267130605,1.0
0,Ighd,-0.041421182,-1.0596613,0.9669601267130605,1.0
0,Pls1,-0.041534666,-1.4958161,0.966869658482188,1.0
0,Sox5,-0.041591406,-1.5973729,0.9668244245265858,1.0
0,Edn1,-0.041591406,-1.7518309,0.9668244245265858,1.0
0,Il18,-0.041648146,-1.5856305,0.9667791906777334,1.0
0,Wtip,-0.04170489,-1.3416009,0.9667339569357762,1.0
0,Ermap,-0.04170489,-1.0694457,0.9667339569357762,1.0
0,Mirg,-0.04176163,-1.9657458,0.9666887233008596,1.0
0,Ephx1,-0.04176163,-2.248353,0.9666887233008596,1.0
0,Nectin4,-0.04176163,-1.5035436,0.9666887233008596,1.0
0,Krba1,-0.04176163,-0.90686464,0.9666887233008596,1.0
0,Rab11fip3,-0.041818373,-1.324466,0.9666434897731291,1.0
0,Tpsb2,-0.04221556,-21.582094,0.9663268580924348,1.0
0,Calca,-0.04221556,-20.748974,0.9663268580924348,1.0
0,Fez1,-0.04221556,-20.708849,0.9663268580924348,1.0
0,Pdpn,-0.04221556,-21.286112,0.9663268580924348,1.0
0,Dnase2b,-0.04221556,-20.423174,0.9663268580924348,1.0
0,4930503B20Rik,-0.04221556,-20.520025,0.9663268580924348,1.0
0,Arg1,-0.04221556,-21.17315,0.9663268580924348,1.0
0,Il13,-0.04221556,-21.047005,0.9663268580924348,1.0
0,Skap1,-0.04221556,-20.315275,0.9663268580924348,1.0
0,Rpp25,-0.04221556,-19.780466,0.9663268580924348,1.0
0,Gm10735,-0.04266949,-1.7316966,0.965964999818345,1.0
0,Zfp667,-0.046073973,-0.6017338,0.9632512913064366,1.0
0,Ms4a6d,-0.050840244,-0.8915566,0.9594528214819574,1.0
0,Fcer2a,-0.05484051,-0.7613961,0.9562655268117382,1.0
0,Tshz3,-0.0552377,-0.849354,0.9559490951596764,1.0
0,Sh3bp4,-0.05537955,-0.847499,0.9558360855352488,1.0
0,Mmp14,-0.055436295,-1.0157161,0.9557908819339277,1.0
0,Acod1,-0.05569163,-1.4095944,0.9555874674896672,1.0
0,8030423F21Rik,-0.05574837,-1.2697074,0.9555422646721813,1.0
0,Gm15880,-0.055861853,-2.6261818,0.9554518594663158,1.0
0,Oas2,-0.055861853,-0.93686616,0.9554518594663158,1.0
0,Ccl7,-0.056287415,-21.839115,0.9551128450580452,1.0
0,4933427D06Rik,-0.056287415,-21.095331,0.9551128450580452,1.0
0,Atoh8,-0.056287415,-20.930037,0.9551128450580452,1.0
0,Muc20,-0.056287415,-21.509226,0.9551128450580452,1.0
0,Avil,-0.056287415,-21.55256,0.9551128450580452,1.0
0,Shb,-0.059720267,-0.8807096,0.9523784310616654,1.0
0,Ctse,-0.060174197,-0.7698297,0.9520168969220517,1.0
0,Stk39,-0.06031605,-0.84828776,0.9519039195251094,1.0
0,Pdgfrb,-0.06496884,-0.853059,0.9481988100365272,1.0
0,Aif1,-0.06962163,-1.208966,0.9444948203808187,1.0
0,Fam171a2,-0.0698486,-1.7478557,0.9443141679986738,1.0
0,Pltp,-0.06990533,-1.772286,0.9442690053502599,1.0
0,Serpinb8,-0.06996208,-2.181974,0.9442238428809844,1.0
0,E130102H24Rik,-0.06996208,-2.5359633,0.9442238428809844,1.0
0,Lca5l,-0.07001882,-1.5730367,0.9441786805909917,1.0
0,Clec1b,-0.07035927,-21.406898,0.9439077106240823,1.0
0,Tppp3,-0.07035927,-20.997673,0.9439077106240823,1.0
0,Lyz1,-0.07035927,-21.153921,0.9439077106240823,1.0
0,Gm26871,-0.07035927,-21.305265,0.9439077106240823,1.0
0,Tpsg1,-0.07035927,-21.565914,0.9439077106240823,1.0
0,Cobl,-0.07035927,-21.406385,0.9439077106240823,1.0
0,Hgfac,-0.07035927,-21.675714,0.9439077106240823,1.0
0,Igfbp6,-0.07035927,-21.294752,0.9439077106240823,1.0
0,Parvb,-0.07047275,-1.0125042,0.9438173887426025,1.0
0,Ppm1l,-0.07745194,-0.8934123,0.9382640261219551,1.0
0,Hoxa5,-0.08165079,-0.61515355,0.9349244073764567,1.0
0,Batf2,-0.08352326,-0.95295376,0.9334354835321473,1.0
0,Ypel1,-0.08389208,-1.2145358,0.9331422379382425,1.0
0,Ppbp,-0.08397719,-1.9121149,0.9330745671651648,1.0
0,Gp9,-0.08397719,-2.216947,0.9330745671651648,1.0
0,Card11,-0.084005564,-2.2235944,0.9330520103482645,1.0
0,1700030N03Rik,-0.08403393,-1.2446685,0.9330294535851236,1.0
0,Ccl17,-0.0840623,-2.600894,0.9330068968757601,1.0
0,Cxcl16,-0.0840623,-3.0473375,0.9330068968757601,1.0
0,Ccl2,-0.0840623,-2.4381697,0.9330068968757601,1.0
0,Nacc2,-0.08420415,-1.1117442,0.9328941141362366,1.0
0,Espn,-0.08443112,-21.532425,0.9327136645559904,1.0
0,C1qb,-0.08443112,-22.092228,0.9327136645559904,1.0
0,Cmklr1,-0.08443112,-21.439545,0.9327136645559904,1.0
0,Car8,-0.08443112,-21.46914,0.9327136645559904,1.0
0,Rfx2,-0.08499853,-0.9736804,0.9322625557539261,1.0
0,Prss34,-0.09075778,-2.0309753,0.9276850573868108,1.0
0,E330020D12Rik,-0.0977086,-1.1713983,0.9221636897663894,1.0
0,Serpinh1,-0.09787882,-1.3859311,0.9220285185477785,1.0
0,Zfp532,-0.097935565,-1.5008663,0.9219834619751862,1.0
0,Rasal1,-0.098049045,-1.7536188,0.9218933495812808,1.0
0,Plod2,-0.09807742,-0.41683033,0.9218708216394257,1.0
0,Pdk2,-0.09810579,-2.1199741,0.921848293760255,1.0
0,Prss30,-0.09850297,-22.323975,0.9215329100437845,1.0
0,Pigz,-0.09850297,-21.988783,0.9215329100437845,1.0
0,Ccl22,-0.09850297,-22.844227,0.9215329100437845,1.0
0,Tnfrsf11a,-0.09850297,-22.428942,0.9215329100437845,1.0
0,Mmp13,-0.09850297,-22.297052,0.9215329100437845,1.0
0,Peak1,-0.106843956,-0.7613839,0.9149127781220792,1.0
0,Serpinb2,-0.11129815,-1.0637964,0.9113799240615017,1.0
0,Fgd5,-0.11155348,-0.9867819,0.911177456169514,1.0
0,Zfp365,-0.11178045,-1.4742833,0.9109974895509437,1.0
0,Sema6d,-0.11186556,-1.3099262,0.910930003245595,1.0
0,Hes1,-0.112092525,-1.6016419,0.9107500429072881,1.0
0,Fgf11,-0.11217764,-2.1006863,0.9106825589602833,1.0
0,Hid1,-0.11220601,-2.3268914,0.910660064454438,1.0
0,Ackr1,-0.11220601,-2.2178473,0.910660064454438,1.0
0,Ifi204,-0.11220601,-2.2151065,0.910660064454438,1.0
0,Fbxo10,-0.11226275,-2.9118698,0.9106150756575895,1.0
0,Ifit3b,-0.11226275,-2.9370835,0.9106150756575895,1.0
0,Kcp,-0.11226275,-3.043473,0.9106150756575895,1.0
0,Pxdc1,-0.11257483,-22.595287,0.9103676424012852,1.0
0,Slc6a5,-0.11257483,-22.572863,0.9103676424012852,1.0
0,Prr15,-0.11257483,-22.489223,0.9103676424012852,1.0
0,Mylk3,-0.11257483,-22.032011,0.9103676424012852,1.0
0,S1pr1,-0.11257483,-22.293623,0.9103676424012852,1.0
0,Steap4,-0.11257483,-22.12725,0.9103676424012852,1.0
0,Cma1,-0.11257483,-23.229435,0.9103676424012852,1.0
0,Arhgdig,-0.112745054,-0.95392954,0.9102326824692778,1.0
0,AW112010,-0.11294365,-1.3723875,0.9100752324891579,1.0
0,Ddt,-0.11529841,-0.5381776,0.908208596464593,1.0
0,Nek6,-0.12012143,-0.6235017,0.9043869589973568,1.0
0,Arl5c,-0.12517141,-0.6559583,0.9003878533403314,1.0
0,Hcar2,-0.12539837,-1.0309227,0.9002081768450841,1.0
0,Lilra6,-0.1255686,-1.0429262,0.9000734228290266,1.0
0,Gimap5,-0.12562534,-0.6053782,0.9000285054635528,1.0
0,Dok4,-0.12624949,-2.0691702,0.8995344356063085,1.0
0,Igfbp5,-0.12636298,-3.611334,0.8994446089002701,1.0
0,Slc45a3,-0.12647645,-1.8866711,0.8993547834823384,1.0
0,Cadm1,-0.12664668,-22.388865,0.8992200477731309,1.0
0,Bhlhe41,-0.12664668,-22.48482,0.8992200477731309,1.0
0,Slc37a2,-0.12710062,-0.9846489,0.8988607667594863,1.0
0,Relb,-0.12800847,-1.0956705,0.8981422669892507,1.0
0,BC064078,-0.129427,-0.8342617,0.8970197784696415,1.0
0,Fam102a,-0.12954049,-1.1229855,0.8969299882607084,1.0
0,Trp53cor1,-0.13010791,-1.4641998,0.8964810570381879,1.0
0,Mir99ahg,-0.1305902,-0.996013,0.896099491550659,1.0
0,Trim21,-0.13064694,-0.8146288,0.8960546030715548,1.0
0,Trim34a,-0.13081717,-0.9301045,0.8959199396313751,1.0
0,Nrarp,-0.13152644,-1.066607,0.8953588742850178,1.0
0,Gimap8,-0.1399809,-1.617776,0.8886750832117263,1.0
0,Cd86,-0.14000927,-1.3637923,0.8886526674292456,1.0
0,Amigo1,-0.14017949,-1.5762691,0.8885181746047965,1.0
0,Cd7,-0.14040646,-2.433321,0.8883388558316423,1.0
0,Gm4951,-0.14043483,-2.1709096,0.8883164413866014,1.0
0,Fzd8,-0.1404632,-3.2903333,0.8882940270308645,1.0
0,Gria2,-0.1404632,-2.5790865,0.8882940270308645,1.0
0,Fgfr1,-0.14071853,-22.828619,0.8880923018508374,1.0
0,1700016F12Rik,-0.14071853,-22.524057,0.8880923018508374,1.0
0,Il4,-0.14071853,-22.417967,0.8880923018508374,1.0
0,Lox,-0.14168313,-0.8908851,0.8873302944668191,1.0
0,Nlrp6,-0.14182499,-1.2816151,0.887218243323747,1.0
0,Dnmt3b,-0.1454848,-0.78070015,0.8843281094875627,1.0
0,Col4a1,-0.15240726,-1.2233876,0.8788657374668676,1.0
0,Tlr3,-0.1534286,-1.1314721,0.8780602951828501,1.0
0,Slc6a9,-0.1539109,-0.5790874,0.8776799912575525,1.0
0,Col5a1,-0.15405275,-1.3143387,0.8775681425303985,1.0
0,Dennd5b,-0.15416624,-1.643729,0.8774786653083883,1.0
0,Mrgpre,-0.15456343,-2.5741632,0.8771655073663234,1.0
0,Cacnb1,-0.15456343,-2.991479,0.8771655073663234,1.0
0,Tph1,-0.15456343,-3.3365343,0.8771655073663234,1.0
0,Ptprn,-0.15462017,-2.330565,0.8771207720856771,1.0
0,Fam135a,-0.15479039,-22.89511,0.8769865685991617,1.0
0,Atp1b2,-0.15479039,-22.659,0.8769865685991617,1.0
0,Clca3a1,-0.15547128,-1.4462811,0.8764497900519223,1.0
0,Ier3,-0.15881902,-0.3959354,0.8738114599293145,1.0
0,Rsad1,-0.1616561,-0.7785781,0.8715766836144065,1.0
0,Trib1,-0.16747208,-1.1187773,0.8669986147801776,1.0
0,D630039A03Rik,-0.16764231,-1.0834676,0.8668646889207011,1.0
0,Pgf,-0.16803949,-1.7507852,0.866552210117485,1.0
0,Tspan17,-0.16823809,-1.7694409,0.8663959785335962,1.0
0,Ccdc92,-0.16829483,-1.8814443,0.8663513418966757,1.0
0,Apol7c,-0.16866365,-2.5377717,0.8660612141526659,1.0
0,Gpr18,-0.16866365,-3.9851718,0.8660612141526659,1.0
0,Slfn5,-0.16869202,-2.264586,0.8660388973809251,1.0
0,Itgax,-0.16886224,-22.953646,0.8659049989940112,1.0
0,Kcne3,-0.16886224,-22.506804,0.8659049989940112,1.0
0,Phxr4,-0.16886224,-23.05963,0.8659049989940112,1.0
0,4933415A04Rik,-0.16886224,-22.890965,0.8659049989940112,1.0
0,Fcer1a,-0.16886224,-23.09916,0.8659049989940112,1.0
0,Zcchc24,-0.16886224,-22.901508,0.8659049989940112,1.0
0,Cxcl3,-0.16886224,-22.8877,0.8659049989940112,1.0
0,Helz2,-0.17022404,-0.6894796,0.8648339507711583,1.0
0,Phlpp1,-0.17473496,-1.2523654,0.8612878872938312,1.0
0,Igf2r,-0.18168579,-1.3462616,0.8558293213351337,1.0
0,Col1a2,-0.18242343,-1.695378,0.8552504448247408,1.0
0,N4bp3,-0.1825369,-1.9550207,0.8551613938057336,1.0
0,Myof,-0.18276387,-3.1494858,0.8549832973027872,1.0
0,Plscr2,-0.18276387,-3.532604,0.8549832973027872,1.0
0,Gpr4,-0.18276387,-2.8413367,0.8549832973027872,1.0
0,Esam,-0.18287736,-3.24724,0.8548942518210649,1.0
0,Arpp21,-0.18287736,-2.8083575,0.8548942518210649,1.0
0,Gm15856,-0.18287736,-2.584312,0.8548942518210649,1.0
0,5830418P13Rik,-0.18293409,-23.340334,0.8548497297731266,1.0
0,Ms4a7,-0.18293409,-23.161062,0.8548497297731266,1.0
0,Id3,-0.18293409,-23.068203,0.8548497297731266,1.0
0,Ccl5,-0.18293409,-23.650797,0.8548497297731266,1.0
0,Gnaz,-0.18293409,-22.823414,0.8548497297731266,1.0
0,Gprin3,-0.18316106,-2.1016524,0.8546716462040902,1.0
0,Gm16140,-0.18316106,-2.1946514,0.8546716462040902,1.0
0,Alox8,-0.18327454,-2.134987,0.8545826071951419,1.0
0,Rnf122,-0.18344477,-1.6743978,0.8544490521542984,1.0
0,Emid1,-0.18395545,-2.1692507,0.8540484120692411,1.0
0,Abhd6,-0.1841824,-1.1034385,0.8538703618834981,1.0
0,Dexi,-0.18962957,-0.9845052,0.8495994106537869,1.0
0,Plekhm3,-0.19107647,-0.39183024,0.8484656753841351,1.0
0,Plscr4,-0.19575764,-1.276001,0.8447998671670954,1.0
0,Ltb,-0.19609809,-1.0718083,0.8445333929803372,1.0
0,Cdkn1c,-0.19612646,-1.3510396,0.8445111876006981,1.0
0,Otub2,-0.19632505,-1.869647,0.8443557534037467,1.0
0,Snca,-0.1968641,-3.4088671,0.8439338911483969,1.0
0,Klrd1,-0.19700594,-3.1243613,0.8438228822007457,1.0
0,Zc3h6,-0.19700594,-23.048883,0.8438228822007457,1.0
0,Npr2,-0.19700594,-23.26294,0.8438228822007457,1.0
0,Klhl30,-0.19700594,-2.5668433,0.8438228822007457,1.0
0,Sdc3,-0.1976301,-1.7141867,0.8433344797142144,1.0
0,Pbx1,-0.20446743,-0.68492407,0.8379882366734451,1.0
0,Tmtc2,-0.20988624,-1.3255063,0.8337564662089196,1.0
0,Kdr,-0.21056713,-2.507361,0.8332250631549634,1.0
0,Mafb,-0.21107781,-23.5186,0.8328265608474384,1.0
0,Atp8b5,-0.21107781,-23.159754,0.8328265608474384,1.0
0,Lad1,-0.21107781,-23.59123,0.8328265608474384,1.0
0,Plk2,-0.2127233,-1.5080899,0.8315427905422198,1.0
0,Tarm1,-0.21317723,-0.5267132,0.8311887259347819,1.0
0,Mdp1,-0.21385813,-1.2741239,0.8306576932835602,1.0
0,Mdga1,-0.22401483,-1.7053363,0.8227457642744499,1.0
0,Atf3,-0.22421342,-1.4992164,0.8225912384587859,1.0
0,Ap5s1,-0.22446875,-1.3333088,0.8223925725210228,1.0
0,Flrt3,-0.2250078,-3.1027086,0.8219732040591057,1.0
0,1700112J16Rik,-0.22514966,-23.264158,0.821862852386282,1.0
0,Arhgap29,-0.22523476,-1.8116188,0.821796643074156,1.0
0,Glyctk,-0.22526313,-2.7394643,0.8217745735854765,1.0
0,Arnt2,-0.22551848,-1.8961525,0.8215759545363066,1.0
0,Osm,-0.23227069,-0.7034711,0.8163277720348534,1.0
0,Ccr1,-0.23377433,-0.9526581,0.8151601708251893,1.0
0,Cd59a,-0.23785971,-1.4047879,0.811989899658759,1.0
0,Gimap4,-0.23916477,-3.2410948,0.8109778206871429,1.0
0,Lynx1,-0.23922151,-23.450384,0.8109338244065223,1.0
0,Nr4a3,-0.23922151,-23.924995,0.8109338244065223,1.0
0,Rnf150,-0.2527827,-1.4533848,0.8004361438303209,1.0
0,Gpr132,-0.25289616,-1.0822946,0.8003484461833352,1.0
0,Il18r1,-0.2531515,-2.8980012,0.8001511356813811,1.0
0,Pla2g7,-0.253265,-3.434226,0.8000634462179522,1.0
0,Maml2,-0.25329337,-23.410109,0.800041524245845,1.0
0,Selp,-0.25332174,-1.0903052,0.8000196024312707,1.0
0,Cd40,-0.25352034,-3.4142666,0.7998661541415608,1.0
0,Tmem140,-0.25462678,-1.7740477,0.7990113695395361,1.0
0,Ccdc102a,-0.25485376,-1.5836397,0.7988360588383299,1.0
0,Eya1,-0.25706667,-0.9039588,0.7971273122015223,1.0
0,Tgfbr3,-0.2658332,-1.3113877,0.7903676725765387,1.0
0,H2-DMa,-0.26648572,-0.93117845,0.7898651511057452,1.0
0,Cdh17,-0.26668432,-2.0904777,0.7897122271223063,1.0
0,Maf,-0.2670815,-2.5004537,0.7894064034579104,1.0
0,Paqr5,-0.26736522,-23.98235,0.7891879778423515,1.0
0,Slamf7,-0.26736522,-23.780859,0.7891879778423515,1.0
0,P2rx5,-0.26736522,-23.878416,0.7891879778423515,1.0
0,Rgs7bp,-0.2675922,-2.662439,0.7890132492778485,1.0
0,Serpinc1,-0.26764894,-3.0446312,0.78896956879447,1.0
0,F2rl2,-0.26923767,-0.7351129,0.7877467850609153,1.0
0,Ube2l6,-0.27190453,-0.6320835,0.7856954322869241,1.0
0,Foxn3,-0.28013203,-1.5065432,0.7793762198079122,1.0
0,Fstl1,-0.28135195,-3.5756087,0.7784404620625928,1.0
0,Il7r,-0.28143707,-23.736523,0.7783751886073127,1.0
0,Slfn1,-0.2814938,-1.554321,0.778331673839055,1.0
0,Cd72,-0.28174916,-1.9151481,0.7781358659847168,1.0
0,Fam234b,-0.28472808,-0.9280042,0.7758524849054654,1.0
0,Ncoa7,-0.28765026,-0.72028816,0.7736144776250314,1.0
0,Isg20,-0.28960782,-0.6644464,0.7721162807277671,1.0
0,Daxx,-0.29468617,-0.51032877,0.768233625693104,1.0
0,Plpp1,-0.29550892,-3.4219298,0.7676051363197403,1.0
0,Slco2b1,-0.29550892,-23.588982,0.7676051363197403,1.0
0,Mex3b,-0.2957359,-2.5836985,0.7674317868118067,1.0
0,Slc41a3,-0.29655865,-0.6135645,0.7668034924405178,1.0
0,Gm11772,-0.29715443,-1.4792722,0.7663486163188734,1.0
0,Anxa4,-0.2984311,-0.57511216,0.7653741531137889,1.0
0,Marcks,-0.2995943,-0.9865956,0.7644866319967791,1.0
0,Fgr,-0.30243137,-0.9800023,0.7623232454572841,1.0
0,Capn5,-0.30362293,-1.0321269,0.7614151754877617,1.0
0,Ggt5,-0.30912685,-2.12122,0.7572250379997099,1.0
0,9330175E14Rik,-0.30949566,-3.2092555,0.7569445089669361,1.0
0,Chga,-0.30958077,-24.04508,0.7568797760437891,1.0
0,P2ry1,-0.30958077,-0.7060217,0.7568797760437891,1.0
0,Gp5,-0.31029004,-2.1866248,0.7563404013878476,1.0
0,Slfn8,-0.31071562,-0.9967388,0.7560168335505898,1.0
0,Zfp467,-0.3138931,-1.9752011,0.7536022162596775,1.0
0,Slc9a9,-0.32336894,-3.1903932,0.7464158612821387,1.0
0,Treml1,-0.32342568,-2.201673,0.7463728948624666,1.0
0,Sirpb1c,-0.32365263,-23.701542,0.7462010370699728,1.0
0,Trac,-0.3237661,-2.53847,0.7461151129071766,1.0
0,Irf6,-0.3237661,-3.6236033,0.7461151129071766,1.0
0,Inpp4b,-0.3245605,-1.2786008,0.7455137322177923,1.0
0,Lrrc49,-0.32637623,-1.1018667,0.7441397304858407,1.0
0,Klhl6,-0.32856077,-0.5761181,0.7424877138287336,1.0
0,S100a6,-0.33290148,-0.41491836,0.7392086596984331,1.0
0,Fpr2,-0.3369301,-2.0526502,0.7361695898939873,1.0
0,Sulf2,-0.3375259,-1.3881885,0.7357204988396173,1.0
0,Tubb3,-0.33772448,-23.855318,0.7355708218811398,1.0
0,Entpd3,-0.33772448,-23.891476,0.7355708218811398,1.0
0,Parp12,-0.34118572,-0.76917386,0.7329637830216764,1.0
0,Kmo,-0.34124246,-1.4178152,0.732921070238182,1.0
0,Pglyrp2,-0.35179633,-24.076162,0.72499100514413,1.0
0,Mfhas1,-0.35179633,-2.080349,0.72499100514413,1.0
0,Ccr7,-0.35190982,-3.8043022,0.724905893941864,1.0
0,Ralgds,-0.35230702,-1.1481632,0.7246080315066132,1.0
0,Rasa4,-0.3527042,-0.5946413,0.7243102107491155,1.0
0,Smim5,-0.3527042,-2.5696983,0.7243102107491155,1.0
0,Tns1,-0.35423622,-1.9873784,0.723161864703846,1.0
0,Gch1,-0.3608182,-1.28314,0.718235347634939,1.0
0,Rgs1,-0.3612154,-1.8082876,0.7179384298286243,1.0
0,Pirb,-0.36416596,-1.05684,0.7157340909419162,1.0
0,Fgf3,-0.36586818,-23.848036,0.714463432727989,1.0
0,Rab37,-0.36705977,-1.130818,0.7135744425013146,1.0
0,P2ry12,-0.37994003,-24.427391,0.7039899207495907,1.0
0,Gpnmb,-0.38135856,-2.418557,0.7029371923150837,1.0
0,Sh3bgrl2,-0.38289058,-2.0586088,0.7018008851430851,1.0
0,Pan3,-0.38399705,-0.8291145,0.7009806331371291,1.0
0,Spred1,-0.386749,-0.8649979,0.698942032026284,1.0
0,Lck,-0.38944423,-0.99450743,0.6969475657928612,1.0
0,Plbd1,-0.39219618,-1.4644833,0.6949132697867266,1.0
0,Mmaa,-0.39321753,-1.4425807,0.694158830984084,1.0
0,Esm1,-0.3939268,-3.030044,0.6936350933373423,1.0
0,B3gnt7,-0.39789867,-1.561549,0.6907048726488223,1.0
0,Myl10,-0.4072894,-1.6549308,0.6837954668693804,1.0
0,Mx2,-0.40836746,-4.5048523,0.6830039203048035,1.0
0,Pdgfb,-0.40836746,-4.3473115,0.6830039203048035,1.0
0,Msr1,-0.40836746,-4.2250404,0.6830039203048035,1.0
0,Faah,-0.40836746,-4.34824,0.6830039203048035,1.0
0,Ptpro,-0.40836746,-3.897287,0.6830039203048035,1.0
0,Pard6g,-0.40876466,-1.4978602,0.6827123856708543,1.0
0,Msrb3,-0.40887812,-2.3737354,0.6826290987525324,1.0
0,Nqo1,-0.4115166,-1.3402581,0.6806937691864052,1.0
0,Gfi1b,-0.4119989,-1.4917499,0.6803402259775411,1.0
0,Tmem106a,-0.41409832,-1.3176856,0.6788020924623073,1.0
0,Fabp5,-0.41486433,0.04829842,0.6782412141032803,1.0
0,Phf11b,-0.42215562,-24.063498,0.6729114430812573,1.0
0,Eomes,-0.42215562,-24.606739,0.6729114430812573,1.0
0,Trdc,-0.42246768,-4.354103,0.6726836844793491,1.0
0,Mecom,-0.42246768,-4.425257,0.6726836844793491,1.0
0,Shank3,-0.42246768,-4.11097,0.6726836844793491,1.0
0,Sapcd1,-0.42309183,-2.2343202,0.6722282573726803,1.0
0,Chit1,-0.42802835,-1.829627,0.6686304913890924,1.0
0,Cd55,-0.434355,-1.09765,0.664030673992086,1.0
0,Ptgs2,-0.4362842,-2.1506882,0.6626305436665221,1.0
0,Efna5,-0.43651116,-3.578433,0.6624658998144897,1.0
0,Ddah2,-0.4365679,-4.1587787,0.6624247413997976,1.0
0,Tbc1d4,-0.4365679,-1.3555274,0.6624247413997976,1.0
0,2610307P16Rik,-0.43685162,-2.9536748,0.6622189646215972,1.0
0,Abcg1,-0.43809992,-2.608563,0.6613138499407728,1.0
0,St8sia1,-0.4383269,-1.1801658,0.6611493367683094,1.0
0,Slc35d3,-0.4390078,-2.3935704,0.6606558954729974,1.0
0,Ifi27l2a,-0.4472353,-1.3474683,0.6547051908977986,1.0
0,Thsd1,-0.44984537,-1.8993852,0.6528219325232467,1.0
0,Gimap1os,-0.45029932,-24.54016,0.652494634626959,1.0
0,Car1,-0.45035607,-2.8661935,0.6524537270923325,1.0
0,Pdgfa,-0.45132065,-1.9643846,0.6517584590248033,1.0
0,2900026A02Rik,-0.4542712,-1.6536902,0.6496336374132232,1.0
0,Ifit3,-0.4550372,-1.6175228,0.6490824658000145,1.0
0,Cep170b,-0.45676783,-1.5338598,0.6478379338322041,1.0
0,Il10ra,-0.4603709,-1.7371435,0.6452500174995226,1.0
0,Tcf7l2,-0.46255544,-1.2327771,0.6436830527709823,1.0
0,Anpep,-0.4647116,-4.1789308,0.6421379900860762,1.0
0,Jchain,-0.4647116,-4.597659,0.6421379900860762,1.0
0,Aqp1,-0.46573296,-2.03188,0.6414066580238813,1.0
0,Rara,-0.46706638,-1.0662643,0.6404523869119256,1.0
0,Il27ra,-0.47359163,-1.3186892,0.6357911420128131,1.0
0,Scn1b,-0.47844303,-24.503338,0.6323349207604124,1.0
0,Cnrip1,-0.4786416,-3.9350739,0.6321936083140174,1.0
0,Il1b,-0.48119497,-2.1626008,0.6303779320510347,1.0
0,Axl,-0.49421713,-2.227084,0.621152854922004,1.0
0,Rbpms2,-0.49552217,-1.7517961,0.6202315804927976,1.0
0,Rab38,-0.49909687,-0.6320421,0.6177111431203574,1.0
0,Asb13,-0.50057214,-1.2810751,0.616672270919959,1.0
0,Timp3,-0.5132822,-1.6228853,0.6077539296828445,1.0
0,Mllt6,-0.51339567,-1.1578805,0.6076745612656245,1.0
0,Apobec1,-0.51401985,-0.899682,0.607238117644915,1.0
0,Grap,-0.51949537,-2.2285728,0.6034153320254678,1.0
0,Stxbp6,-0.5197507,-2.0402186,0.6032373317468673,1.0
0,Parp14,-0.5202614,-0.87081647,0.6028814020612672,1.0
0,Epha2,-0.52116925,-4.69678,0.6022488716805386,1.0
0,Akr1c12,-0.52156645,-3.3225627,0.6019722337043072,1.0
0,Rgl1,-0.52167994,-2.9536037,0.6018932048060996,1.0
0,Cbx2,-0.5255383,-1.3326836,0.5992090108148023,1.0
0,Cox6a2,-0.52684337,-2.046872,0.5983023508023378,1.0
0,Cd200r4,-0.53109896,-1.3047243,0.5953501857691958,1.0
0,Gadd45g,-0.5312692,-1.5212725,0.5952322375400676,1.0
0,Epb41l1,-0.5370852,-2.101525,0.5912087637880146,1.0
0,Arhgef5,-0.5385888,-1.8212305,0.5901705862238986,1.0
0,Akr1c13,-0.5411706,-0.9487677,0.5883900161536533,1.0
0,H1f0,-0.544263,-0.62872463,0.5862605183710845,1.0
0,Gm5111,-0.5488023,-24.703129,0.5831411405302857,1.0
0,Tnfrsf9,-0.5488023,-24.867962,0.5831411405302857,1.0
0,Dpep2,-0.5488023,-24.586502,0.5831411405302857,1.0
0,Tbc1d9,-0.55135566,-3.1225433,0.5813898983312373,1.0
0,Cxcl10,-0.5518663,-1.1168184,0.5810399452789692,1.0
0,Gzma,-0.56287414,-25.241333,0.5735205900686906,1.0
0,Ms4a4c,-0.57260525,-1.8454784,0.5669119829911817,1.0
0,St6gal1,-0.5752438,-2.8304749,0.5651264553994304,1.0
0,Ssbp3,-0.57737154,-0.7726571,0.5636884858981455,1.0
0,Clec4a3,-0.5784213,-2.7617,0.5629797376748793,1.0
0,Bach2,-0.5808044,-2.5395708,0.5613722854773453,1.0
0,Arhgap12,-0.5863083,-1.2890772,0.5576683435733065,1.0
0,Sla2,-0.58727294,-2.0180807,0.5570204260028027,1.0
0,Plxna1,-0.5894858,-2.032419,0.555535413981768,1.0
0,Sirpb1b,-0.59101784,-24.697662,0.5545084625029615,1.0
0,Ctnnd2,-0.59132993,-3.9454272,0.5542993825799476,1.0
0,Sema7a,-0.5936563,-2.9077828,0.5527420034411374,1.0
0,Cd9,-0.5995858,-0.59775555,0.5487823191999488,1.0
0,Gcnt2,-0.6012029,-1.0199761,0.5477048404449085,1.0
0,Zfp946,-0.6039832,-1.0731024,0.5458547817219228,1.0
0,Gimap6,-0.60872114,-2.208126,0.5427092874261632,1.0
0,Dst,-0.6111043,-2.762356,0.541130544035211,1.0
0,Haao,-0.6157287,-1.3614707,0.5380735898186173,1.0
0,Gm17590,-0.63397104,-4.906655,0.5260997182369463,1.0
0,Maff,-0.6388792,-1.1723168,0.5229015383707722,1.0
0,Il17re,-0.6490075,-3.7665398,0.5163335271033179,1.0
0,Meg3,-0.64954656,-2.195694,0.5159851716963565,1.0
0,Padi2,-0.6502842,-2.1981091,0.5155086724543049,1.0
0,Mllt3,-0.6642993,-1.0310314,0.5064987724566998,1.0
0,Rbp1,-0.67544895,-2.8784297,0.4993905628497768,1.0
0,Mn1,-0.6757043,-2.4552777,0.4992284022376132,1.0
0,St3gal5,-0.67658377,-1.1762494,0.49867006318664553,1.0
0,Il4i1,-0.6787116,-3.7998278,0.4973206171971162,1.0
0,Cxxc5,-0.6849248,-1.8397295,0.49339139234015594,1.0
0,Foxo1,-0.68994635,-1.7519417,0.4902279061001191,1.0
0,Nkx2-3,-0.6925849,-3.0248094,0.48857011743908674,1.0
0,Nefh,-0.6972944,-1.472238,0.4856185803236256,1.0
0,Ephb2,-0.7034792,-3.1357734,0.48175716901145305,1.0
0,Ccl4,-0.70484096,-0.6903794,0.4809091993540985,1.0
0,Cetn4,-0.7090966,-2.0612738,0.4782645412307177,1.0
0,Kbtbd11,-0.7095505,-2.0604095,0.4779829142688552,1.0
0,Epb41l3,-0.7135792,-1.9082004,0.4754874525114915,1.0
0,P2ry13,-0.7194803,-3.052198,0.4718450653332128,1.0
0,Cd200r3,-0.719537,-3.6633427,0.4718101171862149,1.0
0,Ctxn1,-0.71959376,-3.6571467,0.47177517046603334,1.0
0,Gata3,-0.7213527,-2.7453737,0.47069253013681134,1.0
0,Adora2b,-0.7353962,-3.841867,0.4620982356829162,1.0
0,Itsn1,-0.7379212,-2.268073,0.4605623417924797,1.0
0,Ccr9,-0.7387156,-2.3627367,0.46007973024460014,1.0
0,Pacsin1,-0.7467728,-4.8678646,0.4552006932277288,1.0
0,Rnase6,-0.7467728,-3.3157098,0.4552006932277288,1.0
0,Prkca,-0.7522484,-1.678028,0.45190170480368586,1.0
0,Vangl2,-0.7522484,-1.9310874,0.45190170480368586,1.0
0,Dusp10,-0.75324136,-2.099008,0.45130489395629647,1.0
0,Ppp2r3a,-0.7703772,-1.353544,0.44107615113976884,1.0
0,Casp12,-0.7762783,-4.213884,0.4375846600874326,1.0
0,Mpl,-0.7796261,-2.6652033,0.435611001563018,1.0
0,1700025G04Rik,-0.7803921,-0.8082286,0.4351601246555117,1.0
0,Pde4b,-0.7807609,-0.9212944,0.43494313186705136,1.0
0,Spsb1,-0.7869741,-3.5251887,0.4312970384252759,1.0
0,Rrad,-0.79142827,-2.0532236,0.4286941140806747,1.0
0,Lztfl1,-0.7997693,-1.0731541,0.42384449906658717,1.0
0,Lilr4b,-0.80498946,-1.3879181,0.42082576260017923,1.0
0,Egfl7,-0.80714566,-0.9450376,0.4195825856649945,1.0
0,Gcsam,-0.8072024,-2.865211,0.4195498996652398,1.0
0,Ms4a2,-0.8186925,-1.9356664,0.4129618802724029,1.0
0,H2-Ob,-0.81960034,-3.124717,0.41244397101067776,1.0
0,Jakmip1,-0.8312607,-4.7358003,0.40582636980285913,1.0
0,Irgm2,-0.8323388,-2.5681024,0.40521774296462787,1.0
0,Slc15a3,-0.83477867,-1.9611412,0.40384234039794065,1.0
0,Gm37867,-0.8352326,-2.7755716,0.4035867602334847,1.0
0,Id2,-0.83965844,-0.8281768,0.4010999332544085,1.0
0,Il6,-0.84431124,-25.292395,0.39849552297667523,1.0
0,Rras2,-0.8470632,-1.5762733,0.39695991435816813,1.0
0,Bfsp2,-0.860369,-3.7246277,0.38958566211537926,1.0
0,Dpp4,-0.8668375,-2.0745661,0.3860310384329363,1.0
0,Ddx58,-0.8735614,-0.6159769,0.382357168951342,1.0
0,Camk1d,-0.88726443,-3.491851,0.3749365625223021,1.0
0,Tbc1d16,-0.8875481,-1.4520843,0.3747838732811304,1.0
0,Gbp2,-0.88768995,-1.4761901,0.37470754307644094,1.0
0,Phlda2,-0.89892477,-3.5116959,0.36869274098967453,1.0
0,Col18a1,-0.90079725,-4.1742787,0.36769614604507805,1.0
0,Gstt1,-0.90723735,-2.3445978,0.36428128982791563,1.0
0,Mboat2,-0.9100744,-2.3931594,0.36278325868090366,1.0
0,AA467197,-0.91574854,-2.4649217,0.35979878693708034,0.995893570668847
0,Tgm2,-0.9158053,-4.669304,0.35976902030370483,0.995893570668847
0,Ppp1r16b,-0.91694015,-2.686464,0.35917401247499514,0.995893570668847
0,Fam43a,-0.92173475,-1.3785793,0.35666693628970647,0.994009915226639
0,Klf4,-0.92482716,-2.8547184,0.35505581037572564,0.9912229336134716
0,Mex3a,-0.9251676,-1.733852,0.3548787198319676,0.9912229336134716
0,Ptk7,-0.92573506,-1.8241706,0.3545836928598194,0.9912229336134716
0,Bmyc,-0.9363173,-0.9303958,0.3491098426250616,0.9841119941000575
0,Gpr137b,-0.94417596,-4.8767223,0.34507972866089365,0.9786947045402391
0,Ccr5,-0.9452541,-3.9094272,0.34452918431046664,0.9786947045402391
0,Nsg2,-0.95441777,-2.5203671,0.33987220437609134,0.9705505554542607
0,Rab27b,-0.9577088,-1.5990756,0.33820962379220576,0.9675061901075093
0,Ikzf2,-0.95773715,-0.9352479,0.3381953139445144,0.9675061901075093
0,Clec10a,-0.96094304,-1.3939724,0.3365808057494605,0.9670333123394264
0,Dkkl1,-0.98670363,-1.6135824,0.3237879569350447,0.9408391400876354
0,Lsp1,-1.0086341,-1.1097784,0.31315012523352537,0.917916971406353
0,Fscn1,-1.0133153,-4.280844,0.3109095786107825,0.9169006118303441
0,Smox,-1.0179113,-0.99734384,0.30872008462086153,0.9121019622131828
0,Bcl6,-1.0334868,-2.7074833,0.30137611909557094,0.8974925973572302
0,Plxdc2,-1.0414306,-2.4781716,0.2976757269675916,0.8941296835952472
0,Fads3,-1.0479559,-3.2338872,0.2946589266415337,0.8883583253021704
0,Ly6d,-1.0546798,-2.6198137,0.2915718175738514,0.8806880597854506
0,Hs3st1,-1.055389,-25.896059,0.2912474453638232,0.8806880597854506
0,Ciita,-1.0859725,-3.9005775,0.2774911154110823,0.8476282282425149
0,Mcoln2,-1.0911928,-3.57446,0.2751880543406978,0.8437713121750696
0,Gnb4,-1.102995,-1.822659,0.2700293355860076,0.8310959816328356
0,Csrp3,-1.1116765,-25.734917,0.2662772984156303,0.8226700533907665
0,Tnfaip3,-1.1124709,-1.1650469,0.26593577533978285,0.8226700533907665
0,Ccr2,-1.1137758,-1.303555,0.2653753566108049,0.8226700533907665
0,Vcan,-1.1269399,-2.4486086,0.25976791343778216,0.8134045474827851
0,Mast4,-1.1457212,-2.1543226,0.25191051468425996,0.7996063695065941
0,Clnk,-1.1512818,-2.0484352,0.24961628652849988,0.7941745861116636
0,Arl4c,-1.1561617,-2.7963023,0.24761504616717833,0.7906133954392977
0,F11r,-1.1605307,-1.2609177,0.24583279146069448,0.7880252722317123
0,Ifi44,-1.1652403,-2.1824508,0.24392175432210284,0.785002153790577
0,Ppp3cc,-1.1720492,-3.6317828,0.24117729610016114,0.7777128713209968
0,Clec4n,-1.1856672,-4.702133,0.23575377567708622,0.7650034301333201
0,Smo,-1.1875963,-1.1319482,0.23499247764181264,0.7650034301333201
0,Lax1,-1.1877098,-2.5334496,0.2349477496719734,0.7650034301333201
0,C3ar1,-1.1975261,-1.5912223,0.2311015675701793,0.758799074086702
0,Il12a,-1.2052996,-1.1418,0.2280876459171044,0.7519474830844377
0,Map3k8,-1.209385,-1.2701621,0.22651495961273505,0.7482836344029659
0,Samd14,-1.2173855,-3.2048771,0.22345755704954962,0.7413459367308598
0,Cttn,-1.2193148,-1.4818699,0.22272474897922911,0.7413459367308598
0,Tox,-1.2228043,-1.7981514,0.22140360144357385,0.7404466835906739
0,Fchsd2,-1.2274572,-1.0262185,0.2196508206971829,0.7361025437413856
0,Mfge8,-1.2309468,-1.7957796,0.2183427867182065,0.7347551868401058
0,Myo1e,-1.2425787,-2.0030634,0.2140231191486115,0.7217162146757752
0,Smad3,-1.2428057,-1.4799078,0.21393945051186392,0.7217162146757752
0,Irf8,-1.2451321,-1.0403392,0.21308320710520368,0.7217162146757752
0,Hivep3,-1.256452,-1.6973696,0.20895214967525721,0.7139461995757399
0,Ehd3,-1.2680556,-2.8914773,0.20477810500412963,0.7064586586221135
0,Egr1,-1.2685379,-3.2105129,0.204605933748072,0.7064586586221135
0,Cpa3,-1.2771342,-1.9850819,0.20155487625212332,0.7015493761393649
0,Cd28,-1.2773044,-1.4705312,0.20149479610263865,0.7015493761393649
0,Snn,-1.2910925,-2.554611,0.19667158356404757,0.6932235637340463
0,Gpr183,-1.2977313,-2.9793518,0.19437968497212532,0.6898990131833419
0,Ctla2b,-1.3131933,-2.4967136,0.18911781636459135,0.6756588064831875
0,Lmna,-1.3301306,-1.8306206,0.1834752432348763,0.6569466766599765
0,AI504432,-1.3326839,-1.6173371,0.1826355372626577,0.6563231849648388
0,Zfpm1,-1.3455359,-1.924105,0.17845224227889211,0.6454147749619856
0,Ly86,-1.3514086,-2.3274722,0.17656457732744724,0.640688466275435
0,Azin2,-1.362161,-2.018608,0.17314705095415628,0.6311112733654866
0,Oasl1,-1.3689984,-1.6649306,0.17099976672340145,0.6246883369940477
0,Cd96,-1.3850563,-3.3587031,0.16603527512269678,0.6120664005659413
0,Bcl3,-1.3869287,-1.4591259,0.16546350791713482,0.6113480861995277
0,Tbxa2r,-1.3870422,-3.4914386,0.16542890303883417,0.6113480861995277
0,Prnp,-1.3876096,-1.6015905,0.16525596033752177,0.6113480861995277
0,Tmem9,-1.4002062,-1.2677929,0.16145158986404973,0.6061909230543718
0,Ifit2,-1.4041213,-1.9927022,0.16028272621118067,0.6031985659269955
0,Als2cl,-1.4405493,-1.8285239,0.14971206321698616,0.5713716859716508
0,Pdcd1lg2,-1.4461099,-2.9302185,0.14814637540651837,0.5667297662956906
0,Ttc39b,-1.4497414,-1.9772903,0.14713065729707117,0.5657246437981446
0,Ier5,-1.475814,-0.9393946,0.13999382912587705,0.5484782387492092
0,Sdc4,-1.4837862,-3.8383927,0.13786565799109973,0.5414481773887743
0,Lat,-1.4959855,-4.3837285,0.1346574191136412,0.5327178873227465
0,Aqp9,-1.5163274,-1.1019351,0.12943660466504772,0.514573952859577
0,Acadm,-1.5200722,-0.8659067,0.12849281627581519,0.5133382955649562
0,Mndal,-1.5316191,-1.2056818,0.12561645126154797,0.5030861332005698
0,Cdh1,-1.532073,-4.4450274,0.12550440889021558,0.5030861332005698
0,Gimap1,-1.535818,-2.3519435,0.12458302857565583,0.5014235045898604
0,Trim30a,-1.6056099,-0.769846,0.10835966327431806,0.44496044007833896
0,Ociad2,-1.6104329,-1.9492893,0.10730339418236431,0.4417413841720683
0,Mmp8,-1.6120783,-2.1231315,0.10694489173509315,0.44138578726290356
0,Myct1,-1.6135536,-1.8709222,0.10662428323274667,0.4411851719477426
0,Lgmn,-1.613809,-3.2883823,0.10656887071474658,0.4411851719477426
0,Csf2rb2,-1.6140643,-1.2511377,0.10651348102552484,0.4411851719477426
0,Clec4a1,-1.6616987,-5.1326766,0.09657321117470624,0.40475904011724423
0,Crip1,-1.7046235,-1.1697437,0.08826466912243966,0.37477825475548987
0,H2-Ab1,-1.7186953,-1.8216637,0.08566986196062502,0.36567504236877313
0,Serpinb6b,-1.7189506,-3.5840123,0.08562335449166109,0.36567504236877313
0,Il1rl1,-1.7202557,-4.0004625,0.08538596824283473,0.36567504236877313
0,Bcl2l11,-1.7262136,-1.0905952,0.08430899888565424,0.36272996337541424
0,Dntt,-1.7427536,-3.8079345,0.08137665315100305,0.3519811504291385
0,Parp9,-1.7654219,-1.381304,0.07749289681643894,0.3360788198830587
0,Pgm2l1,-1.7836642,-1.3793095,0.07447825083447197,0.3256165036482845
0,Oasl2,-1.7921187,-1.5090874,0.07311396443302909,0.3213844181852932
0,Slc22a3,-1.8059635,-1.6934134,0.07092403748850672,0.31517476385303533
0,Cd83,-1.8152691,-26.974888,0.06948256460015156,0.3096173620369391
0,Zfp36,-1.8417957,-1.0522118,0.06550504186173718,0.29431905235384404
0,Tnfsf10,-1.8448881,-2.4480655,0.06505382016561762,0.29310360085731046
0,Usp18,-1.8478103,-1.5417613,0.06462979542493857,0.2923011771883167
0,Spns2,-1.8608325,-1.4650239,0.06276784798145128,0.28598159951099433
0,Hip1,-1.8612863,-1.3975697,0.06270375195620116,0.28598159951099433
0,Tgfbi,-1.8669889,-4.759277,0.06190314639926964,0.283635320507388
0,Gem,-1.9280709,-2.6008203,0.05384630831332979,0.2516965766115877
0,Cish,-1.9722724,-0.863781,0.04857851803692102,0.22905336120897063
0,Mx1,-1.9772089,-1.9319336,0.04801802180662381,0.2270706453945884
0,Il6st,-2.0055227,-1.2562237,0.04490718226754864,0.21486563315033597
0,Isg15,-2.0165308,-1.1335262,0.04374451614832893,0.20992190885381515
0,Fyn,-2.029723,-1.484727,0.04238470196878924,0.20460710295647663
0,Tmem176a,-2.0568454,-1.6213583,0.039701101407458826,0.19279995952963538
0,Podxl,-2.0711157,-2.7531135,0.0383479730892289,0.1879166536275809
0,Ifit1,-2.074804,-1.7454079,0.03800470233758864,0.18679887027748113
0,Rasgef1b,-2.1266656,-3.3642974,0.03344787733781871,0.16680628004497575
0,Frmd4b,-2.1391203,-3.1076734,0.032425924373618485,0.1628323508792854
0,Ctss,-2.139546,-2.210901,0.03239148357909133,0.1628323508792854
0,Iigp1,-2.1718884,-2.8212736,0.029864077425916066,0.15184806766406225
0,Car2,-2.1910386,-1.2910857,0.028448994950161226,0.14648974542590956
0,Gzmb,-2.2000322,-4.4194007,0.02780461317111196,0.14367964452549897
0,Irgm1,-2.2032664,-0.63355404,0.02757597632459256,0.14367964452549897
0,Serpina3f,-2.238531,-1.5617296,0.025186437402113546,0.13263766709814342
0,Ccl24,-2.2661927,-3.463951,0.023439595299664825,0.1254753253335193
0,Ptp4a3,-2.2690012,-0.7471451,0.023268248783777975,0.1253857127152421
0,Ahnak,-2.2747605,-2.7052457,0.022920300125002662,0.12392242267584773
0,Sox4,-2.2771153,-1.2729412,0.022779342471508403,0.12357221902604223
0,Emp1,-2.286591,-2.7396061,0.022219702115070884,0.12134800279678443
0,Havcr2,-2.316664,-2.9430845,0.020522042231228173,0.11478190516914516
0,Epsti1,-2.3204088,-1.2226819,0.02031876648462347,0.11403819805556839
0,Wfdc17,-2.3311615,-3.2199864,0.019744850097668812,0.11158936187602374
0,Plxnb2,-2.4037619,-1.5628468,0.016227335879918814,0.09267865773671942
0,Itga2b,-2.4561343,-2.5036812,0.014044069158800776,0.08106576574937673
0,Slc30a4,-2.4790294,-1.9319136,0.013174046317581362,0.07631536831113203
0,Nrip1,-2.530437,-1.7326831,0.01139205367581348,0.06743763161375717
0,Snap47,-2.5776174,-1.5937829,0.00994840688760903,0.059543601371593535
0,Slc18a2,-2.6166272,-4.78238,0.008880329201534568,0.05354607421891847
0,Rsad2,-2.6328268,-1.234251,0.00846775237419386,0.051440802812518505
0,Ccnd1,-2.6974552,-4.3024054,0.006987169357884983,0.04324275418124179
0,Socs2,-2.760523,-1.0730919,0.005770886483433628,0.036563976078630246
0,Hmga2,-2.761885,-2.6604,0.005746872358872709,0.03655461555330014
0,Gata2,-2.7884967,-1.7347199,0.005295329506219601,0.03435609783635277
0,Pou2f2,-2.8035898,-1.4002588,0.005053714911198894,0.03332751263567817
0,Tspan13,-2.8873968,-2.0032995,0.0038844399310673764,0.026252339867463684
0,Rtp4,-2.889922,-2.0866528,0.0038533766447955333,0.026151367857147927
0,Fam216a,-2.912278,-0.5206852,0.0035880326822935646,0.024452895002857824
0,Marcksl1,-2.9614727,-0.65442926,0.0030617169480144013,0.02131375489132772
0,Cdkn1a,-2.9991772,-0.47357452,0.00270709755632867,0.01934322571085948
0,Bex6,-3.0008795,-2.0046465,0.00269201068414124,0.01932053685697828
0,Adgrg1,-3.0027237,-1.5874745,0.002675753307912967,0.01928920829082148
0,Nfkbia,-3.0042555,-0.60837215,0.0026623154690591268,0.019278016476847785
0,Dok2,-3.0366833,-1.7708538,0.0023919663181841367,0.017555517502690816
0,Tmem108,-3.0771399,-2.6712022,0.0020899720731328633,0.01569414214176622
0,Socs3,-3.132321,-1.7452517,0.0017343024559135613,0.013269049922131116
0,Tcf4,-3.1459386,-0.9182592,0.001655546713490269,0.012726524972896761
0,Ptms,-3.1791608,-1.2522455,0.0014770212374694057,0.011462815536724288
0,Trp53i11,-3.2984595,-2.6645498,0.0009721690762144078,0.007654651658348395
0,Gpr171,-3.3224895,-1.8710257,0.0008921804625480236,0.007128653745088148
0,Epb41l4b,-3.325667,-2.530407,0.0008820725378135205,0.007082780476898665
0,Olfm1,-3.3259506,-3.9503262,0.0008811752264968062,0.007082780476898665
0,Mycn,-3.357669,-2.6474667,0.00078602653945946,0.006374675235016221
0,Slc14a1,-3.428085,-4.2688446,0.0006078549079213738,0.005056105952043428
0,Igtp,-3.4312057,-1.5458481,0.0006009043962058102,0.005024056343535176
0,Mrc1,-3.4400008,-2.3981652,0.000581712528422411,0.004888796482389382
0,Scin,-3.5738535,-2.5734167,0.00035176565221073196,0.003084129123707066
0,Nrgn,-3.589259,-2.9657717,0.00033161939925203563,0.002923297095580444
0,Hmgn3,-3.9819658,-1.9104913,6.834763740150189e-05,0.0006801218887437795
0,Samsn1,-4.0145354,-1.1026736,5.956303980126402e-05,0.000603820315985314
0,Meis1,-4.0668793,-2.2805612,4.764693613139102e-05,0.0004891350025640268
0,Muc13,-4.0848947,-1.0011144,4.4096842560297606e-05,0.00045557374925352047
0,Irf9,-4.098257,-1.1544265,4.16272740168162e-05,0.0004413035193155286
0,H2-Q7,-4.3940783,-1.0577459,1.1124381324806877e-05,0.00012358730485504627
0,Jund,-4.476353,-0.7714713,7.592888203556118e-06,8.79690333297716e-05
0,H2-Eb1,-4.4850063,-3.2130032,7.291184215177588e-06,8.508130069797158e-05
0,Il1r1,-4.6062055,-1.9943273,4.100828842692614e-06,4.963839091677179e-05
0,H2-Aa,-4.6470594,-3.3046975,3.367002359932726e-06,4.1689143723747185e-05
0,Flt3,-4.6717987,-3.9135413,2.9857360904109464e-06,3.725279952805042e-05
0,Hbb-bt,-4.8256245,-2.2605617,1.3956530815125938e-06,1.7966264271535137e-05
0,F2r,-4.8386464,-3.059869,1.3072628607219996e-06,1.6963042880728665e-05
0,P2ry14,-4.9574914,-4.161053,7.140923980621895e-07,9.41673064761684e-06
0,Dlk1,-5.050774,-2.9444795,4.400232754504497e-07,5.997628174627138e-06
0,Mef2c,-5.1257577,-1.7630006,2.9634343337674626e-07,4.143698697733469e-06
0,Cd27,-5.315586,-2.463024,1.0631466601312334e-07,1.5260388342768677e-06
0,Bcl2,-5.9102635,-1.5213428,3.4156072918138186e-09,5.831700028760014e-08
0,Bcl11a,-5.9106607,-1.8169435,3.40738087042864e-09,5.831700028760014e-08
0,Cd74,-6.1596136,-2.7591214,7.292273299088937e-10,1.3289963248451972e-08
0,Serpina3g,-6.3143754,-1.0324605,2.7125468306521985e-10,5.115989487578914e-09
0,Ifi203,-6.397615,-1.7140034,1.578226101236892e-10,3.0841960677183602e-09
0,Tnip3,-6.5215664,-2.5281825,6.957687615236354e-11,1.3932554706065884e-09
0,Ctla2a,-7.0682125,-2.515933,1.5694200105455202e-12,3.535554523756714e-11
0,Cd34,-7.7628117,-1.4154474,8.306686047450392e-15,2.1386420268197676e-13
0,Ighm,-7.7823024,-2.8992827,7.121638202862168e-15,1.8631124459745866e-13
0,Casp6,-8.3035,-1.894115,1.010883488251898e-16,2.8765842420080327e-15
0,Ly6a,-8.612031,-2.6983557,7.177736856871036e-18,2.155979478119411e-16
0,S100a4,-9.022725,-2.368326,1.834677800319689e-19,5.951694784237071e-18
0,Tsc22d1,-9.3958845,-2.4450002,5.673912381925489e-21,2.0451301963295875e-19
0,Tmem176b,-12.33676,-2.1702402,5.742041158077197e-35,2.8223002298185494e-33
0,Ptprcap,-13.505235,-2.0330534,1.4564935197079884e-41,8.437258889165563e-40
1,Ptprcap,14.640213,1.4711273,1.5558003359164016e-48,9.705800557140013e-47
1,Cd34,14.554314,1.7822498,5.483332243563133e-48,3.1764160353783577e-46
1,Tsc22d1,10.917932,1.7358042,9.462597778917279e-28,3.132312979062005e-26
1,Tmem176b,10.792671,1.2051022,3.727931882252342e-27,1.185628531963392e-25
1,Muc13,8.302706,1.2151699,1.0176684215484904e-16,2.200877573002202e-15
1,Cd27,7.013066,1.8633201,2.3315132312683503e-12,3.781714461117264e-11
1,Dlk1,6.9904714,2.270787,2.7396431889597153e-12,4.314941884371929e-11
1,Fam216a,6.9904494,0.80309457,2.740067904379215e-12,4.314941884371929e-11
1,Bcl11a,6.9093347,1.2649528,4.869319273348187e-12,7.496798877572371e-11
1,H2-Q7,6.8784328,1.0699127,6.051460675249296e-12,9.088397421531812e-11
1,Mef2c,6.409902,1.3210833,1.4561328719263208e-10,2.0537804506647757e-09
1,Il1r1,5.351277,1.3458046,8.733587430257317e-08,9.906208959354803e-07
1,Ly6a,5.2723365,0.93195176,1.346978504177899e-07,1.4862579141337087e-06
1,Bcl2,4.4667115,0.7560576,7.943119180110523e-06,7.078977642933664e-05
1,Ctla2a,4.326837,0.86417085,1.5126574180314072e-05,0.00012778803812744493
1,Ptp4a3,4.324662,0.7694543,1.527655991386407e-05,0.00012838642580459856
1,Sox4,4.1180696,1.160521,3.8205932351594486e-05,0.00030082535084604976
1,Mycn,4.0852103,1.7560343,4.403688280195683e-05,0.0003434029995421826
1,Flt3,4.0458493,1.4346607,5.213381216990233e-05,0.0003933071783236353
1,Ighm,3.9739113,0.9605631,7.07019071209835e-05,0.0005165697898659244
1,Epb41l4b,3.9494681,1.6381463,7.832505218992765e-05,0.000562138206425056
1,Tcf4,3.7457676,0.68863803,0.0001798430680915154,0.0011955141657558933
1,Meis1,3.6263568,1.1383696,0.0002874480259193404,0.0018575326615186062
1,Tnip3,3.5726428,0.7319678,0.00035339675000306867,0.002239099720722568
1,Marcksl1,3.4321814,0.5088438,0.0005987470508086165,0.003610288908593219
1,Hbb-bt,3.4037368,1.0157843,0.0006647077665282154,0.003920567262940966
1,Tspan13,3.307073,1.3472283,0.0009427629880080731,0.005346718764157673
1,Il12a,3.2497272,1.1505857,0.0011551574661574188,0.006394762491833903
1,Trp53i11,3.11131,1.2365744,0.0018625927342775005,0.009840799397387967
1,Irgm1,3.0922382,0.5142241,0.001986533408727859,0.010394055448247055
1,Slc14a1,3.09089,1.467421,0.001995575744413684,0.010407793753823136
1,Gpr171,3.0113409,1.070234,0.0026009671738702832,0.013224980426387459
1,Snap47,2.913416,1.0984102,0.0035749819816703124,0.017841910074674606
1,Smad3,2.896584,1.4758505,0.0037724969345325015,0.01876990806077214
1,Socs2,2.8532865,0.7088118,0.004326960048784788,0.02131574581641794
1,Irf9,2.8316486,0.5699348,0.004630871655474474,0.022488843787962863
1,Adgrg1,2.7778692,0.9044797,0.005471664356885113,0.026335429041150306
1,Nrgn,2.7570143,1.129086,0.005833182351583396,0.027827711100789024
1,Fchsd2,2.6588933,0.95369095,0.007839775420745963,0.03592123088262698
1,Serpina3g,2.6508038,0.33206445,0.008030049711050005,0.036483867314630554
1,Bex6,2.3220167,0.8699509,0.020232040718359122,0.08599128465756983
1,Top2a,2.3178413,0.206348,0.020457949248848,0.08637853650338653
1,Ccdc62,2.317015,0.067485444,0.020502920193467212,0.08637853650338653
1,Ccnd2,2.2400753,0.1487788,0.025086030034835786,0.10379984876659093
1,Rtp4,2.2369657,1.0682548,0.02528858798914623,0.10437172956334653
1,Hmga2,2.2152624,1.2099472,0.02674205324857433,0.109811671820728
1,Nme4,2.1075296,0.79907393,0.03507168560802976,0.14115700758368305
1,Rasgef1b,1.9870752,1.3561982,0.04691405874020774,0.18117762684908795
1,Iigp1,1.9432993,1.2448161,0.051980004748761084,0.1972684592730218
1,Serpina3f,1.8876932,0.7949228,0.05906714780230886,0.21974062783336004
1,Ccnd1,1.8388069,0.9735948,0.06594360433842382,0.24254087582068806
1,Mex3a,1.8234755,1.6882148,0.06823141064731973,0.2492597929503437
1,Igtp,1.8091227,0.6178061,0.07043194431435117,0.25557184267981564
1,Ifi203,1.7954441,0.36521083,0.07258297602998298,0.2626921056640229
1,Tmem108,1.7812653,0.9126179,0.07486912392539617,0.2692632350487641
1,Dok2,1.7750893,0.7574436,0.07588315342604944,0.27183381554295527
1,Smo,1.7314221,0.976066,0.08337651923749959,0.2939928569635311
1,Ociad2,1.7233106,1.0928818,0.08483238130492239,0.2978314339320003
1,Ifit1,1.7014334,0.85641235,0.08886162404964086,0.30863716104607597
1,Dntt,1.6811656,1.5536975,0.09273075187763553,0.3170262101280074
1,Als2cl,1.6774905,1.0119228,0.09344661947378864,0.3184252453497588
1,Ptk7,1.6648556,1.7910218,0.09594155909183764,0.3244372170250481
1,Zfpm1,1.6330186,1.250559,0.10246508475684746,0.3433850567677822
1,Rabgap1l,1.6121418,0.8184631,0.10693107579864775,0.3546875356756782
1,Hmgn3,1.5365288,0.5543397,0.12440872344273994,0.4043906802086657
1,Ehd3,1.5338105,1.4680285,0.1250762691949762,0.4057474172685027
1,Gem,1.4966891,1.0863804,0.13447418223732324,0.42684368608402795
1,Tnfsf10,1.4862072,0.9278892,0.1372243239946395,0.4338749581273007
1,Gimap1,1.4371468,1.2421175,0.15067627596986657,0.470899652453032
1,Frmd4b,1.4202932,1.0095592,0.1555223379380665,0.4814069315563814
1,Lax1,1.3980464,1.5517493,0.16209912815876815,0.49515025588233885
1,Car2,1.3920661,0.55484056,0.16390238255398737,0.4974345085988915
1,Tbxa2r,1.3700802,1.3047326,0.17066184540360363,0.5126176171197131
1,Pou2f2,1.3595114,0.61308247,0.17398458724104326,0.5199165975896288
1,Cd96,1.3097552,1.3040963,0.19027867653179464,0.5591159661858168
1,Lztfl1,1.2887262,0.8041444,0.19749329648941272,0.5761405160176752
1,Egfl7,1.2755913,0.66612524,0.20210005681327414,0.5832691432248658
1,Havcr2,1.2646309,0.83959395,0.2060036590031875,0.5913945750498586
1,Serpinb6b,1.2312281,1.0023551,0.21823755265500566,0.6182979850386109
1,Adgrl4,1.2308801,1.240373,0.21836767932219736,0.6182979850386109
1,Stau2,1.147134,0.8352435,0.2513262564078915,0.6867969052105157
1,Azin2,1.1401098,1.0833688,0.2542405543496985,0.6885915632539552
1,Hivep3,1.1297367,0.88291186,0.2585871976959889,0.6967249745230798
1,Mboat2,1.0928109,1.3344632,0.2744768243952961,0.7310367966653042
1,Ifi44,1.0898751,1.1528748,0.2757681529188233,0.7332720394005433
1,St3gal5,1.06989,0.9147117,0.28466882884527833,0.7495662993296128
1,Nlgn2,1.0673021,0.6921688,0.28583542035932885,0.7502023492278825
1,Mpl,1.0542542,1.6966997,0.29176656309373084,0.7634812714873779
1,Mn1,1.0376832,2.0998003,0.29941754399917364,0.7807962321007389
1,Oasl1,1.029637,0.77093494,0.3031804369551063,0.7880747896493309
1,Cbx2,1.0200467,1.3113649,0.30770629027330076,0.79855936451727
1,Dnmt3b,1.0092822,0.8938801,0.31283932694197614,0.8067176284576872
1,Tox,0.99345064,0.99414176,0.32049039492586207,0.8181620183285114
1,Nefh,0.9927982,1.126569,0.32080828832116726,0.8181620183285114
1,Lck,0.98290354,0.9251561,0.325654920861128,0.8279189367347173
1,Gm37867,0.9446947,1.6471577,0.3448147506576411,0.8617712258346593
1,Pgm2l1,0.9354959,0.6165235,0.349532791669787,0.8679205193801642
1,Ppp3cc,0.93364745,1.2764664,0.3504857831035805,0.8679205193801642
1,Spns2,0.92407894,0.53410375,0.35544522045656324,0.8743685137564936
1,Dkkl1,0.918838,0.84677184,0.35818031338831635,0.8789235526714813
1,Tbc1d16,0.91546726,0.7523643,0.359946375139498,0.8819229916559905
1,Myct1,0.9035936,0.7541014,0.3662109244561904,0.8894368494112618
1,Mast4,0.87682354,1.080812,0.3805824919786345,0.9172433907716866
1,Hs3st1,0.87014735,1.4663485,0.38421989660597533,0.9207094857884057
1,Nkx2-3,0.8700169,1.7639889,0.3842911972125467,0.9207094857884057
1,Arhgef5,0.85140175,1.696903,0.39454622287345087,0.9397268333344161
1,Usp18,0.84263784,0.5129132,0.39943101089881905,0.9499664218150798
1,Tgm2,0.8322647,1.2916046,0.4052595379913032,0.958208411985268
1,Sla2,0.8292637,1.2919694,0.40695521231286447,0.9588972003016639
1,Meg3,0.82915497,1.3836629,0.40701672913365716,0.9588972003016639
1,Ppp1r16b,0.8235661,1.1416806,0.4101861577559498,0.9630714241456187
1,Myo1e,0.8233921,0.873735,0.4102850518400879,0.9630714241456187
1,Emp1,0.7826607,0.51619226,0.4338263902946403,0.9981083759686618
1,Cnn3,0.7675685,0.56957537,0.4427435577199612,1.0
1,Cd83,0.7668509,0.682055,0.44317016717028956,1.0
1,Tmem176a,0.7543466,0.41715866,0.45064112766021547,1.0
1,Cxxc5,0.743408,1.1480936,0.4572346708272068,1.0
1,Clnk,0.7420815,0.87620264,0.4580379527282351,1.0
1,Pan3,0.739037,0.55153793,0.45988454099506115,1.0
1,Rras2,0.73329586,0.74411625,0.4633779899050712,1.0
1,Epsti1,0.7269893,0.42823547,0.46723247540545065,1.0
1,Pard6g,0.7215744,1.2749404,0.4705561523510332,1.0
1,Timp3,0.7094833,1.3708373,0.4780245915205932,1.0
1,Ncoa7,0.6944564,0.53439295,0.48739602156428674,1.0
1,Ssbp3,0.6893677,0.60359645,0.4905918965307736,1.0
1,Kbtbd11,0.6878237,1.0616337,0.49156380787019327,1.0
1,Il27ra,0.68010366,0.9404167,0.49643883084546425,1.0
1,Asb13,0.66181475,0.8733774,0.5080899516041708,1.0
1,Gzma,0.6578134,2.0452094,0.5106580599840349,1.0
1,Il17re,0.6482666,1.5657479,0.5168125267781609,1.0
1,Slc35d3,0.63863283,1.5980241,0.5230618003613969,1.0
1,Gcsam,0.63206536,1.0966294,0.5273441558244782,1.0
1,Aqp1,0.62454104,1.5783044,0.5322723192477117,1.0
1,Jund,0.62221414,0.15283805,0.5338010539203186,1.0
1,Clec10a,0.6169732,0.6397125,0.5372523835619945,1.0
1,Fscn1,0.61660355,0.67026955,0.5374962610914742,1.0
1,Mmaa,0.6123629,1.1641542,0.5402976512274866,1.0
1,Chit1,0.6045124,1.2258661,0.545503015268824,1.0
1,2610307P16Rik,0.602403,1.8461256,0.5469059156076426,1.0
1,Epb41l3,0.5899639,0.9732824,0.5552148301533688,1.0
1,Vangl2,0.57106614,0.7207474,0.567954820809291,1.0
1,Gm5111,0.57056594,2.2546284,0.5682939040142158,1.0
1,Tmem215,0.5699353,1.4825679,0.5687215816463402,1.0
1,D5Ertd605e,0.5616933,0.77637935,0.5743249777820568,1.0
1,Lrrc49,0.5499719,1.0057143,0.5823386424693269,1.0
1,Parp14,0.54564434,0.51999265,0.5853104457011187,1.0
1,Fads3,0.5396423,0.9655038,0.5894437635542672,1.0
1,Pdgfrb,0.5369022,0.86642396,0.591335177550242,1.0
1,Epha2,0.5355104,1.4334519,0.5922969628199035,1.0
1,2900026A02Rik,0.5305522,0.8979113,0.5957291414270304,1.0
1,Myl10,0.5226799,1.3003901,0.6011970249889358,1.0
1,Rsad2,0.5224624,0.25777245,0.6013483926262818,1.0
1,Hoxa5,0.5175912,0.797788,0.6047435254763834,1.0
1,Arhgap29,0.51145864,2.1908984,0.6090299351493627,1.0
1,Epb41l1,0.5083489,1.2971793,0.6112086929802878,1.0
1,Bmyc,0.50595677,0.511292,0.6128870069549889,1.0
1,Msrb3,0.50489116,1.3871441,0.6136352743214264,1.0
1,Gimap6,0.5034994,1.1579828,0.6146132094797407,1.0
1,Cxcl10,0.50267303,0.53903973,0.6151941829301357,1.0
1,Sirt3,0.5023903,0.5997632,0.6153929924347326,1.0
1,Ctla2b,0.49999818,0.6784781,0.6170763559026666,1.0
1,Bfsp2,0.49988946,1.0509852,0.6171529203463058,1.0
1,Arhgdig,0.49806273,1.6113739,0.618439824727134,1.0
1,Ddx58,0.4925826,0.33493376,0.6223075532108249,1.0
1,Nsg2,0.4806002,0.5084383,0.6308006709358044,1.0
1,Pacsin1,0.4752288,0.96487707,0.6346239092216805,1.0
1,Thsd1,0.469031,1.2785,0.6390474750665416,1.0
1,Vldlr,0.46461645,0.583263,0.6422061564483421,1.0
1,Gimap1os,0.461137,1.7060337,0.6447003301681971,1.0
1,Efna5,0.45383012,1.4730927,0.6499511031868455,1.0
1,Hoxa7,0.45128578,0.6645269,0.651783602684739,1.0
1,Mllt3,0.44889364,0.5502882,0.6535083857995594,1.0
1,Ctxn1,0.4488284,1.0850444,0.653555451333372,1.0
1,Stxbp6,0.4423914,1.0311539,0.6582060013039669,1.0
1,Arhgap12,0.43895543,0.60176206,0.6606938282387995,1.0
1,Serpinc1,0.43747666,2.183398,0.6617656957713696,1.0
1,Shank3,0.4307352,1.7703779,0.6666609111934072,1.0
1,Sh3bgrl2,0.4287345,1.1736732,0.6681164322022003,1.0
1,Phlda2,0.41992715,0.7508329,0.6745386762329549,1.0
1,Spsb1,0.41590402,0.7082927,0.6774802362449481,1.0
1,Casp12,0.4146862,0.9070299,0.6783716274621994,1.0
1,Mctp2,0.41148946,1.4073596,0.6807136689036926,1.0
1,Pde4b,0.4063355,0.37746134,0.6844960964642741,1.0
1,Pdgfb,0.40594408,1.7367345,0.6847836944932602,1.0
1,Itga6,0.383893,0.4017636,0.7010577518056997,1.0
1,Rnf150,0.3830449,1.2931519,0.7016864832379822,1.0
1,Fry,0.38208804,0.28351748,0.7023960664967044,1.0
1,Klhl30,0.38000035,2.4995012,0.7039451480394276,1.0
1,H2-Ob,0.37254128,0.6159125,0.7094898900880522,1.0
1,Ifit2,0.37043184,0.52121854,0.7110607468720106,1.0
1,Rbp1,0.36880085,0.71880984,0.7122761689436937,1.0
1,Car1,0.36840943,1.3688905,0.7125679791654197,1.0
1,Rab38,0.36680016,0.31553867,0.7137680851406718,1.0
1,Ephb2,0.35547018,0.8462205,0.7222373828570624,1.0
1,Nrip1,0.35396966,0.40983942,0.7233616201210865,1.0
1,Itsn1,0.35307804,0.7487622,0.7240299282009977,1.0
1,Bcl3,0.34163934,0.41105205,0.7326223351052046,1.0
1,Col4a1,0.33876878,0.943381,0.7347839243792629,1.0
1,Tmem151b,0.33339736,2.0612702,0.7388343536226264,1.0
1,Ap5s1,0.33320165,1.129988,0.7389820778314857,1.0
1,Il18r1,0.3295482,1.6690682,0.7417413593299664,1.0
1,Rfx2,0.32041463,0.9684041,0.7486540340751691,1.0
1,Gstt1,0.32000145,0.44664904,0.7489672331979709,1.0
1,Esm1,0.31528243,1.105562,0.7525472225441747,1.0
1,Fstl1,0.31495622,2.116704,0.752794885032587,1.0
1,St6gal1,0.30912814,0.7929028,0.7572240543177371,1.0
1,Gm16140,0.3066925,1.316102,0.7590774246229648,1.0
1,Ppp2r3a,0.30138636,0.47548988,0.7631199058910806,1.0
1,Bach2,0.29964662,0.64706963,0.7644467230342857,1.0
1,Fgf11,0.297211,2.9107876,0.7663054285320426,1.0
1,Esam,0.29003462,2.064333,0.7717897590236051,1.0
1,Stk39,0.2813577,1.0274885,0.778436049618219,1.0
1,Tgfbr3,0.27694315,1.0107424,0.7818237598831222,1.0
1,Cd59a,0.2754644,1.130045,0.7829594890331298,1.0
1,Tspyl4,0.2752034,1.0935686,0.7831599599241512,1.0
1,Faah,0.27437705,1.004312,0.7837948793371963,1.0
1,Treml1,0.2733767,0.7763108,0.7845636585904854,1.0
1,P2ry14,0.27046266,0.31694287,0.7868043417966154,1.0
1,Etv5,0.2694188,0.57819134,0.7876074052673065,1.0
1,Ypel1,0.26611334,2.0665112,0.7901519258812297,1.0
1,Ccdc92,0.26402566,1.1780884,0.7917601468983049,1.0
1,Wdr59,0.26122034,0.9979095,0.7939225889974758,1.0
1,Rnf122,0.2605462,1.2388446,0.7944424824704135,1.0
1,Rbpms2,0.2522825,0.5864116,0.8008227239285943,1.0
1,Arnt2,0.25058624,0.9678867,0.8021340128980992,1.0
1,Tns1,0.2502818,0.85048246,0.8023694315698273,1.0
1,Gp9,0.24741125,2.1848593,0.8045899724613359,1.0
1,Cttn,0.24523659,0.43060976,0.8062732516209935,1.0
1,Cdh17,0.24184412,1.1018555,0.8089009573311727,1.0
1,Sema7a,0.24088725,0.57520413,0.8096424962790517,1.0
1,Gimap4,0.24019137,1.3419368,0.8101819047354754,1.0
1,Dst,0.23258005,0.38494068,0.8160875178828431,1.0
1,Snca,0.23164494,1.7299327,0.8168137929037969,1.0
1,Zfp365,0.23099256,1.3896445,0.8173205896195699,1.0
1,Jakmip1,0.23081858,0.43725345,0.8174557483185401,1.0
1,Cxcl3,0.22966601,2.0803912,0.8183513116042187,1.0
1,2410018L13Rik,0.2284482,1.6402503,0.8192978247311535,1.0
1,Mex3b,0.22636051,1.0405539,0.8209210306472924,1.0
1,Zfp532,0.22466429,1.3659811,0.8222404507145797,1.0
1,Samsn1,0.22383791,0.26203674,0.8228834275128741,1.0
1,Snn,0.22344647,0.3348338,0.8231880370107595,1.0
1,Dennd5b,0.22188072,1.2171136,0.8244067409991525,1.0
1,Trim34a,0.21874921,0.6759159,0.8268454165276575,1.0
1,Chga,0.21592215,1.3584282,0.8290484345340949,1.0
1,Uchl1,0.21065946,0.5517028,0.8331530072428394,1.0
1,Plscr2,0.20622316,1.2538481,0.8366166014072914,1.0
1,Cdkn1c,0.20252623,1.1377542,0.8395053543174213,1.0
1,Phlpp1,0.2005473,0.8380309,0.8410525782647206,1.0
1,Fzd8,0.19835088,2.3643994,0.8427705456879769,1.0
1,Ddah2,0.19478443,0.8912333,0.8455617077043242,1.0
1,Zfp467,0.19404505,0.7043014,0.8461406071200046,1.0
1,Gnb4,0.19208786,0.4870792,0.8476733880628523,1.0
1,Rrad,0.19110925,0.54892063,0.848439995023744,1.0
1,Abhd6,0.184694,0.67364097,0.8534690480271019,1.0
1,Rundc3b,0.18365017,1.0884715,0.8542879038872169,1.0
1,Fyn,0.18238887,0.31962252,0.8552775640951937,1.0
1,Pls1,0.17377721,2.0701973,0.8620405597884525,1.0
1,Trdc,0.17034124,0.80808526,0.8647417807367997,1.0
1,Lrrc1,0.16951486,0.6947216,0.8653916785535362,1.0
1,Fgd5,0.16599192,0.97062254,0.8681633117235354,1.0
1,Cmtm8,0.16020732,0.75319725,0.8727177659972625,1.0
1,Zfp667,0.15998985,0.57566214,0.8728890693706488,1.0
1,Fut10,0.15938094,1.0807028,0.8733687504989572,1.0
1,Arpp21,0.1590765,0.9553248,0.8736086085318081,1.0
1,Pglyrp2,0.159033,0.85712254,0.8736428749138969,1.0
1,Gm15856,0.15877204,0.88982683,0.8738484781815656,1.0
1,Ephx1,0.15629293,3.861178,0.875802132177605,1.0
1,Ermap,0.15624943,2.682523,0.8758364136013232,1.0
1,Sulf2,0.154227,0.3658285,0.8774307560307885,1.0
1,Gm20498,0.15342237,1.1960211,0.8780652029681515,1.0
1,Foxn3,0.15159565,0.63672775,0.8795058591179905,1.0
1,Trp53cor1,0.15150867,0.7711591,0.8795744717814895,1.0
1,Gpr45,0.15079103,1.3138071,0.8801405607119842,1.0
1,Eomes,0.14963846,0.38195887,0.8810498619275262,1.0
1,Fbxo10,0.14889908,1.5626302,0.8816332698894479,1.0
1,Smim5,0.1474203,0.69852954,0.8828002782006296,1.0
1,Trac,0.14415832,0.64332193,0.885375457351356,1.0
1,Podxl,0.14070061,0.29245225,0.8881064691015826,1.0
1,Cnrip1,0.14050488,0.97644424,0.8882610947146061,1.0
1,Fam135a,0.1404179,2.2832625,0.88832981857453,1.0
1,Atp1b2,0.1397655,1.0576305,0.8888452742455726,1.0
1,BC064078,0.13615556,0.3909974,0.8916983060163756,1.0
1,Il1b,0.13587286,-0.09877751,0.8919217959128514,1.0
1,1700112J16Rik,0.13287182,1.1996442,0.8942947529212661,1.0
1,Gria2,0.13208894,0.60468054,0.8949139416831691,1.0
1,Slc6a5,0.1313713,1.5440545,0.8954815876421885,1.0
1,Ppm1l,0.12867473,0.6156524,0.8976150363495071,1.0
1,Irf6,0.12710896,0.55311304,0.8988541537626168,1.0
1,Gm13346,0.1262826,1.3118526,0.8995082320215502,1.0
1,Eya1,0.12486906,0.5602401,0.9006272080976702,1.0
1,5830418P13Rik,0.12423842,1.2948661,0.9011265074306958,1.0
1,Tnks1bp1,0.121541835,0.92599696,0.9032618813774108,1.0
1,Scin,0.12041101,0.05932676,0.9041575699737713,1.0
1,Ppbp,0.117409974,1.4220128,0.9065351780411445,1.0
1,Ly6d,0.11643138,0.10671706,0.9073106672078137,1.0
1,Oasl2,0.11197332,0.36033368,0.9108445583819772,1.0
1,Jchain,0.11184284,0.3534575,0.91094801625895,1.0
1,Phxr4,0.099229805,0.66949135,0.920955809332934,1.0
1,Atoh8,0.09838169,21.352493,0.921629214455497,1.0
1,Gm10735,0.09662021,0.8742916,0.9230280040888584,1.0
1,Fam171a2,0.09296678,1.3856472,0.9259299514946724,1.0
1,Mrgpre,0.09261884,0.96689326,0.9262063794561135,1.0
1,Cacnb1,0.092314385,0.75997657,0.9264482612311844,1.0
1,Arrdc3,0.091053076,0.8183749,0.927450415045025,1.0
1,Bhlhe41,0.090879105,1.2586261,0.9275886522257186,1.0
1,Tmem158,0.08787807,0.8209596,0.929973584083809,1.0
1,Ccr9,0.086334065,0.3252564,0.9312008606627554,1.0
1,Tshz3,0.085572936,0.8399272,0.9318059165447973,1.0
1,L3mbtl3,0.08468132,0.52862537,0.9325147463900475,1.0
1,Npr2,0.084159404,1.3323479,0.9329296960474914,1.0
1,Rhod,0.084159404,1.4815997,0.9329296960474914,1.0
1,Hid1,0.08389844,1.1245257,0.9331371777182792,1.0
1,Zc3h6,0.083767965,1.0458306,0.9332409202580517,1.0
1,Gm10419,0.08244142,2.6742866,0.9342957001402242,1.0
1,Mx2,0.07948388,0.41250384,0.9366477531183892,1.0
1,Wtip,0.07900546,0.9434896,0.9370282847746815,1.0
1,Plpp1,0.0767873,0.33526632,0.93879275447634,1.0
1,Gm43255,0.07535202,1.8360432,0.9399346308671805,1.0
1,Gp1bb,0.07513455,1.357069,0.9401076532730583,1.0
1,Whrn,0.07411247,0.691563,0.9409208963149264,1.0
1,Rpp25,0.073786266,20.202654,0.9411804549750065,1.0
1,Krt18,0.07322086,1.023531,0.9416303714359654,1.0
1,Sgsm1,0.07106794,1.3606234,0.9433436841517996,1.0
1,Gp5,0.070328556,0.31105414,0.9439321554568431,1.0
1,Spry1,0.066544645,1.9306079,0.9469442160516842,1.0
1,Src,0.066544645,2.0270655,0.9469442160516842,1.0
1,Mylk3,0.066196695,0.5742574,0.9472212258751701,1.0
1,Pxdc1,0.06610971,0.59137285,0.9472904793292839,1.0
1,B3gnt5,0.06452221,0.375417,0.9485544242955818,1.0
1,Srgap3,0.06426125,0.5842189,0.948762208546204,1.0
1,Slc9a9,0.0626085,0.65715474,0.9500782558024399,1.0
1,Serpinb9,0.060868777,0.46390015,0.9514637157620147,1.0
1,Ghr,0.060694803,0.567916,0.95160226989658,1.0
1,Lyz1,0.05782425,1.8935808,0.9538886212256733,1.0
1,Cxcl5,0.05782425,1.8708388,0.9538886212256733,1.0
1,Gm26871,0.057693772,1.2530059,0.9539925554459823,1.0
1,Fcer2a,0.057672024,0.96690357,0.9540098778921486,1.0
1,Hgfac,0.05765028,0.9704591,0.9540272003600403,1.0
1,Cox6a2,0.05673692,0.21844293,0.9547547635213235,1.0
1,Scn1b,0.056454215,0.497579,0.9549799693121742,1.0
1,Pcp4l1,0.054866713,0.82271886,0.9562446526930983,1.0
1,Rsad1,0.053431433,0.44997224,0.9573881599738919,1.0
1,Zfp799,0.052474584,0.37322366,0.9581505470270109,1.0
1,Camk2b,0.052148383,0.78638583,0.958410460488755,1.0
1,Zfp599,0.051604718,0.18045238,0.9588436594032942,1.0
1,Spag1,0.051300265,0.71573764,0.9590862561124271,1.0
1,Cx3cl1,0.050604373,1.524255,0.9596407770682459,1.0
1,Rab15,0.05029992,0.9392241,0.9598833861428151,1.0
1,Rgs7bp,0.04703793,0.5488462,0.962482997681836,1.0
1,Gprin3,0.046994437,0.5168355,0.9625176619251944,1.0
1,Myl4,0.045776624,1.0683581,0.9634882892659355,1.0
1,Tmem191c,0.045385186,0.75911176,0.9638002881862178,1.0
1,Rian,0.04510248,0.7779324,0.9640256241896927,1.0
1,Rem2,0.04264511,0.13420947,0.9659844331568663,1.0
1,Hba-a1,0.04177525,1.7056369,0.9666778666661336,1.0
1,Prss30,0.04177525,1.2651148,0.9666778666661336,1.0
1,AA467197,0.040840145,0.35870138,0.9674233357787563,1.0
1,1700025G04Rik,0.039926786,0.42328867,0.9681514958896809,1.0
1,Sik1,0.03944836,1.0033804,0.9685329237268242,1.0
1,Ufsp1,0.03866548,0.79500324,0.9691570938575153,1.0
1,Mecom,0.037947845,0.26161256,0.9697292664179479,1.0
1,Amigo1,0.037926096,0.5572738,0.9697466052251166,1.0
1,1700086P04Rik,0.036990993,1.0770286,0.9704921873531349,1.0
1,Camk2a,0.0362951,0.71497077,0.971047055943361,1.0
1,Irgm2,0.03538174,0.3775452,0.9717753421940843,1.0
1,Enc1,0.035359997,0.53496724,0.9717926826321771,1.0
1,Gpr132,0.034729347,0.5890723,0.9722955611039538,1.0
1,Mmrn1,0.034403145,0.6679152,0.972555674992808,1.0
1,4933415A04Rik,0.034403145,0.41772693,0.972555674992808,1.0
1,Cpne5,0.03431616,0.49486643,0.9726250391906451,1.0
1,Tmem121,0.034272667,0.43271115,0.9726597213672422,1.0
1,Clca3a1,0.032032765,0.35718068,0.9744459218603057,1.0
1,Ptgs2,0.031750057,0.1177208,0.9746713739352095,1.0
1,Serpinb6a,0.029858103,0.5827283,0.9761802197992301,1.0
1,N4bp3,0.029640637,0.5298518,0.9763536559220938,1.0
1,Zfp358,0.027770428,0.54925823,0.9778452518704387,1.0
1,Igf2r,0.027726935,0.16472353,0.977879941090269,1.0
1,Sall2,0.027683442,0.84765816,0.977914630351932,1.0
1,Daxx,0.027574709,0.2281325,0.9780013536886787,1.0
1,Nectin4,0.025943713,0.7747091,0.9793022343686948,1.0
1,Mirg,0.025726246,0.60866857,0.9794756893606021,1.0
1,Cadm1,0.025726246,0.5299817,0.9794756893606021,1.0
1,Cdkn2a,0.024595423,19.755684,0.980377670776554,1.0
1,Bace2,0.024595423,18.915022,0.980377670776554,1.0
1,1700047M11Rik,0.024595423,19.279642,0.980377670776554,1.0
1,Aqp8,0.024595423,19.751219,0.980377670776554,1.0
1,Rprm,0.024595423,20.355913,0.980377670776554,1.0
1,Cd36,0.024595423,19.641508,0.980377670776554,1.0
1,Ak1,0.023877785,0.22537789,0.9809500951447263,1.0
1,Alox12,0.022507748,0.5707168,0.982042932292221,1.0
1,Gata3,0.021898841,0.15112317,0.982528648630175,1.0
1,Gm4951,0.020659285,0.5743277,0.9835174481387606,1.0
1,Slfn8,0.020507058,0.37834588,0.9836388814337713,1.0
1,Ttc26,0.01902829,1.2142546,0.98481853845919,1.0
1,Kcp,0.018767329,0.8612537,0.9850267167476288,1.0
1,Ackr1,0.018636849,0.48150173,0.9851308062750681,1.0
1,Fam110c,0.018288903,0.26218638,0.9854083795808938,1.0
1,Hes1,0.01811493,0.120502904,0.98554716689829,1.0
1,Xcl1,0.017179826,0.4518349,0.9862931561180939,1.0
1,Eya2,0.016918866,-0.1897429,0.9865013413230549,1.0
1,Hdac9,0.014113554,0.44967684,0.9887393874183165,1.0
1,Gm10330,0.012243344,0.7318052,0.9902314684647144,1.0
1,0610009L18Rik,0.012156358,1.0133588,0.9903008684550161,1.0
1,4930481A15Rik,0.011938892,0.7874661,0.9904743687506864,1.0
1,Paqr5,0.0115909465,0.41408846,0.9907519701573034,1.0
1,Xaf1,0.009851217,0.3594059,0.9921399933119247,1.0
1,E130102H24Rik,0.009807724,0.48336005,0.9921746942130757,1.0
1,Susd2,0.008589913,1.3827022,0.9931463252152237,1.0
1,C130026I21Rik,0.008589913,0.61767226,0.9931463252152237,1.0
1,Fez1,0.008589913,0.96590966,0.9931463252152237,1.0
1,Calca,0.008546419,0.30760783,0.9931810265189944,1.0
1,Tpsb2,0.008502927,-1.2912401,0.993215727835664,1.0
1,Itgae,0.008502927,-0.235383,0.993215727835664,1.0
1,Mcam,0.0011090774,0.29262716,0.9991150844534182,1.0
1,Gm21190,0.0,0.0,1.0,1.0
1,Il1a,0.0,0.0,1.0,1.0
1,Stfa2,0.0,0.0,1.0,1.0
1,Mcpt4,0.0,0.0,1.0,1.0
1,Cyp4a12a,0.0,0.0,1.0,1.0
1,Cd200r2,0.0,0.0,1.0,1.0
1,Ifnlr1,0.0,0.0,1.0,1.0
1,Ear2,0.0,0.0,1.0,1.0
1,Retnlg,0.0,0.0,1.0,1.0
1,Ear1,0.0,0.0,1.0,1.0
1,Nrarp,-0.003675178,0.53164047,0.9970676387966632,1.0
1,Gadd45g,-0.0058498397,0.3605198,0.9953325299376721,1.0
1,Rasal1,-0.0061542923,0.26272348,0.9950896162711275,1.0
1,Id3,-0.006284772,0.006813826,0.9949855105520541,1.0
1,Gnaz,-0.006328265,0.10875189,0.99495080866458,1.0
1,Igfbp6,-0.0073721027,0.43069318,0.9941179663815449,1.0
1,Atp6v0d2,-0.007459089,0.09618276,0.9940485631347352,1.0
1,Vipr1,-0.0075025824,0.040010482,0.9940138615281843,1.0
1,Clec1b,-0.0075460756,-0.08157532,0.9939791599329569,1.0
1,Ggt5,-0.009938204,0.29666436,0.9920705915542922,1.0
1,Plscr4,-0.012569544,0.13809809,0.9899712191636426,1.0
1,Batf2,-0.01285225,0.37010804,0.9897456706315225,1.0
1,Eme2,-0.012939236,0.43844008,0.9896762712472126,1.0
1,Apol7c,-0.01420054,-0.42482698,0.9886699892180119,1.0
1,Gm26511,-0.014657219,0.4146678,0.9883056500850308,1.0
1,Spire2,-0.014744205,0.46628857,0.988236252429117,1.0
1,1700102P08Rik,-0.014831192,0.21812423,0.9881668548622088,1.0
1,1700016F12Rik,-0.014918178,-0.048252586,0.9880974573848312,1.0
1,8030423F21Rik,-0.014961671,-0.07079855,0.9880627586798806,1.0
1,Dcstamp,-0.016027255,0.002618118,0.9872126476224438,1.0
1,Mmp9,-0.016027255,0.8614998,0.9872126476224438,1.0
1,Tpsab1,-0.016027255,-0.5528435,0.9872126476224438,1.0
1,Cdkn2b,-0.016027255,0.8187892,0.9872126476224438,1.0
1,Gm14010,-0.016027255,-0.29774624,0.9872126476224438,1.0
1,Csf2,-0.01607075,-0.9644897,0.9871779495137698,1.0
1,Map3k8,-0.016396947,0.295351,0.9869177144763084,1.0
1,Fam234b,-0.018201917,0.37432626,0.9854777731846557,1.0
1,Sh3rf1,-0.019898154,0.52878135,0.9841246183764922,1.0
1,Tnfrsf9,-0.0202461,-0.16806562,0.9838470536770314,1.0
1,Igfbp5,-0.02255124,-0.2125396,0.9820082385206717,1.0
1,Ighd,-0.022594733,-0.16890335,0.9819735447831509,1.0
1,Atp8b5,-0.022899186,-0.47602576,0.9817306895788148,1.0
1,Tnfsf15,-0.023421105,0.21206796,0.9813143703229209,1.0
1,Mdga1,-0.026509125,0.50634915,0.978851255990088,1.0
1,Glyctk,-0.02781392,0.21546276,0.977810562692507,1.0
1,Jam3,-0.028488066,0.6214039,0.9772728858412467,1.0
1,Zfp946,-0.029771117,0.44572076,0.9762495941136977,1.0
1,Kcnb1,-0.030553995,0.28020313,0.975625231814104,1.0
1,Gm43920,-0.030684475,0.22821902,0.9755211728724889,1.0
1,Ccl17,-0.030684475,0.17880712,0.9755211728724889,1.0
1,Fbxl21,-0.030988928,0.048421,0.975278370298635,1.0
1,Neil2,-0.032011017,0.2438732,0.9744632642553507,1.0
1,4933427D06Rik,-0.03205451,-0.39524928,0.9744285794773414,1.0
1,Lhx3,-0.03538174,0.44687325,0.9717753421940843,1.0
1,Nat8l,-0.037164968,0.775457,0.9703534724268296,1.0
1,Lynx1,-0.037556406,0.31662005,0.9700413671282687,1.0
1,Fam167a,-0.039165653,0.80316126,0.9687583162926363,1.0
1,Gm16201,-0.039165653,0.83337826,0.9687583162926363,1.0
1,Ddc,-0.039426614,0.16426663,0.96855026152749,1.0
1,Tesc,-0.039470106,-0.19593091,0.9685155859410319,1.0
1,Pnpla1,-0.039557092,-0.397791,0.968446234946762,1.0
1,Cd72,-0.04047045,0.21418494,0.9677180640144782,1.0
1,Ear6,-0.040644426,-19.881105,0.9675793678223845,1.0
1,Crisp1,-0.040644426,-20.7454,0.9675793678223845,1.0
1,Asb2,-0.040644426,-19.540615,0.9675793678223845,1.0
1,Fpr1,-0.040644426,-20.54294,0.9675793678223845,1.0
1,Stfa3,-0.040644426,-19.98548,0.9675793678223845,1.0
1,Egr2,-0.040644426,-20.635908,0.9675793678223845,1.0
1,Cldn1,-0.040644426,-19.115477,0.9675793678223845,1.0
1,Alox15,-0.040644426,-20.1203,0.9675793678223845,1.0
1,Krt83,-0.040644426,-19.486198,0.9675793678223845,1.0
1,Ctsk,-0.040644426,-20.677784,0.9675793678223845,1.0
1,Gzmc,-0.040644426,-20.499136,0.9675793678223845,1.0
1,Zfp503,-0.040644426,-20.625813,0.9675793678223845,1.0
1,D630039A03Rik,-0.042492885,0.20660096,0.9661057821789337,1.0
1,Sema4c,-0.043906417,0.6085933,0.9649790003980296,1.0
1,Wnt16,-0.044123884,0.70252246,0.9648056555053072,1.0
1,Gimap8,-0.044776283,0.14110093,0.9642856308397528,1.0
1,Abca5,-0.04632029,0.5028727,0.9630549667169713,1.0
1,5830416I19Rik,-0.046363786,0.21383062,0.9630203013827643,1.0
1,Tcte2,-0.046494264,0.2152908,0.9629163057998226,1.0
1,Smpd5,-0.047342382,0.33902174,0.9622403499676707,1.0
1,Fmn1,-0.04795129,0.66531307,0.9617550650539219,1.0
1,Grap,-0.051604718,0.3565513,0.9588436594032942,1.0
1,Atp13a4,-0.0517352,0.44356978,0.9587396905505581,1.0
1,Dpp4,-0.05236585,0.095427595,0.958237184354627,1.0
1,Gm12758,-0.05377938,0.08163681,0.9571109379452644,1.0
1,Serpinb8,-0.05499719,0.5029017,0.9561407019155751,1.0
1,Veph1,-0.05499719,0.6730977,0.9561407019155751,1.0
1,2900089D17Rik,-0.055040684,0.29204655,0.9561060518220802,1.0
1,Ctnnd2,-0.055562604,0.08858117,0.9556902571888258,1.0
1,Pltp,-0.055606097,-0.42387673,0.9556556081787605,1.0
1,Gm19705,-0.055693083,-0.48256975,0.9555863104100896,1.0
1,Cul7,-0.055867054,0.2690068,0.9554477158804163,1.0
1,4930503B20Rik,-0.056649935,-1.4142987,0.9548240572269131,1.0
1,Arg1,-0.056649935,-1.1276902,0.9548240572269131,1.0
1,Ppp1r3g,-0.056649935,-0.86342156,0.9548240572269131,1.0
1,Amer2,-0.056649935,-0.53969705,0.9548240572269131,1.0
1,Gnai1,-0.056693427,-1.5156707,0.9547894103314025,1.0
1,Skap1,-0.056693427,-2.1877267,0.9547894103314025,1.0
1,Sytl3,-0.056693427,-2.4605615,0.9547894103314025,1.0
1,Pdpn,-0.05673692,-2.3264983,0.9547547635213235,1.0
1,Parp9,-0.05956398,0.24378793,0.9525029072460327,1.0
1,Tubb3,-0.060542576,0.21733235,0.9517235059646141,1.0
1,Dusp10,-0.060999256,0.23407142,0.9513598011237213,1.0
1,Clic5,-0.06384806,0.65503424,0.9490912073970034,1.0
1,Prr15,-0.063978545,0.01018877,0.9489873120827451,1.0
1,Dok7,-0.06410902,-0.42442355,0.948883417635791,1.0
1,Igha,-0.06410902,-0.18814895,0.948883417635791,1.0
1,Zeb1,-0.06465269,0.4833153,0.9484505334813554,1.0
1,Col5a1,-0.06813215,0.14006472,0.9456804406226175,1.0
1,Sdc1,-0.06856708,0.046746563,0.9453342244985512,1.0
1,Eps8l1,-0.069610916,0.13865778,0.9445033480497372,1.0
1,Pmepa1,-0.070350304,-0.113538,0.9439148470389328,1.0
1,Tnni2,-0.070915714,0.15072624,0.9434648374914993,1.0
1,Gm8113,-0.072003044,0.26104867,0.9425994853533932,1.0
1,Kcnn3,-0.07278592,-1.5127618,0.9419764737039195,1.0
1,Tie1,-0.07350356,0.40769598,0.9414054108681814,1.0
1,Mylk,-0.07530853,0.18873492,0.9399692351217996,1.0
1,Gpr18,-0.078157336,-0.04856164,0.9377028989151375,1.0
1,Maml2,-0.07846179,-0.13236693,0.9374607245661466,1.0
1,Ptp4a2,-0.078505285,0.015268626,0.9374261287022984,1.0
1,Dexi,-0.07857052,0.46595767,0.9373742351280319,1.0
1,Tst,-0.07987532,0.11551845,0.9363364197950603,1.0
1,Fgfr1,-0.079962306,-0.39338022,0.9362672359323438,1.0
1,Sucnr1,-0.08128885,-21.431438,0.9352122419577217,1.0
1,Prg3,-0.08128885,-21.09011,0.9352122419577217,1.0
1,Npy,-0.08128885,-20.68849,0.9352122419577217,1.0
1,Asprv1,-0.08128885,-21.906929,0.9352122419577217,1.0
1,Pkp1,-0.08128885,-20.607424,0.9352122419577217,1.0
1,H2-M2,-0.08128885,-22.321712,0.9352122419577217,1.0
1,Insl6,-0.08152806,0.118187875,0.93502200919539,1.0
1,Rab6b,-0.08261539,0.29435495,0.9341573617403234,1.0
1,Serpine2,-0.08294159,0.39874956,0.9338979826028726,1.0
1,Art4,-0.08531197,0.14583334,0.9320133733656581,1.0
1,Tlr3,-0.086181834,-0.22964685,0.9313218686696672,1.0
1,Cldn11,-0.08663852,0.32488117,0.9309588494226603,1.0
1,Dnajc28,-0.08692122,0.28503776,0.9307341304151,1.0
1,Hba-a2,-0.08709519,0.40532523,0.9305958445385829,1.0
1,Rragd,-0.08853047,-0.3365919,0.9294550663898549,1.0
1,Tnfrsf11a,-0.08861746,-0.5982433,0.9293859329552285,1.0
1,Cfb,-0.08861746,-0.42700258,0.9293859329552285,1.0
1,Tpk1,-0.089052394,0.47645876,0.9290402737861914,1.0
1,Sox12,-0.09046592,0.40856007,0.9279169742817854,1.0
1,Il2ra,-0.09220565,0.05639543,0.926534649228118,1.0
1,9330175E14Rik,-0.09233613,0.091874726,0.9264309837358204,1.0
1,P4ha2,-0.093401715,0.2745158,0.9255844291208594,1.0
1,Ltbp1,-0.09418459,-0.032579366,0.9249625242622932,1.0
1,Gm4890,-0.095946066,-0.42921194,0.9235634065614671,1.0
1,R74862,-0.095946066,-0.1826104,0.9235634065614671,1.0
1,1810044D09Rik,-0.09616353,-0.6378556,0.9233906922909084,1.0
1,Map10,-0.09620703,-0.36982787,0.9233561498699558,1.0
1,Foxo1,-0.09627227,0.33225635,0.9233043365095549,1.0
1,Tac4,-0.09727261,-1.3133721,0.9225099058648936,1.0
1,A330023F24Rik,-0.09727261,-0.82919466,0.9225099058648936,1.0
1,C030014I23Rik,-0.09727261,-2.0251427,0.9225099058648936,1.0
1,Fam160a1,-0.09727261,-0.79327345,0.9225099058648936,1.0
1,Cyp2j6,-0.098903604,0.48096827,0.9212148046227862,1.0
1,Cep170b,-0.099186316,0.24950169,0.9209903415544805,1.0
1,Otulin,-0.09936029,0.3869672,0.9208522135627615,1.0
1,Atp6v1g2,-0.100491114,0.20719829,0.9199544400007568,1.0
1,4930458D05Rik,-0.1005346,0.18315916,0.9199199122783835,1.0
1,Col1a2,-0.10223084,-0.23403664,0.9185734495048072,1.0
1,Camk1d,-0.10270926,0.15855539,0.918193719998688,1.0
1,Oas2,-0.1031007,0.23924588,0.9178830460956496,1.0
1,Zbtb20,-0.1034704,0.5057024,0.9175896433654348,1.0
1,Nmb,-0.10438375,0.2839934,0.9168648142309385,1.0
1,Boll,-0.104666464,-0.8192463,0.9166404763325362,1.0
1,Nr4a3,-0.104666464,-0.99460614,0.9166404763325362,1.0
1,Ldhc,-0.10470995,-0.5970039,0.9166059633984348,1.0
1,Jade2,-0.105036154,0.4103192,0.9163471214071685,1.0
1,Nacc2,-0.107624,0.1264254,0.914293958099398,1.0
1,Ndst1,-0.11293017,0.2953438,0.9100859135821181,1.0
1,Espn,-0.11321288,-1.0263299,0.9098617841842417,1.0
1,Col1a1,-0.11321288,-0.6036737,0.9098617841842417,1.0
1,Pygm,-0.11321288,-0.63301224,0.9098617841842417,1.0
1,Pla1a,-0.11321288,-0.839478,0.9098617841842417,1.0
1,Plxdc2,-0.11401751,0.17336102,0.9092239167584801,1.0
1,Thnsl1,-0.11599645,0.3889431,0.907655357466925,1.0
1,Rab11fip3,-0.11714902,0.010742805,0.9067419664708484,1.0
1,Pde1c,-0.11862779,-0.00623524,0.9055702493661972,1.0
1,Pdk2,-0.11880176,0.13960336,0.9054324137584598,1.0
1,Krba1,-0.11893224,-0.4634801,0.9053290389219548,1.0
1,Ahnak2,-0.120497994,-0.51239645,0.904088666506344,1.0
1,Cp,-0.12084594,-0.8881837,0.9038130598639861,1.0
1,Serpinb9b,-0.12084594,-0.9802336,0.9038130598639861,1.0
1,Ephx2,-0.121933274,-21.019646,0.902951863947705,1.0
1,Dnase2b,-0.121933274,-21.57104,0.902951863947705,1.0
1,Il13,-0.121933274,-22.195536,0.902951863947705,1.0
1,Map6,-0.121933274,-21.063313,0.902951863947705,1.0
1,Rad9b,-0.12571718,0.23784836,0.8999557986083077,1.0
1,Arhgap35,-0.12626085,0.65584433,0.899525445531042,1.0
1,Ifit3,-0.12739168,0.03790392,0.8986304058971577,1.0
1,Kctd11,-0.12756565,-0.2903495,0.8984927189070668,1.0
1,Shb,-0.1303927,0.20798782,0.8962557365063121,1.0
1,Oas1b,-0.13052319,0.36924547,0.8961525109340319,1.0
1,Relb,-0.13306753,0.2604303,0.894139965779694,1.0
1,Gm16754,-0.1340244,0.1667296,0.8933832867813232,1.0
1,Dok4,-0.13437234,-0.032171585,0.8931081548034937,1.0
1,Sox5,-0.13493775,-0.2081685,0.8926610927890628,1.0
1,Dennd2a,-0.13606857,-0.09541625,0.8917670712229494,1.0
1,Ccl5,-0.1371559,-1.1206728,0.8909075648063133,1.0
1,Sipa1l1,-0.13759084,0.22556877,0.890563798071967,1.0
1,Tppp3,-0.13789529,-2.144017,0.8903231735940604,1.0
1,Cobl,-0.13793878,-2.482684,0.8902887994927737,1.0
1,Mdp1,-0.13793878,0.22564109,0.8902887994927737,1.0
1,Adam19,-0.13798228,-2.694182,0.8902544255977104,1.0
1,Trim21,-0.13926533,0.22291262,0.889240488769398,1.0
1,Zfp963,-0.13989598,0.21095888,0.888742179344254,1.0
1,Maff,-0.14152697,0.15673709,0.8874536524140213,1.0
1,Evpl,-0.14302748,0.5964158,0.886268470219457,1.0
1,Agrn,-0.14350592,-0.059150934,0.8858906393897256,1.0
1,Fgf3,-0.1439191,-0.62831503,0.8855643518178767,1.0
1,Gm14966,-0.14509343,-0.53823584,0.88463711430835,1.0
1,Acox2,-0.14513691,-0.7924823,0.8846027752044564,1.0
1,AW554918,-0.1451804,-0.81965584,0.884568436317327,1.0
1,Gm5547,-0.1451804,-0.54043704,0.884568436317327,1.0
1,Jmy,-0.14752904,0.27112237,0.8827144600690898,1.0
1,Sv2a,-0.14892082,0.26631066,0.8816161099133949,1.0
1,Lca5l,-0.1500299,0.051799454,0.8807410249997092,1.0
1,Tslp,-0.15198709,0.0026302848,0.8791971133361396,1.0
1,Crispld2,-0.15307443,-1.1281203,0.8783395826826764,1.0
1,Zdhhc8,-0.15307443,0.3990953,0.8783395826826764,1.0
1,Dhrs9,-0.1538573,-0.78628826,0.8777222489257639,1.0
1,Spred3,-0.1538573,-1.1102289,0.8777222489257639,1.0
1,1500026H17Rik,-0.1539008,-1.707975,0.8776879547826676,1.0
1,Ifitm10,-0.15398778,-2.0920093,0.8776193671851942,1.0
1,Prg2,-0.15403128,-2.5513659,0.8775850737309439,1.0
1,Mmp13,-0.15407477,-2.2497342,0.8775507805064354,1.0
1,Gm11772,-0.1564669,0.12429721,0.8756650088137001,1.0
1,Tmem9,-0.15848933,0.25132334,0.8740712246678415,1.0
1,Ltb,-0.16081622,0.096796274,0.8722381483269939,1.0
1,Card11,-0.1609467,-0.6485895,0.8721353792159828,1.0
1,Pcp4,-0.1615991,-1.3331002,0.8716215660673671,1.0
1,Ccl7,-0.1625777,-22.989033,0.8708509479739708,1.0
1,Col9a2,-0.1625777,-22.061087,0.8708509479739708,1.0
1,Irf4,-0.1625777,-22.236965,0.8708509479739708,1.0
1,Muc20,-0.1625777,-22.658472,0.8708509479739708,1.0
1,Glt28d2,-0.1625777,-21.518658,0.8708509479739708,1.0
1,Avil,-0.1625777,-22.701887,0.8708509479739708,1.0
1,Grm6,-0.1625777,-21.258535,0.8708509479739708,1.0
1,Lcn4,-0.16338232,0.16382267,0.8702174204605178,1.0
1,Oas1c,-0.16703576,-0.4072113,0.8673419165519201,1.0
1,Ercc1,-0.16873199,-0.7122045,0.8660074552128102,1.0
1,F3,-0.16981933,-1.0084108,0.8651522319003622,1.0
1,Cxcl2,-0.16981933,-0.96355766,0.8651522319003622,1.0
1,Gm4707,-0.17012377,0.18754819,0.8649127976267238,1.0
1,Ndrg4,-0.17016727,-1.809357,0.8648785937423208,1.0
1,Nfkb2,-0.17016727,0.28601292,0.8648785937423208,1.0
1,Ntng1,-0.17310306,-0.09453228,0.8625704200061349,1.0
1,Plod2,-0.17366847,0.27241552,0.8621260169217135,1.0
1,Rwdd3,-0.17460358,0.13865274,0.8613911384153361,1.0
1,Gimap5,-0.17521249,-0.06258682,0.8609126773348499,1.0
1,Gm20257,-0.17658252,-0.1798925,0.8598363267924753,1.0
1,Sema6d,-0.17701745,-0.6843405,0.8594946825620012,1.0
1,Ifi204,-0.17723492,-0.8937134,0.8593238703062458,1.0
1,Cacnb3,-0.17788732,-1.3500553,0.8588114730707985,1.0
1,Cmklr1,-0.17856146,-2.434811,0.8582820583980965,1.0
1,Hrc,-0.17860496,-2.9560943,0.8582479047985396,1.0
1,Car8,-0.17873544,-3.9573388,0.8581454455919659,1.0
1,Capn5,-0.17980102,0.030034658,0.8573087849946791,1.0
1,C030037D09Rik,-0.1815625,-0.304192,0.8559260857163955,1.0
1,Engase,-0.18212791,0.24444541,0.8554823498579135,1.0
1,0610009E02Rik,-0.18360667,-0.18773147,0.8543220262942768,1.0
1,P2rx5,-0.18378066,-0.3621206,0.8541855383016043,1.0
1,Gpr4,-0.18395463,-0.5476787,0.854049054672773,1.0
1,Slc17a8,-0.18395463,-0.24577995,0.854049054672773,1.0
1,Slamf7,-0.18434606,-0.5834378,0.85374198248387,1.0
1,Frs3,-0.18578133,-1.1022921,0.8526162410407722,1.0
1,Prickle1,-0.1859988,-1.2533474,0.8524457002829009,1.0
1,Nlrp6,-0.18658596,-0.16254498,0.8519852747140392,1.0
1,Pex11g,-0.1901959,0.14548765,0.8491556242318961,1.0
1,Wdpcp,-0.19082655,0.3062739,0.8486614859822269,1.0
1,Kank3,-0.19082655,-0.4818873,0.8486614859822269,1.0
1,Fam214a,-0.19087005,0.11997626,0.8486274096719622,1.0
1,Tspan17,-0.19197913,-0.552221,0.8477585595114024,1.0
1,Vegfc,-0.1925228,-0.3159271,0.8473327200673306,1.0
1,Casq2,-0.19269677,-0.3954817,0.8471964608524871,1.0
1,Mfsd9,-0.19313169,-0.73044294,0.8468558328085392,1.0
1,Il2rb,-0.19339265,-1.0154314,0.8466514697116176,1.0
1,9330151L19Rik,-0.19417553,0.20282291,0.8460384423551943,1.0
1,A830082K12Rik,-0.19450173,-1.4679729,0.8457830417711233,1.0
1,Hic1,-0.19450173,-1.6560022,0.8457830417711233,1.0
1,Gp6,-0.19458872,-2.5566938,0.8457149376842519,1.0
1,Dapk2,-0.19458872,-2.0147169,0.8457149376842519,1.0
1,S1pr1,-0.19476269,-2.5278559,0.845578732969284,1.0
1,Prox2,-0.20165637,-0.73942965,0.8401853767336208,1.0
1,H2-T22,-0.20217828,0.38674515,0.8397773489368214,1.0
1,Fam43a,-0.20285243,0.30752623,0.8392503767680164,1.0
1,Klra17,-0.20322213,-22.31394,0.8389614226090508,1.0
1,Tpsg1,-0.20322213,-22.715267,0.8389614226090508,1.0
1,Lyve1,-0.20322213,-22.345346,0.8389614226090508,1.0
1,Hao1,-0.20322213,-22.656351,0.8389614226090508,1.0
1,Vwf,-0.20352657,0.18285777,0.8387234766587623,1.0
1,Otub2,-0.20635363,-0.1282524,0.8365146854217468,1.0
1,Mapkbp1,-0.20791939,0.3686768,0.835291908105847,1.0
1,Dbp,-0.20807162,-0.02636765,0.8351730481607078,1.0
1,Rab11fip4,-0.20846306,-0.19599031,0.8348674255950369,1.0
1,C8g,-0.21044199,-1.2458571,0.8333227163897002,1.0
1,Il4,-0.21048549,-1.5929488,0.8332887739387427,1.0
1,Slc6a4,-0.21048549,-1.4734813,0.8332887739387427,1.0
1,Acod1,-0.21052898,-1.461662,0.8332548317985164,1.0
1,2200002D01Rik,-0.21061598,-1.9026531,0.8331869484505035,1.0
1,Snhg12,-0.21305159,0.3416958,0.8312867214256588,1.0
1,Ttc39b,-0.21413893,0.08878752,0.8304387234263451,1.0
1,Ttc30b,-0.21450862,0.27871516,0.8301504490319959,1.0
1,Slc2a4rg-ps,-0.21466084,0.03320676,0.8300317544530491,1.0
1,Mt2,-0.21509577,-0.5279546,0.8296926484650301,1.0
1,Selp,-0.21616136,-0.15609835,0.8288619729869375,1.0
1,Ptprn,-0.21627009,-0.45738882,0.8287772209248606,1.0
1,Rhobtb2,-0.21659629,0.45597336,0.8285229767003406,1.0
1,Lad1,-0.21779236,-1.2471544,0.8275909017533389,1.0
1,Prkca,-0.21844475,0.30763453,0.8270825994793476,1.0
1,Rps6kl1,-0.21914065,-2.7276406,0.8265404902310827,1.0
1,Mcoln3,-0.21931462,-3.6115282,0.8264049758255604,1.0
1,Penk,-0.21931462,-4.0348673,0.8264049758255604,1.0
1,Ccl22,-0.2194016,-4.794881,0.8263372205614654,1.0
1,Gm10797,-0.21953209,0.067324266,0.8262355900900281,1.0
1,Rpgrip1,-0.21979304,0.3420877,0.826032337882131,1.0
1,Haao,-0.22051068,0.25012496,0.8254734544596025,1.0
1,Ctse,-0.22194596,0.23299581,0.8243559531920144,1.0
1,Bmf,-0.22281583,-0.32121888,0.8236788527812973,1.0
1,Ms4a4b,-0.22475128,-0.5369823,0.8221727758825725,1.0
1,Itgax,-0.22629528,-1.186861,0.820971768230099,1.0
1,Zfp526,-0.22629528,-0.94178414,0.820971768230099,1.0
1,Gfra1,-0.22686069,-1.7829096,0.820532067420086,1.0
1,Gm45051,-0.2297095,-0.22743943,0.8183175124515354,1.0
1,Tmtc2,-0.23114477,-0.47737774,0.8172023302133159,1.0
1,Ifit1bl2,-0.23331943,-0.70111895,0.815513365695321,1.0
1,Phyhipl,-0.23384136,-0.8107497,0.8151081414104087,1.0
1,Gm12708,-0.23523314,-2.0294478,0.8140277853711602,1.0
1,Ctsf,-0.23553759,-3.1913555,0.8137915045599422,1.0
1,Scml4,-0.2364727,-0.09652368,0.81306589095236,1.0
1,Lrrc56,-0.23688589,0.5780143,0.8127453220573138,1.0
1,Col18a1,-0.2370381,-0.329888,0.8126272256337675,1.0
1,1700030N03Rik,-0.23723383,-0.13973705,0.8124753936367093,1.0
1,Slc37a2,-0.23762527,0.15286332,0.8121717507968592,1.0
1,Axl,-0.23823418,-0.05691528,0.8116994736424568,1.0
1,Gfi1b,-0.24049582,0.3049239,0.8099459024263698,1.0
1,Exoc3l,-0.24097425,-0.1822295,0.8095750765742041,1.0
1,C1qb,-0.24386655,-23.242775,0.8073341790143941,1.0
1,Amigo2,-0.24386655,-22.728104,0.8073341790143941,1.0
1,Parvb,-0.24471466,-0.20126162,0.8066773725153494,1.0
1,Nr4a1,-0.24488863,-0.15434189,0.8065426598101099,1.0
1,Arhgef25,-0.24662837,-0.20975272,0.8051958490446214,1.0
1,P2ry12,-0.24684583,-0.45302716,0.805027538243307,1.0
1,Acvr2a,-0.24732426,-0.4685845,0.8046572862933804,1.0
1,Ralgds,-0.24862905,0.2455031,0.8036477311410216,1.0
1,Ccdc102a,-0.250608,-0.22790119,0.8021171979656847,1.0
1,Fcrl1,-0.2509777,-1.6107347,0.8018313581414933,1.0
1,Aif1,-0.25102118,-1.4237027,0.8017977316697233,1.0
1,Cmpk2,-0.25249997,0.2760425,0.800654650457397,1.0
1,Chd2,-0.25282615,-0.049399465,0.8004025575567266,1.0
1,Ralgps1,-0.2548051,0.039354388,0.7988736405061199,1.0
1,Slfn5,-0.25632736,-0.53139013,0.7976980746514766,1.0
1,Pdzk1ip1,-0.25771913,-0.91251636,0.7966236728543724,1.0
1,Pde11a,-0.25856724,-1.0989588,0.7959691480731073,1.0
1,Igf1,-0.2598068,-2.8933825,0.7950127932164737,1.0
1,Gm11714,-0.2598068,-3.1622186,0.7950127932164737,1.0
1,Fabp4,-0.2599373,-4.174982,0.794912142173837,1.0
1,Cma1,-0.2599373,-3.762442,0.794912142173837,1.0
1,Dusp2,-0.2599808,0.38089705,0.7948785925848074,1.0
1,Nrip3,-0.26002428,-4.1355143,0.7948450433751345,1.0
1,Gm9958,-0.26415613,-0.72711504,0.7916596070396668,1.0
1,Phf1,-0.26689622,-1.2110792,0.7895490729313552,1.0
1,Kdr,-0.2669397,-1.381314,0.7895155847906553,1.0
1,Ifit1bl1,-0.26911438,-0.25926965,0.7878416746970095,1.0
1,AI504432,-0.27172396,0.24073498,0.7858342759589078,1.0
1,Serpinb2,-0.27339846,-0.81600845,0.7845469437596139,1.0
1,Ccdc171,-0.2734637,-0.5783846,0.7844967998632943,1.0
1,Asah2,-0.2735507,-0.24507515,0.7844299427264957,1.0
1,Eno3,-0.2740726,-0.91327,0.784028833330151,1.0
1,Lat,-0.27415958,0.009903643,0.7839619873392021,1.0
1,Kcnq3,-0.27455103,-1.1696461,0.7836612001141134,1.0
1,Serpine1,-0.27592105,-2.5433106,0.7826086996562995,1.0
1,Ltf,-0.27605155,-3.4768183,0.7825084822353361,1.0
1,Alox8,-0.28037912,-0.6854305,0.7791866592400509,1.0
1,Gm10642,-0.28316268,-1.4671508,0.7770521344235131,1.0
1,Acvrl1,-0.28333664,-1.3915365,0.7769187823048291,1.0
1,Pigz,-0.28451097,-23.13906,0.7760188276187484,1.0
1,Epx,-0.28451097,-23.033165,0.7760188276187484,1.0
1,Cd28,-0.28525037,0.30617958,0.7754523436435894,1.0
1,Jup,-0.28729454,-0.31007355,0.7738868046466797,1.0
1,Gdf15,-0.28772947,-0.42149612,0.7735538296256459,1.0
1,Mmp14,-0.28829488,-0.57543725,0.7731210243988527,1.0
1,Synj1,-0.2897954,-0.6681631,0.7719727682740976,1.0
1,Il7r,-0.29003462,-1.0248746,0.7717897590236051,1.0
1,Rpl3l,-0.29168734,-1.7588673,0.7705256788949768,1.0
1,Itk,-0.29168734,-1.6365618,0.7705256788949768,1.0
1,Zcchc24,-0.29186133,-2.199553,0.7703926532149155,1.0
1,Cxcl16,-0.29186133,-2.0866048,0.7703926532149155,1.0
1,Gm10369,-0.29188308,0.057237886,0.7703760254797465,1.0
1,Smad7,-0.29386202,-0.20704025,0.7688633442882441,1.0
1,Tspan9,-0.29708052,-0.7427257,0.7664050401151388,1.0
1,Il27,-0.2971675,-0.66078347,0.7663386319639441,1.0
1,Hbb-bs,-0.29853755,0.39124587,0.7652929303097182,1.0
1,Ccdc189,-0.2986028,-0.77323735,0.7652431456447603,1.0
1,Nos2,-0.3005165,-3.3587503,0.7637832277523182,1.0
1,Rap1gap2,-0.30060348,-4.152816,0.7637168877547271,1.0
1,2700081O15Rik,-0.3006252,-0.41525796,0.7637003030263528,1.0
1,Ifit3b,-0.30810603,-2.1802156,0.7580016386405979,1.0
1,Epha10,-0.30814955,-2.2173948,0.7579685449517003,1.0
1,Mfhas1,-0.30882367,-0.32687405,0.757455649525521,1.0
1,Bbs12,-0.31086788,-0.39689568,0.7559010718336945,1.0
1,Slc25a35,-0.31426033,-1.0082583,0.7533233166899879,1.0
1,Macrod1,-0.32154545,-0.64721304,0.747797069689117,1.0
1,Ccdc8,-0.3223066,0.12091662,0.747220442093744,1.0
1,Tle6,-0.3235679,-0.045459446,0.7462651993351954,1.0
1,Steap4,-0.3251554,-23.277893,0.7450634652131947,1.0
1,Neo1,-0.3251554,-22.968615,0.7450634652131947,1.0
1,Gal,-0.3251554,-23.035069,0.7450634652131947,1.0
1,Gm11696,-0.32704735,-0.40537423,0.7436320717226172,1.0
1,Ankrd33b,-0.3293525,-0.7089201,0.7418892720830631,1.0
1,Nod2,-0.3299179,-0.065810814,0.7414619946068717,1.0
1,Rxra,-0.3299179,-0.7759991,0.7414619946068717,1.0
1,Rora,-0.33013538,-0.8663431,0.7412976783303983,1.0
1,Il18,-0.33026585,-0.8282655,0.7411990942263332,1.0
1,2610037D02Rik,-0.33389753,-0.2585282,0.738456880004021,1.0
1,Klrd1,-0.3377032,-0.82970744,0.7355868686022002,1.0
1,Il4i1,-0.33822513,-0.60577446,0.7351935536400045,1.0
1,Gm15880,-0.34118265,-3.8752804,0.7329660829856385,1.0
1,Ppp1r42,-0.34126964,-4.033344,0.732900603067312,1.0
1,Lama5,-0.3454015,-0.4802327,0.7297925537651133,1.0
1,2610035D17Rik,-0.34598866,-0.08530626,0.7293512422116437,1.0
1,Peak1,-0.34696725,0.19106388,0.7286159222295988,1.0
1,Tnfaip3,-0.34709772,0.12327029,0.7285178984126774,1.0
1,Rgs11,-0.3478806,-1.2965426,0.7279298487882341,1.0
1,AI480526,-0.35018575,0.11018366,0.7261993004345848,1.0
1,Gm12289,-0.3510991,-0.57354814,0.7255139972699363,1.0
1,Gpr65,-0.3517515,0.35911497,0.7250246295070977,1.0
1,Nwd1,-0.35320854,-0.69441026,0.7239321138639144,1.0
1,Mov10,-0.3538392,0.2201364,0.7234594081420089,1.0
1,Kcne3,-0.3573404,-3.2345853,0.720836999097992,1.0
1,Rab26os,-0.3579493,0.018852962,0.7203812618803086,1.0
1,Rgl1,-0.35979775,-0.6886827,0.7189983829106911,1.0
1,Tbc1d4,-0.3619289,-0.09168992,0.7174051461495796,1.0
1,Tph1,-0.3653214,-2.6250665,0.7148715100375354,1.0
1,F730016J06Rik,-0.3657998,-22.931995,0.7145144542805908,1.0
1,9830107B12Rik,-0.3657998,-22.818045,0.7145144542805908,1.0
1,A530064D06Rik,-0.3657998,-23.344126,0.7145144542805908,1.0
1,Slc6a9,-0.36954024,0.09703694,0.711725086819192,1.0
1,Trib1,-0.36962724,-0.90275115,0.7116602635209905,1.0
1,Cd40,-0.36967072,-0.74364674,0.711627852653439,1.0
1,Gm26740,-0.37060583,-0.84454215,0.7109311451304208,1.0
1,Jazf1,-0.37149742,-0.15781768,0.7102670674254847,1.0
1,Abtb2,-0.37151918,-1.0592543,0.7102508731538932,1.0
1,Ccdc80,-0.37306318,-2.3535464,0.7091014146853329,1.0
1,Gfod2,-0.37462893,0.14434491,0.7079364426343446,1.0
1,Ifi27l2a,-0.37528133,-0.27519676,0.7074512390952324,1.0
1,Zbed5,-0.3794132,-1.2455939,0.7043810489809827,1.0
1,Serpinh1,-0.37980464,-1.4519935,0.7040904375543421,1.0
1,Myof,-0.38115293,-1.9081174,0.7030897735606283,1.0
1,Slc39a2,-0.38167486,-3.1800432,0.7027025576956702,1.0
1,Lyplal1,-0.38302314,-0.5348896,0.7017026072446322,1.0
1,Cd22,-0.3865026,-0.6418358,0.6991244789741458,1.0
1,Emid1,-0.38811186,-0.06453527,0.6979332648429724,1.0
1,Cd7,-0.3892644,-2.3004959,0.6970805549228636,1.0
1,Fam102a,-0.39067796,-0.01577902,0.6960353008961295,1.0
1,Gm7694,-0.3927439,0.07113082,0.6945086604598909,1.0
1,Osgin1,-0.39763686,-2.8040962,0.6908978821333518,1.0
1,Cacna2d4,-0.39772385,-2.657243,0.6908337537981986,1.0
1,Ms4a7,-0.39833274,-3.9027543,0.6903849175953305,1.0
1,Per2,-0.40144253,-0.40749493,0.6880943475018404,1.0
1,Klhl6,-0.4017687,0.2509112,0.6878542431940853,1.0
1,Siglech,-0.40183395,-0.7273106,0.6878062261076732,1.0
1,Zfp658,-0.40183395,-0.578962,0.6878062261076732,1.0
1,Oit3,-0.40398687,-1.3279124,0.6862223694561324,1.0
1,Usp35,-0.4044653,-1.651576,0.6858705880896092,1.0
1,Vmac,-0.4058571,0.05693975,0.6848476113743311,1.0
1,Ceacam10,-0.40644425,-23.650555,0.6844162162388334,1.0
1,Sytl1,-0.40644425,-23.218992,0.6844162162388334,1.0
1,Ccr7,-0.4120331,-1.3362483,0.6803151444267385,1.0
1,Dnajc18,-0.41290298,-0.22293264,0.6796776909707558,1.0
1,Lemd1,-0.41390333,-2.7697449,0.6789449025145947,1.0
1,Gpr55,-0.41390333,-2.8098776,0.6789449025145947,1.0
1,Traf1,-0.41868758,-0.9906356,0.6754444672972002,1.0
1,Adam23,-0.4187311,-1.0352412,0.6754126771879407,1.0
1,B3gnt7,-0.41890505,-0.14184377,0.6752855225409506,1.0
1,Acrbp,-0.41955745,-0.36755696,0.6748087751700117,1.0
1,Taco1,-0.42229754,-3.458142,0.6728078629638117,1.0
1,Fcer1a,-0.4225585,-4.422044,0.6726174203856488,1.0
1,Tfr2,-0.42742974,0.29347578,0.6690663582487194,1.0
1,Slc25a29,-0.42895198,-1.5244963,0.6679581628082021,1.0
1,Rab27b,-0.43169206,-0.034465097,0.6659652353660095,1.0
1,Ampd3,-0.43349704,-0.7109788,0.6646537203346099,1.0
1,Ccdc30,-0.43471485,-0.8628232,0.6637694220405213,1.0
1,Myrip,-0.43712872,-1.7470248,0.6620180007734041,1.0
1,Spib,-0.4382813,-2.9423594,0.6611823875800638,1.0
1,Tcf7,-0.44260886,-0.9339543,0.6580486708032629,1.0
1,Tmem140,-0.44478354,-0.4513573,0.6564761996319483,1.0
1,Clec4b2,-0.44708866,-23.230219,0.6548110401212073,1.0
1,Nfkbiz,-0.44726264,-0.040486496,0.6546854372275419,1.0
1,Clec2h,-0.45604828,-0.35335353,0.6483552646597639,1.0
1,Plk2,-0.4566137,-0.6416254,0.6479487401056848,1.0
1,Hilpda,-0.4641815,0.22778375,0.642517708320659,1.0
1,Psd3,-0.46424675,-0.111937925,0.6424709715285013,1.0
1,Prmt2,-0.46563852,-0.80432904,0.6414742574211382,1.0
1,Map3k14,-0.4658125,-0.86930007,0.64134971352955,1.0
1,Slc30a4,-0.46624744,-0.020891499,0.6410383979616083,1.0
1,Atf3,-0.46672586,-0.97690094,0.6406960237469366,1.0
1,9330020H09Rik,-0.47007483,-0.0655101,0.6383015480315486,1.0
1,Fbxo44,-0.47061852,-0.41408905,0.6379131892513794,1.0
1,S1pr3,-0.47100994,-0.05326501,0.6376336324434841,1.0
1,Tnfsf12,-0.4733151,-0.7576377,0.6359883999506639,1.0
1,Cacnb2,-0.47716424,0.08953776,0.6332451745204601,1.0
1,4933406C10Rik,-0.47866476,-2.4485643,0.6321771434786325,1.0
1,1600010M07Rik,-0.47870824,-2.7914767,0.6321461974838192,1.0
1,Mafb,-0.47896922,-3.169049,0.6319605350469548,1.0
1,6430548M08Rik,-0.4790997,-3.4051454,0.6318677125297056,1.0
1,Mfge8,-0.48388395,-0.01902827,0.6284682370937538,1.0
1,Creb3l1,-0.4854497,-1.5849531,0.6273573858767224,1.0
1,Rab2b,-0.48636305,-2.127506,0.6267097789789479,1.0
1,Klra2,-0.4877331,-23.7647,0.6257389080453939,1.0
1,Slfn4,-0.4877331,-23.72972,0.6257389080453939,1.0
1,Ccl2,-0.4877331,-24.227709,0.6257389080453939,1.0
1,Il12rb1,-0.48953807,-0.6402429,0.6244608143763766,1.0
1,Phlda1,-0.49303928,-0.056071576,0.6219848419768312,1.0
1,E330020D12Rik,-0.493061,-1.5830432,0.6219694765870327,1.0
1,Gbp5,-0.49327847,-0.56088257,0.6218158317513749,1.0
1,AW112010,-0.4975843,-0.8106614,0.6187770648142599,1.0
1,Tmem241,-0.4977148,-0.7676122,0.6186850822797636,1.0
1,Sema4b,-0.49945453,-0.12551303,0.6174592197314368,1.0
1,Hk1os,-0.5021294,-1.7282367,0.6155765339646945,1.0
1,Ppfibp2,-0.5034994,-2.9445777,0.6146132094797407,1.0
1,Gja5,-0.50362986,-4.150556,0.6145214989146831,1.0
1,Tinagl1,-0.5042823,-0.54107106,0.6140630365090174,1.0
1,Gm17590,-0.505761,-0.74295807,0.6130244136011254,1.0
1,Sapcd1,-0.5100451,-0.59565043,0.6100198513058405,1.0
1,Bmpr1a,-0.51024085,-1.8185899,0.6098827433751361,1.0
1,Pdgfa,-0.5119371,-0.66901743,0.6086950485786158,1.0
1,Ube2l6,-0.52391946,0.026660435,0.6003345581268213,1.0
1,Mllt6,-0.5266378,0.05066912,0.5984451451177235,1.0
1,Slco2b1,-0.5278556,-2.6441474,0.5975995641783952,1.0
1,Arid4b,-0.53259635,0.45663255,0.5943130216766122,1.0
1,Psg16,-0.53366196,-1.5242131,0.5935754423068502,1.0
1,Pgf,-0.5355104,-2.8450603,0.5922969628199035,1.0
1,Il6,-0.5400337,-0.57870674,0.5891737894581666,1.0
1,Dand5,-0.5411645,-1.3379357,0.5883941849391913,1.0
1,Cetn4,-0.5427738,-0.24094926,0.5872855702123242,1.0
1,Edn1,-0.5442526,-4.0399857,0.5862676964870266,1.0
1,H2-Oa,-0.55482143,-0.47805738,0.5790168266571627,1.0
1,Phf11b,-0.5648031,-1.3896309,0.5722076991814444,1.0
1,Lif,-0.56726044,-2.2432117,0.5705372322875724,1.0
1,Thbs1,-0.5673909,-2.403716,0.5704485999277873,1.0
1,Angptl2,-0.56804335,-0.3360275,0.5700055365714622,1.0
1,Kank2,-0.5696526,-0.050351106,0.5689133491211498,1.0
1,Trib3,-0.5711096,0.20632453,0.5679253398888995,1.0
1,Gm5431,-0.57130533,-0.93167776,0.5677926848096366,1.0
1,Ing1,-0.5728711,0.24430639,0.5667319784176817,1.0
1,Pf4,-0.5745673,0.2973566,0.5655839530603903,1.0
1,Igf2bp3,-0.57774234,-0.18826592,0.5634380925289599,1.0
1,Tmcc3,-0.58259183,-1.8072777,0.5601681065218378,1.0
1,Chil1,-0.5850057,-4.4457855,0.5585438810863192,1.0
1,D730003I15Rik,-0.5889201,-1.157248,0.5559148766961126,1.0
1,Ahr,-0.5893985,-1.394602,0.5555939685647133,1.0
1,Rgs1,-0.59057283,-0.40082917,0.5548066686646274,1.0
1,Vcam1,-0.5906598,-1.7448837,0.5547483718577875,1.0
1,Nos1ap,-0.591334,-0.68583035,0.5542966731819514,1.0
1,Hcar2,-0.59248656,-2.7908459,0.5535248312422005,1.0
1,Tnfrsf8,-0.5945307,-0.46117446,0.5521572004035045,1.0
1,Acadm,-0.60235953,0.24350013,0.5469348601706567,1.0
1,Egr1,-0.60703504,-0.5535471,0.5438276677325462,1.0
1,Ankrd22,-0.60966635,-23.673613,0.5420828386825838,1.0
1,Gm20559,-0.6102535,-0.2820911,0.5416938780743196,1.0
1,Spred1,-0.61034054,0.22825594,0.5416362661295446,1.0
1,Akr1c12,-0.61519,-0.77718776,0.5384292465234821,1.0
1,Akr1c18,-0.61753863,-3.606006,0.5368795019891767,1.0
1,Gmpr,-0.6176691,0.21188861,0.5367934708790135,1.0
1,Gcnt2,-0.6182345,0.20752652,0.5364207495308184,1.0
1,Zfhx2,-0.6198873,-0.27389145,0.5353320035315441,1.0
1,Zbtb4,-0.62071365,-1.2542708,0.534788048491694,1.0
1,Agap1,-0.6229318,-0.037016533,0.5333293385503286,1.0
1,Sdc3,-0.6277378,-1.1239614,0.5301757159821632,1.0
1,Arl5c,-0.6356318,-0.9774764,0.5250164210586037,1.0
1,Slc15a3,-0.6357188,-0.42035794,0.5249597128149606,1.0
1,Nqo1,-0.6403508,-0.49927703,0.52194453464806,1.0
1,Parp6,-0.6416774,-0.7153015,0.5210826761862623,1.0
1,Tshz1,-0.64202535,0.30338413,0.520856736311756,1.0
1,St8sia1,-0.6445697,-0.5803847,0.5192060858304379,1.0
1,Lgalsl,-0.6452003,-0.06711894,0.5187973683063976,1.0
1,Itga2b,-0.64739674,0.0310212,0.5173752023877951,1.0
1,Chrnb1,-0.64846236,-2.2795177,0.5166859684721155,1.0
1,Apobec1,-0.648832,0.08317233,0.5164469577180062,1.0
1,Trpm2,-0.64902776,-2.6906137,0.5163204458190758,1.0
1,Dusp1,-0.6531813,-0.24716866,0.5136393758486428,1.0
1,Prnp,-0.6560084,-0.14709356,0.5118187168155357,1.0
1,Lox,-0.65892243,-0.9313428,0.5099455683039003,1.0
1,Trim30d,-0.6598793,-1.1242021,0.5093312878189462,1.0
1,Tnfsf8,-0.6620105,-0.32933837,0.5079645116476812,1.0
1,Mx1,-0.6656639,-0.13422464,0.5056259518474928,1.0
1,Casp6,-0.6673601,-0.011704682,0.5045421217759511,1.0
1,Samd14,-0.6717095,-0.3769709,0.5017686773736384,1.0
1,Cds1,-0.67732006,-1.3769261,0.49820288859374073,1.0
1,Dhrs3,-0.6796687,0.22564706,0.4967142451263753,1.0
1,Cpq,-0.6797557,-0.11767544,0.49665915575511854,1.0
1,Ccdc173,-0.68182164,-0.8051027,0.4953517410313756,1.0
1,Dnajb5,-0.68386585,-0.08306976,0.4940598999222653,1.0
1,Mreg,-0.6909552,-24.071169,0.4895936854595273,1.0
1,Pdcd1lg2,-0.692521,-0.28391653,0.488610220453752,1.0
1,Calcoco1,-0.693804,-0.07278196,0.48780511998953036,1.0
1,Bcl6,-0.7103532,-0.3894639,0.47748513928145553,1.0
1,Trim46,-0.7137239,-0.15147516,0.47539791114577545,1.0
1,Acss1,-0.7174426,0.06198868,0.47310104630039773,1.0
1,Scel,-0.72240084,-3.2789795,0.47004808203358117,1.0
1,Ctnnal1,-0.7295772,0.11490222,0.46564866023762996,1.0
1,Iqcb1,-0.732687,-0.2081078,0.4637493726078986,1.0
1,Plxnc1,-0.73397005,0.056129333,0.4629670095853584,1.0
1,Il21r,-0.74008083,0.034848608,0.4592509560423096,1.0
1,Dusp6,-0.7410159,0.014857323,0.45868378498949025,1.0
1,Tmem42,-0.7445606,-1.9052141,0.45653738017608525,1.0
1,Sh3bp4,-0.74499553,-2.2045608,0.4562744070474657,1.0
1,Slc2a3,-0.74616987,0.056153018,0.455564805213997,1.0
1,Ocstamp,-0.7464961,-0.73198414,0.4553678038737745,1.0
1,Aqp9,-0.7482358,-0.27748483,0.45431794036510076,1.0
1,Bbs2,-0.76737285,-0.3112372,0.44285988245708363,1.0
1,Slc45a3,-0.7715047,-3.021041,0.44040784990799997,1.0
1,5430416N02Rik,-0.79216397,0.12795621,0.4282650775597091,0.9867130054003526
1,Runx3,-0.79905766,0.21412367,0.4242569897237106,0.9788689008988032
1,Gabbr1,-0.79934037,-1.5310173,0.42409308970084525,0.9788689008988032
1,Anpep,-0.7999058,-1.7486242,0.4237654007608386,0.9788689008988032
1,Gm13546,-0.8009061,-2.1465335,0.4231860064077282,0.9788689008988032
1,Ctr9,-0.80414635,0.3273024,0.42131245929770333,0.977637781088519
1,Tmem86a,-0.80597305,-1.2229193,0.4202583799917664,0.9765889575166836
1,Cd86,-0.8098657,-2.2408516,0.41801736199650075,0.9727749801410678
1,Enpp5,-0.81417155,-1.379786,0.41554668759397473,0.9684148380422801
1,Fah,-0.8153459,-0.7274651,0.41487436723960436,0.968239170737609
1,Dab2ip,-0.8173466,-0.8416557,0.4137304146287508,0.966960709694285
1,Abcg1,-0.8187818,-1.5943766,0.41291090430567623,0.9664379318669651
1,Zfp362,-0.8207173,0.12308243,0.411807331230571,0.9652478197340841
1,Flrt3,-0.8286113,-4.6474385,0.4073243964290052,0.9588972003016639
1,Slx4ip,-0.8347656,-0.037609853,0.40384970704716183,0.956268941358389
1,Mcoln2,-0.8366575,-0.66350615,0.40278509264203055,0.9551424272885579
1,Nfkbia,-0.8381363,0.0019818533,0.4019541525850696,0.9545675483059779
1,Cd79b,-0.85401136,-1.259276,0.3930987069249251,0.937656033282689
1,Itpr3,-0.8571646,-0.15209128,0.39135392469397035,0.9348690218757288
1,Ccl24,-0.8689295,-0.49520984,0.38488568369084153,0.9207737152603909
1,Klhl20,-0.87186533,0.18349765,0.38328186034656253,0.9207094857884057
1,Tbc1d9,-0.8749751,-1.082424,0.3815874672457401,0.918300996843606
1,Procr,-0.88145554,-0.62334764,0.3780712930695742,0.9125470794030497
1,Lrrk2,-0.8971566,-1.696646,0.3696353473268956,0.8935149528527939
1,Ptpro,-0.89807,-1.8781599,0.36914824141580294,0.8935149528527939
1,Csf1,-0.90015763,-0.7958551,0.36803635634948884,0.8923093721956217
1,Tcf7l2,-0.9034197,-0.07562763,0.3663032154172151,0.8894368494112618
1,Ccno,-0.90981317,-4.6832604,0.3629210562229247,0.8838708005909668
1,Entpd3,-0.9098567,-4.8736362,0.36289811548698114,0.8838708005909668
1,Pla2g7,-0.91055256,-5.9128723,0.3625311871786707,0.8838708005909668
1,Hip1,-0.9109875,0.03391705,0.3623019750143941,0.8838708005909668
1,H2-DMb2,-0.9234265,-2.309636,0.3557849686062181,0.8743685137564936
1,Tef,-0.92447037,-0.49578148,0.3552414698509131,0.8743685137564936
1,Gch1,-0.9251445,-0.43468174,0.35489073883920463,0.8743685137564936
1,Cnp,-0.925188,0.28438392,0.3548681185409269,0.8743685137564936
1,Cyp4v3,-0.93364745,-0.4442884,0.3504857831035805,0.8679205193801642
1,Sirpb1c,-0.9348218,-24.860086,0.3498801625278245,0.8679205193801642
1,Isg15,-0.93575686,0.06228147,0.3493983843261428,0.8679205193801642
1,1700109H08Rik,-0.9378228,-0.24767897,0.3483354845801554,0.8679205193801642
1,Phf11c,-0.94704336,-0.30851316,0.34361668466223694,0.8601022569786239
1,2610301B20Rik,-0.9499791,-0.20011267,0.34212284546763716,0.8576866388694088
1,Ptger4,-0.96452767,0.11435792,0.334781458415656,0.8405813089012291
1,P2rx1,-0.968442,-1.5673623,0.3328236575272314,0.8369611976886346
1,Ak4,-0.9714648,0.08525188,0.33131686897575163,0.8344657786935856
1,Cdc42ep2,-0.97270435,-2.8269167,0.33070025460189356,0.8342081072539212
1,Arg2,-0.9754662,-24.735586,0.3293290666070442,0.8320432181255851
1,Zfp773,-0.97822803,-1.9601041,0.3279615677040313,0.8298809092292336
1,Chst15,-0.97931534,-2.076907,0.32742419451993554,0.8298156929864616
1,Igf2bp2,-0.9795763,-1.9203917,0.32729531005523615,0.8298156929864616
1,Il10ra,-0.99168915,-0.44769123,0.32134917978466115,0.8182548973480697
1,F2rl2,-0.9961037,-0.59274197,0.31919975039756243,0.8166277525943947
1,Klhl24,-0.99612546,-0.06296251,0.3191891854188187,0.8166277525943947
1,Trim30b,-0.99793047,-1.3550271,0.31831308999183017,0.8166277525943947
1,Maf,-0.99897426,-3.5792835,0.31780715193760745,0.8166277525943947
1,Nek6,-1.007238,0.12428474,0.31382042005667754,0.8079630497332239
1,Plpp6,-1.012131,0.0053063566,0.31147543144087797,0.8044795378934778
1,Nyap1,-1.0152842,-1.4070421,0.3099703549808269,0.8018690841768761
1,Crebrf,-1.0164151,-0.42873293,0.30943177541067346,0.8017545362877194
1,Zfp329,-1.0337689,-0.20249932,0.3012442314124142,0.7842987854750173
1,1810021B22Rik,-1.0501223,-0.9558109,0.29366187913686026,0.7670202382608492
1,Itgb3,-1.054102,0.07350233,0.2918362443416611,0.7634812714873779
1,Fam20c,-1.0682807,-2.256801,0.285393892995203,0.7502023492278825
1,Rab37,-1.0750439,-0.28812355,0.28235505678788886,0.7446827676584646
1,Arhgap25,-1.0763922,-0.75344336,0.281751876290671,0.7443021878558116
1,S100a4,-1.0805676,-0.10095849,0.27988951062132994,0.7405885582835191
1,Adtrp,-1.0811547,-1.5029022,0.2796282879392763,0.7405885582835191
1,Mirt1,-1.0886574,-0.6867931,0.2763050293896927,0.7334971483962055
1,Dhx58,-1.095464,0.07373213,0.273313404085085,0.7291354299769865
1,Marcks,-1.1009225,-0.6013132,0.2709304271084906,0.7239689501976471
1,Txk,-1.1024011,-1.2775309,0.27028729821985487,0.7234422404498425
1,Tnfrsf18,-1.1046846,-0.5128054,0.26929628909680337,0.7219811254793637
1,Prelid2,-1.1058806,-0.5663659,0.268778185528017,0.7217851273616617
1,Il1rn,-1.1251047,-2.291422,0.2605446920002372,0.7008349758281671
1,Lgmn,-1.1353472,-0.6297378,0.25622982960316354,0.6915221025230137
1,A930007I19Rik,-1.1364129,-3.2819166,0.255783804470862,0.691468884752897
1,Hcst,-1.1399794,-0.6790745,0.254294911460616,0.6885915632539552
1,Rnase6,-1.1409361,-1.5745549,0.25389648040196466,0.6885915632539552
1,Tgif1,-1.141045,0.07283293,0.2538512316549477,0.6885915632539552
1,Trem1,-1.1428064,-0.8649701,0.25311898393030496,0.6885915632539552
1,Wdr91,-1.1466773,-1.0732697,0.2515150195407191,0.6867969052105157
1,Inpp4b,-1.1558108,-1.6988051,0.2477585262650004,0.6788248810841734
1,Zbtb5,-1.161639,-0.31167257,0.24538214879503073,0.6734515149670725
1,Cyp4f18,-1.1756003,-2.9241903,0.23975463995307145,0.6591220779726812
1,Nt5e,-1.1761005,-1.5413002,0.23955473361392288,0.6591220779726812
1,Klf5,-1.1762092,-3.0964737,0.23951129127102688,0.6591220779726812
1,Arntl,-1.1871042,-0.31675225,0.23518650265824248,0.6498679851987552
1,Tmem71,-1.1915406,-1.4249843,0.23344144438394765,0.6461467965712681
1,Gpr137b,-1.1953462,-1.2872396,0.2319517899389969,0.6431210312496631
1,Zfp236,-1.1978036,0.15033905,0.23099349177346995,0.6415606911927539
1,F2r,-1.1998912,-0.26380587,0.23018157528642058,0.6404022557711392
1,Oaf,-1.2044146,-0.59775865,0.22842938927143652,0.6366193632272681
1,Sec22a,-1.2065892,0.013569515,0.22759038175732382,0.6353728041486734
1,Smox,-1.2075243,-0.20746082,0.2272302845928762,0.6353728041486734
1,Slc27a4,-1.2079593,-1.5430201,0.22706293601154037,0.6353728041486734
1,Tnf,-1.212787,0.0048693414,0.22521126628695531,0.6319942455319058
1,Serpinb10,-1.2167014,-2.8245797,0.2237178490696412,0.6288914232078995
1,Ecm1,-1.2206157,-2.0645564,0.22223152754835807,0.6257978084781889
1,Mir99ahg,-1.2255523,-0.8943279,0.22036721055594177,0.6216271574291088
1,Mmp12,-1.2266613,-4.340568,0.21994990299898842,0.6215309105650857
1,Clec2d,-1.2307279,-0.3323999,0.21842462726703082,0.6182979850386109
1,Sgsm2,-1.2310542,-0.3625882,0.2183026090212914,0.6182979850386109
1,Sdc4,-1.2437977,-0.65227145,0.21357403614232207,0.6088173754355825
1,Trim12a,-1.2439282,-0.1127026,0.21352600600000693,0.6088173754355825
1,Upp1,-1.2499303,-1.7286907,0.21132503856997154,0.6045312390837634
1,Ankrd37,-1.2515395,-0.5977363,0.21073772250742384,0.6039162295177412
1,Flt1,-1.2654791,0.12718864,0.20569965332402407,0.5913945750498586
1,Trp53inp1,-1.2745908,-0.20270604,0.20245408608853233,0.5832691432248658
1,Rbms3,-1.2772875,-0.08031905,0.20150077798101695,0.5825922671750615
1,Ttc3,-1.2787445,0.10249682,0.20098704838750026,0.5821446294366525
1,Ifih1,-1.2787445,-0.17682923,0.20098704838750026,0.5821446294366525
1,Cd38,-1.2792011,-2.302666,0.2008262255319011,0.5821446294366525
1,Itgb7,-1.2848988,-2.0007932,0.19882765775007627,0.5789918507551592
1,Gpcpd1,-1.2940975,-0.39019066,0.19563171142406843,0.5717380827564666
1,Ppp1r3d,-1.2987732,-1.1315242,0.19402180213511788,0.5680566120273668
1,Sgk1,-1.3059713,-1.6151388,0.19156233495968322,0.5618699951258702
1,Padi4,-1.3102119,-0.36365616,0.19012418166917,0.5591159661858168
1,Bcl2a1b,-1.3163009,-5.181087,0.1880730717142206,0.5546445860372106
1,Dcun1d3,-1.3320454,-0.9946506,0.18284525679641572,0.540209483649884
1,Adora2b,-1.3323064,-1.2737817,0.18275952471553436,0.540209483649884
1,Tmem106a,-1.3365687,-1.1723523,0.18136344941430493,0.5377907037477195
1,Lilra6,-1.341266,-25.319626,0.17983410251916865,0.5342324437474204
1,Spata6,-1.3494427,-0.44651973,0.1771948025586666,0.5273577426608389
1,Msr1,-1.3578805,-6.6667175,0.17450163109395878,0.5202971427102963
1,Samd9l,-1.3592939,0.09726346,0.17405346022883383,0.5199165975896288
1,Cd2ap,-1.3688625,0.032276254,0.17104227176140274,0.5128106558169968
1,Plxna1,-1.3704934,-1.1278945,0.17053291629278888,0.5126176171197131
1,Padi2,-1.3822149,-1.4109362,0.16690573154572452,0.5031990642512364
1,Csrp3,-1.3843678,-1.6196898,0.16624586385592277,0.5021430003245935
1,Atp1b1,-1.3878473,-3.5284207,0.1651835613293312,0.49986517999286423
1,Oas1g,-1.3915007,-0.5368595,0.16407365110999195,0.4974345085988915
1,Car9,-1.392762,-0.1062309,0.16369177546309055,0.4974345085988915
1,Nrp2,-1.394306,-2.9191036,0.16322521936987944,0.4974345085988915
1,Itpr2,-1.4027872,-0.71381813,0.16068031054070409,0.49174238433400386
1,H1f0,-1.4060926,0.07414447,0.15969660953187093,0.4896557668444133
1,Rnf144a,-1.4098114,-0.635578,0.15859539773436437,0.4872002559188239
1,Gbp2,-1.4114423,-0.50194687,0.15811422757345672,0.48664378960938676
1,Pbx1,-1.4150523,0.11626096,0.15705317027188634,0.48429703836691945
1,Oas3,-1.4177054,-0.40446967,0.15627680458957743,0.4828209086557993
1,Helz2,-1.4212501,-0.019354068,0.15524407668216605,0.4814069315563814
1,Lpin1,-1.4225113,-0.11487112,0.15487785549529226,0.4812488153512722
1,Cd69,-1.4307969,0.11057529,0.1524884540497893,0.4747337283469448
1,Dtx3l,-1.4337761,0.075825825,0.15163616490586154,0.47298819130251424
1,Plekhg1,-1.437821,-4.839118,0.15048485519422702,0.470899652453032
1,Dpep2,-1.4535221,-4.3765535,0.1460788660390782,0.45829771898527044
1,Fpr2,-1.4631993,-25.632761,0.14341285788226762,0.45080553388573275
1,Mogat2,-1.4631993,-24.978458,0.14341285788226762,0.45080553388573275
1,Tmem64,-1.4642214,-0.39117128,0.14313347296053894,0.45080553388573275
1,Arhgef3,-1.4878165,-0.5300803,0.13679930667198226,0.43337592855850626
1,C5ar1,-1.5038437,-25.191038,0.13262161511559753,0.4217887445441161
1,Pknox2,-1.5088019,-3.021129,0.13134940680372378,0.418563335629941
1,Dio2,-1.5114115,-2.0290928,0.13068363450097445,0.4172615259066546
1,Pik3ip1,-1.5215454,-0.1859478,0.1281230150558625,0.4098925649321676
1,Trim26,-1.5216541,-0.49101412,0.12809575365813725,0.4098925649321676
1,Osbpl5,-1.5240028,-0.34316674,0.12750800759090938,0.4095405709157525
1,Mad1l1,-1.5283957,0.17477794,0.12641433844142808,0.4068334463333261
1,Ulk1,-1.5285261,-0.09508804,0.12638196527330084,0.4068334463333261
1,Perp,-1.5289392,-2.3331997,0.12627949282848272,0.4068334463333261
1,Timp2,-1.5322013,-1.4029721,0.1254727701523483,0.40622122392636517
1,2310001H17Rik,-1.5537739,-0.5655108,0.120238350379204,0.3916196873796564
1,Chd3,-1.5598413,0.069859356,0.11879740337177482,0.3877050065775025
1,Irf7,-1.5654736,-0.33908728,0.11747189990963885,0.38415205978514966
1,Ciita,-1.5827839,-1.4397385,0.11347072334806288,0.3718171985263798
1,Trp53inp2,-1.5873942,-1.681208,0.11242339189401297,0.36913105597588874
1,Fcgr4,-1.5878509,-2.6266444,0.11232006304918202,0.36913105597588874
1,Cpox,-1.5888947,-0.0790392,0.11208416403875303,0.36913105597588874
1,Bst1,-1.6003551,-5.1211753,0.10951981122768528,0.36179456988045927
1,Herc6,-1.6010511,-0.19964229,0.1093656070636474,0.36179456988045927
1,Camp,-1.6169696,-5.1409254,0.10588484357099176,0.35193691859046855
1,Kdm5b,-1.6175133,-0.056257892,0.10576753501345329,0.35193691859046855
1,Amn1,-1.6179482,-0.2679205,0.10567376241230149,0.35193691859046855
1,Lars2,-1.6248636,-0.29980534,0.10419162154243733,0.34845115493161516
1,Slfn1,-1.6561352,-4.474514,0.0976944317012531,0.3280752965205642
1,Gstt3,-1.6588753,-0.29611784,0.09714091753456816,0.32689329510595344
1,I830077J02Rik,-1.6593755,-1.12585,0.09704015038024409,0.32689329510595344
1,F11r,-1.6645077,-0.32398915,0.096011013669558,0.3244372170250481
1,Ckap2l,-1.6748157,0.08414527,0.09397041805309923,0.3188703307157468
1,Kmo,-1.6764249,-1.8711115,0.09365500580340698,0.3184662880778325
1,Mdfic,-1.6806002,-0.3257762,0.09284059791048306,0.3170262101280074
1,Mir142hg,-1.6809698,-1.2886407,0.09276876369063669,0.3170262101280074
1,Slc22a3,-1.6827531,-0.56131816,0.09242289568206502,0.3170262101280074
1,Trim24,-1.6939309,-0.33699846,0.09027842003880303,0.3108951110465786
1,Dennd1c,-1.694518,-0.5382248,0.09016688872028612,0.3108951110465786
1,Kit,-1.6971059,-0.04175249,0.08967664546253462,0.31013969923290224
1,Pcmtd2,-1.6979322,-0.23716196,0.08952055003806712,0.31013969923290224
1,Cdk18,-1.7023903,-1.1374131,0.08868222646775079,0.30863716104607597
1,Ddt,-1.7026296,0.08330425,0.08863742270771553,0.30863716104607597
1,Lpar6,-1.7034341,-1.0143565,0.08848685301616972,0.30863716104607597
1,Sirpb1b,-1.7070658,-25.867977,0.08780981806885503,0.30761884429305153
1,Cd82,-1.7283558,-0.40955505,0.08392446135388211,0.29528302888502556
1,Irf1,-1.737011,-0.37714222,0.08238524414114565,0.29113042700858005
1,Isg20,-1.748254,0.0266133,0.08042006925977033,0.2848064461557805
1,Cib2,-1.7538428,-2.357852,0.07945744766884487,0.28201308559926996
1,Fabp5,-1.7628024,-0.26028728,0.07793382220161357,0.2772119728311781
1,Creb3l2,-1.7713053,-0.88083965,0.07650994186110369,0.27274533120595645
1,Ccl4,-1.7717403,-0.4206119,0.07643768317305198,0.27274533120595645
1,Slc24a3,-1.7748718,-1.6710843,0.07591906192414224,0.27183381554295527
1,Cdh1,-1.7855929,-1.2794253,0.07416520464319648,0.2673243598472549
1,Fos,-1.794596,-2.3982697,0.07271809830033679,0.2626921056640229
1,Acpp,-1.8186259,-4.3178205,0.06896851389877871,0.2508227119816571
1,Dock10,-1.8217574,-0.18364601,0.06849179258098677,0.249648736104181
1,Cd300ld,-1.8283902,-4.1036987,0.06749101197338513,0.24711156076936946
1,Map1lc3a,-1.8316087,-1.0267094,0.06700974069927028,0.24590452356157558
1,P2ry1,-1.8428735,-0.9535271,0.06534749097693761,0.24089461446498361
1,Samd10,-1.8687302,-0.33061394,0.06166036489252084,0.22782030035459863
1,Lmna,-1.8693391,-0.76127505,0.061575655530174446,0.22782030035459863
1,Plxnb2,-1.8836049,-0.36922982,0.05961844519165455,0.22128402311410453
1,Gatad2b,-1.894239,-0.009062915,0.058193300814120504,0.21698743430000794
1,Cyth1,-1.9107012,-0.05438996,0.05604299900208315,0.2094510239202278
1,Gng11,-1.9154202,-1.0469859,0.05543894349249761,0.20767197770168852
1,Plbd1,-1.9158115,-4.4607143,0.05538908212616965,0.20767197770168852
1,Znfx1,-1.9247495,-0.027578592,0.05426071109000971,0.20420156238514098
1,Eepd1,-1.929164,-1.0895091,0.05371050448712733,0.2026010192514431
1,Irs2,-1.9303384,-1.0221928,0.053564930974475615,0.20252288587552317
1,Gpnmb,-1.9426904,-5.570844,0.05205357618301685,0.1972684592730218
1,Gbp3,-1.9455609,-0.19638774,0.05170750055538612,0.1968769152601791
1,P2ry13,-1.949171,-2.4496355,0.05127501926716829,0.19568960294434581
1,Sh3bp5,-1.9628278,-0.19045457,0.049666189703294276,0.18999660306307387
1,Tspyl1,-1.9634367,0.027863394,0.04959545563876859,0.18999660306307387
1,Cd177,-1.9665682,-6.224724,0.04923301381585255,0.18923210523533848
1,Aldoc,-1.970961,-0.013222336,0.048728336233418865,0.18773720040523847
1,Trem2,-1.987358,-3.6738727,0.0468827436140956,0.18117762684908795
1,Ifi27,-1.9924467,-0.1438348,0.04632207193241094,0.1797473700343793
1,Specc1,-2.0002754,-0.678801,0.045470529173851,0.1768661830215499
1,Irak2,-2.0015802,-1.6251918,0.045329895922682946,0.1767430076600763
1,Slc41a3,-2.0048206,-1.1212753,0.04498224163441037,0.17581011067714125
1,Ptafr,-2.0089307,-2.9647884,0.044544494593137175,0.17451973485523795
1,Il18rap,-2.0240445,-0.5109822,0.04296557387314928,0.16874130949696886
1,Stat2,-2.0365705,-0.27937022,0.04169309703674164,0.16414127037280327
1,Cd200r3,-2.0387235,-3.5650938,0.041477635029998926,0.1636903260794605
1,Tubb2a,-2.043312,-0.7783789,0.041021562883224526,0.16228530486973214
1,Arl4c,-2.0455954,-1.379314,0.04079619538957471,0.16178833477234764
1,Cd274,-2.0730615,-0.85159576,0.03816656893021833,0.15173082060003465
1,Ier5,-2.0982006,-0.15835093,0.03588744161153843,0.14302071325286322
1,Tifa,-2.098505,-0.40367636,0.03586056699698488,0.14302071325286322
1,Hgsnat,-2.09944,-0.52547944,0.035778130823833514,0.14302071325286322
1,Sertad1,-2.1017668,-0.37384155,0.03557370014205958,0.14282312284757584
1,Itgb2l,-2.1135101,-26.10427,0.03455713398672365,0.1394320182250392
1,Prss34,-2.1135318,-4.51846,0.03455527472145052,0.1394320182250392
1,Mndal,-2.1189468,-0.20150048,0.03409496958681053,0.1382551016745167
1,Plekhm3,-2.1342564,-2.358925,0.032821802937682276,0.13342597585193147
1,Clec4d,-2.135909,-0.17924745,0.03268682498731126,0.13321113097843934
1,Tcp11l2,-2.1385186,-1.2549064,0.03247466981480096,0.13267988523830518
1,Pcsk9,-2.1657672,-0.6055998,0.03032898190418288,0.12422628446612281
1,Slc18a2,-2.2255268,-0.97099787,0.02604588821940639,0.10722444338039888
1,Igfbp7,-2.2403145,-2.1051283,0.025070506996030917,0.10379984876659093
1,Acp6,-2.2559505,-0.50385135,0.024073737461518648,0.10012205682713653
1,Pvr,-2.2595603,-0.33603644,0.023848551368615682,0.09944048925422787
1,Clec4a3,-2.266628,-5.409284,0.023412960710454737,0.09787583059885975
1,Cystm1,-2.2768924,-1.3353437,0.02279265226182956,0.09552889397593682
1,Pea15a,-2.2810678,-0.5886523,0.02254443854708378,0.09473336612271993
1,Zmpste24,-2.3200595,-0.07176845,0.020337662900212643,0.08612973687766294
1,Gzmb,-2.321647,-1.4220507,0.02025195483304049,0.08599128465756983
1,Pafah1b3,-2.3264964,-0.16618864,0.019992083069239695,0.08533462825870207
1,Pkp3,-2.3377178,-1.4350325,0.019401898573765595,0.08303398281437413
1,Parp12,-2.3412623,-0.5136682,0.019218655684353176,0.08246735322756839
1,F5,-2.3417842,-3.381967,0.01919180329237669,0.08246735322756839
1,Rasgrp4,-2.369359,-1.5179709,0.017818947832173047,0.07686790793559756
1,Tecpr1,-2.3783185,-1.2274671,0.017391791398416324,0.07522529506195007
1,Satb1,-2.3794494,0.017624,0.017338521779772954,0.07519540729088697
1,Cd14,-2.3850818,-3.1281657,0.017075323862106275,0.07425248070867661
1,Ndst2,-2.4146137,-0.5657273,0.01575190542047104,0.06868169513979577
1,S1pr4,-2.4382958,-0.5798772,0.014756694382582324,0.06451579053517124
1,Tmcc1,-2.4447327,-0.7501605,0.014495950447868194,0.06354711250389787
1,Tmem184b,-2.4467335,-0.2145654,0.014415740226468719,0.06336674972176765
1,Zbp1,-2.4476032,-1.370256,0.014380988480114515,0.06336674972176765
1,Fmnl2,-2.4697196,-0.7621766,0.013521898331898088,0.05976163240964223
1,Clec4a2,-2.4793098,-26.076914,0.013163688248010903,0.058337438082714986
1,Adam8,-2.4909008,-1.6570196,0.012741967715835887,0.0566232099591392
1,H2-Aa,-2.5009694,-0.91459125,0.012385383756067613,0.05518981442951008
1,Ptger3,-2.5083199,-0.5114248,0.012130679772757648,0.05420375369535236
1,Slc31a2,-2.5221941,-1.6123298,0.011662529759009022,0.052255865384289044
1,Hgf,-2.5514653,-2.2499003,0.01072710483580314,0.0481976843315033
1,Antxr2,-2.5981333,-0.41009986,0.009373207267907604,0.042231506079294816
1,Cd200r4,-2.6128342,-2.3823705,0.00897948758625244,0.04057027538969766
1,Dip2a,-2.6247077,-1.0014641,0.008672336561250844,0.03929198296745494
1,Tbc1d20,-2.6552835,-0.8210477,0.007924178027680456,0.03610397966544297
1,B230208H11Rik,-2.6552835,-0.7040705,0.007924178027680456,0.03610397966544297
1,Pilra,-2.658937,-7.472822,0.007838763450694076,0.03592123088262698
1,Rabggta,-2.6591978,-0.33298028,0.00783269408746505,0.03592123088262698
1,Irf8,-2.665113,-0.7491192,0.007696246311401097,0.03556499007718684
1,Cd55,-2.6863377,-1.7403847,0.007224004114586145,0.033478099068167795
1,B4galt5,-2.6884906,-0.10313873,0.0071775859672150895,0.03335829352098245
1,Ccr5,-2.6918614,-4.1470056,0.007105448646168697,0.033117924437027664
1,Rasa4,-2.695732,-0.6976071,0.007023410548012673,0.03282989022730996
1,Il1rl1,-2.6984506,-1.8744256,0.006966308983223811,0.03265709008898561
1,Tap1,-2.7025824,-0.22131118,0.006880312986238544,0.03234744250341716
1,Dennd1a,-2.7143474,-0.72944224,0.006640650487798178,0.031311439218629784
1,Trim30a,-2.73592,-0.17675325,0.006220615571855218,0.029416438651746833
1,H2-Eb1,-2.7375073,-1.0282205,0.006190671662133508,0.02936043694731155
1,Btg2,-2.7481632,-0.6096901,0.005993015279113496,0.028506365931736336
1,Klf2,-2.7570794,-0.51459146,0.005832018627159645,0.027827711100789024
1,Cdkn1b,-2.7673874,-0.36303446,0.005650757824091427,0.02711695026827306
1,Il1f9,-2.8005943,-2.9637306,0.005100858783524834,0.02462378853237286
1,Rnase4,-2.81299,-2.1943076,0.0049083183788614865,0.023765051971681588
1,Shtn1,-2.8374767,-6.1644616,0.004547167288517466,0.022148664690616608
1,Tob1,-2.8402603,-1.0042392,0.004507674726849661,0.022022434960693223
1,Smim3,-2.8439355,-0.28987217,0.004456008231144941,0.021835786558661915
1,Ccpg1,-2.8525689,-1.0183139,0.00433674236708873,0.02131574581641794
1,Mxd4,-2.875294,-0.280612,0.00403651431273961,0.019961055534340386
1,Slc39a4,-2.8765771,-1.2810838,0.004020140191441099,0.019940878870083983
1,Tlr2,-2.9434478,-2.0308933,0.0032457844391478494,0.01624895790215374
1,Slc7a11,-2.9565177,-0.9116943,0.003111344522014787,0.015624151129126887
1,Ypel3,-2.9834833,-0.50585,0.0028498747119785114,0.014355580070897968
1,Fgr,-2.9898334,-3.327761,0.0027912961025659704,0.014104306163121506
1,Pag1,-2.9970098,-0.76863736,0.002726419308228184,0.01381953786858161
1,Evl,-3.0182128,-1.1141722,0.0025427031204616575,0.012969385098706944
1,Ets1,-3.0376978,-1.9928776,0.0023839294227841292,0.012197897551280307
1,Cd300c2,-3.0418513,-2.6545997,0.0023512798584565953,0.012068911172204422
1,Prkcb,-3.048223,-0.87196904,0.002301989546411848,0.011853419188190533
1,Id2,-3.0512893,-0.36340973,0.0022786085545517957,0.011770391960136982
1,Ugcg,-3.053877,-0.36938682,0.0022590451597003795,0.011706617409054362
1,Desi1,-3.069948,-0.557677,0.002140960660228444,0.011130250611828641
1,Pi16,-3.105743,-3.4466047,0.0018980166446766875,0.00996305177238054
1,Ly6i,-3.1067433,-3.9801319,0.001891606155783522,0.009961640210002834
1,Pld3,-3.1309254,-1.5110391,0.0017425637294921337,0.00923672669685046
1,Fcgr1,-3.1329913,-3.9968162,0.0017303450803776777,0.009202031870074076
1,H2-Ab1,-3.139537,-1.1370637,0.001692149644392024,0.009028508957907444
1,Gm43549,-3.1498668,-0.23057379,0.0016334492818642836,0.008744075033610126
1,Trafd1,-3.1529114,-0.27844724,0.0016165091375992646,0.00868204576551658
1,Eps8,-3.1639802,-0.9099428,0.0015562731108717022,0.00838629563399967
1,Mboat1,-3.165633,-1.3058304,0.0015474585904398574,0.008366592778978162
1,Chil3,-3.185988,-7.0722437,0.0014426062623807035,0.007825777115657195
1,Atf5,-3.2059731,-1.2615488,0.0013460659531809882,0.007326573745166319
1,Rara,-3.2072997,-1.2271918,0.0013398737986981732,0.007317425257536825
1,Lrp1,-3.2090828,-3.0977361,0.0013315913234621093,0.007296760563025477
1,Notch2,-3.2176075,-0.6142627,0.0012926458196183962,0.007107361082783182
1,Zfp36,-3.2277415,-0.40160024,0.0012477170976731757,0.0068836637157343224
1,Cish,-3.258252,-0.25900084,0.0011210084567421924,0.006226971632999439
1,Adgre5,-3.2693427,-3.1876752,0.0010779766051791585,0.00600851564811201
1,Vwa5a,-3.2733657,-1.1717979,0.0010627483918895743,0.005944061695327205
1,Mgll,-3.2758884,-2.198029,0.0010533016662586335,0.005911610043846033
1,Rras,-3.2933292,-0.6977928,0.0009900847496479483,0.005576102305308931
1,Ndrg1,-3.3041809,-0.57065713,0.0009525439195162506,0.005383366681029123
1,Sh2d3c,-3.3103352,-0.8159113,0.0009318435422927231,0.005303334124908059
1,Cxcr2,-3.324601,-1.7822373,0.0008854520712496419,0.005057053730869433
1,Gpr183,-3.3261666,-2.6370056,0.0008804928659418915,0.00504649974755388
1,Lrg1,-3.3548286,-5.106054,0.0007941416358949989,0.0045677224589421575
1,Il6st,-3.365789,-0.63787043,0.0007632508786523302,0.004405668772861493
1,Ms4a4c,-3.368529,-4.892661,0.0007557044669002749,0.004377688018972307
1,Adgre1,-3.3692248,-3.239927,0.0007537989811558884,0.004377688018972307
1,Klrb1f,-3.3715954,-1.0020419,0.0007473418505992995,0.004360390221841957
1,Klf4,-3.3812726,-3.6188765,0.000721509471012026,0.004224867732785221
1,Iqsec1,-3.4007359,-0.87322605,0.0006720476185054688,0.003949497236289385
1,Cpne8,-3.4044108,-0.5593483,0.0006630692441826185,0.003920567262940966
1,Abtb1,-3.404585,-1.6166476,0.0006626470097708795,0.003920567262940966
1,Klhdc4,-3.4086297,-0.9390798,0.0006529002591439342,0.0038933978688656663
1,Mrc1,-3.4190247,-0.86255103,0.000628460350171033,0.0037614859334959986
1,Rhou,-3.428419,-6.264094,0.0006071072711972271,0.0036471407180811194
1,Lilr4b,-3.437792,-2.0995886,0.0005864780739610103,0.003549505358077458
1,Hbp1,-3.4487522,-0.33102918,0.0005631831389757478,0.0034212848367740183
1,Crip1,-3.4685416,-0.42469248,0.000523291338344779,0.0031908968075008703
1,Ddhd1,-3.483786,-1.2320182,0.0004943744916715378,0.0030259450018537146
1,Anxa4,-3.4958553,-0.49287707,0.0004725446411614486,0.002903285636226779
1,Pdlim7,-3.5003788,-0.331918,0.000464597574508116,0.002865312797916974
1,Hacd4,-3.528671,-1.5321223,0.0004176518946967732,0.0025856159282372755
1,Clec7a,-3.531846,-4.711707,0.00041266947625976194,0.0025645589674074096
1,Mcpt8,-3.53924,-2.5832067,0.000401280949529337,0.0025033757697560948
1,N4bp2l1,-3.5429368,-0.70688194,0.0003956974357547939,0.0024780742887809872
1,P2rx4,-3.5445678,-1.1807301,0.0003932572703993605,0.0024723383433634216
1,Dach1,-3.5606387,-1.8762224,0.00036995397197821066,0.0023348846013566443
1,Pglyrp1,-3.5761657,-3.357089,0.00034867071546810976,0.0022178192176049963
1,Clec4n,-3.576383,-5.1044273,0.00034838093088656653,0.0022178192176049963
1,Ccz1,-3.5948026,-0.41020972,0.0003246377097742638,0.002081274170963857
1,Runx2,-3.610982,-0.32663536,0.0003050398156038729,0.0019633911940852454
1,Agl,-3.642145,-1.199395,0.0002703757850915382,0.0017541980936738998
1,Cd300lf,-3.6832895,-4.2113547,0.00023024341053238615,0.0014998185216206037
1,Ccng2,-3.6855946,-0.49419346,0.00022816925949727414,0.0014923005600991075
1,H2-DMb1,-3.6930754,-1.0655762,0.00022155821795380494,0.0014549288644577797
1,R3hdm4,-3.7261956,-0.4832065,0.00019439158755223481,0.0012817201423159547
1,Camk1,-3.7281528,-0.39465177,0.00019288843467850933,0.00127700016754507
1,Lsp1,-3.7534876,-1.0386288,0.00017439117135648654,0.001164043127326013
1,Zfp36l1,-3.7716026,-1.4345808,0.0001622024911294522,0.0010871588455040144
1,Msra,-3.7945888,-1.1098211,0.00014788841167636747,0.000995331965722274
1,Osm,-3.804962,-1.3475527,0.00014182606166734886,0.0009585078001018327
1,Pkib,-3.8089197,-0.7076123,0.00013957526715483365,0.0009472430264650216
1,Adpgk,-3.818858,-0.28373826,0.00013407095406217838,0.0009137104516338375
1,Akr1c13,-3.8214674,-0.8189984,0.00013265989459719472,0.0009079086457242609
1,Arfgef2,-3.8454323,-0.5168181,0.0001203400982703762,0.0008270832177735178
1,Itgal,-3.8463457,-0.4362406,0.00011989260512218453,0.0008270832177735178
1,Socs3,-3.8678966,-0.8073553,0.0001097782236315129,0.0007609413620953587
1,Slc23a2,-3.8750513,-1.3524208,0.0001066022968676699,0.0007420983927869553
1,Tnfrsf23,-3.905192,-3.007388,9.415061216147024e-05,0.0006582426419220031
1,Egln3,-3.9127164,-0.2555195,9.126372734402818e-05,0.0006408214967619642
1,Stat1,-3.9214368,-0.3950265,8.802257316564883e-05,0.0006207504942377496
1,Rap1b,-3.9264166,-0.34548637,8.622074221400252e-05,0.0006106988815332406
1,Tmem40,-3.9361157,-1.4464241,8.281107210382975e-05,0.0005891208725982976
1,Nabp1,-3.9396386,-1.4906552,8.160444079582687e-05,0.0005830942862151152
1,C3ar1,-3.9557962,-2.399747,7.628012185780595e-05,0.0005498949229038278
1,Gcnt1,-3.9560356,-1.2501749,7.620382117886188e-05,0.0005498949229038278
1,Mxd1,-3.967061,-1.6057439,7.276434350768635e-05,0.0005292545523294496
1,Ifi47,-3.9746506,-0.30162075,7.048263176123342e-05,0.0005165697898659244
1,Saa3,-3.9890904,-3.9203734,6.632713709603257e-05,0.0004890118925898401
1,Pnkp,-3.990243,-1.7647136,6.60056380450731e-05,0.0004888636753840575
1,Themis2,-4.0118155,-0.98308593,6.025354894443902e-05,0.00044830851554073436
1,Tmem216,-4.0126204,-1.682874,6.004847021312821e-05,0.00044830851554073436
1,Nrp1,-4.013294,-1.5686818,5.987715652930807e-05,0.00044830851554073436
1,Dab2,-4.0462403,-1.5164431,5.2046755905069695e-05,0.0003933071783236353
1,Fcnb,-4.0644426,-27.198433,4.814741793767115e-05,0.00036664371781644414
1,Cd68,-4.0662475,-1.8828663,4.777621456434209e-05,0.00036553311331774936
1,Ltb4r1,-4.066813,-2.5134943,4.7660493207271615e-05,0.00036553311331774936
1,Clec4a1,-4.073293,-4.06935,4.635298719930414e-05,0.0003580216439870062
1,Neat1,-4.075903,-1.2415384,4.583614203346718e-05,0.00035572355204920464
1,Mitf,-4.114764,-1.3291857,3.875755598177451e-05,0.00030369447247554715
1,H2-DMa,-4.125681,-0.93406856,3.696394757336819e-05,0.0002924659656780644
1,Slc40a1,-4.1474495,-5.082405,3.361999252754204e-05,0.000267311901370947
1,Bcl2l11,-4.1695437,-0.5206341,3.052099094308559e-05,0.00024386722812652623
1,Ikzf2,-4.1737843,-1.1081175,2.995812409204171e-05,0.0002405548380063943
1,Syne1,-4.1950746,-2.3054082,2.727820791225887e-05,0.0002201256379785268
1,Acox3,-4.2544427,-1.6763135,2.0957038732852493e-05,0.00016996158412343373
1,Cd300lb,-4.2644677,-2.425101,2.003792256833515e-05,0.0001633241728936664
1,Ms4a6b,-4.275798,-3.019761,1.9045402540748467e-05,0.00015601839859138392
1,Il6ra,-4.283387,-1.1723195,1.8406929660816726e-05,0.0001515535020804301
1,Ier3,-4.2908897,-1.3507992,1.7795849407229698e-05,0.00014726973335982944
1,Rab7b,-4.308918,-3.4183283,1.640552530208335e-05,0.00013646031815373944
1,Tusc1,-4.3142023,-0.6094312,1.601802032714516e-05,0.00013392386067334768
1,Gm37214,-4.3412986,-0.37570032,1.4164307161581852e-05,0.00012028537285908777
1,Gadd45b,-4.356391,-0.8037295,1.3222463793408684e-05,0.00011287808564688887
1,Cd74,-4.3859663,-0.9464524,1.1547207712360339e-05,9.909825878015063e-05
1,Cd9,-4.3990793,-0.38269573,1.0871106870296753e-05,9.379220927458156e-05
1,Il1r2,-4.401363,-2.189201,1.0757310148687096e-05,9.33067222522485e-05
1,Ubac2,-4.4188905,-0.49314955,9.920887996824327e-06,8.651441038090892e-05
1,Gbp7,-4.454403,-0.44783625,8.41270489447163e-06,7.375895858828639e-05
1,Ctsh,-4.460818,-4.0403876,8.164740631618379e-06,7.197396361133157e-05
1,Thy1,-4.465515,-0.7338337,7.987627331506425e-06,7.079744006395313e-05
1,Slfn2,-4.467081,-2.386616,7.929410149857513e-06,7.078977642933664e-05
1,Ube2h,-4.5333214,-0.5775868,5.8063412168253584e-06,5.2321585853837396e-05
1,Txnip,-4.6126094,-0.5760482,3.976451668470977e-06,3.603242796793254e-05
1,Ptms,-4.667324,-0.5909487,3.0514813976053568e-06,2.7806195656830836e-05
1,Tmem154,-4.754593,-1.7503355,1.9884655907988008e-06,1.822198411455172e-05
1,Fbxl5,-4.7743607,-1.231024,1.802790092411609e-06,1.6614349601656988e-05
1,Rassf3,-4.774839,-1.0917677,1.7985096236535449e-06,1.6614349601656988e-05
1,Golim4,-4.7766876,-0.5488165,1.7820630269186582e-06,1.6612104768172778e-05
1,Lrp12,-4.7873,-0.6866821,1.690401028938325e-06,1.5848731034323487e-05
1,G0s2,-4.7918015,-5.3005896,1.6529040135589991e-06,1.5587269244143584e-05
1,Noct,-4.8387523,-0.39619753,1.306566708415614e-06,1.2393281877486116e-05
1,Rgs18,-4.865479,-0.5033302,1.141799194895478e-06,1.0894107612473326e-05
1,Stk17b,-4.8723726,-0.7136049,1.1026590267017129e-06,1.0582916812486262e-05
1,Gata2,-4.886204,-0.9878768,1.0279891994657244e-06,9.924990961508362e-06
1,Lrpap1,-4.907515,-1.3754932,9.223749286700335e-07,8.958635534747272e-06
1,Junb,-4.931371,-0.5494242,8.165436991955749e-07,7.97851734997122e-06
1,Ly86,-4.9443755,-3.7678666,7.638824340455524e-07,7.509195806193248e-06
1,Pnpla7,-4.950052,-1.8401109,7.419380253214515e-07,7.337948030923135e-06
1,Ms4a2,-4.9614253,-3.435688,6.997785614702923e-07,6.963440654630761e-06
1,Vcan,-4.9714284,-7.0173244,6.646136213635737e-07,6.654341320072324e-06
1,Ccl3,-4.9875646,-1.1471763,6.114520078139535e-07,6.160094140833743e-06
1,Slc7a5,-4.9892826,-0.47870752,6.060396314016609e-07,6.143726763334337e-06
1,Tarm1,-4.991044,-2.774075,6.005381923995336e-07,6.126244956427946e-06
1,Glb1,-4.9952846,-1.0439805,5.874907152590465e-07,6.031075570570718e-06
1,Mmp19,-5.0073757,-3.1414297,5.517716325404637e-07,5.700468713252434e-06
1,Bri3,-5.0138345,-0.3931915,5.335590165100562e-07,5.547645671662251e-06
1,Socs1,-5.017314,-0.88577443,5.239891816168076e-07,5.4832932424674965e-06
1,Mgl2,-5.018271,-1.0993369,5.213866290272917e-07,5.4832932424674965e-06
1,Ndrg2,-5.0352764,-1.2221569,4.771593207411426e-07,5.058512537530283e-06
1,Ahnak,-5.036516,-2.2781465,4.740811093199457e-07,5.058512537530283e-06
1,Rap2b,-5.1357894,-0.8339167,2.8096206752170964e-07,3.018016380928563e-06
1,Litaf,-5.1633205,-0.54675996,2.426069973206352e-07,2.6233903310271355e-06
1,Wfdc17,-5.2007685,-2.737073,1.9846634526435306e-07,2.160485986703226e-06
1,Pirb,-5.2470884,-3.8405395,1.5452156868754102e-07,1.6934728676431861e-06
1,Jun,-5.316134,-1.5512605,1.0599502324638526e-07,1.177561148668746e-06
1,9930111J21Rik2,-5.3244414,-1.1957232,1.0126376894560453e-07,1.1327574705501416e-06
1,Papss2,-5.3368154,-3.817428,9.459337732211996e-08,1.0654892917811012e-06
1,Bnip3,-5.369087,-0.46893236,7.913617408248197e-08,9.039357349421532e-07
1,Gadd45a,-5.4277163,-0.9249758,5.707976056703899e-08,6.566196570194131e-07
1,Pde2a,-5.433675,-2.7483697,5.520521448399772e-08,6.395918420931736e-07
1,Clec4e,-5.5257497,-0.71158695,3.280814658438278e-08,3.8284038676164655e-07
1,Tgfbi,-5.5815296,-5.3256264,2.384121445213949e-08,2.802206510244221e-07
1,Ffar2,-5.611323,-0.6564719,2.0078593981923053e-08,2.3771882801955614e-07
1,Man2b1,-5.632069,-0.8584369,1.7806044174309122e-08,2.1236326213771615e-07
1,Slc7a8,-5.6340694,-2.8630826,1.7600587312880415e-08,2.114677971962373e-07
1,Mcemp1,-5.668516,-5.524395,1.440393709210294e-08,1.743521340551565e-07
1,Ctss,-5.6690164,-1.9231641,1.4361956151371141e-08,1.743521340551565e-07
1,Lat2,-5.691524,-0.8090451,1.2591029333384109e-08,1.5471704226325018e-07
1,Pld4,-5.865954,-3.225286,4.46558078992776e-09,5.5291389627960505e-08
1,Cd33,-5.929041,-2.0796056,3.0470946432953834e-09,3.8018365472500856e-08
1,Naaa,-5.958529,-4.0485916,2.5451823316905474e-09,3.2002215054279595e-08
1,Btg1,-5.9648137,-0.7167544,2.4491296269514122e-09,3.103506449152493e-08
1,Plaur,-5.9957376,-2.3232112,2.0256385431678848e-09,2.587075367730952e-08
1,Plek,-6.035447,-0.6121061,1.5852331055889838e-09,2.0406730930677238e-08
1,Myadm,-6.0592813,-1.378309,1.3673115006561368e-09,1.774223403251403e-08
1,Cyp4f16,-6.067806,-2.0051124,1.2966947647517515e-09,1.6961604100220494e-08
1,Cpa3,-6.073569,-3.6212208,1.2509839719880137e-09,1.6496715468004537e-08
1,Capg,-6.076526,-1.6451999,1.2281387024214561e-09,1.6328204715800016e-08
1,Lst1,-6.094163,-1.8827394,1.1001165688714762e-09,1.474701714635979e-08
1,C3,-6.129436,-5.47338,8.819124424043751e-10,1.1920516513165803e-08
1,F7,-6.235494,-5.7188816,4.503544464490858e-10,6.138444639835439e-09
1,Sp140,-6.3541217,-1.4289371,2.0962063418760222e-10,2.881395497053312e-09
1,Tnfrsf1b,-6.3557744,-0.61689955,2.073789403859165e-10,2.8749456521876633e-09
1,Ccr1,-6.3994417,-4.0350223,1.559460145756857e-10,2.180555479670364e-09
1,Gns,-6.4147296,-1.0109411,1.410729703775804e-10,2.0071961223897843e-09
1,Ccr2,-6.55306,-2.8100078,5.6369897232197385e-11,8.091325071736651e-10
1,Itm2c,-6.790533,-0.84241176,1.1172007491529644e-11,1.6179460849340252e-10
1,Smpdl3a,-6.800558,-2.1799805,1.0421461908817025e-11,1.5228478573064158e-10
1,Cd84,-6.836897,-2.0069985,8.092704455100136e-12,1.1933060569247655e-10
1,Bst2,-6.8545985,-0.66188633,7.151310473240773e-12,1.0641674851005995e-10
1,Hmox1,-6.884696,-1.6057781,5.791116231833466e-12,8.778682736480264e-11
1,Lipa,-6.908465,-1.0668533,4.899264371286507e-12,7.496798877572371e-11
1,Mt1,-6.981729,-0.7518771,2.9156880144332384e-12,4.547351884048762e-11
1,Gm2a,-6.993842,-1.0826935,2.6745868958673698e-12,4.295227668412746e-11
1,Olfm1,-7.150983,-2.7797146,8.615861169032432e-13,1.4116087693101621e-11
1,Olfml2b,-7.213396,-4.6766706,5.457346184223015e-13,9.032464806948703e-12
1,Gsn,-7.3088636,-0.7095701,2.694112569538397e-13,4.505000605970391e-12
1,Lpl,-7.339548,-2.65062,2.1431642131174937e-13,3.6210545350797652e-12
1,F13a1,-7.3675795,-5.6450953,1.7375399201086844e-13,2.96662078991188e-12
1,Cdkn1a,-7.3976116,-0.7174624,1.3865585538389456e-13,2.3925510365178403e-12
1,Hsd11b1,-7.456784,-6.1269126,8.865988017394356e-14,1.5463045767971662e-12
1,Ctsl,-7.608858,-2.361725,2.7652821273515353e-14,4.875312620178468e-13
1,Dmxl2,-7.7110453,-1.9635811,1.2479124131390676e-14,2.224301026496228e-13
1,Anxa6,-7.7222233,-0.8707802,1.143180024899206e-14,2.0602644448739024e-13
1,Ms4a6d,-7.814298,-3.3803947,5.527004124528194e-15,1.0072809764027788e-13
1,AB124611,-7.8184085,-3.636705,5.349536717931545e-15,9.860168814187462e-14
1,Cnn2,-7.8219094,-1.2231638,5.202794249383627e-15,9.699922152299129e-14
1,Grina,-7.8356533,-1.7852725,4.66410377245342e-15,8.796716649906334e-14
1,Sp100,-7.838089,-0.9620744,4.574542270735218e-15,8.729303015450029e-14
1,Ceacam1,-7.8550296,-3.5618167,3.9967724900980736e-15,7.717577355879852e-14
1,Sgpl1,-7.9253583,-0.90686226,2.274894062424537e-15,4.445636348497107e-14
1,Cebpe,-8.05014,-6.413952,8.269911754270136e-16,1.6358288860275806e-14
1,Mpeg1,-8.070713,-2.1820097,6.988900178047754e-16,1.3995056899745009e-14
1,Spp1,-8.140128,-1.8593782,3.9486059513548633e-16,8.005798566371986e-15
1,Ifitm6,-8.150175,-4.3384433,3.6339853738391174e-16,7.461169970084872e-15
1,Alox5,-8.243489,-1.7333051,1.6725953743601802e-16,3.4781406374515545e-15
1,Napsa,-8.245425,-1.0543973,1.645742256427153e-16,3.4667453765257696e-15
1,Tiam1,-8.275826,-1.6494157,1.2756734789466127e-16,2.7225557669097445e-15
1,Fgl2,-8.348526,-1.2529609,6.912030466392188e-17,1.5150423535794769e-15
1,Rnf149,-8.400152,-1.2768352,4.4590043862048317e-17,9.907541252635941e-16
1,Stx3,-8.408677,-3.2303066,4.146618519942725e-17,9.34141005464875e-16
1,Csf1r,-8.414527,-3.3178494,3.944844809225e-17,9.01202574727176e-16
1,Rhoj,-8.473177,-2.761427,2.3878870485750275e-17,5.533075418269564e-16
1,Rassf4,-8.66396,-2.303268,4.5565186991766186e-18,1.0711120768209384e-16
1,Ctsa,-8.671528,-1.3057286,4.263590606625654e-18,1.0169917594039429e-16
1,Tbc1d8,-8.736637,-2.420575,2.401514459617216e-18,5.813815602237499e-17
1,Hdc,-8.762755,-2.6366873,1.9053507058810985e-18,4.682543704453245e-17
1,Mmp8,-8.848154,-4.9199667,8.897865711075768e-19,2.2203597205176763e-17
1,Ms4a6c,-9.063207,-2.883126,1.2667094517250614e-19,3.2103167667157023e-18
1,Cd52,-9.082866,-1.9486307,1.0575334265590912e-19,2.7227289172680094e-18
1,Tpd52,-9.104307,-1.0904734,8.681845172412649e-20,2.2712827209118253e-18
1,Furin,-9.286414,-1.6599337,1.5957446514662315e-20,4.2431111879970947e-19
1,Ccl6,-9.395299,-5.255975,5.705551559936654e-21,1.5424007717028754e-19
1,Lipg,-9.447643,-3.4462738,3.4654552813204955e-21,9.527065197121769e-20
1,F10,-9.920045,-4.2961063,3.4060300626000546e-23,9.525139244029808e-22
1,S100a10,-10.143252,-1.4498955,3.550776417810439e-24,1.0104139209979881e-22
1,Mgst2,-10.232174,-3.0927277,1.422886557146492e-24,4.1212892780207323e-23
1,Cndp2,-10.267621,-1.385816,9.86062313090499e-25,2.907987403332344e-23
1,Ly6c2,-10.36733,-6.660737,3.491465839190023e-25,1.0487328872530031e-23
1,Vsir,-10.588166,-2.9532843,3.381514702898613e-26,1.0348711034153869e-24
1,Cd93,-10.777949,-1.3648757,4.375332138207174e-27,1.364767063110007e-25
1,Lcn2,-10.808286,-4.4979753,3.144932110262474e-27,1.0202159765691466e-25
1,Mgst1,-11.148533,-3.4221168,7.279667519502604e-29,2.4599209826319217e-27
1,Pygl,-11.279057,-2.9398587,1.6652304497574195e-29,5.746816573418158e-28
1,Spint1,-11.465729,-3.1214902,1.9610110964383786e-30,6.914695648745761e-29
1,Anxa1,-11.621391,-2.435663,3.2086769920529527e-31,1.1565497958021976e-29
1,Gfi1,-11.666211,-2.9190204,1.8968444797714565e-31,6.992458514066598e-30
1,Cyp11a1,-11.803149,-3.187639,3.7597105585705046e-32,1.418197796744502e-30
1,Cd53,-11.953093,-1.1198055,6.25534497226496e-33,2.415754653574706e-31
1,Csf2rb2,-12.219858,-2.1179438,2.435090716217693e-34,9.633456443183165e-33
1,Sell,-12.292339,-1.766938,9.95815045410399e-35,4.038030009139168e-33
1,Ctsd,-12.646049,-1.4430392,1.1764475323317603e-36,4.89281512164645e-35
1,S100a6,-12.6730795,-1.5610888,8.33758687395817e-37,3.558833134094777e-35
1,Psap,-12.916228,-1.3889425,3.6457923152016473e-38,1.598236523042452e-36
1,Sgms2,-13.145416,-5.244979,1.8080862752778724e-39,8.14643316250197e-38
1,Ftl1,-13.34505,-1.8313402,1.2658589390701194e-40,5.866351997633524e-39
1,Itgam,-13.7221365,-3.4755702,7.482785172207874e-43,3.5697286909768154e-41
1,Ctsb,-13.833109,-1.3260485,1.6091230369040537e-43,7.909083532904166e-42
1,Myo1f,-13.973092,-2.5381792,2.275296151484025e-44,1.1532907367834652e-42
1,Sorl1,-14.244794,-2.8457842,4.829679367437334e-46,2.527012881930115e-44
1,Sirpa,-14.381167,-1.616658,6.793888793768578e-47,3.673229207830878e-45
1,Lgals3,-14.40535,-3.9758656,4.788887140807979e-47,2.6784741180657042e-45
1,Cst3,-14.572994,-1.3780503,4.171968934540398e-48,2.5062717080831575e-46
1,Hp,-14.644823,-4.304396,1.453787134619692e-48,9.432170929412562e-47
1,Serpinb1a,-14.6779,-1.8435811,8.93140318890269e-49,6.036139988500069e-47
1,Wfdc21,-15.041003,-6.7105875,3.9551091642876355e-51,2.7892117671628455e-49
1,Tyrobp,-15.176484,-3.4081974,5.0619361911768425e-52,3.732027500949472e-50
1,Ccl9,-15.194013,-1.8138674,3.87459453035046e-52,2.992663013442117e-50
1,Ctsc,-15.649648,-1.9552451,3.340652012413251e-55,2.7092687820671464e-53
1,Rps27rt,-16.160889,-2.43743,9.517974125285773e-59,8.125344226954486e-57
1,Igsf6,-16.265642,-3.9805574,1.7304367760358943e-59,1.5593158059612337e-57
1,Slpi,-16.444052,-2.821869,9.252184663209051e-61,8.827672661014753e-59
1,Prdx5,-16.47182,-2.2007916,5.848239286717077e-61,5.928652576909436e-59
1,Itgb2,-17.946459,-2.6982386,5.114876767697911e-72,5.5308867448040075e-70
1,Gda,-18.207071,-4.6250095,4.535708780390805e-74,5.254942601281348e-72
1,Prtn3,-18.51485,-2.4286282,1.5672971908695335e-76,1.9555046489156795e-74
1,Gstm1,-18.624954,-2.4668925,2.0166512807012956e-77,2.7258403144145847e-75
1,Msrb1,-18.885088,-2.6935954,1.51288130547306e-79,2.230812252252094e-77
1,Dmkn,-19.131868,-3.9019966,1.3707402008760105e-81,2.223340605820889e-79
1,Mpo,-19.24382,-3.4130738,1.590460178288598e-82,2.866362676871229e-80
1,Plac8,-19.851007,-1.715463,1.080155174667005e-87,2.1900146166373526e-85
1,Vim,-20.234247,-1.9319365,4.8903742051908035e-91,1.1331695658313548e-88
1,Fcer1g,-20.36827,-1.981565,3.1976617517836726e-92,8.644345602321862e-90
1,Fcgr3,-20.747467,-4.074095,1.2922168039852299e-95,4.191951312128086e-93
1,Csf2rb,-20.820732,-2.4691358,2.808644299397004e-96,1.138905263405485e-93
1,Ctsg,-20.879948,-2.79445,8.148105492433541e-97,4.405409036242401e-94
1,Elane,-22.526361,-4.088655,2.2900992800324883e-112,1.857270516106348e-109
1,Lgals1,-23.152403,-2.1519446,1.3749184387268282e-118,2.2301177076149153e-115
2,Psap,21.459948,3.2104998,3.687121985945185e-102,5.9805118612030904e-99
2,Vim,18.27797,2.4240842,1.239546950248018e-74,1.0052725766511425e-71
2,Fcer1g,17.50277,2.3091357,1.3646807949578196e-68,7.378374164738612e-66
2,Cd74,17.42846,3.8697288,5.017984403545873e-68,2.0347926756378512e-65
2,Ctsc,17.402712,3.2721539,7.868684005874458e-68,2.5526010915056742e-65
2,Mmp8,16.635162,7.0430193,3.877074952741041e-62,1.0481025955576614e-59
2,S100a6,16.182821,2.7994084,6.6668882949057555e-59,1.5448132591910196e-56
2,Olfm1,16.02538,5.23876,8.497184857972077e-58,1.722804229953839e-55
2,Lgals3,15.810259,4.4768534,2.6437941750208434e-56,4.7647046132042316e-54
2,Sirpa,15.614115,2.5283751,5.834910205437819e-55,9.464224353220142e-53
2,Cst3,15.358601,1.9216045,3.1019590861129172e-53,4.5739796706137744e-51
2,S100a4,14.963222,2.4468484,1.2769161000746367e-50,1.725964928600884e-48
2,Ms4a6c,14.629394,4.6274953,1.824056025834438e-48,2.27586067223343e-46
2,Casp6,14.40171,2.2386394,5.047927823229635e-47,5.848384949484621e-45
2,Mpeg1,14.306144,4.021574,2.0031624754062903e-46,2.1660863567393352e-44
2,Tyrobp,14.007079,3.408671,1.4108999185298745e-44,1.4302997924096602e-42
2,Lgals1,13.847553,1.727767,1.3161902514670161e-43,1.2558003458114706e-41
2,Cd52,13.592202,3.3741648,4.454714803177575e-42,4.0141930059744595e-40
2,Ms4a6d,13.359375,4.965051,1.0443677174348085e-40,8.91560230357505e-39
2,Csf1r,13.118639,4.418407,2.5751830199762025e-39,2.0884734292007e-37
2,Ctss,12.92523,4.202052,3.243271938719175e-38,2.5050414688583343e-36
2,Ccr2,12.676226,4.620437,8.00969543174425e-37,5.905329995585988e-35
2,Itgb2,12.522624,2.3769453,5.61475586283185e-36,3.9596234823970695e-34
2,Mrc1,12.308514,3.3901606,8.151082519338373e-35,5.508773269319517e-33
2,Ctsb,12.208716,1.6381376,2.7926015424600252e-34,1.8118398807480644e-32
2,Wfdc17,12.1845,5.1216016,3.759541066711223e-34,2.345375234694463e-32
2,Lpl,12.028587,4.312473,2.5142628112033836e-33,1.5104201036192177e-31
2,Sell,12.015861,2.4614246,2.9330105890608368e-33,1.6990511340916706e-31
2,Tpd52,12.006226,2.2161653,3.2954514907009464e-33,1.8431801096265293e-31
2,Spint1,11.697819,3.3907928,1.3077183371365347e-31,7.070397142784864e-30
2,Ahnak,11.207753,4.3334303,3.7355738629513815e-29,1.9545486470023034e-27
2,Tgfbi,11.191445,7.0231876,4.490529614765862e-29,2.2761371984844463e-27
2,H2-Aa,11.17631,3.6950448,5.325875863646304e-29,2.6177486820710014e-27
2,H2-Eb1,10.795806,3.6244483,3.6028850027650245e-27,1.718788080730844e-25
2,Cdkn1a,10.696172,1.4990095,1.0607064580500482e-26,4.915616785591937e-25
2,Ifitm6,10.534075,4.2932725,6.01720526494066e-26,2.637812686414527e-24
2,Rassf4,10.50758,3.1626341,7.971323182212265e-26,3.402496368828498e-24
2,Socs3,10.465623,2.6383376,1.2425632363102955e-25,5.167788639218716e-24
2,Ly86,10.299294,5.7732306,7.097964175563376e-25,2.8782244731909486e-23
2,Bcl2l11,10.232503,2.1968985,1.4180570316746703e-24,5.609971964332475e-23
2,Il6st,10.194746,2.5524108,2.0929140685393096e-24,8.082634807549429e-23
2,Btg1,9.89428,2.0553095,4.4076663322384573e-23,1.6626127420676228e-21
2,Naaa,9.785533,5.0201597,1.2990916993326953e-22,4.682503858483626e-21
2,Rnf149,9.778828,2.1245992,1.3880899802440677e-22,4.894525973817125e-21
2,Myadm,9.761674,2.8370218,1.6441844290421896e-22,5.6741854125668756e-21
2,Vcan,9.694199,7.401971,3.1913240088193855e-22,1.0784015713135507e-20
2,Csf2rb,9.498251,1.572478,2.1344589379711784e-21,7.065494688549492e-20
2,F13a1,9.435072,4.6164265,3.907261825908464e-21,1.2675157363247055e-19
2,Gsn,9.404866,1.5485585,5.2096584472246925e-21,1.656875686548716e-19
2,Cyp4f16,9.28326,3.3232949,1.6436953778256825e-20,5.127065197756264e-19
2,Ptms,9.255105,1.9077957,2.140190330534648e-20,6.549790030428677e-19
2,Ifi203,9.08715,1.5529106,1.016692587829486e-19,3.05384329159153e-18
2,Clec4a1,9.027324,6.376921,1.7592137545519458e-19,5.188081290696829e-18
2,Ccr1,8.89208,4.250397,5.997528892126731e-19,1.7371414041124212e-17
2,Hp,8.89003,2.6243129,6.109255172409203e-19,1.7384582262539872e-17
2,Itgam,8.854258,2.4267187,8.424248048087512e-19,2.3558845403444732e-17
2,Lsp1,8.661109,2.832702,4.671974086562934e-18,1.284396943797471e-16
2,Pirb,8.593959,4.6485248,8.402296278078536e-18,2.271420760507231e-16
2,Dmkn,8.552068,2.1311607,1.2090271364333998e-17,3.214822975893401e-16
2,S100a10,8.499109,1.8527126,1.9105030053844825e-17,4.99812237860263e-16
2,Fcgr3,8.299907,1.876219,1.04193388641223e-16,2.6406511933759955e-15
2,Trim30a,8.271979,1.5354726,1.317535580236818e-16,3.2877580171447984e-15
2,Myo1f,8.241643,1.9685837,1.69862063984162e-16,4.1744889057925874e-15
2,Nfkbia,8.189564,1.2201463,2.621752553130098e-16,6.2536509429073816e-15
2,Pld4,8.128175,3.9775765,4.3580152234031993e-16,1.0244493757043462e-14
2,Cndp2,8.074924,1.7584996,6.751868241014423e-16,1.5645043267036277e-14
2,H2-Ab1,7.9002957,3.1288536,2.782425666139657e-15,6.356471028842991e-14
2,Gda,7.835457,2.12669,4.67140522644436e-15,1.0523637885128824e-13
2,Il6ra,7.7598767,2.6400852,8.501182804421914e-15,1.8888929464071705e-13
2,Ftl1,7.754669,1.5375506,8.857418225917977e-15,1.9414503192485078e-13
2,Ctsh,7.63863,5.0679293,2.195454055941743e-14,4.748035304983342e-13
2,Zfp36,7.6330967,1.768816,2.2918126344091343e-14,4.891210648699494e-13
2,Anxa6,7.5807567,1.4210155,3.4354506257280967e-14,7.23675443497529e-13
2,Ighm,7.544887,1.3138386,4.526791610108579e-14,9.413405117430916e-13
2,Irf8,7.509083,2.5378804,5.954310645049293e-14,1.2225179577556902e-12
2,Igsf6,7.463448,1.9139009,8.428700386271606e-14,1.7089190033165681e-12
2,Sgpl1,7.3905373,1.5119513,1.4623672878168053e-13,2.9283453590603187e-12
2,Clec4n,7.3887796,6.9775996,1.4818258709540916e-13,2.93112385693602e-12
2,Spp1,7.3709426,2.3028708,1.6942601740121445e-13,3.2971978682571085e-12
2,Ctsl,7.3699007,2.7565203,1.7075500674081203e-13,3.2971978682571085e-12
2,Jun,7.219392,2.5396686,5.222062564517487e-13,9.96492409370278e-12
2,Mndal,7.124412,1.8521672,1.0452582908532482e-12,1.9714057532139168e-11
2,Hmox1,7.1064773,2.1918104,1.1904217994782049e-12,2.2193840905214347e-11
2,Napsa,7.07064,1.5055857,1.5422041671260746e-12,2.810623774245498e-11
2,Gpr183,7.0309625,4.5085254,2.0511376720964595e-12,3.696605893489397e-11
2,Capg,7.0292373,2.3831291,2.0766556680241348e-12,3.701467575313348e-11
2,Anxa1,7.003035,1.9112978,2.504764120946795e-12,4.3685240905115074e-11
2,Ctsa,6.972503,1.6687808,3.1135008509832913e-12,5.372445085420105e-11
2,Msrb1,6.951216,1.2679492,3.6215082223327187e-12,6.183248775393337e-11
2,Klf4,6.938619,5.538798,3.959504222562846e-12,6.689912342705142e-11
2,Sorl1,6.8021064,1.7544684,1.0310029850609794e-11,1.7240070533700088e-10
2,Sp100,6.751915,1.3503138,1.4590620627623504e-11,2.414896597755645e-10
2,Ms4a6b,6.7474885,3.9596536,1.5042625131599525e-11,2.464559390247922e-10
2,Wfdc21,6.7207327,2.2980556,1.808130460374436e-11,2.9327876067273354e-10
2,Plxnb2,6.664292,1.9882596,2.6594467127247044e-11,4.270913433702446e-10
2,Trafd1,6.4978986,1.4581984,8.14497310734565e-11,1.2952104294230045e-09
2,Fabp5,6.4671392,0.8103239,9.987566316063734e-11,1.5697963977844062e-09
2,Tarm1,6.465967,3.159928,1.0065278999357475e-10,1.5697963977844062e-09
2,Ms4a4c,6.452264,6.09173,1.101913852458666e-10,1.7021945416075774e-09
2,Csf2rb2,6.365487,1.2204399,1.946711494738976e-10,2.9788358910062447e-09
2,Dab2,6.35123,2.8627546,2.1359974019107383e-10,3.2379325101861847e-09
2,AB124611,6.221781,2.771679,4.915438245439525e-10,7.248037121911736e-09
2,F10,6.2176795,2.5962474,5.045610032527828e-10,7.372954479964087e-09
2,H2-DMa,6.177871,2.0716138,6.497162333723144e-10,9.24420816254293e-09
2,Gbp7,6.064697,1.3532364,1.3220299657103374e-09,1.864637047288841e-08
2,F7,6.0533695,3.6471715,1.4184713940850626e-09,1.9834143113844583e-08
2,Cd53,6.0273623,0.78398365,1.6665719145264018e-09,2.310409953300704e-08
2,Il1r2,6.001453,3.1284769,1.955597864560385e-09,2.68811842060758e-08
2,Ly6a,5.898889,1.1397865,3.659569042522228e-09,4.988084863000886e-08
2,Anxa4,5.8184266,1.5279995,5.940409680801166e-09,8.029453751882909e-08
2,Cd68,5.7928753,3.160125,6.919147729978805e-09,9.275088940517043e-08
2,Eps8,5.7583404,2.1000147,8.494500580386615e-09,1.1293508148677943e-07
2,Plac8,5.753067,0.7171607,8.763861846581793e-09,1.1556897491996478e-07
2,Ccr5,5.6337733,5.9224386,1.7630892839114962e-08,2.3062345310519735e-07
2,Fgr,5.568088,4.7302046,2.575495381656929e-08,3.341962807238031e-07
2,Zfp36l1,5.5647354,2.531751,2.6255027402726528e-08,3.3798138450176533e-07
2,Rara,5.5533433,2.5793784,2.80257059709913e-08,3.5513824285115537e-07
2,H2-DMb1,5.5514226,2.2038515,2.8335388054385104e-08,3.56279065303974e-07
2,Gcnt1,5.526099,2.2011807,3.2742898452398575e-08,4.0853062530608066e-07
2,Saa3,5.3934274,3.9841435,6.912630924107609e-08,8.55899798389507e-07
2,Ier5,5.3641,1.30604,8.1353763962448e-08,9.996651905082626e-07
2,Slc30a4,5.331616,1.8939184,9.734277445757548e-08,1.17870598751798e-06
2,Rasa4,5.3207765,1.9316926,1.0332516879579436e-07,1.2414327687909515e-06
2,Gm2a,5.3075614,1.4069529,1.1110147878489293e-07,1.3250485190374731e-06
2,Bri3,5.183613,0.9623586,2.1762838328666484e-07,2.576592975846499e-06
2,Slfn2,5.1567597,2.8123956,2.5126014632961757e-07,2.92725789182641e-06
2,Rps27rt,5.155718,1.0201778,2.5266097709969015e-07,2.92725789182641e-06
2,Ccl24,5.08642,2.6330976,3.6488560831120905e-07,4.197478416175752e-06
2,Ffar2,5.083816,1.1406583,3.69926326633984e-07,4.225496491551563e-06
2,Itm2c,5.0086265,1.1841711,5.481982716777117e-07,6.2180251514772614e-06
2,Litaf,4.959379,1.0173439,7.071885051855894e-07,7.965692745909902e-06
2,Hip1,4.838034,1.4389307,1.3112946965404558e-06,1.4567945190333009e-05
2,Isg15,4.830678,1.216848,1.360687884327358e-06,1.5013848628428397e-05
2,Plek,4.7950363,0.8986817,1.6264527896155437e-06,1.7825043410516297e-05
2,Clec7a,4.792107,4.437683,1.650388706087493e-06,1.7965976384388683e-05
2,Shtn1,4.7293515,5.282878,2.252382037109454e-06,2.4194461352261816e-05
2,Gns,4.691431,1.2614849,2.713004863634893e-06,2.895061768957761e-05
2,Lat2,4.622003,1.0982879,3.8005245899924715e-06,4.002890185044019e-05
2,P2ry14,4.6159163,1.3296567,3.913647309877956e-06,4.095442539756158e-05
2,Lilr4b,4.599316,2.6991653,4.238803984739288e-06,4.4072692713122595e-05
2,Clec4a3,4.5901046,6.86447,4.430242038569618e-06,4.576976169783389e-05
2,Rap2b,4.5786796,1.3302057,4.6792032972503275e-06,4.803587182367109e-05
2,Rras,4.471201,1.6335055,7.778155658488246e-06,7.934697156017569e-05
2,C3ar1,4.4529405,2.7773085,8.470215824690097e-06,8.586681292279586e-05
2,Junb,4.4351363,1.0740646,9.201414497072616e-06,9.212774268056656e-05
2,Mx1,4.424362,1.9809976,9.672762695854445e-06,9.625289013911602e-05
2,Ciita,4.420326,3.6820047,9.855209343243144e-06,9.74704241142706e-05
2,Stk17b,4.390348,1.2313908,1.1316944666608821e-05,0.0001112489954499364
2,9930111J21Rik2,4.3801923,1.6156609,1.1857453837914076e-05,0.00011518361254022602
2,Clec4d,4.38016,1.095379,1.1859225212218093e-05,0.00011518361254022602
2,P2ry13,4.3672705,4.5390654,1.2580900439842144e-05,0.00012146559829419024
2,Grina,4.3549013,1.5247252,1.3312679395753832e-05,0.0001277702128988918
2,Hacd4,4.3442254,2.3396437,1.3976807786465001e-05,0.0001333551895861543
2,Ctsd,4.338301,0.75716084,1.435882935913335e-05,0.00013619895450593154
2,Vwa5a,4.3319216,2.1430197,1.4781366381520915e-05,0.00013939172250480769
2,Lcn2,4.3142796,1.5995274,1.6012417399167264e-05,0.00015012798278294395
2,Clec4e,4.294229,1.0502505,1.7530138309824463e-05,0.00016247933907734445
2,Vsir,4.2727466,1.5873715,1.9308000864987534e-05,0.00017794078069891922
2,Fcgr1,4.266464,4.1442604,1.9859522395977663e-05,0.00018198952161737722
2,Parp12,4.263372,1.6141434,2.013647526103454e-05,0.00018349080265953947
2,Camk1,4.258652,0.9764866,2.0566294250560603e-05,0.00018636049873971673
2,Acox3,4.2156544,2.1482735,2.4905481895380797e-05,0.0002237018083999849
2,Cd300c2,4.213506,3.4977913,2.5143665427127526e-05,0.00022408255671868598
2,Cd300lb,4.1952133,2.5001786,2.726148225514307e-05,0.00024162909408656863
2,Sdc4,4.0933332,2.6124067,4.252158109500522e-05,0.00037483698117444814
2,Bst2,4.045225,0.76072496,5.2272879239456554e-05,0.0004534043322267301
2,Tmem154,4.039334,2.0732846,5.3603279944372996e-05,0.00046247085143496277
2,Arl4c,4.0324655,2.777656,5.5194685092829066e-05,0.0004736813715374007
2,Ier3,4.0130663,1.562465,5.993511643392138e-05,0.0005116566255569499
2,Adgre1,3.9980934,3.3638806,6.385477534470916e-05,0.0005422641131367449
2,Lgmn,3.9764478,2.4566944,6.995232203522977e-05,0.0005909513871934515
2,Tifa,3.8964086,1.5539564,9.762964963104119e-05,0.0008204937393862633
2,Sh3bp5,3.8164668,1.2612473,0.0001353762490238389,0.0011241544577027262
2,Gpnmb,3.806767,6.799494,0.00014079522364172518,0.0011592378312024277
2,Plbd1,3.7880185,5.6754823,0.0001518535111890018,0.0012439716926694996
2,Plaur,3.7790024,1.9547639,0.0001574579506745696,0.0012834009848952355
2,Jund,3.7463226,0.5203192,0.00017944580853947916,0.001449004461702159
2,Cd28,3.7461598,1.3239229,0.00017956220518010725,0.001449004461702159
2,Acadm,3.7069051,0.72181904,0.00020980752872649068,0.0016846921366057816
2,Lrp1,3.686464,3.3837523,0.0002273916182105828,0.0018168926341751983
2,Rasgrp4,3.6775453,2.6000836,0.00023548917641890118,0.0018723698242718518
2,Socs1,3.6704822,1.2107244,0.00024209338312496765,0.0019154900850180368
2,Lst1,3.6614985,1.5423386,0.0002507443605708781,0.0019743075380872052
2,Plekhm3,3.6505618,3.356478,0.0002616673169079311,0.002050359362437992
2,Tlr2,3.635231,2.8412163,0.000277731678239285,0.002165772990885194
2,Tnip3,3.620779,0.8909847,0.0002937173434315279,0.0022794714404111875
2,Cish,3.6158965,0.7154364,0.00029930989298505205,0.002300856144178931
2,Sirpb1b,3.613195,27.626455,0.0003024471406456804,0.00231400595343063
2,Lipa,3.5987754,1.0840269,0.0003197190447311196,0.002434668030769371
2,Crip1,3.5848117,0.93363696,0.00033732144017777896,0.0025448157021784068
2,Pkib,3.5762837,1.3123254,0.00034851335154503896,0.002617077112065061
2,Id2,3.5745587,0.9550017,0.00035081919630526674,0.0026222522415075694
2,Furin,3.5401864,0.938614,0.00039984465546810265,0.0029614065350194634
2,Lrg1,3.4715068,3.3229303,0.0005175462886286797,0.0037984619011570972
2,Oasl2,3.4698467,1.1217718,0.0005207554203801002,0.0038047986119663178
2,Pou2f2,3.460798,0.8125565,0.0005385768428967949,0.003917361610666374
2,Lmna,3.4569898,1.9053677,0.0005462457906796913,0.003955404787868122
2,Pilra,3.4412358,4.320858,0.0005790639017024826,0.004174407326939675
2,Cdh1,3.4343352,2.5522225,0.0005940091807056919,0.004263198633206337
2,Themis2,3.3965452,1.4732498,0.0006824229540940441,0.004876167539826165
2,Ndrg1,3.379001,1.2863504,0.0007274975526809965,0.00515284292772304
2,B4galt5,3.3582017,0.6792891,0.0007845131817022501,0.005532523394439346
2,F11r,3.3361657,1.2725301,0.0008494250305142308,0.005964361036770919
2,Tnfrsf23,3.3221045,2.4072845,0.0008934127565666325,0.006246187461858095
2,Smox,3.2445061,1.3331807,0.0011765444362486553,0.00819036513131038
2,Irf7,3.2214286,1.5736902,0.0012755323918934025,0.008841510853209824
2,Txnip,3.2029405,0.7662817,0.001360321023479647,0.009389109362059523
2,Slfn1,3.199946,5.6923957,0.0013745338508570723,0.009447008076653269
2,Stat1,3.197114,0.87888247,0.00138810011609809,0.009499993199624903
2,Nrp1,3.1895952,1.5712447,0.0014247223154611921,0.009709662166714511
2,Zbp1,3.1872191,2.1599116,0.0014364794917238353,0.009748827345506531
2,Cd33,3.1841269,1.5782535,0.001451913858350946,0.009802614294270975
2,Fbxl5,3.1734831,1.3994442,0.0015062165994090592,0.010095385637361546
2,Kmo,3.1647923,3.4183118,0.0015519364302924998,0.010359016007960636
2,Evl,3.163295,1.7398791,0.0015599411224229663,0.010369772543319883
2,Dpep2,3.1581197,6.6216617,0.0015879032387834983,0.010512567564517692
2,Trem2,3.1462066,4.088429,0.001654031217662887,0.01090584810995611
2,Ly6c2,3.1437654,1.2198786,0.0016678910369400876,0.010952709562416283
2,Cd300lf,3.1410964,2.866033,0.0016831666574686126,0.011008452896831007
2,Gm37214,3.1326659,0.5520824,0.0017322644771025062,0.011284068200242029
2,Dennd1a,3.0912955,1.499061,0.00199285190745517,0.012852341987504021
2,Mitf,3.0907097,1.5287286,0.001996788027651673,0.012852341987504021
2,Klf2,3.0806193,1.0527909,0.002065706069234698,0.013191241119286141
2,Sp140,3.0706916,1.2462697,0.0021356357618031022,0.01358431845350836
2,Mcoln2,3.0225835,2.54573,0.002506269917408296,0.015817781346444574
2,Eepd1,2.9956324,2.2503576,0.002738763768458027,0.017218119505577213
2,Fgl2,2.9926052,0.83492935,0.0027660723442459,0.01732266155353996
2,Gbp2,2.944139,1.6875077,0.0032385449629739947,0.020203538192091614
2,Ube2h,2.9428697,0.86304396,0.0032518537627870777,0.020208838326592492
2,Mmp19,2.935383,2.1044433,0.0033313601426210155,0.02054549867426345
2,Prdx5,2.9297848,0.55388266,0.003391969678296324,0.020840056129532717
2,Mgst1,2.9261718,1.1272798,0.0034316152131121944,0.02100407500252068
2,Fpr2,2.9023778,7.375967,0.0037034143845920717,0.022582474179730604
2,Ddt,2.8958354,0.5838788,0.003781505813741865,0.02297229374490376
2,Bcl6,2.8901718,2.31711,0.00385031257977533,0.02330301121043129
2,Ddhd1,2.8661504,1.578193,0.004154969228026396,0.025053383226240945
2,Klrb1f,2.8536186,1.4292045,0.004322437291089287,0.025966641800543793
2,Tap1,2.8447978,0.7451058,0.0044439623039535655,0.026598180284179644
2,Emp1,2.8390365,1.4272339,0.004524997615806335,0.026983625488374543
2,Tmem106a,2.8369207,2.7241943,0.004555090814693518,0.02706357985872852
2,Msr1,2.8176515,8.179896,0.004837628921864688,0.028637350771038406
2,Smpdl3a,2.8033621,1.3271142,0.005057283408399044,0.029720701769649454
2,Tmem108,2.7550912,0.93037105,0.005867576837898347,0.034255007775328104
2,Gpr137b,2.754896,2.9215357,0.0058710802475593175,0.034255007775328104
2,Bst1,2.7492323,5.275031,0.005973502872936384,0.034603648785367196
2,Slpi,2.7478652,0.59691817,0.005998465554574057,0.03462459476697197
2,Isg20,2.7436988,0.66307867,0.0060751230550477354,0.034942729061302934
2,Neat1,2.7266428,1.2892601,0.006398223197597623,0.03664301022293765
2,Rab7b,2.7257316,2.463101,0.006415915476765902,0.03664301022293765
2,Gadd45b,2.7036629,1.1341944,0.006857980948448271,0.03890910467531067
2,Tcf7l2,2.7035327,1.4691684,0.006860668271972165,0.03890910467531067
2,Rnase4,2.699627,2.2453847,0.006941729204504478,0.039231654249847606
2,Tmem176a,2.6640177,1.031145,0.007721351806059905,0.04318631941182471
2,Tbc1d8,2.6623902,1.2648174,0.007758789134681249,0.043240405509608185
2,Irf1,2.6094646,1.2067866,0.00906840332401256,0.050030442828395826
2,Btg2,2.595045,1.178189,0.009457849894536437,0.051826461246412506
2,Aldoc,2.5636673,0.5175382,0.010357275124167745,0.05624887341345246
2,Epsti1,2.5636349,0.6412613,0.01035824636444485,0.05624887341345246
2,Ccl4,2.5632768,1.0969543,0.010368935357966883,0.05624887341345246
2,Adam8,2.5376604,1.9144664,0.011159625352090963,0.060336374403638475
2,Tspyl1,2.5303042,0.6727417,0.011396371023667858,0.06141167375544606
2,Cd9,2.5207345,0.4548904,0.011711017118259774,0.06289824425767336
2,C3,2.5016606,1.889123,0.012361240428489392,0.066171392656798
2,Nabp1,2.4838233,1.4225323,0.012998027525559069,0.06935131791597635
2,Tnfrsf1b,2.4733098,0.53294843,0.013386802981549968,0.0711914571674559
2,Lilra6,2.4502323,6.345891,0.014276411614536837,0.0756743125450286
2,Cd84,2.4369195,1.1016248,0.014812979213565622,0.07826271102411543
2,Nek6,2.4066157,0.63118833,0.016101098195653592,0.08451773874870591
2,Lrp12,2.3933356,0.6102229,0.01669596204141203,0.08735758203603326
2,Cdkn1b,2.3808365,0.8111525,0.017273373571390215,0.0900881412630062
2,Dmxl2,2.3744893,0.960294,0.017573240501293358,0.09127541010340443
2,Map3k8,2.3736432,0.9021129,0.01761356557482465,0.09127541010340443
2,Pag1,2.2843597,1.0677192,0.022350399257122726,0.11508681776207322
2,Stat2,2.2663274,0.89287543,0.023431353367693142,0.11989165666371696
2,Cpne8,2.2479694,0.80083144,0.02457814635973817,0.12536400438835002
2,Slc39a4,2.2439983,1.5428092,0.024832512359270396,0.12626437318726202
2,Plxna1,2.2357306,2.4211597,0.02536941744885379,0.1285143946841166
2,Slc15a3,2.234754,1.9257607,0.025433489946733313,0.1285143946841166
2,Cd300ld,2.230588,3.8699682,0.025708441594300642,0.1295002865402349
2,Cd93,2.2268121,0.5381338,0.025959833427049887,0.13036176414450437
2,Prnp,2.222125,1.2108383,0.02627486057992222,0.131536493397018
2,Dock10,2.2190654,0.8821295,0.026482280841152544,0.13216695238261364
2,Adora2b,2.203767,2.3592148,0.027540732004702802,0.13702781383934953
2,Pkp3,2.1944904,1.8054607,0.028200172301214514,0.13945329107490836
2,Pea15a,2.164903,1.108958,0.03039512385181105,0.14939663905344702
2,Apobec1,2.1374962,0.9500543,0.032557657800359185,0.1586743401614894
2,Ccl9,2.1205378,0.35524616,0.03396071346280112,0.16443067831839828
2,Lrpap1,2.104491,1.0337815,0.03533564593430665,0.17007245609924448
2,Oas3,2.0971673,1.2278974,0.03597877065114595,0.17215999441474716
2,Mdfic,2.0971348,1.1719172,0.03598165111380967,0.17215999441474716
2,Mir99ahg,2.0926428,2.12161,0.03638104537992953,0.17355898707719325
2,Tecpr1,2.0878255,1.6530505,0.03681357381408175,0.17510738042944457
2,Maf,2.082162,5.3897038,0.037327681321621196,0.17651749009816203
2,Helz2,2.07435,0.6174579,0.03804681371270727,0.17939515070352088
2,Marcks,2.0699885,1.7619405,0.03845343077053539,0.1807868542313287
2,Ptpro,2.030994,3.7591455,0.042255598863591474,0.19751752552376187
2,Znfx1,2.0170302,0.6417019,0.04369235264936104,0.20306302578012497
2,Plekhg1,2.0147192,4.2674694,0.0439340719347747,0.20360304193772732
2,Ccl6,1.9982166,0.9478479,0.045693177188436414,0.20936252372780753
2,Rassf3,1.9790449,0.8926532,0.04781094366604927,0.21803567959453007
2,Sirpb1c,1.9786544,26.571095,0.0478549333758648,0.21803567959453007
2,Tbc1d9,1.9633561,2.3864443,0.04960481268389232,0.2247458272996462
2,Clec2d,1.9593525,1.3046027,0.050071520318811104,0.22572018392140583
2,Sertad1,1.9591247,0.9224422,0.050098191252593155,0.22572018392140583
2,Itgb7,1.948188,3.0353477,0.05139247245768441,0.23091022251070392
2,Ifit2,1.9391718,0.9890857,0.052480425477287956,0.23478271879048107
2,Man2b1,1.938651,0.54814184,0.052543851369263025,0.23478271879048107
2,Spata6,1.9366654,1.4234732,0.05278625075212928,0.23521785362624642
2,Mgl2,1.9333129,0.99136853,0.05319766920685441,0.2364016971329256
2,Tubb2a,1.9178518,1.3024862,0.0551298028461393,0.24431841589190698
2,Dhx58,1.8894361,0.70932585,0.05883342201595905,0.2586119526013159
2,Entpd3,1.8695809,6.706788,0.06154204759668748,0.26978703027520834
2,Bcl3,1.8632337,0.840426,0.062429396069456626,0.27220559253940496
2,Mcemp1,1.8531759,1.5764482,0.06385715483772343,0.2769419923710893
2,St8sia1,1.8505719,2.0907447,0.06423116424416557,0.27782119574409747
2,Slc31a2,1.8451362,1.7363037,0.06501773810020794,0.28047545531525875
2,Cyth1,1.8378451,0.66149795,0.06608524332605054,0.28432430948237125
2,Satb1,1.8359572,0.66471434,0.06636399257241425,0.28476824326046535
2,Parp14,1.8344599,0.5399819,0.06658575763320401,0.2849659601083296
2,Ptafr,1.8114474,2.8770754,0.0700716315542736,0.2990952273185047
2,Bex6,1.8063046,0.6677084,0.0708707854472487,0.30045979404049816
2,Ltb4r1,1.8058163,1.5305556,0.07094704137947644,0.30045979404049816
2,Ly6d,1.7997947,1.8998456,0.07189307448202693,0.3036733510673117
2,Pla2g7,1.7736573,6.7390885,0.07611984852973874,0.3206919332863279
2,Fos,1.7312778,2.5921664,0.08340222532524848,0.34771320403876493
2,Cd83,1.7117481,1.3765261,0.08694310159347661,0.36066933704506154
2,Ddx58,1.7073214,0.30633473,0.08776233910905891,0.3631390664155448
2,I830077J02Rik,1.7032201,1.6454792,0.08852688433901683,0.36537049974016617
2,Flrt3,1.6974589,6.379779,0.08960994608444736,0.3670195011738078
2,Bnip3,1.69658,0.26714155,0.08977609285275978,0.3670195011738078
2,Irak2,1.6759436,2.0538962,0.09374924208843236,0.3801531766685932
2,Ankrd37,1.6717122,1.3716364,0.09458109696804066,0.38161825692080087
2,Tiam1,1.6695964,0.63755685,0.0949992371766366,0.3821069095919567
2,Haao,1.6687176,1.0868422,0.09517336095878576,0.3821069095919567
2,Gpr171,1.6669924,0.36104703,0.09551590286822002,0.38253529494383426
2,Mmp12,1.6518569,4.6173677,0.09856372043269357,0.39183910426918866
2,Trim30b,1.6409203,2.5734367,0.1008139646867359,0.39882987980947715
2,Ypel3,1.6322621,0.63395536,0.1026242835351773,0.40500386348919126
2,Cd86,1.6261753,3.9417503,0.10391236149660939,0.4081013325605337
2,AA467197,1.6163454,1.4206482,0.10601966212639813,0.41437082402172953
2,1700025G04Rik,1.6054739,0.3442255,0.10838956928508185,0.42261509947212206
2,Dtx3l,1.601047,0.5723635,0.10936649069033394,0.4243838466500518
2,Il4i1,1.5915751,2.5648422,0.1114801933993082,0.43155339783694013
2,Arg2,1.5788808,5.6549335,0.11436339049654726,0.44166052234618963
2,Lox,1.5771232,2.5103862,0.11476718704184848,0.44216716717785803
2,Ccnd1,1.5647544,0.9704729,0.11764052131411909,0.45147510793774137
2,Bcl2a1b,1.5643312,4.271538,0.11773980928339373,0.45147510793774137
2,Cd2ap,1.5516368,0.6354434,0.12074913486508997,0.459753748242197
2,Cnp,1.5463638,0.3287691,0.12201672009534739,0.46349208429661237
2,Il10ra,1.5325629,1.5462573,0.12538360323926007,0.472958615009488
2,Fam43a,1.5260855,0.7685459,0.12698857758329013,0.47790132909535177
2,Pnpla7,1.523449,0.8872026,0.12764641911813887,0.4792650273370862
2,Phf11b,1.502845,3.313043,0.13287899175106416,0.4977591792614921
2,Pi16,1.5005015,1.8289258,0.1334845356762482,0.49887538448588614
2,Antxr2,1.4849429,0.70120925,0.13755896276045074,0.51174458164553
2,Cdc42ep2,1.4834455,3.521997,0.137956066420401,0.511839218838319
2,Timp2,1.4824691,1.9120183,0.1382155227195954,0.511839218838319
2,Gpcpd1,1.4780424,1.2448064,0.1393964431510345,0.5150365166081503
2,Cd274,1.4709791,1.2225454,0.14129676954211687,0.51734392821064
2,Camk1d,1.4635904,1.6675909,0.14330591042216329,0.5223419925949413
2,Arl5c,1.4581871,2.3989139,0.1447889711532882,0.5265643749117342
2,Trim26,1.4531745,1.1058397,0.14617531126429853,0.5304169012767164
2,Dennd1c,1.4369649,0.85012174,0.150727989258797,0.545716068253948
2,Mfge8,1.4244007,1.077604,0.15433051240797668,0.556275758057196
2,Ceacam1,1.4188021,0.71689665,0.15595669823215091,0.5597180502406988
2,Serpinb10,1.418737,3.1839752,0.15597568354426378,0.5597180502406988
2,Notch2,1.4164261,0.58936715,0.15665079880299493,0.5608997696654697
2,Parp9,1.4137244,0.5382319,0.15744282463397907,0.5612862446597854
2,Sdc3,1.4130734,2.8950658,0.15763412715842962,0.5612862446597854
2,Frmd4b,1.4125202,0.7729456,0.15779687272802845,0.5612862446597854
2,Pde4b,1.4080933,0.65524256,0.15910342254695264,0.5646952984051579
2,Pdgfa,1.4001187,2.1776314,0.1614777653319922,0.5718710379224702
2,Rnase6,1.3982309,2.1263032,0.1620437518013359,0.5726251969973134
2,Tbc1d4,1.3967336,1.4589093,0.16249370126916873,0.5729669205621558
2,Hgsnat,1.3880754,0.77511805,0.16511408535325434,0.580521757206051
2,Rgl1,1.3872942,2.5902936,0.1653520664791588,0.580521757206051
2,Ifi27l2a,1.385211,1.7658995,0.16598794475361134,0.5814955645580078
2,Rap1b,1.3770736,0.161149,0.16848947620629784,0.588986918979774
2,H2-DMb2,1.3649327,3.34789,0.17227421086196637,0.5986684290605472
2,Nfkb2,1.3646398,0.5201261,0.17236631095639676,0.5986684290605472
2,Clec4a2,1.3542238,2.3817327,0.175664963996348,0.6075236068274551
2,Dip2a,1.3518803,0.83307356,0.17641360787348648,0.6080601614323994
2,Dok2,1.351392,0.30640587,0.17656987425071524,0.6080601614323994
2,Nrp2,1.3498622,2.880331,0.17706017692869502,0.6084567944456426
2,Ctr9,1.3468677,0.4046459,0.17802285295350817,0.6091552795641467
2,Cib2,1.3466724,2.1212711,0.17808577123674652,0.6091552795641467
2,Gstt3,1.3457284,0.7822902,0.1783901096134215,0.6091552795641467
2,Ccr9,1.3244411,1.6032631,0.18535661200351328,0.6289715997274028
2,Atf5,1.3065063,1.0498403,0.19138045814291338,0.6440230354933725
2,Anpep,1.3046184,2.7712207,0.19202283088426975,0.6448468565099079
2,Pld3,1.3033814,1.0211964,0.19244455459260723,0.6449278255148945
2,Tnfaip3,1.2979132,0.6622567,0.1943171772002632,0.6494947857461033
2,Ccng2,1.2943327,0.35777965,0.1955505224548606,0.6512996866977082
2,Igtp,1.2793274,0.27740183,0.20078179842919097,0.6646287286778526
2,Rsad2,1.2740868,0.40066382,0.20263262315290786,0.667546892094962
2,Pafah1b3,1.2616855,0.385787,0.20706197097537615,0.6784939735799195
2,Pdcd1lg2,1.2482425,1.2359004,0.21194224493857183,0.6903018499806496
2,Tmem184b,1.245899,0.43072698,0.21280148261485365,0.6917114324675203
2,Hcar2,1.2207056,4.270221,0.2221974928544218,0.7165096091647558
2,Cxcr2,1.1912808,1.0753433,0.23354335039277274,0.7471544661480817
2,Tcp11l2,1.1846408,1.085586,0.23615952225058334,0.7540368997843429
2,Gcnt2,1.1780007,0.48440462,0.23879635436301327,0.7609581272628831
2,Atf3,1.1665107,2.6877024,0.24340804847540387,0.7722346539373862
2,Cd14,1.1656318,1.9557621,0.24376334328972982,0.7722346539373862
2,AI504432,1.162149,0.6103807,0.24517494549894092,0.7726401343623732
2,Otulin,1.1445397,0.43676776,0.2523998841983013,0.7903332281267272
2,Igf2bp2,1.1426518,2.5070002,0.25318317929329825,0.7905382945240587
2,Cetn4,1.1420333,1.2401733,0.2534401437438413,0.7905382945240587
2,Sh3bp4,1.1399176,3.203281,0.2543206057996631,0.7917620395528858
2,Cox6a2,1.1370533,1.6183537,0.2555160037210136,0.7939596897231496
2,Gbp3,1.1334077,0.5707976,0.25704305965452146,0.7956561884725836
2,Upp1,1.1211691,1.9749042,0.26221587979326233,0.8080287539780763
2,Cd40,1.1156358,2.842975,0.2645781038655243,0.8112394791491122
2,Iqsec1,1.1143663,0.550318,0.26512208803332404,0.8113736354529276
2,Cd82,1.1115019,0.8109713,0.2663523689772439,0.8131421256508045
2,Zbtb5,1.1084096,0.74916744,0.26768491689753793,0.8146058821910066
2,Tmem140,1.0992959,1.9472961,0.27163905122010323,0.8192987645958033
2,Ctnnd2,1.0973428,1.8625132,0.27249154335645165,0.8194241333915289
2,Abcg1,1.0966268,2.280302,0.2728045820169085,0.8194241333915289
2,Mafb,1.094804,5.368249,0.27360251746477493,0.8203018176115803
2,Gpr65,1.088587,0.34265977,0.2763360397550484,0.8254457762112126
2,Olfml2b,1.0849415,0.8196733,0.2779475753338809,0.8287333955727112
2,Fyn,1.0756974,0.47638178,0.28206260722130827,0.8363904002065119
2,Stx3,1.072182,0.64400834,0.2836382681661055,0.8381020249863584
2,Tmem176b,1.071531,0.19895235,0.28393071009436355,0.8381020249863584
2,Fmnl2,1.069806,1.0258203,0.2847066681673758,0.8381020249863584
2,Lpin1,1.0673321,0.3465814,0.28582186426467204,0.8398606228936559
2,Pgf,1.059976,4.267074,0.28915552859696436,0.8465889302965274
2,P2ry12,1.0496904,2.6552205,0.29386051566520976,0.8588139755116581
2,Phf11c,1.0371587,1.3003881,0.29966188126002435,0.8740173757352916
2,Cyp4f18,1.0349779,2.30088,0.30067922050572915,0.8740173757352916
2,Mboat1,1.0349779,0.59736514,0.30067922050572915,0.8740173757352916
2,Daxx,1.0326018,0.25001553,0.3017902816148298,0.8745996001530308
2,AW112010,1.022902,2.2699742,0.3063541632459291,0.884175182891276
2,N4bp2l1,1.020233,0.38149995,0.30761797956646975,0.8862457599588169
2,Ccr7,1.0100449,3.1117222,0.3124737440441592,0.8949553611128688
2,Il1f9,1.0092638,1.2553489,0.3128481441128216,0.8949553611128688
2,Snn,0.999564,0.9321422,0.31752154327342774,0.9056081215051821
2,Usp18,0.9987828,0.45874354,0.3178999055511368,0.9056081215051821
2,Edn1,0.9980667,5.457566,0.31824699707642035,0.9056081215051821
2,Ifit3,0.9956581,1.4604688,0.31941630793187015,0.9073436978379918
2,Gm11772,0.9933796,1.5131693,0.32052499686827185,0.9089013023082814
2,Ccl3,0.9846238,0.48434678,0.32480890598232504,0.917975396041737
2,Procr,0.98452616,1.3787919,0.32485689107765536,0.917975396041737
2,Ralgds,0.9738499,0.7769798,0.33013108385779233,0.9312567269866768
2,Lpar6,0.97075766,0.9821128,0.33166896618128516,0.9339705957396607
2,F5,0.9654521,1.5923417,0.3343184196897251,0.9381738351846611
2,Nsg2,0.9597885,1.333492,0.3371616848489287,0.9445185713729921
2,Pgm2l1,0.9548735,0.34634638,0.33964167663386846,0.9498255163795425
2,Slc7a11,0.95353895,0.70114946,0.3403170660099778,0.9500762152636558
2,A930007I19Rik,0.9511628,2.4175801,0.3415217172515903,0.9518010745396553
2,Dusp10,0.9465082,1.0723498,0.34388941220610925,0.9551175112984747
2,Slfn8,0.9432533,0.8737441,0.3455513546968848,0.9571029910587862
2,Pnkp,0.9323492,0.6252997,0.35115608611980065,0.9696396988702776
2,Scel,0.9294523,3.6595728,0.35265473659359736,0.9711476787008743
2,Ms4a7,0.9237236,6.095803,0.3556302541726125,0.9776818174033517
2,Il1rn,0.91565126,2.1934962,0.35984982169965685,0.9864546587739466
2,Nrip1,0.9113873,0.24651742,0.3620913440333767,0.9898649598888327
2,Grap,0.9084578,1.1566179,0.36363637950431904,0.9912911051361437
2,Fam234b,0.9053982,0.5167372,0.3652544789928137,0.9940314847757448
2,Ppp1r3d,0.8948847,1.3531526,0.37084873832461973,1.0
2,Myo1e,0.88612884,0.53510153,0.3755480985164503,1.0
2,Selp,0.86588305,1.5324006,0.3865543091385164,1.0
2,Myof,0.8549789,3.7630358,0.39256281018214123,1.0
2,Herc6,0.8543279,0.52707124,0.39292330879095294,1.0
2,Glb1,0.8477204,0.337223,0.3965937108661005,1.0
2,Mxd1,0.8423497,0.84140974,0.3995922338068396,1.0
2,Flt3,0.84117794,0.2834982,0.4002482646716493,1.0
2,Il7r,0.8397132,2.776514,0.40106921300115106,1.0
2,Ccl2,0.83749986,6.047203,0.4023116738932857,1.0
2,Tox,0.83346367,0.39232594,0.404583271279623,1.0
2,Gbp5,0.8330731,1.7980222,0.40480350968593626,1.0
2,Oasl1,0.8303715,0.6173819,0.40632878714794674,1.0
2,Lars2,0.81979287,0.5691504,0.412334193939345,1.0
2,Foxo1,0.8180677,0.6707298,0.4133185035810638,1.0
2,Slc23a2,0.81520337,0.47886968,0.4149558987617703,1.0
2,Trp53inp2,0.8133155,1.4746013,0.41603718417753455,1.0
2,Elane,0.8122739,-0.2906558,0.4166344667584796,1.0
2,Slx4ip,0.8099304,0.60717434,0.417980200632334,1.0
2,Sh2d3c,0.803095,0.5161972,0.42191985231964735,1.0
2,Ly6i,0.80257416,1.1623226,0.42222090616323915,1.0
2,6430548M08Rik,0.8016628,3.7169564,0.42274805322076325,1.0
2,Samd9l,0.7970733,0.16779579,0.42540846721197245,1.0
2,Mllt6,0.79612935,0.6029591,0.42595685411303974,1.0
2,Mov10,0.7955109,0.34176368,0.42631636562893305,1.0
2,Slfn5,0.79437166,2.486667,0.42697908676244,1.0
2,Pvr,0.7918328,0.30863324,0.4284581662705629,1.0
2,Irf9,0.79114926,0.1466752,0.42885688868557925,1.0
2,Relb,0.7897496,1.0183917,0.42967399318325517,1.0
2,Irgm2,0.7796593,0.81461954,0.4355914509171831,1.0
2,Oas1g,0.7792036,0.8601069,0.4358597957176886,1.0
2,Axl,0.7744514,1.2115873,0.43866392363262896,1.0
2,Slc37a2,0.76807165,1.1242622,0.442444621526927,1.0
2,Clec10a,0.7599017,0.48603538,0.44731334002155265,1.0
2,Gm20559,0.755475,1.0970615,0.44996404471735385,1.0
2,Cldn11,0.748249,0.77039546,0.45430999753007606,1.0
2,9330175E14Rik,0.74665403,1.9609717,0.45527241705485577,1.0
2,Cd38,0.7360429,1.607319,0.4617045956160888,1.0
2,Kdr,0.73395973,3.190893,0.4629732874785407,1.0
2,Serpinb6b,0.72608274,0.7432854,0.4677880552969855,1.0
2,Ccdc102a,0.7122817,1.5161713,0.4762903397463846,1.0
2,Lad1,0.70388395,3.4378633,0.4815050538843414,1.0
2,Samsn1,0.7024843,0.111715436,0.48237718362388426,1.0
2,Tbc1d20,0.69496536,0.55799925,0.48707700783472674,1.0
2,Mxd4,0.6947375,0.25986078,0.4872198118209756,1.0
2,Gata3,0.69333786,1.0829922,0.4880975321282671,1.0
2,Cd7,0.6932077,3.3165615,0.48817922386543366,1.0
2,Tcf4,0.6893994,0.14643814,0.49057196619600596,1.0
2,Steap4,0.6882276,24.957378,0.49130946094516836,1.0
2,Capn5,0.68731624,1.057405,0.49188347935440613,1.0
2,Ociad2,0.6829546,0.39968267,0.49463554265167664,1.0
2,Trim30d,0.6823036,1.4859163,0.4950470031858869,1.0
2,Map3k14,0.681555,2.1698103,0.4955204087814974,1.0
2,Ecm1,0.67927647,1.5821811,0.4969626944886685,1.0
2,Rrad,0.6742313,0.56559527,0.5001642712491758,1.0
2,Klrd1,0.67331994,2.0542746,0.5007437852276763,1.0
2,Gm15880,0.6652476,5.6165113,0.5058921217820291,1.0
2,Tnf,0.66316444,0.21348807,0.5072252323020219,1.0
2,Pygl,0.6630017,0.19388221,0.5073294592175976,1.0
2,Nqo1,0.657924,0.7279022,0.5105869806734258,1.0
2,Slamf7,0.6575334,2.6181533,0.5108380113664714,1.0
2,P2rx5,0.6561663,2.2606227,0.511717126431118,1.0
2,Azin2,0.6533996,0.24384454,0.5134987009221814,1.0
2,Traf1,0.6511862,2.032496,0.5149262818718754,1.0
2,Smim3,0.6509909,0.09635931,0.5150523438127566,1.0
2,Mmp14,0.6506003,1.9753622,0.5153045157761227,1.0
2,Plk2,0.6505027,1.43545,0.5153675687819437,1.0
2,Cyp4v3,0.6497215,0.90703696,0.5158721369901036,1.0
2,Cxcl16,0.64187706,4.111702,0.5209530140043265,1.0
2,Zcchc24,0.64181197,3.950082,0.5209952865178059,1.0
2,Cpq,0.64099824,0.89540166,0.5215238419287588,1.0
2,Pcmtd2,0.6392731,0.25140342,0.52264529116846,1.0
2,Dhrs3,0.63614833,0.27971795,0.5246797447524528,1.0
2,Cnn2,0.6357903,0.16677995,0.5249131179470854,1.0
2,Trib1,0.6280109,1.9619042,0.5299967686280177,1.0
2,Gadd45g,0.6194504,0.591037,0.5356196767228683,1.0
2,Ifit3b,0.6191575,3.783173,0.5358126261206049,1.0
2,Rtp4,0.6172045,0.014002229,0.5370998493965983,1.0
2,Nfkbiz,0.6169441,0.80677813,0.5372715965356021,1.0
2,Bmyc,0.6075698,0.075328104,0.5434728143488183,1.0
2,Abtb1,0.60512865,0.6845206,0.5450935417564124,1.0
2,Ocstamp,0.6025897,1.0830288,0.5467816398366329,1.0
2,Pigz,0.60219914,24.81709,0.5470415768083743,1.0
2,Ube2l6,0.6016458,0.44081178,0.54740992551992,1.0
2,Gstt1,0.5950057,0.8197188,0.5518396560601324,1.0
2,Klhdc4,0.59240174,0.40226516,0.5535815991261009,1.0
2,Cnn3,0.5914578,0.11267218,0.5542137179919326,1.0
2,Trem1,0.58976525,0.8755564,0.5553480562606578,1.0
2,Nr4a3,0.5849479,3.1901965,0.5585827510388703,1.0
2,Ifit1bl1,0.5809443,1.5894299,0.5612779920687676,1.0
2,Sema4b,0.5802282,0.77570033,0.5617607301908725,1.0
2,Ggt5,0.5799678,1.4275942,0.5619363210746356,1.0
2,A530064D06Rik,0.5786333,3.9589307,0.5628366404230005,1.0
2,P2rx4,0.5770709,0.27002156,0.5638915565046894,1.0
2,Zfp658,0.57583404,1.6254327,0.5647273733238664,1.0
2,Tnfsf8,0.5746948,0.86781347,0.5654977314725572,1.0
2,Tcf7,0.56593895,2.0263855,0.5714352741334034,1.0
2,Csf1,0.56522286,0.9240357,0.5719221813723834,1.0
2,Cds1,0.5618703,1.9485087,0.5742044115198307,1.0
2,Ifih1,0.5614797,0.43605146,0.574470582620407,1.0
2,Gpr4,0.5595592,2.2941005,0.5757801058239085,1.0
2,Serpinh1,0.5592338,2.1663733,0.5760021985422007,1.0
2,Aif1,0.5551325,3.1308887,0.5788040255322782,1.0
2,Tbc1d16,0.5511289,0.46750987,0.581545302606267,1.0
2,Ahr,0.5495991,1.8383747,0.5825943831048119,1.0
2,D730003I15Rik,0.54269856,1.656157,0.5873373478103885,1.0
2,Hbp1,0.5375883,0.075007655,0.5908613043061832,1.0
2,Mdp1,0.53683966,0.9345342,0.5913783684022762,1.0
2,Il1b,0.5366444,1.5998439,0.5915132888797645,1.0
2,Socs2,0.5366118,0.09165525,0.5915357770009412,1.0
2,Eomes,0.53182703,1.8143632,0.5948457945972743,1.0
2,Cxcl10,0.52980894,0.61189455,0.5962443882352297,1.0
2,Jchain,0.52518696,1.5563432,0.5994532496420724,1.0
2,Spib,0.52180177,3.7273238,0.601808351982107,1.0
2,Ptger4,0.51896995,0.4186715,0.6037816848942317,1.0
2,C1qb,0.5161707,24.921879,0.6057351882051998,1.0
2,Ltb,0.51197183,0.841222,0.6086707358688306,1.0
2,1600010M07Rik,0.50897723,2.4668155,0.6107681662656292,1.0
2,Ccl22,0.50474584,6.9831514,0.613737377641829,1.0
2,Dcun1d3,0.5035089,0.7764714,0.6146065017970405,1.0
2,Fads3,0.5012305,0.26963276,0.6162089365980874,1.0
2,Zfp467,0.4952739,0.91106206,0.6204067938772324,1.0
2,Il12rb1,0.49400446,1.2872027,0.6213030262414776,1.0
2,Neo1,0.49312562,4.851364,0.6219238242078746,1.0
2,Pacsin1,0.48606238,0.9498036,0.6269229418724058,1.0
2,Lynx1,0.4845,1.862016,0.6280310662298026,1.0
2,Mfhas1,0.4775995,1.2372785,0.6329352914369122,1.0
2,Gm5431,0.47486532,1.6894046,0.6348829632210096,1.0
2,Tob1,0.47467002,0.33094043,0.6350221795950152,1.0
2,Oit3,0.47401905,2.039042,0.6354863273633775,1.0
2,Gpr18,0.47336805,2.1545918,0.6359506183815273,1.0
2,Il21r,0.46558872,0.38948792,0.6415099251048613,1.0
2,Ppp2r3a,0.46015292,0.19220285,0.6454064493829919,1.0
2,Trdc,0.45885095,1.1787264,0.6463412006394877,1.0
2,Rabggta,0.45878586,0.1842459,0.6463879528760105,1.0
2,Bmf,0.45543325,1.4811028,0.6487975771809693,1.0
2,Pik3ip1,0.45247126,0.3087683,0.6509295328101711,1.0
2,Ms4a4b,0.45090887,1.785498,0.65205523361235,1.0
2,Rab2b,0.45045316,1.8882086,0.6523837125473819,1.0
2,Dusp1,0.44807705,0.74966466,0.6540975868504799,1.0
2,Taco1,0.4469053,3.051488,0.6549434577956529,1.0
2,Ephb2,0.44657978,0.6342282,0.6551785006195783,1.0
2,Cd96,0.44635192,0.5754538,0.6553430509276124,1.0
2,Amn1,0.4461892,0.38911587,0.6554605971086045,1.0
2,Itgax,0.4456684,2.3891945,0.6558368022379184,1.0
2,Ifit1,0.44446406,0.3133787,0.6567071109341447,1.0
2,H2-Oa,0.44283658,0.73403,0.6578839439138338,1.0
2,Rxra,0.43873534,1.6857227,0.6608533204558558,1.0
2,Ifi47,0.4387028,0.061613757,0.6608769083795154,1.0
2,Dntt,0.43619648,0.3701504,0.662694188458919,1.0
2,Ppp1r16b,0.43346232,0.66276634,0.664678942597819,1.0
2,Mir142hg,0.43333212,1.0326678,0.6647735135026335,1.0
2,Dnajb5,0.43245327,0.44604555,0.6654120066080806,1.0
2,Abtb2,0.42942616,2.0241148,0.667613115909881,1.0
2,2310001H17Rik,0.4275383,0.37437147,0.6689873013923039,1.0
2,Gm26740,0.4271477,1.536562,0.6692717542979447,1.0
2,Gcsam,0.42597592,0.65991974,0.6701253976480365,1.0
2,Trim34a,0.42581317,0.061623905,0.6702439929544715,1.0
2,Plxnc1,0.42535746,0.22164463,0.6705761035291167,1.0
2,Cacnb3,0.42444608,3.2559397,0.6712405177622769,1.0
2,Trp53i11,0.4235998,0.28640068,0.6718577040265659,1.0
2,Hdac9,0.42343706,0.81748474,0.6719764190741279,1.0
2,Ifi204,0.4228186,2.2740054,0.6724276108467282,1.0
2,Sema6d,0.4227535,2.2238832,0.6724751115840724,1.0
2,Zmpste24,0.4194009,0.15173827,0.6749231630690302,1.0
2,Kank2,0.41705734,0.45318863,0.6766364692296913,1.0
2,Mef2c,0.41523457,-0.008749239,0.6779701993923581,1.0
2,Crispld2,0.4123702,2.8366702,0.6800680999809539,1.0
2,Acvrl1,0.4121749,2.5825832,0.6802112291091604,1.0
2,Mmp13,0.40696698,4.426858,0.6840322418249775,1.0
2,Igf2bp3,0.40696698,0.53296924,0.6840322418249775,1.0
2,Vangl2,0.40511164,0.6943313,0.6853954406085951,1.0
2,Tspan17,0.405014,1.7037281,0.6854672163402125,1.0
2,Zbtb4,0.39954567,1.542768,0.6894911711344499,1.0
2,Casq2,0.39938292,1.9245961,0.6896110670653196,1.0
2,Tnfsf10,0.39879704,0.40763718,0.6900427569260557,1.0
2,Cep170b,0.39616054,0.52685696,0.6919866078506496,1.0
2,Fabp4,0.39570484,4.888167,0.6923227882964311,1.0
2,Nod2,0.38711175,0.67369676,0.6986734757721238,1.0
2,Prmt2,0.38480073,0.9992378,0.700385053127848,1.0
2,Tmcc1,0.38183874,0.3878739,0.7025809904595263,1.0
2,Trim21,0.37956026,0.42151913,0.7042718648813093,1.0
2,Usp35,0.37744454,2.2921422,0.7058432726359125,1.0
2,P2ry1,0.37542647,0.2903555,0.7073433237671484,1.0
2,Acod1,0.37213898,2.8524148,0.7097893876886787,1.0
2,Gpr132,0.3700558,0.07642512,0.7113409201004139,1.0
2,Tmem71,0.36898166,0.50613683,0.7121413969040551,1.0
2,Trib3,0.36794007,0.035976876,0.7129179198853046,1.0
2,Dnajc18,0.36725652,0.7086914,0.7134276748984584,1.0
2,Adam23,0.36120233,2.03869,0.7179482110858666,1.0
2,Prkcb,0.3548226,0.50321263,0.7227224927206819,1.0
2,Rgs1,0.3543669,0.71267194,0.723063928866365,1.0
2,Sulf2,0.3507539,0.80829656,0.7257729763823252,1.0
2,Cdk18,0.34961468,0.57236165,0.7266278943950416,1.0
2,Gfra1,0.34948447,2.7347968,0.7267256210147249,1.0
2,Pcp4,0.3494194,2.959808,0.7267744859922383,1.0
2,Klra2,0.3488986,2.4206586,0.7271654458124617,1.0
2,Slfn4,0.3488335,2.3324976,0.7272143207872765,1.0
2,Ccl7,0.3441138,24.66564,0.7307607020882095,1.0
2,Iigp1,0.34362558,0.17311567,0.7311278993096599,1.0
2,Il18,0.34212828,1.622391,0.7322543546351152,1.0
2,Oas2,0.3417377,0.7051342,0.7325483075614527,1.0
2,Dok4,0.3411518,1.3829231,0.7329893105130415,1.0
2,Cd72,0.33988237,1.0413171,0.7339451191523587,1.0
2,Ccl5,0.33822232,2.7612119,0.7351956449275241,1.0
2,Ampd3,0.33542308,1.1387402,0.7373059637548318,1.0
2,Nacc2,0.33464187,1.1050769,0.73789524437494,1.0
2,St6gal1,0.3332097,0.860869,0.7389759920995052,1.0
2,Spred1,0.3331446,0.12411991,0.7390251292683012,1.0
2,Itsn1,0.33272147,0.21301222,0.7393445468328972,1.0
2,Tppp3,0.33236343,4.3129654,0.7396148583631215,1.0
2,Gm13546,0.3261139,1.7595043,0.7443381770908151,1.0
2,Jakmip1,0.32227305,0.7284503,0.7472458415494558,1.0
2,Cmklr1,0.32087344,3.7206717,0.7483063115079348,1.0
2,Bach2,0.31992948,0.678083,0.7490217812635367,1.0
2,Tlr3,0.3190181,1.4905267,0.7497127847050478,1.0
2,Map1lc3a,0.31771612,0.38156208,0.7507002809163641,1.0
2,Arhgap25,0.31556785,0.618273,0.752330542193761,1.0
2,Gpr55,0.31452626,2.2703617,0.7531213702872812,1.0
2,Mcoln3,0.30931833,3.427179,0.7570793821067789,1.0
2,1500026H17Rik,0.30925325,3.4879112,0.7571288978373987,1.0
2,Tnfrsf11a,0.30899283,2.771924,0.7573269707266392,1.0
2,Chrnb1,0.30687714,1.3672446,0.7589369026973567,1.0
2,Tubb3,0.30583555,1.0893521,0.7597298690894744,1.0
2,Il2rb,0.30241784,1.8114367,0.7623335604380418,1.0
2,Itpr3,0.2987072,0.14013104,0.7651634730012419,1.0
2,Smad7,0.2987072,0.7968866,0.7651634730012419,1.0
2,Prr15,0.29730755,2.1620042,0.7662317132254995,1.0
2,Il27,0.2968193,1.6233778,0.7666044598614531,1.0
2,Cd79b,0.29587537,1.0728924,0.7673252564695303,1.0
2,H2-Ob,0.2941177,0.62366617,0.7686679655164481,1.0
2,Mreg,0.29265296,3.2028227,0.7697874202594371,1.0
2,Prelid2,0.2921973,0.37798074,0.770135793060488,1.0
2,Ndrg4,0.28659874,3.442254,0.7744195673912894,1.0
2,Nos2,0.28633836,3.0430336,0.7746189810791964,1.0
2,Ctsf,0.28627327,2.9083827,0.7746688368249599,1.0
2,Fcer2a,0.28425518,0.17840767,0.7762148248279854,1.0
2,Ppp3cc,0.28181398,0.2524978,0.7780861566807118,1.0
2,Apol7c,0.28047943,2.2140255,0.7791096965331993,1.0
2,Mx2,0.2750762,0.710685,0.7832576837331299,1.0
2,Plpp1,0.27318835,1.1871749,0.7847084406323215,1.0
2,Acvr2a,0.27201656,1.0638744,0.7856092871677747,1.0
2,Ralgps1,0.26355368,0.6402172,0.7921238572920196,1.0
2,Arhgap12,0.2621866,0.10383881,0.7931775870190592,1.0
2,Gdf15,0.26085207,1.1096598,0.7942065923291957,1.0
2,Agl,0.2595501,0.02809837,0.7952108452359471,1.0
2,Hivep3,0.25593707,0.15609099,0.797999419966601,1.0
2,Ndst2,0.25479785,0.10920927,0.7988792368672446,1.0
2,Clec2h,0.2528774,0.49278438,0.8003629344323488,1.0
2,Trim12a,0.25235662,0.24666376,0.8007654175324634,1.0
2,Zfp526,0.2508919,1.5125331,0.8018976845346992,1.0
2,Slc9a9,0.2478648,0.7038981,0.8042390192415277,1.0
2,Col5a1,0.2475393,0.5303352,0.8044908806614681,1.0
2,Irf4,0.24656281,5.6672597,0.8052465865852337,1.0
2,Col9a2,0.24656281,5.6140785,0.8052465865852337,1.0
2,Cd200r4,0.24558632,-0.08744064,0.806002474478602,1.0
2,Scml4,0.24382865,0.90833974,0.8073635290883894,1.0
2,Cacna2d4,0.23972741,1.7839818,0.8105415852465856,1.0
2,Osm,0.23611441,-0.08471288,0.8133438930928032,1.0
2,Havcr2,0.23595166,0.13828023,0.8134701797264106,1.0
2,Klra17,0.23504028,4.6311903,0.8141774744052415,1.0
2,1700030N03Rik,0.23481242,0.47765303,0.8143543217728426,1.0
2,Hk1os,0.2331524,1.3552797,0.815643066208796,1.0
2,Tnfrsf9,0.23172022,0.86680317,0.8167553251545685,1.0
2,Itgal,0.23064609,-0.014252212,0.8175897617570959,1.0
2,Ackr1,0.22752133,1.3984979,0.8200183859792369,1.0
2,Zc3h6,0.22732604,1.1263779,0.8201702325762842,1.0
2,Gm20257,0.22719583,0.87502426,0.8202714673866296,1.0
2,Rab6b,0.2258613,0.8587558,0.8213092965617778,1.0
2,Tnfsf12,0.2251452,0.733908,0.8218663096026464,1.0
2,Crebrf,0.22159731,0.12078533,0.824627375564908,1.0
2,Ccdc173,0.21726823,0.96535575,0.827999320854713,1.0
2,Ighd,0.21707292,1.798839,0.8281515139407424,1.0
2,Gm10642,0.21668233,1.6469963,0.8284559194637875,1.0
2,Cnrip1,0.21466427,0.10628958,0.830029090794901,1.0
2,Trp53inp1,0.21303678,0.05155827,0.8312982741644328,1.0
2,Ptgs2,0.21238579,0.57820517,0.8318060709250372,1.0
2,Dpp4,0.211865,0.4329264,0.8322123588970712,1.0
2,Dhrs9,0.2116697,2.136926,0.8323647284503262,1.0
2,Cfb,0.2115395,2.2694564,0.8324663116522063,1.0
2,Spred3,0.2115395,2.1535964,0.8324663116522063,1.0
2,Tmcc3,0.21056302,1.3413123,0.8332282747341236,1.0
2,Hgf,0.20734061,0.29369578,0.8357438608037921,1.0
2,Chil1,0.20441115,0.82277566,0.838032216878714,1.0
2,AI480526,0.20359741,0.1002523,0.8386681154068708,1.0
2,Igf1,0.20021226,2.5925841,0.841314579539587,1.0
2,Igha,0.20008206,2.032252,0.8414164026398278,1.0
2,Gm15856,0.19838949,1.02758,0.8427403437225296,1.0
2,N4bp3,0.19656672,0.7326207,0.8441666235824277,1.0
2,Fam102a,0.19555767,0.23192276,0.8449563914397505,1.0
2,Cacnb1,0.19298626,1.2277056,0.8469697285283317,1.0
2,Phyhipl,0.19285606,0.9099341,0.8470716963359584,1.0
2,Arnt2,0.19132623,0.7749271,0.8482700094182575,1.0
2,Esm1,0.19113094,0.7544876,0.8484230108624662,1.0
2,Cadm1,0.18823403,1.6402341,0.8506931999137768,1.0
2,Cxcl2,0.18784343,0.71485555,0.8509993879591439,1.0
2,Siglech,0.18582536,0.86717576,0.8525817164258072,1.0
2,Sema7a,0.18439318,0.56430924,0.8537050196255818,1.0
2,Jazf1,0.18367709,0.5554402,0.854266782621778,1.0
2,Batf2,0.18078019,0.8021382,0.8565401205256522,1.0
2,Trac,0.18068253,0.6723474,0.8566167707441183,1.0
2,C8g,0.17703699,2.1411405,0.8594793404748124,1.0
2,Slc6a4,0.17697188,1.9558878,0.8595304746965549,1.0
2,8030423F21Rik,0.17684169,1.7572256,0.8596327449071473,1.0
2,Kbtbd11,0.1758652,0.3018865,0.8603998464280579,1.0
2,Rab11fip3,0.1758001,1.0480335,0.8604509912215824,1.0
2,Sucnr1,0.1720569,23.099463,0.8633927946380588,1.0
2,Paqr5,0.1687043,0.55354106,0.8660292373706795,1.0
2,Serpinb9b,0.16557954,1.9928721,0.8684878479493522,1.0
2,Fcrl1,0.16538425,1.8618512,0.8686415536005934,1.0
2,E130102H24Rik,0.16512385,1.4547757,0.8688465021906923,1.0
2,Pltp,0.16499364,1.3494503,0.8689489797912731,1.0
2,Ahnak2,0.16492856,1.3852801,0.8690002194172071,1.0
2,Nwd1,0.16492856,1.1817634,0.8690002194172071,1.0
2,Serpinb8,0.16473326,0.9217896,0.8691539415950484,1.0
2,2900089D17Rik,0.16466816,1.156831,0.8692051834203045,1.0
2,Il2ra,0.16323598,0.89242345,0.8703326421752113,1.0
2,Glyctk,0.16271518,0.6457956,0.8707426926536973,1.0
2,Pdpn,0.16050181,4.496848,0.8724857935525341,1.0
2,Arg1,0.16037162,3.2961497,0.872588348268411,1.0
2,Zfp773,0.15789784,0.9107442,0.8745372927997253,1.0
2,Card11,0.1536664,1.4142476,0.8778727724308206,1.0
2,Gm9958,0.15216912,0.7942928,0.879053541740057,1.0
2,Zfp599,0.15203893,0.64703214,0.8791562300847054,1.0
2,Rab26os,0.15116009,0.11483781,0.8798494294950889,1.0
2,Ifi44,0.14950007,0.13933443,0.8811590570058017,1.0
2,Adtrp,0.14891417,0.24434932,0.8816213562704046,1.0
2,Pmepa1,0.14793769,1.3096905,0.8823919446042334,1.0
2,Zfp358,0.14715649,0.17183822,0.8830084954609222,1.0
2,Rora,0.14565922,0.4671297,0.8841904157438577,1.0
2,Gm16754,0.14565922,0.37931514,0.8841904157438577,1.0
2,Zbtb20,0.1433482,0.31079355,0.8860151891123363,1.0
2,Id3,0.14168817,1.1605788,0.8873263154964192,1.0
2,5830418P13Rik,0.14155798,0.87831515,0.8874291620278841,1.0
2,Prox2,0.14142779,0.79795784,0.887532010454889,1.0
2,Ntng1,0.14064659,0.7904634,0.8881491407275717,1.0
2,Chit1,0.14041874,0.30276957,0.8883291498465362,1.0
2,Tmem241,0.1396701,0.5333467,0.8889206488812859,1.0
2,Clec1b,0.13726144,2.2493227,0.8908241507358089,1.0
2,Adam19,0.13726144,2.446868,0.8908241507358089,1.0
2,Lyve1,0.13719633,2.4828367,0.890875605516409,1.0
2,Igfbp6,0.13700104,1.7360795,0.8910299726147318,1.0
2,Atp1b1,0.13687085,1.2071109,0.8911328863085762,1.0
2,Myrip,0.13514572,0.82819813,0.8924966652304809,1.0
2,Ulk1,0.13469002,-0.11557146,0.8928569619756676,1.0
2,Rwdd3,0.13442963,0.3835096,0.893062855763844,1.0
2,Chga,0.13403903,0.5308143,0.8933717099557661,1.0
2,Gm4951,0.13325784,0.25463697,0.8939894668047069,1.0
2,Epha10,0.13088173,1.2765781,0.8958688709747903,1.0
2,Ppfibp2,0.13055623,1.0429235,0.896126369358126,1.0
2,Ccdc80,0.13016564,1.0152436,0.8964353818601919,1.0
2,Abca5,0.13016564,0.8276378,0.8964353818601919,1.0
2,Kcp,0.12997034,0.7351926,0.8965898940058251,1.0
2,Ttc26,0.12931935,-0.10192467,0.8971049627843417,1.0
2,Acpp,0.12912405,0.5439579,0.8972594918834987,1.0
2,Gprin3,0.12756167,0.45961866,0.8984958644781827,1.0
2,Pygm,0.12557615,1.5267179,0.9000674431815571,1.0
2,Lyplal1,0.12284199,0.6045431,0.9022322244931275,1.0
2,Uchl1,0.12202825,0.14226514,0.9028766457883214,1.0
2,Whrn,0.11978233,0.12187013,0.9046555793332556,1.0
2,Dnajc28,0.1183827,0.6690287,0.9057644327374629,1.0
2,Penk,0.11402106,1.1581035,0.9092210981793212,1.0
2,Rragd,0.11382576,1.4621581,0.9093759149471313,1.0
2,Prss30,0.11382576,0.9032367,0.9093759149471313,1.0
2,Trpm2,0.11268653,0.9133779,0.9102790811650582,1.0
2,Cd22,0.112361036,0.7507265,0.9105371500039265,1.0
2,Mapkbp1,0.11200299,0.020523336,0.9108210366271396,1.0
2,Hs3st1,0.10783665,0.26487437,0.9141252722447616,1.0
2,Kctd11,0.10627427,0.27199173,0.9153647464660254,1.0
2,Ifi27,0.105232686,-0.013630894,0.9161911771427166,1.0
2,Shb,0.10441895,0.045245416,0.9168368891858113,1.0
2,Gm37867,0.1042562,0.046424754,0.9169660381921609,1.0
2,Pxdc1,0.10259617,1.5796963,0.9182834826340153,1.0
2,Tspan9,0.10106634,0.6919727,0.919497796870023,1.0
2,Igf2r,0.10100124,0.69667864,0.9195494740011445,1.0
2,Arpp21,0.10054555,0.6486437,0.9199112234207756,1.0
2,Oas1c,0.10054555,0.65844035,0.9199112234207756,1.0
2,E330020D12Rik,0.10002475,0.6253793,0.9203246716205111,1.0
2,Wdr91,0.09768119,0.30087522,0.922185453448626,1.0
2,Ercc1,0.09657451,1.416144,0.9230643046868263,1.0
2,Angptl2,0.09624901,0.12368647,0.9233228082696714,1.0
2,Ccdc189,0.09520742,0.39104882,0.9241500740242181,1.0
2,Exoc3l,0.09442624,0.10026954,0.9247705772283409,1.0
2,Tesc,0.09091088,1.3357713,0.9275634026673198,1.0
2,Bhlhe41,0.09071559,0.9103091,0.9277185861265014,1.0
2,Nectin4,0.090520285,0.85524386,0.9278737723350162,1.0
2,Epha2,0.08804652,0.43105632,0.9298396997951096,1.0
2,Foxn3,0.08635394,0.15833779,0.931185055522504,1.0
2,Gzmc,0.08602845,22.165054,0.9314438004410676,1.0
2,Ctsk,0.08602845,22.34401,0.9314438004410676,1.0
2,Egr2,0.08602845,22.30206,0.9314438004410676,1.0
2,Stfa3,0.08602845,21.650705,0.9314438004410676,1.0
2,Fpr1,0.08602845,22.208933,0.9314438004410676,1.0
2,Alox15,0.08602845,21.785685,0.9314438004410676,1.0
2,Rpgrip1,0.08544256,0.29252964,0.9319095595347123,1.0
2,Plpp6,0.084270775,0.03264855,0.9328411475128583,1.0
2,C030037D09Rik,0.083554685,0.7017841,0.9334104966465699,1.0
2,Bbs12,0.08186211,0.32873362,0.9347563658608641,1.0
2,2200002D01Rik,0.07935579,1.5026073,0.9367496289917335,1.0
2,Fgfr1,0.0789652,0.7942476,0.93706030342643,1.0
2,Acox2,0.0789001,0.49688536,0.9371120834317733,1.0
2,Gm14966,0.078835,0.22102796,0.9371638637030764,1.0
2,Npy,0.074440815,3.3259718,0.9406596351987279,1.0
2,Csf2,0.074440815,3.1331074,0.9406596351987279,1.0
2,H2-M2,0.074440815,4.8159456,0.9406596351987279,1.0
2,Gm14010,0.07437571,2.4628975,0.940711433168988,1.0
2,Fscn1,0.07401767,0.6421112,0.9409963264825358,1.0
2,Slc25a35,0.07125096,0.0041711316,0.9431980266544036,1.0
2,Gm12289,0.07105566,0.4360494,0.9433534573818568,1.0
2,Fam214a,0.07092546,0.17955354,0.9434570790654806,1.0
2,Tmem86a,0.06975368,0.22398412,0.9443897170681805,1.0
2,Frs3,0.067605406,0.79102904,0.9460997504820525,1.0
2,Xaf1,0.06695442,0.28624606,0.9466179918222204,1.0
2,Fam135a,0.06695442,-0.114806026,0.9466179918222204,1.0
2,Jup,0.06555478,0.43832558,0.9477322869115123,1.0
2,Amigo1,0.0642528,0.020978699,0.9487689323212223,1.0
2,Gnai1,0.06285317,2.1940906,0.9498834228135687,1.0
2,Sytl3,0.06285317,3.4880905,0.9498834228135687,1.0
2,Ephx2,0.06285317,2.3650734,0.9498834228135687,1.0
2,Dnase2b,0.06272297,1.3658628,0.949987101365727,1.0
2,Spsb1,0.061583742,0.18058068,0.9508943246206341,1.0
2,Synj1,0.0608351,0.53620917,0.9514905346330008,1.0
2,Serpinb9,0.06018411,0.49162918,0.9520090002061502,1.0
2,Gm10369,0.060151562,0.059769455,0.9520349240198575,1.0
2,Efna5,0.059663318,0.35750884,0.9524237873009136,1.0
2,B3gnt7,0.05803584,-0.24050069,0.9537200795309966,1.0
2,R74862,0.05592012,0.5981978,0.9554054419709962,1.0
2,Rpl3l,0.05578992,0.44155946,0.9555091631727831,1.0
2,Sdc1,0.055431876,0.5880128,0.9557944003571813,1.0
2,Ppm1l,0.054976184,0.16194369,0.9561574376838379,1.0
2,Nyap1,0.05468324,0.5753915,0.956390823629862,1.0
2,Hcst,0.0538044,0.12320345,0.9570910038202165,1.0
2,Gm11696,0.05315341,0.13265945,0.9576096771891355,1.0
2,Rras2,0.052827913,0.19195686,0.957869020617662,1.0
2,A330023F24Rik,0.051200435,1.1459485,0.9591658041049402,1.0
2,Tac4,0.051200435,1.3775288,0.9591658041049402,1.0
2,C030014I23Rik,0.05113534,1.2546952,0.9592176777149295,1.0
2,Vwf,0.045016024,0.11545673,0.9640945377163945,1.0
2,Rasal1,0.044299934,0.46170315,0.9646653254201779,1.0
2,Tnni2,0.044234835,0.52022284,0.9647172161136999,1.0
2,Dennd2a,0.043909337,0.265428,0.9649766718183274,1.0
2,Ctxn1,0.040654384,-0.26147205,0.9675714282905608,1.0
2,Vipr1,0.039677896,1.2956691,0.9683499234405634,1.0
2,Gm26871,0.039612796,0.9129065,0.9684018241979023,1.0
2,Atp6v0d2,0.039612796,1.1977803,0.9684018241979023,1.0
2,Lyz1,0.0394175,0.27162918,0.9685575272720784,1.0
2,Tpsg1,0.0394175,0.6465744,0.9685575272720784,1.0
2,Gimap8,0.03739943,0.4043438,0.970166528144595,1.0
2,Pan3,0.03310289,0.013779309,0.973592539217883,1.0
2,Dst,0.03290759,0.2948929,0.9737482790501978,1.0
2,Hid1,0.03228915,-0.0010830347,0.9742414617607896,1.0
2,Dand5,0.031866007,0.4409914,0.9745789082486479,1.0
2,Hrc,0.02802516,0.9197802,0.9776420847232542,1.0
2,Xcl1,0.02796006,0.6338177,0.9776940059378655,1.0
2,Amigo2,0.02796006,0.84253687,0.9776940059378655,1.0
2,Pla1a,0.02789496,0.53416026,0.9777459272469825,1.0
2,Espn,0.027829861,0.19890088,0.9777978486503854,1.0
2,Col1a1,0.027829861,-0.11970739,0.9777978486503854,1.0
2,Fmn1,0.027829861,-0.52588433,0.9777978486503854,1.0
2,Engase,0.026951024,-0.13140012,0.9784987967133711,1.0
2,Lca5l,0.025616493,0.0857099,0.9795632308962757,1.0
2,Parp6,0.023142727,-0.14267546,0.9815364232247711,1.0
2,Ap5s1,0.022752132,-0.014610525,0.9818479905446005,1.0
2,Rgs11,0.02145015,0.6007818,0.9828865680078585,1.0
2,Lemd1,0.021189755,0.450902,0.9830942870374815,1.0
2,Kank3,0.019529728,0.35875046,0.9844185222016432,1.0
2,Hba-a1,0.016177125,-1.453589,0.9870930850542148,1.0
2,Tnfsf15,0.016177125,-0.10730332,0.9870930850542148,1.0
2,Ccpg1,0.016112026,0.05227573,0.9871450198464126,1.0
2,Gria2,0.010155458,0.5878893,0.9918972557645738,1.0
2,Mfsd9,0.009895062,0.38386267,0.9921050115673073,1.0
2,Pde11a,0.009439369,-0.045803413,0.9924685855017128,1.0
2,Gm45051,0.0075840442,0.16643251,0.9939488661538269,1.0
2,Slc6a5,0.0049149813,0.6246272,0.9960784279349665,1.0
2,Mcam,0.004589486,-0.19661178,0.9963381328061505,1.0
2,Mylk3,0.004589486,-0.1702397,0.9963381328061505,1.0
2,Atp6v1g2,0.0021157204,-0.24030626,0.9983119005275575,1.0
2,Lhx3,0.0012043333,-0.55773205,0.9990390813541637,1.0
2,Mcpt4,0.0,0.0,1.0,1.0
2,Cd200r2,0.0,0.0,1.0,1.0
2,Retnlg,0.0,0.0,1.0,1.0
2,Gm21190,0.0,0.0,1.0,1.0
2,Stfa2,0.0,0.0,1.0,1.0
2,Il1a,0.0,0.0,1.0,1.0
2,Ear1,0.0,0.0,1.0,1.0
2,Ear2,0.0,0.0,1.0,1.0
2,Ifnlr1,0.0,0.0,1.0,1.0
2,Cyp4a12a,0.0,0.0,1.0,1.0
2,Oas1b,-0.0006509909,-0.03575964,0.9994805844268897,1.0
2,Slc25a29,-0.0016600268,0.5818999,0.9986754908033392,1.0
2,Peak1,-0.002441216,0.16081446,0.9980521933979302,1.0
2,Tnks1bp1,-0.0034502519,0.15161118,0.9972471027299321,1.0
2,2610037D02Rik,-0.004947531,-0.11095155,0.9960524574702453,1.0
2,Prtn3,-0.0055659725,-0.12891325,0.9955590194665427,1.0
2,F3,-0.006672657,0.7050731,0.9946760295073276,1.0
2,Boll,-0.006737756,0.2584369,0.9946240891139849,1.0
2,Gm12708,-0.006802855,0.2777954,0.9945721487434244,1.0
2,Pnpla1,-0.006802855,0.20244317,0.9945721487434244,1.0
2,Ldhc,-0.0068679545,-0.09486797,0.9945202083958661,1.0
2,Rap1gap2,-0.0069330535,-0.08675544,0.9944682680715302,1.0
2,Mirg,-0.0069981525,-0.26023737,0.9944163277706368,1.0
2,Ddc,-0.00719345,-1.497732,0.9942605070108129,1.0
2,Cdkn2a,-0.011620188,-19.255587,0.9907286400156411,1.0
2,Asb2,-0.011620188,-18.315725,0.9907286400156411,1.0
2,Cd36,-0.011620188,-19.141426,0.9907286400156411,1.0
2,1700047M11Rik,-0.011620188,-18.779598,0.9907286400156411,1.0
2,Ear6,-0.011620188,-18.656132,0.9907286400156411,1.0
2,Zfp503,-0.011620188,-19.400568,0.9907286400156411,1.0
2,Rprm,-0.011620188,-19.85572,0.9907286400156411,1.0
2,Aqp8,-0.011620188,-19.251123,0.9907286400156411,1.0
2,Crisp1,-0.011620188,-19.520098,0.9907286400156411,1.0
2,Bace2,-0.011620188,-18.415009,0.9907286400156411,1.0
2,Cldn1,-0.011620188,-17.890667,0.9907286400156411,1.0
2,Krt83,-0.011620188,-18.26132,0.9907286400156411,1.0
2,Kcnq3,-0.013019819,0.27060524,0.9896119812935468,1.0
2,Rab11fip4,-0.013475512,0.13935515,0.9892484222736536,1.0
2,Asah2,-0.01367081,-0.22063367,0.9890926119441457,1.0
2,Ppbp,-0.0139312055,-0.2758828,0.9888848654862623,1.0
2,Agrn,-0.013996305,-0.4530608,0.9888329289889956,1.0
2,Ccdc171,-0.014061404,-0.5350401,0.9887809925390506,1.0
2,Camk2b,-0.014126503,-0.33673736,0.9887290561366474,1.0
2,Dbp,-0.014256701,-0.7248281,0.9886251834753467,1.0
2,Parvb,-0.014679845,0.14066662,0.9882875986668173,1.0
2,Lrrk2,-0.015135539,0.24230178,0.9879240481429535,1.0
2,BC064078,-0.017088512,0.12347629,0.9863660038063615,1.0
2,Mirt1,-0.017544206,-0.15201582,0.9860024673910723,1.0
2,Serpine1,-0.018585792,-0.03920672,0.9851715380484837,1.0
2,1700102P08Rik,-0.01865089,-0.8352101,0.9851196054893119,1.0
2,Il4,-0.01865089,-0.7855016,0.9851196054893119,1.0
2,Gm5547,-0.018781088,-0.9959303,0.985015740560351,1.0
2,1700016F12Rik,-0.018781088,-0.7329653,0.985015740560351,1.0
2,AW554918,-0.018846188,-1.0372685,0.9849638081910018,1.0
2,Krba1,-0.019952873,0.0690499,0.9840809678398622,1.0
2,Arhgef25,-0.020343466,0.022681952,0.9837693817263752,1.0
2,Wtip,-0.020603864,-0.03114714,0.9835616590232663,1.0
2,Atp13a4,-0.020603864,-0.21093842,0.9835616590232663,1.0
2,Sv2a,-0.021027006,-0.421996,0.9832241120139146,1.0
2,Prg3,-0.023240376,-19.864613,0.9814585318330167,1.0
2,Tpsab1,-0.023240376,-20.239107,0.9814585318330167,1.0
2,Asprv1,-0.023240376,-20.68073,0.9814585318330167,1.0
2,Dcstamp,-0.023240376,-20.516699,0.9814585318330167,1.0
2,Pkp1,-0.023240376,-19.382189,0.9814585318330167,1.0
2,Cdkn2b,-0.023240376,-19.19282,0.9814585318330167,1.0
2,Mmp9,-0.023240376,-20.021206,0.9814585318330167,1.0
2,Pdk2,-0.025681593,-0.63291484,0.9795113064179807,1.0
2,4930481A15Rik,-0.025746692,-0.38910493,0.9794593820264954,1.0
2,Myl10,-0.029196942,-0.11198319,0.9767075192713757,1.0
2,Slc39a2,-0.029978132,0.34426326,0.9760844933205767,1.0
2,Cp,-0.030433826,-1.2461706,0.975721068229424,1.0
2,Gm43255,-0.030433826,-1.5764127,0.975721068229424,1.0
2,Sik1,-0.03349348,-0.65509,0.9732810625797064,1.0
2,Skap1,-0.034860563,-20.237286,0.9721909267468362,1.0
2,Map6,-0.034860563,-19.837833,0.9721909267468362,1.0
2,Ppp1r3g,-0.034860563,-20.60292,0.9721909267468362,1.0
2,Rpp25,-0.034860563,-19.70249,0.9721909267468362,1.0
2,Tpsb2,-0.034860563,-21.504034,0.9721909267468362,1.0
2,Susd2,-0.034860563,-20.646048,0.9721909267468362,1.0
2,4930503B20Rik,-0.034860563,-20.442028,0.9721909267468362,1.0
2,Amer2,-0.034860563,-20.651316,0.9721909267468362,1.0
2,Il13,-0.034860563,-20.96898,0.9721909267468362,1.0
2,C130026I21Rik,-0.034860563,-20.475977,0.9721909267468362,1.0
2,Calca,-0.034860563,-20.670965,0.9721909267468362,1.0
2,Fez1,-0.034860563,-20.630842,0.9721909267468362,1.0
2,Itgae,-0.034860563,-20.683075,0.9721909267468362,1.0
2,P4ha2,-0.037431978,-0.49024042,0.9701405755364462,1.0
2,Enc1,-0.038375914,-0.0034561027,0.9693879637665122,1.0
2,Rnf122,-0.0394826,-0.23919438,0.9685056261138795,1.0
2,Tusc1,-0.040654384,0.017600479,0.9675714282905608,1.0
2,Ccl17,-0.041435573,0.83299136,0.9669486543861823,1.0
2,Gm4890,-0.041435573,0.20865153,0.9669486543861823,1.0
2,Kcne3,-0.041500673,-0.044161886,0.9668967574655059,1.0
2,Tmem121,-0.041500673,-0.038986746,0.9668967574655059,1.0
2,Phxr4,-0.041695967,-0.56628233,0.9667410675455992,1.0
2,Map10,-0.041695967,-0.518297,0.9667410675455992,1.0
2,Itk,-0.041761067,-0.7813405,0.9666891711870698,1.0
2,Gm43920,-0.041826166,-0.61924416,0.966637274969626,1.0
2,Fah,-0.041923817,-0.27848396,0.9665594309084762,1.0
2,4933415A04Rik,-0.042021465,-0.840418,0.9664815871660041,1.0
2,Cpne5,-0.042086564,-1.0815938,0.9664296915150983,1.0
2,Kcnb1,-0.042086564,-1.1587259,0.9664296915150983,1.0
2,Slc27a4,-0.04218421,-0.20232873,0.9663518483054021,1.0
2,Irf6,-0.04377914,0.0058698505,0.9650804551400226,1.0
2,R3hdm4,-0.044039536,-0.11184804,0.9648728890899508,1.0
2,Tnfrsf18,-0.04508112,-0.11278202,0.9640426488331165,1.0
2,Arntl,-0.04527642,-0.097244546,0.9638869830978414,1.0
2,Itpr2,-0.045439165,0.041543648,0.9637572627029797,1.0
2,Hbb-bs,-0.046122707,-0.50743854,0.9632124475599937,1.0
2,Neil2,-0.046480753,-20.981924,0.9629270750381012,1.0
2,Fam160a1,-0.046480753,-21.084822,0.9629270750381012,1.0
2,Muc20,-0.046480753,-21.431171,0.9629270750381012,1.0
2,Glt28d2,-0.046480753,-20.292843,0.9629270750381012,1.0
2,4933427D06Rik,-0.046480753,-21.017305,0.9629270750381012,1.0
2,Atoh8,-0.046480753,-20.852018,0.9629270750381012,1.0
2,Avil,-0.046480753,-21.474503,0.9629270750381012,1.0
2,Grm6,-0.046480753,-20.032925,0.9629270750381012,1.0
2,2700081O15Rik,-0.0465784,-0.26278892,0.9628492469911973,1.0
2,Eps8l1,-0.04788038,0.16824707,0.9618115738153461,1.0
2,Ghr,-0.04859647,-0.04542732,0.961240881028784,1.0
2,Zfp799,-0.04892197,0.2897769,0.9609814817642699,1.0
2,Calcoco1,-0.04898707,-0.11896684,0.9609296024061629,1.0
2,Osgin1,-0.05321851,-0.5576483,0.9575578090409829,1.0
2,Phf1,-0.053478904,-1.0095836,0.9573503382475209,1.0
2,Ccdc30,-0.055106383,-0.09656611,0.9560537118020132,1.0
2,Msrb3,-0.056082867,-0.04780094,0.9552757915309117,1.0
2,Zfp963,-0.057970744,-0.58930767,0.9537719337897951,1.0
2,Hao1,-0.05810094,-21.429052,0.9536682254681073,1.0
2,Hgfac,-0.05810094,-21.597645,0.9536682254681073,1.0
2,Cxcl5,-0.05810094,-21.024197,0.9536682254681073,1.0
2,Cobl,-0.05810094,-21.328339,0.9536682254681073,1.0
2,Kcnn3,-0.05810094,-20.82028,0.9536682254681073,1.0
2,Thbs1,-0.05950057,-0.04101899,0.9525534109164567,1.0
2,1700109H08Rik,-0.059760965,-0.25168675,0.9523460137355199,1.0
2,Wnt16,-0.06021666,-0.35417956,0.9519830764432268,1.0
2,Tshz3,-0.06021666,-0.4525336,0.9519830764432268,1.0
2,Fbxo44,-0.0608351,0.15856281,0.9514905346330008,1.0
2,Maff,-0.06272297,-0.010686943,0.949987101365727,1.0
2,Spag1,-0.063308865,-0.42764294,0.9495205545739395,1.0
2,Tcte2,-0.06461085,-0.27792117,0.9484838461139875,1.0
2,Fbxo10,-0.06480615,-0.597878,0.948328347323788,1.0
2,5830416I19Rik,-0.06500144,-0.78214806,0.9481728505016409,1.0
2,Cdh17,-0.06675912,-0.2033891,0.9467734686390606,1.0
2,Serpinc1,-0.06721482,-0.36709914,0.9464106925632376,1.0
2,Bfsp2,-0.067735605,-0.23518851,0.9459961049439306,1.0
2,Rgs7bp,-0.067865804,-0.56100273,0.9458924603198602,1.0
2,Sapcd1,-0.069167785,-0.16912757,0.9448560647367128,1.0
2,Gm10419,-0.069721125,-21.467545,0.9444156247734705,1.0
2,Car8,-0.069721125,-21.391087,0.9444156247734705,1.0
2,Eya2,-0.069721125,-22.08397,0.9444156247734705,1.0
2,Sh3rf1,-0.07170665,-0.2048111,0.9428353633781806,1.0
2,L3mbtl3,-0.07489651,-0.10610412,0.9402970564475205,1.0
2,4933406C10Rik,-0.07639378,-0.8000767,0.9391058137935173,1.0
2,Hba-a2,-0.07652398,-0.99963856,0.9390022338766232,1.0
2,Tslp,-0.07678438,-1.3987538,0.9387950771405533,1.0
2,Krt18,-0.07854205,-0.306031,0.9373968782093428,1.0
2,Chd2,-0.079127945,-0.20915622,0.936930854578076,1.0
2,Klhl24,-0.07987659,-0.01610483,0.9363354113994962,1.0
2,Rps6kl1,-0.08134132,-21.543112,0.9351705171625206,1.0
2,Epx,-0.08134132,-21.805058,0.9351705171625206,1.0
2,Ifitm10,-0.08134132,-21.719513,0.9351705171625206,1.0
2,Prg2,-0.08134132,-21.850285,0.9351705171625206,1.0
2,Macrod1,-0.08235035,0.24323401,0.9343681150488798,1.0
2,Il18r1,-0.083131544,-0.34819132,0.9337469462569217,1.0
2,Pex11g,-0.08352213,-0.661954,0.9334363769642756,1.0
2,Rhobtb2,-0.08759083,0.010358525,0.9302018913901356,1.0
2,Vegfc,-0.08830692,-1.1050404,0.9296327396890068,1.0
2,Fzd8,-0.08850221,-1.6989483,0.9294775227317305,1.0
2,1700112J16Rik,-0.08876261,-1.7301862,0.9292705709629303,1.0
2,Car9,-0.0894787,-0.24518354,0.9287014783045787,1.0
2,Lcn4,-0.0898693,-0.27547488,0.9283910794776524,1.0
2,Mex3b,-0.0899995,-0.3609055,0.9282876156209287,1.0
2,Wdr59,-0.09029244,-0.3979508,0.9280548263786368,1.0
2,Asb13,-0.09039009,-0.15550657,0.9279772313318677,1.0
2,Gm10735,-0.09045519,-0.3632495,0.9279255016811361,1.0
2,Nos1ap,-0.09214777,-0.22692713,0.9265806383167561,1.0
2,Trim46,-0.09244071,-0.22230455,0.9263478946886353,1.0
2,Cma1,-0.092961505,-23.151121,0.9259341438133981,1.0
2,Spry1,-0.092961505,-21.822002,0.9259341438133981,1.0
2,Gal,-0.092961505,-21.806955,0.9259341438133981,1.0
2,Nrip3,-0.092961505,-22.17569,0.9259341438133981,1.0
2,Clic5,-0.092961505,-21.975714,0.9259341438133981,1.0
2,Gp6,-0.092961505,-21.757708,0.9259341438133981,1.0
2,Dapk2,-0.092961505,-22.16592,0.9259341438133981,1.0
2,A830082K12Rik,-0.092961505,-21.911423,0.9259341438133981,1.0
2,Hic1,-0.092961505,-21.570349,0.9259341438133981,1.0
2,Gm11714,-0.092961505,-21.385593,0.9259341438133981,1.0
2,S1pr1,-0.092961505,-22.215487,0.9259341438133981,1.0
2,Dok7,-0.092961505,-22.112032,0.9259341438133981,1.0
2,Src,-0.092961505,-21.750944,0.9259341438133981,1.0
2,Pglyrp2,-0.09416584,-0.15728512,0.924977421820015,1.0
2,4930458D05Rik,-0.095793314,-0.9953495,0.923684726885369,1.0
2,Zfp532,-0.09611881,-1.0717245,0.9234262119719612,1.0
2,Pknox2,-0.09719294,-0.4176384,0.9225731702884765,1.0
2,Padi2,-0.1004479,-0.08688176,0.9199887433125292,1.0
2,Tie1,-0.10139184,-0.1955066,0.9192394163187452,1.0
2,Scn1b,-0.10282402,-0.647089,0.9181026435596283,1.0
2,9830107B12Rik,-0.10458169,-21.590425,0.9167077423741943,1.0
2,Gm16201,-0.10458169,-22.291403,0.9167077423741943,1.0
2,Fam167a,-0.10458169,-22.321022,0.9167077423741943,1.0
2,Ephx1,-0.10458169,-22.253998,0.9167077423741943,1.0
2,Ermap,-0.10458169,-22.119993,0.9167077423741943,1.0
2,F730016J06Rik,-0.10458169,-21.704126,0.9167077423741943,1.0
2,Rundc3b,-0.10611152,-0.5033427,0.9154938702518914,1.0
2,Smim5,-0.10686016,-0.03758836,0.9148999193528318,1.0
2,Irs2,-0.10731585,-0.029398253,0.9145384072649618,1.0
2,Fstl1,-0.1076739,-1.3673177,0.9142543744514589,1.0
2,Smpd5,-0.11057081,-0.6237833,0.9119566966073861,1.0
2,Eno3,-0.1110265,-0.20789044,0.91159533063138,1.0
2,Eme2,-0.1110265,-0.50166446,0.91159533063138,1.0
2,Ptp4a2,-0.1110916,-0.68299586,0.9115437084112434,1.0
2,Gp9,-0.1110916,-0.69807595,0.9115437084112434,1.0
2,Il6,-0.111319445,-0.2960669,0.9113630335821463,1.0
2,Maml2,-0.11193789,-1.6535811,0.9108726536010153,1.0
2,Nr4a1,-0.11200299,0.23342033,0.9108210366271396,1.0
2,Pdgfb,-0.11428146,-0.7716916,0.9090146811859046,1.0
2,Fcgr4,-0.11454185,-0.37732363,0.9088082703350516,1.0
2,Ceacam10,-0.11620188,-22.42057,0.9074925464654687,1.0
2,Rab15,-0.11620188,-22.306673,0.9074925464654687,1.0
2,Cx3cl1,-0.11620188,-22.412086,0.9074925464654687,1.0
2,Gm26511,-0.11620188,-22.743696,0.9074925464654687,1.0
2,Spire2,-0.11620188,-22.737307,0.9074925464654687,1.0
2,Ltf,-0.11620188,-23.24479,0.9074925464654687,1.0
2,Sytl1,-0.11620188,-21.9904,0.9074925464654687,1.0
2,Tst,-0.11620188,-21.920307,0.9074925464654687,1.0
2,Ppp1r42,-0.11620188,-21.901287,0.9074925464654687,1.0
2,2610035D17Rik,-0.11841525,-0.08105194,0.9057386433538317,1.0
2,Bbs2,-0.118577994,-0.1784857,0.9056096979272367,1.0
2,Dexi,-0.11867565,-0.32452267,0.9055323318654978,1.0
2,Msra,-0.11896859,-0.24622634,0.9053002390625059,1.0
2,Gm12758,-0.12254904,-0.06569781,0.9024642087608582,1.0
2,Bmpr1a,-0.12267924,-0.5278108,0.9023611036124985,1.0
2,Plscr2,-0.12293964,-1.1553458,0.9021548982580376,1.0
2,0610009L18Rik,-0.123004735,-1.1362708,0.9021033479503148,1.0
2,Slc17a8,-0.123004735,-1.2096968,0.9021033479503148,1.0
2,0610009E02Rik,-0.12313493,-1.1306077,0.9020002485734459,1.0
2,Pde1c,-0.12352553,-2.3640022,0.9016909603669455,1.0
2,Veph1,-0.12782207,-22.404808,0.8982897851854781,1.0
2,Atp1b2,-0.12782207,-22.580809,0.8982897851854781,1.0
2,Gm19705,-0.12782207,-22.310041,0.8982897851854781,1.0
2,Prickle1,-0.12782207,-22.205013,0.8982897851854781,1.0
2,Clec4b2,-0.12782207,-22.001596,0.8982897851854781,1.0
2,Gp1bb,-0.12782207,-22.237007,0.8982897851854781,1.0
2,Ufsp1,-0.13019818,-0.98034936,0.896409630217633,1.0
2,Tmem42,-0.13039348,-1.1719254,0.8962551226549992,1.0
2,Akr1c18,-0.13426688,-0.6129512,0.8931915430423504,1.0
2,Fgd5,-0.13433197,-1.1467268,0.8931400677933135,1.0
2,Creb3l1,-0.13485277,-1.7103548,0.8927282820241742,1.0
2,Jam3,-0.13491787,-1.7406528,0.892676810834139,1.0
2,C5ar1,-0.13511316,-0.21507636,0.8925223999773165,1.0
2,Fgf11,-0.13517827,-2.1027508,0.8924709305968505,1.0
2,Ddah2,-0.13641515,-0.52370316,0.8914930986683334,1.0
2,Emid1,-0.13687085,-0.72386634,0.8911328863085762,1.0
2,Fbxl21,-0.13944225,-22.757399,0.8891006826184458,1.0
2,1810044D09Rik,-0.13944225,-22.527588,0.8891006826184458,1.0
2,Cxcl3,-0.13944225,-22.809464,0.8891006826184458,1.0
2,Mmrn1,-0.13944225,-22.626225,0.8891006826184458,1.0
2,Fcer1a,-0.13944225,-23.020878,0.8891006826184458,1.0
2,Vcam1,-0.14136268,-0.38229087,0.8875834353786851,1.0
2,Ccz1,-0.14295761,0.04691746,0.886323661503401,1.0
2,Chd3,-0.14325055,0.04375,0.8860923055927278,1.0
2,Gch1,-0.14608236,0.013212541,0.8838563685490113,1.0
2,Mgll,-0.14611492,0.23500535,0.8838306734654477,1.0
2,Sox5,-0.14631021,-1.2448387,0.8836765055313007,1.0
2,Gm13346,-0.1469612,-2.6709218,0.8831626442646217,1.0
2,Abhd6,-0.14774239,-0.08171665,0.8825460756531868,1.0
2,Nmb,-0.14943497,-0.79579234,0.8812104215940189,1.0
2,H2-T22,-0.14995576,-0.29513264,0.8807995188972337,1.0
2,1810021B22Rik,-0.14995576,-0.41206905,0.8807995188972337,1.0
2,Gnaz,-0.15106244,-22.74519,0.8799264573462023,1.0
2,D630039A03Rik,-0.15265737,-0.6428634,0.8786684785808822,1.0
2,Alox12,-0.15382916,-1.2094994,0.8777444442622586,1.0
2,Wdpcp,-0.15776765,-0.33548024,0.8746398900211408,1.0
2,Sema4c,-0.15783276,-1.2765919,0.8745885911468924,1.0
2,Lif,-0.15802805,-1.5845095,0.874434697687483,1.0
2,Gabbr1,-0.15822335,-0.18745828,0.8742808089775292,1.0
2,Hes1,-0.16268264,-22.613256,0.8707683219635186,1.0
2,Rhod,-0.16268264,-23.01456,0.8707683219635186,1.0
2,Npr2,-0.16268264,-23.184618,0.8707683219635186,1.0
2,Fam110c,-0.16268264,-23.061022,0.8707683219635186,1.0
2,Gja5,-0.16268264,-22.179361,0.8707683219635186,1.0
2,P2rx1,-0.16626309,-0.47962138,0.8679499173488118,1.0
2,Thnsl1,-0.16906235,-0.9475632,0.8657476038768804,1.0
2,Art4,-0.17007138,-1.9348687,0.8649540013169117,1.0
2,Myl4,-0.17007138,-2.3282297,0.8649540013169117,1.0
2,Slc2a4rg-ps,-0.17013648,-2.4220243,0.8649028058195632,1.0
2,Ptprn,-0.17020158,-2.5297737,0.8648516108892391,1.0
2,Gnb4,-0.17248005,-0.1820834,0.8630601471897394,1.0
2,Gzma,-0.17248005,-0.9090028,0.8630601471897394,1.0
2,Pls1,-0.17430282,-22.74619,0.8616274825974555,1.0
2,Ankrd22,-0.17430282,-22.44354,0.8616274825974555,1.0
2,Atp8b5,-0.17430282,-23.081457,0.8616274825974555,1.0
2,Rem2,-0.17430282,-23.420433,0.8616274825974555,1.0
2,Igfbp5,-0.17430282,-23.37193,0.8616274825974555,1.0
2,Aqp1,-0.17794837,-0.86026925,0.8587635233440749,1.0
2,Lztfl1,-0.17944565,-0.07989427,0.8575877903295568,1.0
2,Pdzk1ip1,-0.18068253,-1.0813606,0.8566167707441183,1.0
2,Zfhx2,-0.18068253,0.05119086,0.8566167707441183,1.0
2,Rad9b,-0.18081273,-1.3034447,0.856514570753482,1.0
2,Phlpp1,-0.18149628,-0.45658863,0.8559780603135749,1.0
2,Ccno,-0.18165901,-2.2693315,0.855850329533321,1.0
2,Enpp5,-0.18178922,-0.2795723,0.8557481476278626,1.0
2,Ypel1,-0.18198451,-2.663165,0.8555948793048423,1.0
2,9330151L19Rik,-0.18569516,-0.5605131,0.8526838225802463,1.0
2,Arhgap35,-0.18875481,-1.065505,0.8502849842116631,1.0
2,Esam,-0.19246547,-1.3225685,0.8473776151145432,1.0
2,F2rl2,-0.19298626,-0.25972638,0.8469697285283317,1.0
2,Fut10,-0.19311646,-1.9917797,0.8468677632827631,1.0
2,Gm8113,-0.19318156,-0.37207517,0.8468167816212706,1.0
2,Trim24,-0.19422314,-0.2813784,0.8460011623736362,1.0
2,Rnf150,-0.19467884,-0.761897,0.8456443807820447,1.0
2,Zfp946,-0.19646907,-0.755699,0.8442430458968607,1.0
2,Srgap3,-0.19679455,-0.4114246,0.8439883105544633,1.0
2,Ifit1bl2,-0.1975432,-23.22266,0.8434024812316239,1.0
2,Nat8l,-0.1975432,-23.33809,0.8434024812316239,1.0
2,Dennd5b,-0.1975432,-23.236126,0.8434024812316239,1.0
2,Fam171a2,-0.1975432,-23.375439,0.8434024812316239,1.0
2,Tph1,-0.1975432,-23.74954,0.8434024812316239,1.0
2,Mrgpre,-0.1975432,-23.30928,0.8434024812316239,1.0
2,Sall2,-0.1975432,-23.18398,0.8434024812316239,1.0
2,Insl6,-0.19822673,-0.050414544,0.842867669239964,1.0
2,Trp53cor1,-0.20118874,-0.5214813,0.8405509910053235,1.0
2,Pcp4l1,-0.2037927,-1.1711893,0.8385154901359502,1.0
2,Plscr4,-0.20418331,-1.745345,0.8382102578228567,1.0
2,Per2,-0.2043786,-1.856106,0.8380576507918411,1.0
2,Rbp1,-0.2044437,-0.23355366,0.8380067831348106,1.0
2,Klhl30,-0.2045739,-1.9267898,0.8379050498519504,1.0
2,Serpinb2,-0.20502959,-2.2731476,0.8375490047112384,1.0
2,Rasgef1b,-0.20506214,-0.15387553,0.8375235741874911,1.0
2,Otub2,-0.2050947,-2.4903126,0.8374981438334836,1.0
2,Mmaa,-0.2053551,-0.46275523,0.8372947071151634,1.0
2,2610307P16Rik,-0.20613627,-0.6412076,0.8366844622824074,1.0
2,Faah,-0.2111489,-1.1190846,0.8327710780383608,1.0
2,2900026A02Rik,-0.21212539,-0.15902814,0.8320092093005543,1.0
2,Tspyl4,-0.21271129,-1.7262474,0.83155216375521,1.0
2,Iqcb1,-0.2152827,-0.39032724,0.8295469171808093,1.0
2,Lrrc56,-0.21577094,-0.61502856,0.82916629913606,1.0
2,Osbpl5,-0.21580349,-0.4482658,0.8291409260244043,1.0
2,Zdhhc8,-0.21700783,-0.101464964,0.8282022464035083,1.0
2,Epb41l3,-0.21752861,-0.60586995,0.8277964067862794,1.0
2,Ttc30b,-0.2188957,-1.0098253,0.8267312967963287,1.0
2,Cul7,-0.21896079,-0.38094252,0.826680585207038,1.0
2,Gm10330,-0.22078358,-23.352509,0.8252609549295327,1.0
2,Fam20c,-0.22133692,-0.63404286,0.8248301085515708,1.0
2,Mecom,-0.2224436,-1.0776047,0.823968574215202,1.0
2,Gm10797,-0.22394088,-1.7227521,0.8228033066624646,1.0
2,Txk,-0.22716329,-1.0891031,0.8202967765571888,1.0
2,Flt1,-0.22810721,-0.12651733,0.8195628866923398,1.0
2,Zfp365,-0.23240376,-23.520882,0.8162244281091783,1.0
2,1700086P04Rik,-0.23240376,-23.369204,0.8162244281091783,1.0
2,Camk2a,-0.23240376,-23.381514,0.8162244281091783,1.0
2,Ltbp1,-0.23240376,-23.201063,0.8162244281091783,1.0
2,Snca,-0.23240376,-23.269999,0.8162244281091783,1.0
2,Chst15,-0.23458458,-1.3436548,0.8145311786022547,1.0
2,Ankrd33b,-0.23868582,-1.4236103,0.8113492104036321,1.0
2,Mgst2,-0.23943447,-0.18150386,0.810768709477445,1.0
2,Slco2b1,-0.24402395,-23.510565,0.8072122719144963,1.0
2,Gm4707,-0.2444471,-0.7049797,0.8068845727735203,1.0
2,Ing1,-0.2447075,-0.08861714,0.8066829286070188,1.0
2,Chil3,-0.24500044,-0.59820724,0.8064560942783736,1.0
2,Klhl20,-0.24578163,-0.18571915,0.8058512823748543,1.0
2,Slc35d3,-0.24610712,-0.5301252,0.805599311664883,1.0
2,Tns1,-0.24955738,-0.8230357,0.80292966796631,1.0
2,Gm20498,-0.25053385,-1.7808298,0.8021745242994629,1.0
2,Rab37,-0.2556116,-0.18674634,0.7982507700978567,1.0
2,Gpr45,-0.25564414,-23.651987,0.7982256341432218,1.0
2,Rsad1,-0.25587198,-0.5885411,0.7980496883185931,1.0
2,Gm5111,-0.25951752,-1.8881997,0.795235955914098,1.0
2,2610301B20Rik,-0.2623168,-0.22298053,0.7930772155028948,1.0
2,Thsd1,-0.26326072,-1.271611,0.7923496246264353,1.0
2,Alox8,-0.26335838,-2.9642801,0.7922743669127275,1.0
2,Tmem191c,-0.26726434,-23.724466,0.7892656524618924,1.0
2,Gimap4,-0.26726434,-23.961834,0.7892656524618924,1.0
2,Lama5,-0.26726434,-23.631418,0.7892656524618924,1.0
2,Epb41l4b,-0.26801297,-0.20962472,0.7886893393840868,1.0
2,Sh3bgrl2,-0.27247226,-0.96504486,0.7852589237710698,1.0
2,Gimap1os,-0.27403462,-1.9863023,0.784058008496481,1.0
2,Il18rap,-0.27745232,-0.2438357,0.7814328022413704,1.0
2,Mn1,-0.27872178,-0.75882274,0.7804583578442611,1.0
2,Ccdc92,-0.2788845,-23.86723,0.7803334539750731,1.0
2,Sgsm1,-0.2788845,-23.897167,0.7803334539750731,1.0
2,Clca3a1,-0.27969825,-0.9539604,0.7797090197249291,1.0
2,Nt5e,-0.28350654,-0.9602857,0.7767885623995991,1.0
2,2410018L13Rik,-0.28653365,-2.9424336,0.7744694194186061,1.0
2,Gng11,-0.28868192,-0.45591804,0.7728247946655851,1.0
2,Col1a2,-0.2905047,-23.7812,0.7714301548015546,1.0
2,Psd3,-0.2937271,-0.42392004,0.768966439727237,1.0
2,Clnk,-0.29408514,-0.30986017,0.7686928370583488,1.0
2,Arrdc3,-0.29506165,-1.024233,0.767946794474285,1.0
2,Arhgap29,-0.29720992,-2.0081413,0.7663062582270123,1.0
2,Eya1,-0.29942328,-0.95451933,0.7646171040370022,1.0
2,Gimap5,-0.29974878,-1.1215137,0.7643687932153194,1.0
2,Fgf3,-0.3021249,-23.769524,0.7625568596577881,1.0
2,Psg16,-0.3021249,-23.673159,0.7625568596577881,1.0
2,Epb41l1,-0.305152,-1.0679922,0.7602503906333389,1.0
2,9330020H09Rik,-0.30609593,-0.97661966,0.7595316037757255,1.0
2,Ttc39b,-0.30681202,-0.2066489,0.7589864556804682,1.0
2,Tgfbr3,-0.30690968,-2.4147563,0.7589121265770131,1.0
2,Cd59a,-0.30899283,-2.220755,0.7573269707266392,1.0
2,Ugcg,-0.30996934,0.018166652,0.756584279669951,1.0
2,Treml1,-0.31016463,-2.9584932,0.7564357684098506,1.0
2,Zbed5,-0.31374508,-23.761475,0.7537146614488177,1.0
2,Slc45a3,-0.31374508,-23.796453,0.7537146614488177,1.0
2,Arhgdig,-0.3161212,-1.5027007,0.7519105204293459,1.0
2,Car1,-0.31670707,-1.7834346,0.7514658715792455,1.0
2,Lax1,-0.31732553,-0.38085702,0.7509966095199415,1.0
2,Creb3l2,-0.31742316,-0.28384894,0.7509225239239362,1.0
2,Als2cl,-0.32227305,-0.12433514,0.7472458415494558,1.0
2,Ctse,-0.32298914,-0.71480614,0.746703460336836,1.0
2,Mdga1,-0.32536528,-23.87597,0.7449046408669575,1.0
2,Klf5,-0.33119163,-1.5014907,0.7404997390359359,1.0
2,Ehd3,-0.33171242,-0.10847875,0.7401064162682234,1.0
2,Tgm2,-0.3324936,-0.6840675,0.7395165595375359,1.0
2,Dab2ip,-0.33275402,-0.8708297,0.7393199746536581,1.0
2,Tle6,-0.33288422,-2.8465178,0.7392216885983296,1.0
2,Tbxa2r,-0.33802703,-0.37576985,0.735342811838938,1.0
2,Hsd11b1,-0.34362558,-0.27667922,0.7311278993096599,1.0
2,Gm7694,-0.3452856,-0.22725154,0.7298796805909242,1.0
2,S1pr3,-0.3485731,-0.35934177,0.727409831783735,1.0
2,Tmem158,-0.3519257,-0.9418128,0.7248939884766759,1.0
2,Mctp2,-0.35420418,-1.1826985,0.7231858837133173,1.0
2,Tef,-0.3543669,-0.77651477,0.723063928866365,1.0
2,Evpl,-0.3554736,-2.2550302,0.7222348225730454,1.0
2,Vmac,-0.35716617,-0.66368186,0.7209674087248354,1.0
2,Gm16140,-0.36022583,-24.20838,0.7186782604140829,1.0
2,Mt2,-0.36022583,-23.94167,0.7186782604140829,1.0
2,Arfgef2,-0.36195096,-0.19197714,0.7173886809196541,1.0
2,Lrrc49,-0.36543375,-0.86973244,0.7147876467312193,1.0
2,Nlrp6,-0.36771223,-2.6154108,0.7130878239900529,1.0
2,Papss2,-0.36790752,-0.14930089,0.7129421910284175,1.0
2,Cdkn1c,-0.37184602,-24.38458,0.7100074994169574,1.0
2,Tmem151b,-0.37184602,-24.32914,0.7100074994169574,1.0
2,Acrbp,-0.37337583,-1.454234,0.7088687338220592,1.0
2,Akr1c12,-0.37363625,-1.6790323,0.708674966080104,1.0
2,Samd10,-0.37829083,-0.19358684,0.705214558551197,1.0
2,Serpinb6a,-0.37923476,-0.4039707,0.7045135379680907,1.0
2,Sgk1,-0.37929985,-0.85676575,0.7044652009633312,1.0
2,Tmtc2,-0.3834662,-24.033964,0.7013741228436501,1.0
2,Zfp667,-0.3838568,-1.0004898,0.7010845865520463,1.0
2,Nkx2-3,-0.38639566,-0.99199635,0.6992036603987215,1.0
2,Cmtm8,-0.38893452,-1.1802589,0.6973245785399952,1.0
2,Zfp329,-0.39118046,-0.52262974,0.695663859435669,1.0
2,Camp,-0.40312612,-4.0940185,0.6868554377631729,1.0
2,Tinagl1,-0.40670657,-24.245071,0.6842235059899879,1.0
2,Prss34,-0.40742266,-2.3822775,0.6836975783118959,1.0
2,Mogat2,-0.41832677,-23.740408,0.6757082199253059,1.0
2,Shank3,-0.41832677,-24.340233,0.6757082199253059,1.0
2,Slc41a3,-0.42193976,-0.5047497,0.6730689810491031,1.0
2,Cacnb2,-0.42529237,-1.5130552,0.6706235531537614,1.0
2,Ak1,-0.43242073,-0.83133626,0.6654356591644329,1.0
2,Cyp2j6,-0.43919104,-0.88211346,0.6605231249028585,1.0
2,Padi4,-0.43993968,-0.7350305,0.6599808042548644,1.0
2,Specc1,-0.441795,-0.36100867,0.6586375624488262,1.0
2,Tnfrsf8,-0.44277146,-1.2878131,0.6579310348976053,1.0
2,Stk39,-0.45162496,-1.6375681,0.6515391888023399,1.0
2,Gp5,-0.4648075,-24.172523,0.6420693007517237,1.0
2,Runx2,-0.46653265,-0.047338877,0.6408342842863635,1.0
2,Tpk1,-0.46659774,-1.8757355,0.6407876993275171,1.0
2,Col4a1,-0.46868092,-1.3509932,0.6392977286067553,1.0
2,Slc6a9,-0.46949467,-0.75860316,0.6387161034346536,1.0
2,Ccdc8,-0.47343314,-0.662147,0.6359041828378199,1.0
2,Lck,-0.47512573,-0.32459006,0.6346973614724248,1.0
2,Il17re,-0.47925952,-2.058247,0.6317540157473305,1.0
2,Aqp9,-0.48078936,-0.3655225,0.6306662208714537,1.0
2,Hoxa7,-0.4818635,-0.6960419,0.6299029278137735,1.0
2,Arid4b,-0.48196113,-0.49944016,0.6298335571108293,1.0
2,Fcnb,-0.48560667,-1.277808,0.6272460580065664,1.0
2,Casp12,-0.48619258,-1.6436212,0.6268306361185213,1.0
2,Inpp4b,-0.48847103,-1.6178125,0.6252162323072912,1.0
2,Hoxa5,-0.49016362,-0.6521452,0.6240181230410657,1.0
2,Cd69,-0.49413466,-0.035077658,0.6212110790807344,1.0
2,Ubac2,-0.49485075,-0.20265119,0.6207054754636812,1.0
2,Gm17590,-0.49582723,-3.1425147,0.620016304709159,1.0
2,Sgsm2,-0.5026952,-1.1355726,0.6151785893475872,1.0
2,Acp6,-0.5043552,-0.18605904,0.6140117793473359,1.0
2,Rhou,-0.5070894,-1.0151746,0.6120921044572303,1.0
2,Slc7a5,-0.50858665,-0.1415487,0.6110419803037432,1.0
2,Rian,-0.5112883,-24.787199,0.6091492146431003,1.0
2,Cbx2,-0.5169194,-0.8119544,0.605212462482484,1.0
2,Irgm1,-0.51815623,-0.07273244,0.6043492718935355,1.0
2,Nrarp,-0.5351471,-1.8051794,0.5925481487354335,1.0
2,Stxbp6,-0.54094094,-2.6679993,0.5885483114457015,1.0
2,Sla2,-0.5420476,-0.97027326,0.5877857183801047,1.0
2,Phlda1,-0.54208016,-1.7127703,0.5877632960922186,1.0
2,Tmem64,-0.54517233,-0.7885456,0.5856349851893412,1.0
2,Gimap6,-0.5589083,-2.132251,0.5762243316912767,1.0
2,Thy1,-0.5599173,-0.1400982,0.5755358505506372,1.0
2,Plxdc2,-0.5610891,-1.4355118,0.5747368121016088,1.0
2,Perp,-0.5634001,-2.4202492,0.573162470686327,1.0
2,Cd177,-0.5810094,-24.776043,0.561234116738576,1.0
2,Meg3,-0.58755183,-1.4989918,0.5568331307465691,1.0
2,Timp3,-0.5880401,-1.7178693,0.5565053744890816,1.0
2,Zfp236,-0.594843,-0.37947264,0.5519484485722141,1.0
2,Tmem215,-0.60076696,-3.5792685,0.5479952020046442,1.0
2,Itgb2l,-0.6042498,-24.85071,0.5456775904809124,1.0
2,Gfi1b,-0.6049333,-2.224632,0.5452233035368359,1.0
2,Sec22a,-0.6130056,-0.3811796,0.5398726327458203,1.0
2,Rnf144a,-0.6139821,-1.4565641,0.5392271605832818,1.0
2,Col18a1,-0.6169441,-2.0285473,0.5372715965356021,1.0
2,Ncoa7,-0.6189296,-0.25378,0.5359627220726396,1.0
2,Rfx2,-0.6194504,-1.1005613,0.5356196767228683,1.0
2,Sox12,-0.61974335,-2.5879657,0.5354267623356079,1.0
2,Cxxc5,-0.6208826,-1.1196158,0.5346768727243474,1.0
2,Ctnnal1,-0.6263184,-0.49376127,0.5311061390768255,1.0
2,Oaf,-0.62755525,-1.2604474,0.5302953294266395,1.0
2,Rbpms2,-0.6299314,-2.273041,0.5287394872021349,1.0
2,Cd200r3,-0.63247025,-2.3482606,0.527079652138464,1.0
2,Cystm1,-0.6343581,-1.2858875,0.5258471418619798,1.0
2,Dio2,-0.6391103,-24.511644,0.5227511521740253,1.0
2,Noct,-0.6438626,-0.12684488,0.5196645513485475,1.0
2,Dkkl1,-0.64929837,-0.5128796,0.5161455517371121,1.0
2,Hmgn3,-0.65395296,-0.20035282,0.5131421278870066,1.0
2,Ctsg,-0.66736335,-0.27279973,0.5045400710995299,1.0
2,Rbms3,-0.6699022,-0.46398816,0.5029201287206528,1.0
2,Egfl7,-0.673027,-0.21956924,0.5009301331379954,1.0
2,Acss1,-0.6790161,-0.7253699,0.4971276694612433,1.0
2,Itgb3,-0.68025297,-0.32335368,0.4963442982605941,1.0
2,Snap47,-0.6837358,-0.36706173,0.4941420314382903,1.0
2,Lgalsl,-0.69027823,-1.0527638,0.49001923592002394,1.0
2,Gimap1,-0.69594187,-0.8505627,0.48646524689796034,1.0
2,Lrrc1,-0.7009545,-1.0612546,0.48333142301721843,1.0
2,Mad1l1,-0.7018984,-0.33823958,0.48274251596906503,1.0
2,Gfod2,-0.70388395,-3.2314148,0.4815050538843414,1.0
2,Cmpk2,-0.7148531,-0.24354066,0.474699797046621,1.0
2,Pbx1,-0.7183034,-0.5340277,0.4725702411703113,1.0
2,Ptger3,-0.7300863,-0.40862027,0.4653374199854494,1.0
2,Mboat2,-0.7414136,-1.0511491,0.45844272111823514,1.0
2,Pglyrp1,-0.7477607,-1.6959321,0.45460449389147084,1.0
2,Nefh,-0.75143886,-1.0443441,0.45238860316110563,1.0
2,Gm43549,-0.75762326,-0.18673898,0.44867656295938496,1.0
2,Arhgef5,-0.76266843,-3.4104784,0.4456611685809988,1.0
2,Egr1,-0.7632543,-1.2596971,0.44531174362955683,1.0
2,S1pr4,-0.7655979,-0.6285928,0.44391560654783135,1.0
2,Gem,-0.770285,-0.8002865,0.44113084377111134,1.0
2,Pard6g,-0.77168465,-1.8104928,0.44030122742720557,1.0
2,B3gnt5,-0.78408605,-0.23406819,0.4329896367831435,1.0
2,Mpl,-0.78851277,-2.0323513,0.4303968377300973,1.0
2,Agap1,-0.79469717,-1.3630468,0.42678967662698064,1.0
2,Pdgfrb,-0.798538,-1.3677735,0.4245583386360037,1.0
2,Il1r1,-0.80804247,-0.3170112,0.4190661235504377,1.0
2,Phlda2,-0.81341314,-25.48493,0.415981214862574,1.0
2,Csrp3,-0.8208019,-3.659955,0.4117591103727123,1.0
2,Jmy,-0.82096463,-0.6047264,0.4116663995414539,1.0
2,D5Ertd605e,-0.8262702,-0.59417146,0.4086508147420972,1.0
2,Gatad2b,-0.8313154,-0.32733163,0.4057954693544251,1.0
2,Zfp362,-0.83522135,-0.52070814,0.40359308571494923,1.0
2,Dusp6,-0.8722627,-1.30522,0.3830650577820175,1.0
2,Arhgef3,-0.88043267,-1.5879568,0.3786249598262438,1.0
2,Zeb1,-0.9106061,-1.1433998,0.3625029507854295,0.9898649598888327
2,Ctla2b,-0.9152932,-1.2440937,0.36003770529850576,0.9864546587739466
2,Il27ra,-0.93166566,-1.8169457,0.3515093359653041,0.9696396988702776
2,Snhg12,-0.9427976,-0.6364535,0.34578443450089313,0.9571029910587862
2,Mast4,-0.9495679,-1.5485207,0.3423318476248859,0.9524223959649484
2,Slc24a3,-0.96883726,-2.8682246,0.3326263993856553,0.9350433618778733
2,Mllt3,-1.014602,-0.6260215,0.3102956289450599,0.890795593183871
2,Desi1,-1.0171407,-0.5632536,0.30908646599444123,0.8888976025584817
2,Igfbp7,-1.0299653,-3.8307977,0.30302629735152864,0.8761295085635997
2,B230208H11Rik,-1.0322437,-1.0060999,0.3019579384005532,0.8745996001530308
2,5430416N02Rik,-1.060985,-1.5558592,0.2886967123260483,0.8465889302965274
2,Lat,-1.0707824,-1.9788691,0.2842672705896757,0.8381020249863584
2,Samd14,-1.0816865,-2.6046584,0.2793918430893302,0.8299882225107941
2,Slc14a1,-1.0821422,-0.74641395,0.279189339004816,0.8299882225107941
2,Cttn,-1.0887498,-1.0395243,0.2762642450629721,0.8254457762112126
2,Tfr2,-1.0990354,-3.8271914,0.27175261119145633,0.8192987645958033
2,Mex3a,-1.1032017,-1.4537168,0.26993955100556977,0.8168693129310339
2,Hilpda,-1.1039829,-0.65105665,0.2696005280378875,0.8168693129310339
2,Tshz1,-1.1062614,-0.45172206,0.2686133801806164,0.8159005667658423
2,Serpine2,-1.1106882,-1.6169891,0.2667025960827546,0.8131421256508045
2,Hmga2,-1.1192162,-0.87146646,0.2630479367606916,0.8080752905792458
2,Prkca,-1.1204205,-2.210334,0.2625346198190174,0.8080287539780763
2,Rab27b,-1.1221457,-2.3625493,0.26180053381888,0.8080287539780763
2,Nrgn,-1.1340913,-0.4177735,0.2567562552313841,0.7956561884725836
2,Slc7a8,-1.1471763,-1.101071,0.25130880115695886,0.7884388307090663
2,Pde2a,-1.1560622,-1.3825061,0.24765570069314158,0.7784836172951078
2,Ssbp3,-1.161791,-0.4894133,0.2453203879140704,0.7726401343623732
2,Adgre5,-1.1620188,-25.479864,0.24522782664883158,0.7726401343623732
2,Stau2,-1.1730857,-0.6712035,0.2407614603529541,0.765715860181356
2,Cd55,-1.1943405,-1.9370413,0.2323447996730661,0.7447890614025953
2,Jade2,-1.1970747,-0.9194499,0.23127745343330053,0.7428357019184425
2,Adpgk,-1.2125683,-0.3169631,0.22529493394708233,0.7250563152027134
2,Ets1,-1.2307309,-5.4669213,0.2184235283111966,0.7057429540254202
2,Tmem9,-1.2416024,-0.64594096,0.21438327910784616,0.6940712149958612
2,Slc40a1,-1.2433602,-25.551277,0.2137351588087376,0.6933568551755448
2,Mt1,-1.2501955,-0.3877064,0.2112281309295282,0.6893602180436513
2,Kdm5b,-1.253418,-0.6723571,0.21005364933634563,0.6869093129507109
2,Vldlr,-1.2680978,-1.294328,0.2047630356388529,0.6723191170166384
2,Sgms2,-1.2733382,-0.9429002,0.202898038102846,0.667546892094962
2,G0s2,-1.275747,-4.2292824,0.2020449968393837,0.6674480343655405
2,Tmem40,-1.2903616,-1.0595365,0.19692511541395818,0.6531953726000821
2,Gzmb,-1.2908825,-1.9323698,0.1967444389111498,0.6531953726000821
2,Ptk7,-1.2970669,-2.3011384,0.19460817871307412,0.6494947857461033
2,Pf4,-1.3101518,-1.3642409,0.19014449114373944,0.6411941052705725
2,Etv5,-1.3158805,-0.9019586,0.18821415128557373,0.6360069862191678
2,Gstm1,-1.322846,-0.45439613,0.1858865586302647,0.6294530231697064
2,St3gal5,-1.3246689,-1.078374,0.18528099665366904,0.6289715997274028
2,Pcsk9,-1.3294212,-1.8120427,0.18370907333139985,0.626000245679686
2,Fchsd2,-1.3548098,-0.4513812,0.1754781738193828,0.6075236068274551
2,Serpina3f,-1.3658115,-0.62446415,0.17199813146535436,0.5986684290605472
2,Syne1,-1.4269396,-2.1122262,0.1535973160687508,0.5548660282038169
2,Ttc3,-1.4641111,-0.84349245,0.1431635828413357,0.5223419925949413
2,Dusp2,-1.4713697,-1.6410314,0.14119116496812587,0.51734392821064
2,Zfpm1,-1.4720206,-1.7157879,0.14101529216767522,0.51734392821064
2,Mylk,-1.4751455,-1.8033748,0.140173446061063,0.5167302943432822
2,Tgif1,-1.487026,-0.716923,0.13700793758220975,0.5108663787548142
2,Il1rl1,-1.5335718,-5.3795543,0.12513501159227153,0.472958615009488
2,Adgrl4,-1.5415465,-1.804331,0.12318383126590221,0.4668321829749846
2,Ckap2l,-1.5545012,-0.4544672,0.12006490246084373,0.4582241689211495
2,Sirt3,-1.5553801,-0.80531377,0.1198555773133199,0.4582241689211495
2,Plod2,-1.6019585,-1.3493044,0.10916479278354381,0.4243838466500518
2,Dach1,-1.6175497,-3.2848759,0.1057596754417011,0.41435312455661644
2,Klhl6,-1.6288769,-0.4326119,0.10333907102632117,0.4068348864191576
2,Tmem216,-1.64564,-2.3541713,0.09983790609253085,0.3959341899317482
2,Mcpt8,-1.6593434,-5.262244,0.09704663003718178,0.3867558572980561
2,Runx3,-1.6629889,-0.4289665,0.09631466297038305,0.38478419541369774
2,Egln3,-1.6742836,-0.39715558,0.0940748829650479,0.38052234456186457
2,H1f0,-1.6841786,-0.42749158,0.09214715249526656,0.3745931863341413
2,Marcksl1,-1.6862292,-0.2609711,0.09175165242230365,0.37392256338938823
2,Cpox,-1.696287,-1.6262066,0.08983153018865703,0.3670195011738078
2,Smo,-1.6967753,-1.095012,0.08973914993263128,0.3670195011738078
2,Golim4,-1.7301385,-0.6153179,0.08360551761721229,0.34771320403876493
2,Smad3,-1.7347932,-0.98284346,0.08277744611598621,0.34604385979414853
2,Ms4a2,-1.7526629,-3.2394457,0.07965989222904839,0.3338716930116705
2,Slc18a2,-1.7630136,-2.059771,0.07789819116637212,0.327333849927087
2,Dnmt3b,-1.8073136,-2.0086496,0.07071340282566299,0.30045979404049816
2,Ndst1,-1.8616713,-0.5992793,0.06264943592635644,0.2724326677548261
2,Myct1,-1.867986,-3.1219306,0.06176403418833222,0.27003035971287026
2,Cpa3,-1.9123183,-2.796632,0.05583536751580383,0.24610045138759185
2,Tspan13,-1.9133275,-0.8568917,0.05570614786918521,0.24610045138759185
2,Tsc22d1,-1.9769944,-0.4699577,0.04804226931059724,0.21827608073330174
2,Podxl,-2.0025458,-3.226758,0.045226068911022974,0.2078093024750121
2,Pdlim7,-2.0093486,-0.788163,0.044500177710311194,0.2050547961537635
2,Serpinb1a,-2.009967,-0.50245357,0.04443467779574528,0.2050547961537635
2,Ndrg2,-2.0223033,-1.4750545,0.0431450264390081,0.20109549679330785
2,Slc22a3,-2.0681655,-2.0901916,0.038624451432916,0.18106607001210911
2,Meis1,-2.0852542,-0.90152574,0.03704623810302208,0.17569882515526847
2,Lipg,-2.104556,-1.6660017,0.035329973548847315,0.17007245609924448
2,Il12a,-2.124867,-0.72417045,0.03359771767654362,0.16316017386632858
2,Rgs18,-2.1372683,-0.6827057,0.03257617464474474,0.1586743401614894
2,Gadd45a,-2.1459265,-1.2744339,0.031878843865359094,0.15621596601091373
2,Kit,-2.1707618,-1.2240016,0.02994918327727951,0.1476522044855543
2,Cebpe,-2.2022371,-4.2142253,0.027648557149318045,0.13714360763362038
2,Bcl11a,-2.2820487,-0.4500042,0.022486465544840923,0.1154210351700379
2,Nlgn2,-2.335853,-1.3133372,0.0194988993196202,0.10072361368287885
2,Itga2b,-2.4294655,-3.1080408,0.015121100216052218,0.0796312485403789
2,Ikzf2,-2.5970633,-1.9290587,0.009402462124243756,0.05169760530685889
2,Bcl2,-2.6594608,-0.5246085,0.007826586402374996,0.04332670015239674
2,Rhoj,-2.6612835,-2.4958236,0.00778433933958421,0.043240405509608185
2,Hdc,-2.684361,-1.8864057,0.007266857472226148,0.04078492325242496
2,Nme4,-2.6922705,-1.1150007,0.007096733285481373,0.03996840760087079
2,Cd27,-2.7501438,-1.0942302,0.005956913128586559,0.034603648785367196
2,Rabgap1l,-2.8109138,-1.0039757,0.004940103083155663,0.02913762618501268
2,Spns2,-2.936197,-2.8977904,0.003322633187880543,0.02054549867426345
2,Mpo,-3.0258384,-1.1936849,0.0024794479809992615,0.015709627442112507
2,Mycn,-3.086055,-3.1153111,0.002028312738351939,0.013003649255363023
2,Sox4,-3.1207528,-0.9555641,0.0018038935763130279,0.011703661523118924
2,Akr1c13,-3.1832154,-1.9902049,0.0014564920128972286,0.009802614294270975
2,Serpina3g,-3.3896122,-0.54780406,0.0006999158349518487,0.004979225808297801
2,Alox5,-3.519745,-2.1453106,0.00043196156470398303,0.003184734808863002
2,Scin,-3.5410326,-2.7399487,0.0003985643338495574,0.0029614065350194634
2,Dlk1,-3.5917122,-1.9942279,0.0003285124759626468,0.002489940355193519
2,Car2,-3.616645,-1.2136835,0.00029844594346635267,0.002300856144178931
2,Gfi1,-3.8156207,-2.6019654,0.00013584110586296815,0.0011241544577027262
2,Ak4,-3.83987,-0.9693773,0.0001230994858868587,0.0010292132273633239
2,Hbb-bt,-4.0461364,-1.729316,5.2069887359466396e-05,0.0004534043322267301
2,F2r,-4.047666,-2.4826436,5.17308293872645e-05,0.0004534043322267301
2,Cyp11a1,-4.2151337,-3.943285,2.4963025474967487e-05,0.0002237018083999849
2,Top2a,-4.300316,-0.67445344,1.7055483632907423e-05,0.00015898847386537838
2,Fry,-4.4451613,-1.0161042,8.782592834857851e-06,8.848053154123872e-05
2,Gmpr,-4.6522417,-1.746083,3.283461199593146e-06,3.480898082183061e-05
2,Itga6,-4.73661,-1.5657176,2.1732282279825796e-06,2.349984123858496e-05
2,Adgrg1,-4.9416394,-2.754025,7.746832714623484e-07,8.665767353875374e-06
2,Slc2a3,-5.1719604,-0.9829172,2.3165097412140476e-07,2.722738261050134e-06
2,Ptp4a3,-5.3315506,-1.1938298,9.737768330913027e-08,1.17870598751798e-06
2,H2-Q7,-5.5618386,-1.2046549,2.6694707702100708e-08,3.4093555821108147e-07
2,Sipa1l1,-6.200461,-1.505718,5.629810590357673e-10,8.081020157132871e-09
2,Gata2,-6.20658,-3.7173846,5.415004532274009e-10,7.842086920846824e-09
2,Rab38,-6.2702146,-2.8635697,3.605512788052343e-10,5.365267653413671e-09
2,Ctla2a,-6.344655,-2.1178637,2.2292412217277428e-10,3.347990057076295e-09
2,Ccnd2,-7.010684,-1.0468745,2.3715575779179396e-12,4.1811591210683674e-11
2,Ccdc62,-7.099902,-0.88941705,1.2484507289312445e-12,2.3011216844619077e-11
2,Fam216a,-8.220095,-1.4608785,2.03342069188274e-16,4.922699048110156e-15
2,Ptprcap,-8.384145,-1.3692307,5.1095909090819334e-17,1.3155168975445867e-15
2,Cd34,-9.879536,-1.9818034,5.1068847953447625e-23,1.8825834404657283e-21
2,Muc13,-10.613398,-2.8718312,2.581850657145702e-26,1.163267157191758e-24
3,Gata2,18.669573,4.412687,8.75501295183141e-78,1.4200631007870549e-74
3,Csf2rb2,15.38357,3.6788409,2.109887669689644e-53,1.7111189001183014e-50
3,Csf2rb,14.168256,2.5658696,1.440345442874754e-45,7.78746769447617e-43
3,Cpa3,13.922663,6.267141,4.613885050483948e-44,1.870930387971241e-41
3,Alox5,13.769753,3.7107282,3.875324116516808e-43,1.2571551433980525e-40
3,F2r,12.724177,3.2846694,4.340220956174169e-37,1.1733063984857504e-34
3,Ms4a2,11.298272,5.9338965,1.3382467451660397e-29,3.1009088866561666e-27
3,Ikzf2,11.102875,3.3820727,1.214733401913751e-28,2.46287197238013e-26
3,Cyp11a1,10.958107,3.5422282,6.075715510708718e-28,1.0949789509299491e-25
3,Akr1c13,10.634878,3.146776,2.0509632051062788e-26,3.326662318682384e-24
3,Hdc,10.3986635,3.5500922,2.5143580574635217e-25,3.707535244732575e-23
3,Lgals1,10.2206745,1.4836729,1.602213614880014e-24,2.165658736112819e-22
3,Cd53,9.484697,1.363692,2.430880718183346e-21,3.0329911729949133e-19
3,Slc7a8,9.048904,4.197759,1.444104961796444e-19,1.6730987485955947e-17
3,Slc18a2,9.0405445,3.6921284,1.5589360120541406e-19,1.685729474367877e-17
3,Ctla2a,8.908317,1.7472466,5.181345525681046e-19,5.2525890266591605e-17
3,Il1rl1,8.426399,4.678522,3.5646364306871746e-17,3.4010825238674103e-15
3,Scin,8.33139,2.5979047,7.989860032203641e-17,7.199751651241281e-15
3,Gzmb,8.140281,4.358585,3.9436217236952055e-16,3.36660759780717e-14
3,Serpinb1a,7.923184,1.598935,2.3150483787229315e-15,1.7880992715659976e-13
3,Serpina3g,7.444066,1.169838,9.763276705487099e-14,7.1981976437727614e-12
3,Slc22a3,7.4355607,2.8770916,1.041252343331013e-13,7.34309261253436e-12
3,Rab38,7.0279727,1.5969917,2.0955615442880684e-12,1.4162503436813528e-10
3,Rgs18,6.9738526,1.5593008,3.083768353106785e-12,2.0007489074956823e-10
3,Itga2b,6.9415045,2.5054235,3.879459254362486e-12,2.420185734836905e-10
3,Furin,6.78467,1.9238788,1.163522789587498e-11,6.989755424855266e-10
3,Mcpt8,6.4766345,4.58304,9.379115612286119e-11,5.433187686831459e-09
3,Osm,6.393365,2.8451178,1.6227457620327693e-10,9.076184917300523e-09
3,Cd55,6.379953,3.7919817,1.7714245837291735e-10,9.577502249362397e-09
3,Vim,6.10372,0.8722451,1.0362749934812172e-09,5.25261887320792e-08
3,Gmpr,5.9081044,1.3630992,3.4606714319633634e-09,1.7009724432256288e-07
3,Ccl9,5.6172967,1.265587,1.9396808475545945e-08,9.253418631569272e-07
3,Cd9,5.3058085,1.1418673,1.1217479298458788e-07,5.198500406314329e-06
3,Cd200r3,5.0355,5.8131313,4.766024425748407e-07,1.932622904640979e-05
3,Hbb-bt,5.011475,1.2148546,5.401431237464286e-07,2.136858894430993e-05
3,P2rx4,4.95572,2.2539773,7.206294200811474e-07,2.773185235162419e-05
3,Ptger3,4.9383464,1.767684,7.878779941375979e-07,2.9044047874799633e-05
3,H1f0,4.9279876,1.0329444,8.30808537649433e-07,2.9946032179275118e-05
3,Cd200r4,4.773152,3.8820806,1.8136471381612139e-06,6.395077517603237e-05
3,Adgrg1,4.7221217,1.2125486,2.3339685181834906e-06,8.054674332965153e-05
3,Plek,4.6923904,1.025792,2.7003114892498284e-06,9.124802574090045e-05
3,Csrp3,4.6545177,4.297513,3.247402357090914e-06,0.0001054386809122847
3,Podxl,4.654336,2.1969202,3.2502675990223396e-06,0.0001054386809122847
3,Ctsd,4.6113744,0.9321425,4.000154024744581e-06,0.0001231282508234248
3,Igfbp7,4.599925,3.8475096,4.226425732850777e-06,0.0001269493062719252
3,Slc7a5,4.55929,0.9539404,5.132685403758354e-06,0.00015136755863447363
3,Car2,4.5188727,1.1509091,6.216972326301784e-06,0.0001800701627368124
3,Stx3,4.4624996,2.090234,8.100908587475382e-06,0.00023052059173482578
3,Ifi47,4.36789,0.9611465,1.2545267210305417e-05,0.0003423142299268885
3,Socs1,4.329944,1.3573488,1.4914703940343423e-05,0.0003929017033291326
3,Fcer1g,4.2734256,0.67795086,1.9249243692477037e-05,0.0004955916391936151
3,Cdkn1a,4.2625217,0.6750734,2.0213277468262424e-05,0.0005122802508362758
3,Sipa1l1,4.221959,0.80753213,2.4218791631548695e-05,0.000595195151914727
3,Slc41a3,4.2018595,2.6137478,2.6473120673731423e-05,0.0006408865930267517
3,Anxa6,4.1978617,0.90216565,2.6944722631422154e-05,0.0006427108839436285
3,Lat2,4.1316023,1.0895294,3.602435627829459e-05,0.0008468334185999106
3,Spns2,4.1181903,1.5631632,3.8185927783466815e-05,0.000884822498068331
3,Prss34,4.1036882,6.2317624,4.066155404708832e-05,0.0009289160656954543
3,Samsn1,3.984581,0.63522273,6.759928953484807e-05,0.0014619473016736476
3,Crip1,3.9780388,1.1232355,6.948607119857578e-05,0.0014829790458432883
3,Ccl6,3.9495068,2.8134937,7.831239714556614e-05,0.001649645560650757
3,Cish,3.93475,0.84390205,8.328329260938591e-05,0.0017318653924669736
3,Samd14,3.8901532,2.8209512,0.00010018098533133435,0.002031169477592804
3,Ubac2,3.8144073,1.1499834,0.00013651018267242832,0.0027335742752429473
3,Glb1,3.8082285,1.4648674,0.00013996597390557894,0.0027685952399371834
3,Hgf,3.7955434,3.2327785,0.00014732036119892056,0.0028789593477668574
3,Aqp9,3.7300472,1.7700157,0.00019144381223845934,0.0036107193424509423
3,Rhoj,3.6734197,1.875019,0.00023932594797783745,0.004461915949655774
3,Smim3,3.660117,1.0971156,0.00025210022570327226,0.0045944557987719955
3,Lat,3.5704503,2.4128518,0.00035636798397223834,0.006351965604428248
3,S100a6,3.5372298,0.65260607,0.0004043477285079596,0.0071288262569555476
3,Slc2a3,3.526326,0.5650486,0.0004213681745555106,0.007349023431495035
3,Egr1,3.492015,2.8123107,0.00047939155330456776,0.008272054249574563
3,Tiam1,3.4842005,1.2557293,0.0004936097453745195,0.00842773691576285
3,Papss2,3.459812,2.6526678,0.0005405526877702523,0.009133088120451554
3,Tmem9,3.4451644,1.2299187,0.0005707121926349747,0.009543249241793082
3,Pbx1,3.4290993,1.0319914,0.00060558794486258,0.009921855015829342
3,Rps27rt,3.3429585,0.81384796,0.0008289033532882374,0.013181188617975698
3,Hmgn3,3.2635415,0.8154387,0.0011002905942589778,0.016996869941791067
3,Padi2,3.2554362,3.1629007,0.0011321829848616283,0.01732453586269397
3,Ccl3,3.244278,1.3806571,0.0011774878763808642,0.01784939565878282
3,Muc13,3.2078953,0.5787899,0.0013371020572473665,0.02008129200791878
3,Rab27b,3.2014983,2.1353948,0.0013671490476536011,0.020344181241230653
3,C3ar1,3.173366,1.7617126,0.0015068236077879376,0.02201862965614446
3,Perp,3.1312406,3.9980283,0.0017406942917864907,0.025208983404265074
3,Bcl2,3.0759943,0.5528547,0.0020980192670895684,0.02985076536157263
3,P2ry1,3.057494,2.0728078,0.002231961904837891,0.03130753173285965
3,Cd84,3.0565488,1.4716932,0.00223900966770143,0.03130753173285965
3,Lrp12,3.0489888,0.9047122,0.002296130124080123,0.031831821036392816
3,Ndst2,3.0383394,1.4558147,0.0023788590558215033,0.03269923210629219
3,Rap1b,2.9887266,0.43030185,0.0028014273858469854,0.03755301834581661
3,Itgal,2.9776773,0.86744624,0.0029044166146030954,0.038505383328296776
3,Klhl6,2.9113088,0.6106169,0.003599181725549473,0.04707961902291327
3,Ier3,2.8938987,1.353751,0.0038049073305049964,0.049116873756211085
3,Inpp4b,2.8930266,3.6358612,0.0038154908096686784,0.049116873756211085
3,Bnip3,2.7571638,0.47289494,0.005830514564063577,0.07219156200695513
3,Myct1,2.642818,1.3872839,0.008221920899424261,0.09878485702863816
3,Anxa1,2.6287158,0.8895924,0.00857079966746044,0.10147326321621046
3,Prkca,2.579939,1.7254229,0.009881782732324748,0.11448751137021958
3,Ttc39b,2.5578039,1.453664,0.010533548932939686,0.12031983358611387
3,Rab37,2.552461,1.6498739,0.010696490503679816,0.1204840805345046
3,Rbms3,2.486892,1.1426629,0.01288644908056358,0.14028067388371898
3,Cttn,2.3679667,1.1964867,0.017886145526205825,0.18961652316016894
3,Itga6,2.3493936,0.5061216,0.018804012349312935,0.19805264954925703
3,Mboat1,2.3266773,1.7356514,0.01998245146198849,0.20513630551484388
3,Gm43549,2.260127,0.43549168,0.023813370384530626,0.24140804227317922
3,Col18a1,2.2391188,2.7227032,0.02514818841109192,0.2502476171950374
3,F2rl2,2.2252707,1.9087241,0.026063063615982984,0.2577700560068561
3,Gm17590,2.2111685,3.2605448,0.027024176604357953,0.26405550874860606
3,Plod2,2.204735,0.9005694,0.02747268805036535,0.2668305390280994
3,Ptprcap,2.1949942,0.39618874,0.02816400825236013,0.2719167939602865
3,Id2,2.1839814,0.6994494,0.028963620437644083,0.2779822032536018
3,Gch1,2.1716235,1.8020424,0.02988406887173195,0.2851291747644072
3,Plxdc2,2.151306,1.9138436,0.031452060707331385,0.2983347512707106
3,Slc24a3,2.1353498,2.3271444,0.032732442486806665,0.30512656157241613
3,Akr1c12,2.1136148,3.0645728,0.03454818664853385,0.3183349209331832
3,Il6,2.1085625,2.6280913,0.03498235537451667,0.3187718000981238
3,Il18rap,2.07745,1.2090776,0.03776003791501243,0.34018612058453906
3,Tmem64,2.0361242,1.4784886,0.041737880510985,0.3659396875071226
3,Runx3,1.929593,0.3431862,0.05365728617393872,0.4580637798638348
3,Cxcr2,1.8931376,1.339618,0.05833957498439159,0.49284786783689144
3,Ctla2b,1.8687491,1.2410543,0.061657720483226604,0.5102490950193548
3,Trim24,1.8469414,1.0161543,0.06475564305000718,0.5251682651355583
3,Slc45a3,1.8018354,5.1765356,0.07157129420141396,0.5718652177078495
3,Tmem184b,1.6578674,0.558196,0.09734422071800158,0.7080373363434913
3,Lilr4b,1.6412572,1.3654342,0.10074404333644132,0.7262526146298126
3,Nrip1,1.6324977,0.51004416,0.1025746848224647,0.7283233352403732
3,Ptp4a3,1.6322796,0.28391865,0.10262059635771677,0.7283233352403732
3,Nrp1,1.6272274,1.30764,0.10368879679368476,0.7292587243177292
3,Pcsk9,1.6264279,1.1093543,0.10385867158902308,0.7292587243177292
3,Acss1,1.6198854,1.1402845,0.10525687618000809,0.7358907463964359
3,Pdcd1lg2,1.6162509,0.9888753,0.10604008710756162,0.737207175327337
3,Gfi1b,1.6052742,1.6340078,0.10843346334206659,0.7421058124085739
3,Fcgr3,1.580377,0.48467433,0.11402056025367098,0.7672027510412692
3,Ugcg,1.5769241,0.53004533,0.11481299658937263,0.7672027510412692
3,Dusp6,1.5660201,1.1686444,0.11734389779735228,0.7800483697840386
3,Pld3,1.5617313,1.3499502,0.11835130519137331,0.7835339470220715
3,Itgb3,1.5585692,0.63327104,0.11909838920154253,0.7852747450605772
3,Ptms,1.5389785,0.24699022,0.12380955688406158,0.8065024147226822
3,Slco2b1,1.5333084,5.260743,0.12519988184263586,0.8122968333950215
3,Cnn2,1.5262209,0.43612656,0.12695486705260212,0.8204015711526719
3,Cd274,1.4888568,0.9619848,0.13652508330827887,0.8650143950235482
3,Tmem40,1.4847497,1.1548468,0.13761015358712428,0.8684967669973368
3,Meis1,1.4777348,0.4037248,0.13947877579188617,0.8734763262021801
3,Sapcd1,1.4717376,2.3053267,0.14109173703142489,0.8734763262021801
3,Noct,1.4576716,0.21767245,0.1449310841018986,0.8938335300885152
3,Tarm1,1.3947197,1.0188166,0.1631003918663576,0.9945444947640302
3,Ets1,1.3752017,1.5123569,0.1690689336897746,1.0
3,Tnfrsf18,1.3688047,1.3658607,0.17106033215358551,1.0
3,Phlda2,1.3580825,1.7530919,0.17443750268067781,1.0
3,Ube2h,1.3544842,0.41465607,0.17558194334360333,1.0
3,Txnip,1.3524488,0.42898998,0.17623177887092467,1.0
3,Slc6a9,1.3390733,1.0342802,0.18054679268140572,1.0
3,Rnase6,1.3022908,1.8051711,0.19281698836351413,1.0
3,Gnb4,1.2846265,0.7399964,0.1989228408393917,1.0
3,Rap2b,1.2783022,0.42289072,0.20114288910217815,1.0
3,Tecpr1,1.2617283,0.95748943,0.20704658439798262,1.0
3,Nrgn,1.2567124,0.26532945,0.20885777485754775,1.0
3,Mylk,1.2564944,0.94936156,0.20893678187452747,1.0
3,Adam8,1.2491161,1.3357977,0.21162262530784703,1.0
3,Serpina3f,1.2379577,0.43822092,0.21573173578168015,1.0
3,Mllt3,1.2337415,0.5052277,0.21729922704331106,1.0
3,Fam216a,1.2263995,0.17199934,0.22004834482950952,1.0
3,Akr1c18,1.2165498,4.6938577,0.22377558722934143,1.0
3,Stk17b,1.203356,0.3497038,0.2288385976990427,1.0
3,Ndst1,1.2021929,0.27406412,0.22928880405268215,1.0
3,Ccng2,1.1849647,0.40712824,0.23603140266420553,1.0
3,Adgre5,1.184892,1.5617968,0.23606014648608542,1.0
3,Neat1,1.1694084,0.74745363,0.24223910581567143,1.0
3,Kdm5b,1.1691177,0.40965378,0.24235622086287856,1.0
3,Pafah1b3,1.165265,0.3369331,0.2439117558423557,1.0
3,Itpr2,1.1649015,1.0959129,0.24405886559177115,1.0
3,B3gnt7,1.1450927,1.6177102,0.2521707491257511,1.0
3,Spred1,1.1435661,0.37969682,0.25280359567945176,1.0
3,Mxd4,1.1251385,0.42677057,0.2605303230996573,1.0
3,Maff,1.1250659,0.8559655,0.26056112335444404,1.0
3,Cdh1,1.1121993,0.96161425,0.2660524904782684,1.0
3,Fyn,1.0943168,0.25922868,0.27381604633480516,1.0
3,Dab2ip,1.0881743,1.8563964,0.2765181715416234,1.0
3,Lif,1.0861026,3.610324,0.2774336250742735,1.0
3,Hmga2,1.0855937,0.35824662,0.277658788738928,1.0
3,Tmtc2,1.0834129,2.6413834,0.2786251851984325,1.0
3,Ifih1,1.0811231,0.5808743,0.2796423617942472,1.0
3,Fcer1a,1.0782881,7.0300684,0.2809052165107324,1.0
3,Rsad2,1.0770524,0.36465546,0.2814569015466668,1.0
3,Tnfrsf8,1.0741082,1.5579818,0.28277417067453936,1.0
3,Ccr1,1.0659304,0.7396617,0.286455147583511,1.0
3,Mast4,1.0626591,0.6710906,0.28793656020071556,1.0
3,Oaf,1.0610236,0.9764436,0.2886792008413125,1.0
3,Rgs1,1.0541177,1.4151762,0.29182901822695795,1.0
3,Fgf3,1.0466304,3.233192,0.29527008516853825,1.0
3,Zfp946,1.0429231,0.79015774,0.2969839340939585,1.0
3,Emid1,1.0371803,1.8802441,0.2996518280807494,1.0
3,Tph1,1.0291841,5.087042,0.3033931648698812,1.0
3,Tfr2,1.0218421,0.9995636,0.3068556176065983,1.0
3,Slc23a2,1.0101386,0.8927604,0.31242888508574385,1.0
3,Ccl4,1.0019243,0.48902863,0.31638014056740515,1.0
3,Alox8,0.99749005,2.9379792,0.3185266903471614,1.0
3,Pf4,0.9955274,0.5325858,0.3194798405574313,1.0
3,Pdlim7,0.9813886,0.2934589,0.32640113317390973,1.0
3,Dennd1c,0.979753,0.76872444,0.3272080383711037,1.0
3,Lmna,0.96815854,0.5968613,0.3329651959283717,1.0
3,Dpp4,0.9614708,0.97410154,0.33631549611204403,1.0
3,Lpin1,0.9587812,0.3738976,0.33766899378144144,1.0
3,Pkp3,0.95492846,0.89976805,0.3396138760978913,1.0
3,Dmxl2,0.95351094,0.5516828,0.340331250077166,1.0
3,Mycn,0.9197815,0.37189028,0.3576869475022333,1.0
3,Rbpms2,0.916583,1.3715686,0.3593611809328209,1.0
3,Tgif1,0.9164376,0.35574532,0.359437399267135,1.0
3,Serpine2,0.9101497,0.9582425,0.36274355679261894,1.0
3,Sertad1,0.9100043,0.4488628,0.3628202242659837,1.0
3,Ccz1,0.9058245,0.23496301,0.36502875110766364,1.0
3,Nlrp6,0.9041526,2.1441798,0.36591450800547876,1.0
3,Osbpl5,0.90131754,0.5742395,0.3674195058591745,1.0
3,Txk,0.8867063,1.873722,0.3752370436171999,1.0
3,Ssbp3,0.8848163,0.0422889,0.376255721046152,1.0
3,Mxd1,0.8806728,0.6680737,0.3784949404422684,1.0
3,Specc1,0.87507546,0.7333079,0.381532847485362,1.0
3,Car9,0.8682423,0.5191541,0.3852616788376496,1.0
3,AI504432,0.86377174,0.29235557,0.3877132964339105,1.0
3,Nqo1,0.8627904,1.3710408,0.388252726440545,1.0
3,Rassf3,0.8617,0.47807163,0.3888526290137365,1.0
3,Kcne3,0.859919,4.7846007,0.38983368255691986,1.0
3,Nabp1,0.85922843,0.8387619,0.39021449567587085,1.0
3,Chd3,0.85853785,0.19568822,0.39059553482381715,1.0
3,Ccdc62,0.8529405,0.16052699,0.3936922919450746,1.0
3,Casp12,0.84432644,1.2617495,0.39848702431484295,1.0
3,E330020D12Rik,0.837566,2.6743104,0.4022744965918441,1.0
3,Angptl2,0.8317506,1.0135878,0.4055497464528769,1.0
3,Klf5,0.83000594,2.3687687,0.4065354196988956,1.0
3,Gem,0.8287338,0.46780923,0.40725504028777526,1.0
3,Serpinb2,0.8284794,2.746503,0.4073990555045689,1.0
3,Chst15,0.8280432,2.183909,0.40764600936411854,1.0
3,Otub2,0.8254263,2.2463489,0.4091296053094541,1.0
3,Tef,0.8170666,1.1046057,0.4138903470146007,1.0
3,Ctse,0.808707,0.9113151,0.4186837176334226,1.0
3,Gp5,0.79900247,2.0008404,0.4242889698662592,1.0
3,Mfge8,0.7951861,0.29830545,0.42650524621042274,1.0
3,Gimap5,0.7884984,1.4320203,0.4304052440044973,1.0
3,Cpox,0.7884257,0.45164227,0.43044774868788926,1.0
3,Parp9,0.7826466,0.27753943,0.43383465917454844,1.0
3,Nrarp,0.7722152,1.0419956,0.4399869777297266,1.0
3,Cndp2,0.7712702,0.13531943,0.440546792746941,1.0
3,Ptprn,0.74960774,2.6906912,0.45349097838157837,1.0
3,Sgsm2,0.749426,0.9423247,0.45360047059170205,1.0
3,Hcst,0.749208,1.0731828,0.4537318809292211,1.0
3,Lama5,0.74779046,2.1949213,0.4545865713891918,1.0
3,Capg,0.7451008,0.2739743,0.45621078282379757,1.0
3,P2ry14,0.7447737,-0.0023957465,0.45640854439193956,1.0
3,Rnf144a,0.7392854,0.9496613,0.45973372289119563,1.0
3,Zfp362,0.7290357,0.46056667,0.46597982246247194,1.0
3,Col1a2,0.728963,2.4753969,0.46602428871036505,1.0
3,Mecom,0.7262007,1.8609997,0.467715751172046,1.0
3,Peak1,0.71951294,0.3025877,0.47182492452061575,1.0
3,Tle6,0.71340674,1.5588696,0.47559409090881066,1.0
3,Adora2b,0.70806384,1.1144171,0.4789056121167402,1.0
3,Abcg1,0.7051925,1.5145211,0.48069046144432637,1.0
3,Mdga1,0.69461566,1.6589603,0.4872961820244194,1.0
3,Cystm1,0.6860016,0.8354649,0.49271210609471683,1.0
3,Cma1,0.682476,6.3726664,0.494938019480174,1.0
3,Arfgef2,0.6794592,0.32499766,0.4968469248197058,1.0
3,Prelid2,0.67895037,1.0061098,0.49716929516040875,1.0
3,Pcmtd2,0.6781144,0.42177606,0.49769914538112847,1.0
3,Golim4,0.6738982,0.21172073,0.5003760081657656,1.0
3,Map1lc3a,0.6705907,0.87137336,0.502481293340322,1.0
3,Pnpla7,0.65663373,0.46596447,0.5114164655436659,1.0
3,R3hdm4,0.65219945,0.32243776,0.5142725112349603,1.0
3,Mllt6,0.6489283,0.4203351,0.5163847337954727,1.0
3,2310001H17Rik,0.64485747,0.6923527,0.5190195443081069,1.0
3,Zfpm1,0.63816977,0.38730904,0.5233631847086435,1.0
3,Man2b1,0.6381334,0.17946921,0.5233868423120269,1.0
3,Tusc1,0.6363888,0.31434494,0.5245230522238961,1.0
3,Scn1b,0.63340837,1.4958014,0.5264669962715374,1.0
3,Dusp2,0.6303553,0.56484514,0.5284621622465473,1.0
3,Hmox1,0.62806547,0.11991906,0.5299610596138049,1.0
3,Samd9l,0.6248306,0.13326746,0.5320822247451957,1.0
3,Nt5e,0.61930597,1.6342688,0.5357148051541163,1.0
3,Vldlr,0.61788845,0.4131701,0.5366488585528121,1.0
3,Sgk1,0.6153806,1.1848251,0.5383034188215705,1.0
3,P2rx1,0.6115642,1.8204879,0.5408261289880776,1.0
3,Gsn,0.6071663,0.059473377,0.5437405612517592,1.0
3,Itm2c,0.600733,0.073623344,0.5480178487893557,1.0
3,Fam102a,0.60055125,0.911806,0.5481389171942129,1.0
3,Fgl2,0.59735274,0.326357,0.5502718816745122,1.0
3,Ctsc,0.5950266,-0.11247771,0.551825691502487,1.0
3,Pea15a,0.5916464,0.3803181,0.5540874058530048,1.0
3,Havcr2,0.5908104,0.19368431,0.5546474535559553,1.0
3,Zeb1,0.5850677,0.4344694,0.5585022028371862,1.0
3,Trim12a,0.5816148,0.33436868,0.5608261824439416,1.0
3,Maml2,0.58063346,2.466063,0.5614875352897548,1.0
3,Ecm1,0.5804517,1.5014501,0.5616100494178382,1.0
3,Ankrd33b,0.578489,1.7438596,0.5629340249770991,1.0
3,Nrip3,0.5738367,6.035482,0.5660783393450239,1.0
3,S1pr1,0.5735459,5.114633,0.5662751385567975,1.0
3,Klhdc4,0.57241917,0.3288785,0.5670380454252157,1.0
3,Tmem71,0.56700355,1.3428015,0.5707117771789666,1.0
3,Dock10,0.5668582,0.2830073,0.5708105569015598,1.0
3,Btg2,0.5632962,0.35763344,0.5732331996961229,1.0
3,Clnk,0.5630418,0.22137477,0.5734064320478147,1.0
3,Gimap6,0.5624239,0.73172945,0.5738272424947393,1.0
3,Hilpda,0.55980694,0.24893294,0.5756111187403943,1.0
3,St3gal5,0.5578079,0.1958043,0.5769755643484704,1.0
3,Tnfaip3,0.55602694,0.1808225,0.5781924437339097,1.0
3,Il4,0.55290115,3.7334793,0.5803311045136155,1.0
3,Ube2l6,0.5521742,0.21031201,0.5808289982099697,1.0
3,Plxna1,0.5492665,0.35994834,0.5828225700633392,1.0
3,F11r,0.5434511,0.39052024,0.5868192614276779,1.0
3,Ctnnal1,0.5429786,0.34569702,0.5871445495930203,1.0
3,Cetn4,0.54036164,0.600532,0.5889476554641916,1.0
3,Acp6,0.5393803,0.40773723,0.5896244784608176,1.0
3,Zbtb4,0.536836,1.3261453,0.5913808724730344,1.0
3,Il10ra,0.53592736,0.39026985,0.5920087382468577,1.0
3,Crebrf,0.5351641,0.7148617,0.5925363818573001,1.0
3,Egln3,0.5341828,0.13092078,0.5932150975164026,1.0
3,Stxbp6,0.5305118,0.94550043,0.5957571487023913,1.0
3,Chrnb1,0.5228427,2.3361254,0.6010837315192167,1.0
3,Smo,0.52233386,0.053219665,0.6014379136783352,1.0
3,Pdzk1ip1,0.52058923,1.8268056,0.6026529668731371,1.0
3,Dnmt3b,0.5176452,0.32296804,0.6047058712625489,1.0
3,Adtrp,0.5171,1.1887226,0.6050863827204409,1.0
3,1700109H08Rik,0.5163367,0.6656965,0.6056192789887234,1.0
3,2700081O15Rik,0.51615494,1.2606167,0.6057461900222308,1.0
3,Parvb,0.51568246,1.2195222,0.6060762144172818,1.0
3,Ypel3,0.5139742,0.32879436,0.6072700501374455,1.0
3,Jund,0.5115026,0.0698763,0.6089991573054407,1.0
3,Il27ra,0.51037586,0.5738316,0.6097881530969882,1.0
3,Dexi,0.5067776,0.38581103,0.6123108847494366,1.0
3,Atp8b5,0.5033247,3.065361,0.6147360173353852,1.0
3,Plscr4,0.49979907,1.6469369,0.6172165577123092,1.0
3,Csf1,0.49961734,0.89075375,0.6173445393809269,1.0
3,Desi1,0.4962008,0.14738278,0.6197527541067627,1.0
3,Gcnt2,0.48809555,0.110358894,0.6254821654157694,1.0
3,2610301B20Rik,0.48653266,0.430399,0.6265895605393192,1.0
3,Car8,0.48475167,6.5371313,0.6278525026910029,1.0
3,Tnfrsf9,0.478173,1.3895081,0.632527088944494,1.0
3,Gabbr1,0.4780276,1.2538267,0.6326305616325542,1.0
3,Rbp1,0.477228,0.69147384,0.6331997899183478,1.0
3,Adgre1,0.47635567,0.6119675,0.6338210140041303,1.0
3,Fbxo44,0.47548336,0.9576913,0.6344424962815913,1.0
3,Anpep,0.47548336,1.1772746,0.6344424962815913,1.0
3,Epx,0.47432026,4.3837695,0.6352715403173941,1.0
3,Gns,0.47377506,0.16722374,0.6356603122472434,1.0
3,Ulk1,0.46414328,0.1926446,0.6425450941549646,1.0
3,Lpar6,0.4582915,0.7027253,0.646743019749004,1.0
3,Clca3a1,0.4579644,1.1952455,0.6469780201546824,1.0
3,D630039A03Rik,0.45625612,1.1030971,0.6482058160556834,1.0
3,Eya1,0.45498398,0.56621057,0.6491207542072919,1.0
3,Rap1gap2,0.4548386,4.3814135,0.6492253523183811,1.0
3,Irs2,0.45374823,0.79929763,0.6500100585092135,1.0
3,Ndrg2,0.45371187,0.273454,0.6500362220744271,1.0
3,Dkkl1,0.4534211,0.22507548,0.6502455461264356,1.0
3,Sox5,0.44219008,2.0571299,0.6583516727929162,1.0
3,Chd2,0.43771946,0.97219,0.6615896589676677,1.0
3,Thy1,0.43619293,0.10354517,0.6626967680457589,1.0
3,Wdpcp,0.43455732,0.25377572,0.6638837746160404,1.0
3,Slc14a1,0.43419385,0.1722074,0.6641476685581207,1.0
3,Mfhas1,0.43353963,0.76057166,0.6646227825912852,1.0
3,Zbtb5,0.43041384,0.3333834,0.6668946292684799,1.0
3,Cd69,0.42910537,-0.00889443,0.6678465440347228,1.0
3,Psd3,0.42776054,0.5858276,0.6688254579700719,1.0
3,Klra2,0.42456207,3.2534285,0.671155946074334,1.0
3,Itk,0.42427132,3.117093,0.6713679659566858,1.0
3,Gcnt1,0.4218361,0.18482105,0.6731446579423028,1.0
3,Creb3l2,0.41420335,0.8993319,0.6787251853079808,1.0
3,Gnaz,0.4136218,2.4725862,0.6791510962106193,1.0
3,Cacna2d4,0.41311297,2.206487,0.679523852303964,1.0
3,Trpm2,0.41289487,2.0205805,0.6796836289096981,1.0
3,Bbs12,0.40998718,1.3048977,0.6818153559774502,1.0
3,Itpr3,0.40700677,0.5244413,0.6840030150380638,1.0
3,Tob1,0.4041354,0.3150867,0.6861131493718834,1.0
3,Rsad1,0.4035175,0.44083658,0.6865675497516579,1.0
3,Herc6,0.39842904,0.06587917,0.6903139660687787,1.0
3,Arl4c,0.39726594,0.4630858,0.6911713602982585,1.0
3,Phlda1,0.39577574,0.7730073,0.6922704756162205,1.0
3,Avil,0.3957394,24.741423,0.6922972914158649,1.0
3,Muc20,0.3957394,24.69756,0.6922972914158649,1.0
3,Igfbp5,0.39421284,2.7071474,0.693423902930912,1.0
3,Prnp,0.39279532,0.26089573,0.6944706494915549,1.0
3,Ddah2,0.38607126,0.7984251,0.699443897156196,1.0
3,Tpsg1,0.38578048,5.5504003,0.6996592494856415,1.0
3,Cobl,0.38556242,5.0602317,0.6998207795874201,1.0
3,Ptger4,0.3841449,0.04774365,0.7008710560293375,1.0
3,Vegfc,0.3831272,1.9267755,0.7016254535486735,1.0
3,Zbed5,0.38236392,1.5476388,0.702191444795356,1.0
3,Arhgef25,0.37923813,1.0121412,0.7045110343065726,1.0
3,Amn1,0.37796602,0.30564144,0.7054558421029677,1.0
3,Ccdc173,0.37683928,0.82972914,0.706293051370117,1.0
3,Amigo2,0.37567618,4.5987997,0.7071576403204372,1.0
3,9330020H09Rik,0.37345907,0.62275743,0.7088068088414273,1.0
3,Dst,0.3574303,0.77548987,0.7207696908578414,1.0
3,Gm11714,0.35546762,3.4655735,0.7222393110239174,1.0
3,Fry,0.3539774,0.009340747,0.7233558190249263,1.0
3,B230208H11Rik,0.35379568,0.27122313,0.7234920188827203,1.0
3,Pde1c,0.35335952,2.0275939,0.7238189342640517,1.0
3,Bmpr1a,0.35328683,1.8543335,0.7238734250612539,1.0
3,Pdk2,0.35292336,1.5659232,0.7241459000334876,1.0
3,Cpne8,0.35208738,0.20975174,0.7247727250679605,1.0
3,Ak1,0.34994295,0.7509499,0.7263815104127529,1.0
3,H2-Q7,0.34365502,-0.024220662,0.7311057346952836,1.0
3,Gimap1,0.34271002,0.11737476,0.7318166211082995,1.0
3,Bfsp2,0.3423829,0.28560674,0.732062750852304,1.0
3,Rgs7bp,0.33998406,1.1010631,0.7338685431609304,1.0
3,H2-DMa,0.3383848,0.18276428,0.7350732238001394,1.0
3,Kit,0.3310065,0.28455406,0.7406395840057526,1.0
3,Cxxc5,0.3282805,0.20107874,0.7426995787234445,1.0
3,Cdkn1c,0.32798973,0.73213863,0.7429194205872225,1.0
3,H2-Oa,0.32719013,0.7982136,0.7435240937753498,1.0
3,Smim5,0.32479125,0.47356212,0.7453390612780728,1.0
3,Gm45051,0.3215201,1.2070974,0.7478162949351399,1.0
3,Dio2,0.32108393,1.1482699,0.7481467902329904,1.0
3,Jakmip1,0.31930295,0.44989353,0.7494967924831334,1.0
3,Lcn4,0.31781274,0.560229,0.7506269764590142,1.0
3,Car1,0.3148687,0.5148138,0.7528613504653539,1.0
3,H2-T22,0.3141781,0.54076314,0.7533857635763394,1.0
3,Tns1,0.3141781,0.6004919,0.7533857635763394,1.0
3,Ttc30b,0.31406906,0.38956413,0.7534685760543092,1.0
3,Tubb2a,0.3122881,0.3945426,0.75482158067455,1.0
3,Ddhd1,0.31192464,0.41990668,0.7550977966758547,1.0
3,Lca5l,0.31185195,1.1201416,0.7551530436352457,1.0
3,2610037D02Rik,0.31018,1.039545,0.7564240688378467,1.0
3,Plk2,0.3093077,0.84702045,0.7570874743609199,1.0
3,Cep170b,0.3085808,0.3133058,0.7576404490673426,1.0
3,Tspan13,0.30832633,-0.23060167,0.7578340195361003,1.0
3,Lipa,0.30567306,0.04838658,0.759853585796211,1.0
3,Ccdc8,0.30443728,0.58285415,0.7607947658045495,1.0
3,Treml1,0.30378306,1.3364103,0.7612931810337779,1.0
3,Lrrc1,0.30363765,0.049385224,0.7614039534340504,1.0
3,Faah,0.3003665,0.9556922,0.7638976212305237,1.0
3,Tinagl1,0.29767686,0.48415115,0.7659498077866145,1.0
3,Il13,0.29680455,24.230604,0.7666157354576775,1.0
3,Tpk1,0.2953507,0.5817972,0.7677259978707403,1.0
3,Hes1,0.29498723,2.0531511,0.7680036380648604,1.0
3,Npr2,0.29338798,1.2464933,0.7692256081283393,1.0
3,Tspan9,0.29077104,0.86521155,0.7712264312082657,1.0
3,Pglyrp2,0.29004413,0.71505445,0.7717824862304281,1.0
3,Shank3,0.28844488,0.68442166,0.7730062196257106,1.0
3,Grm6,0.2868093,5.2632346,0.7742583491451784,1.0
3,Nlgn2,0.2857916,0.1097879,0.7750377486657901,1.0
3,Il17re,0.2831383,0.50201434,0.7770708187707683,1.0
3,Psg16,0.28302926,1.2298334,0.7771544023727,1.0
3,Per2,0.28135732,0.788986,0.778436340070378,1.0
3,AI480526,0.28066674,0.40122035,0.7789660122866463,1.0
3,Trim46,0.2785223,0.6403537,0.7806114372959571,1.0
3,Wdr91,0.2779771,0.7564242,0.7810299227012684,1.0
3,Helz2,0.2771775,0.16921006,0.7816438159959548,1.0
3,Thnsl1,0.2747423,0.42291787,0.7835142368452559,1.0
3,Krba1,0.27456057,1.600255,0.7836538708135745,1.0
3,Ccnd2,0.2691086,0.067558736,0.7878461105181702,1.0
3,Ptgs2,0.2687088,0.7829326,0.7881537850782582,1.0
3,Acrbp,0.26758206,0.6377592,0.7890210456274709,1.0
3,9930111J21Rik2,0.26674607,0.09091898,0.7896646660503385,1.0
3,Ocstamp,0.26641896,0.39189726,0.7899165566158162,1.0
3,Espn,0.26630992,2.818933,0.790000525017388,1.0
3,Rfx2,0.26507416,-0.1168535,0.7909523370904994,1.0
3,Mrgpre,0.26380202,1.3411047,0.7919324693534838,1.0
3,Tmem42,0.26325685,1.3667188,0.7923526268307808,1.0
3,Nos1ap,0.25998566,0.83284616,0.7948748340926131,1.0
3,Lrpap1,0.25533333,0.2302523,0.7984656635208668,1.0
3,Dcun1d3,0.25289813,0.44578025,0.8003469446341439,1.0
3,Ttc3,0.25158966,0.024704916,0.8013582615747763,1.0
3,Irf6,0.2512262,0.8789759,0.8016392421097476,1.0
3,Parp6,0.24824578,0.43013155,0.8039442471645498,1.0
3,Dach1,0.24679193,0.17997365,0.8050692601517182,1.0
3,Dok7,0.24639212,2.6475909,0.8053787095961629,1.0
3,Hic1,0.24631943,2.6377888,0.8054349764081677,1.0
3,Slc25a35,0.24461114,1.6345692,0.8067575359217878,1.0
3,Spsb1,0.24432038,0.46006483,0.8069827075860918,1.0
3,Gng11,0.2434117,0.37028867,0.8076864720613066,1.0
3,Notch2,0.24297555,0.1180521,0.8080243343387192,1.0
3,1700030N03Rik,0.24195786,0.95517725,0.808812818797499,1.0
3,Creb3l1,0.23392531,1.2429626,0.8150429666618402,1.0
3,Ltbp1,0.23370723,1.1825893,0.8152122760469614,1.0
3,Dand5,0.23276222,0.9779117,0.8159460496680042,1.0
3,Tnfsf12,0.23167183,0.86662114,0.8167929120797648,1.0
3,Cd79b,0.23050874,0.63946706,0.8176964677887326,1.0
3,Isg20,0.22923662,-0.026516795,0.8186850092155508,1.0
3,Gm5547,0.22625622,1.8326473,0.8210021469285445,1.0
3,1700016F12Rik,0.22618353,2.1440673,0.8210586820884177,1.0
3,Fgfr1,0.22574738,1.739337,0.8213979125583559,1.0
3,Rora,0.2249841,1.536518,0.8219916462191036,1.0
3,Il18,0.22331217,0.93806726,0.8232925615186772,1.0
3,Jade2,0.22309409,0.06500832,0.8234622820122627,1.0
3,Agap1,0.22222178,0.529403,0.824141246484273,1.0
3,Tgfbr3,0.22040445,0.5919692,0.8255561779945022,1.0
3,Zfp667,0.22025907,0.28501618,0.8256693970624742,1.0
3,Smpd5,0.21945944,0.57452196,0.826292166683097,1.0
3,Tmem158,0.21778752,-0.009417811,0.8275946740779891,1.0
3,Trp53inp2,0.2168425,0.416621,0.8283310839641173,1.0
3,Frs3,0.21582481,1.7723194,0.8291243095254721,1.0
3,Myrip,0.21582481,1.7393281,0.8291243095254721,1.0
3,Trim26,0.21549769,0.111344844,0.829379311927341,1.0
3,Rab26os,0.2134623,0.21564247,0.8309663964379932,1.0
3,Gm7694,0.21313518,0.4359046,0.8312215280854174,1.0
3,Gimap8,0.21240824,0.70441574,0.8317885509509664,1.0
3,Gbp2,0.20870093,0.17025855,0.8346817234460183,1.0
3,2610035D17Rik,0.20855553,0.44744965,0.8347952270705457,1.0
3,Upp1,0.2079013,0.52760714,0.8353060359374659,1.0
3,4933415A04Rik,0.20575686,1.6504127,0.8369808399080625,1.0
3,Gm4890,0.20561148,1.6963261,0.83709441277725,1.0
3,Ccl17,0.20524801,0.46198663,0.8373783597986504,1.0
3,Card11,0.20502993,1.1258992,0.8375487381817749,1.0
3,Art4,0.2039032,0.89558804,0.8384291476853883,1.0
3,Gimap4,0.20339435,1.0434015,0.8388268183499538,1.0
3,Serpinb6a,0.20157702,0.22008403,0.840247406031523,1.0
3,Grina,0.19968702,0.13777284,0.8417253693017306,1.0
3,Prg3,0.1978697,23.119492,0.8431470140223774,1.0
3,Prox2,0.19619776,1.6163487,0.8444553788556928,1.0
3,Rad9b,0.19336274,0.65543234,0.8466748896979767,1.0
3,Tubb3,0.19234505,0.42498723,0.8474719349335617,1.0
3,Nyap1,0.1917635,0.83278185,0.8479274594620096,1.0
3,C030037D09Rik,0.19161811,0.72545195,0.8480413485377727,1.0
3,Hbp1,0.191291,0.0626959,0.8482976105553406,1.0
3,Cd59a,0.18936464,0.4114867,0.8498070335031396,1.0
3,Tshz1,0.18914656,-0.0060796845,0.8499779463747511,1.0
3,Dnase2b,0.18783809,4.821483,0.8510035713819221,1.0
3,Skap1,0.1877654,4.7593646,0.8510605579567263,1.0
3,4930503B20Rik,0.18769272,3.9858618,0.8511175453093563,1.0
3,Fam110c,0.18612981,1.7201072,0.8523429609769129,1.0
3,Fscn1,0.18496673,0.048907258,0.8532551297634943,1.0
3,Gm10797,0.18300402,0.950697,0.8547948590009302,1.0
3,Pard6g,0.17936939,0.10253672,0.8576476657719005,1.0
3,Epb41l1,0.17918766,0.021946367,0.857790355251121,1.0
3,Shb,0.17784284,0.48160693,0.8588464015121908,1.0
3,Glt28d2,0.17773381,3.3830853,0.858932037980416,1.0
3,4933427D06Rik,0.17758842,2.9673321,0.85904622251955,1.0
3,Lemd1,0.17642534,1.7482401,0.8599598047694355,1.0
3,Rem2,0.17548032,1.142915,0.8607022284523413,1.0
3,Gfod2,0.17548032,0.32593116,0.8607022284523413,1.0
3,Rgs11,0.17482609,0.46822414,0.8612162862448105,1.0
3,Hba-a2,0.17468071,0.1999273,0.8613305293024878,1.0
3,Cyp4f18,0.17438993,1.0746689,0.8615590241195774,1.0
3,Epb41l3,0.17104606,0.20339489,0.8641875425962134,1.0
3,Exoc3l,0.16828375,0.4459558,0.866360062937053,1.0
3,Hao1,0.1677749,4.0531883,0.8667603747083519,1.0
3,Kcnn3,0.1677749,3.307087,0.8667603747083519,1.0
3,Mboat2,0.16733874,0.09293436,0.8671035262896165,1.0
3,Axl,0.16653912,0.28607807,0.8677327025265358,1.0
3,1700112J16Rik,0.16548507,1.0072384,0.8685621991638863,1.0
3,Pde11a,0.16548507,1.1705179,0.8685621991638863,1.0
3,Snn,0.16443102,-0.0032680572,0.8693918405018789,1.0
3,Scml4,0.1582885,0.004240598,0.8742294790463422,1.0
3,Hrc,0.15730713,2.1075187,0.8750027968007663,1.0
3,Phyhipl,0.1557079,1.3046974,0.8762632738102639,1.0
3,Fam171a2,0.15469019,0.586912,0.8770655591859945,1.0
3,Tgm2,0.15352711,0.3546355,0.8779826113788555,1.0
3,Glyctk,0.15338172,0.6787411,0.8780972544427438,1.0
3,Jup,0.15280019,0.6375882,0.878555852239728,1.0
3,Col4a1,0.15240037,0.30531806,0.8788711618740522,1.0
3,Sema7a,0.1520369,0.10085002,0.8791578236697124,1.0
3,S100a10,0.15112825,-0.02181316,0.8798745473838063,1.0
3,Rps6kl1,0.14742091,2.1403666,0.8827997940338173,1.0
3,Rnf149,0.14563994,-0.05533878,0.8842056306532897,1.0
3,Kcnq3,0.14469494,0.68253654,0.8849517331505824,1.0
3,Gm9958,0.1425505,0.5971705,0.8866451893219146,1.0
3,Rpgrip1,0.14225973,-0.24754706,0.8868748505283945,1.0
3,Lars2,0.14087857,-0.06776832,0.8879658706705844,1.0
3,Arid4b,0.13942471,0.023048427,0.8891145422491636,1.0
3,Cnrip1,0.13866144,0.069445945,0.889717688196869,1.0
3,Gm10369,0.13837068,0.46004176,0.8899474748923596,1.0
3,Trp53cor1,0.13811624,0.26594675,0.8901485458357368,1.0
3,A830082K12Rik,0.13753471,2.2759793,0.8906081630756819,1.0
3,Irgm2,0.1365897,0.06945716,0.8913551194307182,1.0
3,Serpinh1,0.13571739,1.0832704,0.892044703201067,1.0
3,0610009E02Rik,0.13535392,1.0935122,0.8923320538977231,1.0
3,Paqr5,0.13477238,0.7691736,0.8927918444016726,1.0
3,Padi4,0.13448161,0.15803501,0.8930217531773894,1.0
3,Enpp5,0.13382737,0.8257017,0.8935390807647525,1.0
3,Dip2a,0.13331853,0.14834602,0.8939414779931719,1.0
3,Ccdc30,0.13310045,0.5776527,0.8941139423110646,1.0
3,Tap1,0.13295506,0.0006770179,0.894228921304644,1.0
3,Tmem241,0.13215543,0.37484604,0.8948613454331391,1.0
3,Foxo1,0.13131948,0.051867235,0.8955225875668597,1.0
3,Gpr137b,0.13121043,0.09092631,0.8956088419024705,1.0
3,Trib1,0.13106506,0.2023435,0.8957238496027532,1.0
3,Fam214a,0.13099235,0.21867992,0.895781354274852,1.0
3,Sv2a,0.12997466,0.4291495,0.8965864770435359,1.0
3,Timp3,0.12841177,-0.02983195,0.8978231226677326,1.0
3,F730016J06Rik,0.12764849,2.2586374,0.8984271562739031,1.0
3,Cxcl2,0.12699425,1.1207533,0.8989449462212662,1.0
3,Ctxn1,0.12634002,0.23250654,0.8994627791905098,1.0
3,Snca,0.124559045,0.6327882,0.9008726518316296,1.0
3,Gm16140,0.12430462,0.85128146,0.9010740878459542,1.0
3,Rhobtb2,0.12208749,-0.2759812,0.902829727082035,1.0
3,Klhl24,0.11954325,0.15397371,0.9048449801892275,1.0
3,Zfp329,0.11899805,0.21923278,0.9052769003350845,1.0
3,Arhgef5,0.11863459,0.009202687,0.9055648626749631,1.0
3,Ankrd37,0.11819843,0.12270782,0.9059104338699893,1.0
3,2200002D01Rik,0.11732612,1.6802044,0.9066016296423091,1.0
3,Mpl,0.11725342,0.07329061,0.9066592324904683,1.0
3,Serpine1,0.11710804,1.1317897,0.9067744396594222,1.0
3,Gm14966,0.11674458,0.90768296,0.9070624661581699,1.0
3,Spire2,0.11674458,0.7598071,0.9070624661581699,1.0
3,C8g,0.11674458,0.6352053,0.9070624661581699,1.0
3,Eps8l1,0.11456379,0.5100432,0.9087908804971538,1.0
3,Kank3,0.1134734,0.58350104,0.9096552501282619,1.0
3,Gata3,0.11332802,0.2077217,0.9097705075156307,1.0
3,Sirt3,0.11310994,-0.025117574,0.9099433971566051,1.0
3,Gimap1os,0.11216493,0.4827026,0.9106926347774652,1.0
3,Stk39,0.11132897,-0.069124386,0.9113554881283634,1.0
3,Jazf1,0.109402604,0.059812948,0.9128831669250672,1.0
3,Atp1b2,0.1074399,1.5180671,0.9144400009740126,1.0
3,Prickle1,0.1074399,2.1022906,0.9144400009740126,1.0
3,Slc39a2,0.10736721,1.9748558,0.9144976678362378,1.0
3,Wnt16,0.10398699,0.08103845,0.9171796689414913,1.0
3,Sema4c,0.103187375,-0.15445746,0.9178142598502047,1.0
3,Meg3,0.1024241,0.1671288,0.918420054569911,1.0
3,Mex3b,0.10104294,0.13420068,0.9195163746897903,1.0
3,Ppp1r3d,0.09984351,0.38973993,0.9204685663707585,1.0
3,Rian,0.099189274,0.15960516,0.920987991803031,1.0
3,Crisp1,0.09893485,22.773731,0.9211899996976561,1.0
3,Zfp503,0.09893485,22.653835,0.9211899996976561,1.0
3,H2-Ob,0.09893485,-0.01856737,0.9211899996976561,1.0
3,Asb2,0.09893485,21.566744,0.9211899996976561,1.0
3,Map10,0.09711753,1.1557689,0.9226330603366857,1.0
3,Phxr4,0.09704483,1.2266074,0.9226907880917088,1.0
3,Mmrn1,0.096972145,0.9524754,0.9227485162539714,1.0
3,Itgax,0.09689945,0.9733489,0.9228062448231711,1.0
3,R74862,0.096390605,0.14326502,0.9232103561764277,1.0
3,Zfp963,0.096390605,0.03581452,0.9232103561764277,1.0
3,Prmt2,0.09253789,0.3504287,0.9262706922380983,1.0
3,Abhd6,0.09224711,-0.27607533,0.9265017058488211,1.0
3,Gm2a,0.09206538,0.038004655,0.9266460925034187,1.0
3,Tie1,0.09159288,0.13372877,0.9270215090994427,1.0
3,Phlpp1,0.091338456,-0.09995076,0.9272236632323713,1.0
3,Pkp1,0.08879421,3.1639822,0.9292454608026913,1.0
3,Dcstamp,0.08879421,2.5674434,0.9292454608026913,1.0
3,Cmtm8,0.087812856,0.24643986,0.9300254197976976,1.0
3,Phf1,0.08701324,1.3073642,0.9306609916733184,1.0
3,Id3,0.08664977,0.7310515,0.9309499026238588,1.0
3,Rasal1,0.0864317,0.46087983,0.9311232535641855,1.0
3,Thsd1,0.086359,0.0740127,0.9311810379374764,1.0
3,Ccl5,0.085922845,0.018056776,0.9315277517844193,1.0
3,Ccdc92,0.08574111,0.9123744,0.9316722197259939,1.0
3,Cd22,0.08494149,0.2924078,0.932307905348241,1.0
3,Tspan17,0.08414187,0.29377893,0.9329436341483219,1.0
3,Nr4a1,0.0833059,0.5292996,0.9336083054403777,1.0
3,Cd38,0.08326956,0.49610785,0.9336372052455983,1.0
3,Mx2,0.08316052,0.48488986,0.9337239051859093,1.0
3,Gm20559,0.07974396,-0.041859873,0.9364408963136974,1.0
3,Hbb-bs,0.0788353,-0.58368903,0.9371636262689332,1.0
3,Tpsb2,0.07879895,3.8676457,0.9371925365479935,1.0
3,Calca,0.07872626,2.2624269,0.9372503573544786,1.0
3,Ppp1r3g,0.07865357,1.6399933,0.9373081784918632,1.0
3,Fez1,0.07865357,1.6033136,0.9373081784918632,1.0
3,Sh3bgrl2,0.07821741,0.15898347,0.9376551122480569,1.0
3,Rnase4,0.07792664,0.6466635,0.9378864079983794,1.0
3,Pdgfrb,0.077563174,0.15007907,0.9381755350540851,1.0
3,Epha10,0.077345096,1.3621845,0.9383490152024249,1.0
3,5830416I19Rik,0.0763274,0.58065337,0.939158627785859,1.0
3,Spib,0.0762547,-0.15196718,0.9392164596725509,1.0
3,Rhod,0.076182015,0.19485351,0.9392742918798153,1.0
3,Tmcc1,0.074764505,-0.018972838,0.9404020835606756,1.0
3,4930458D05Rik,0.07421931,0.34393892,0.9408358815421013,1.0
3,Igf2r,0.07363777,0.1090541,0.9412986187337576,1.0
3,Nefh,0.07309257,-0.041723162,0.941732452851226,1.0
3,C030014I23Rik,0.068658315,1.8524185,0.9452616011436731,1.0
3,9330151L19Rik,0.06789504,0.12745902,0.9458691878185858,1.0
3,Gm10642,0.06716811,1.1555822,0.9464478710739724,1.0
3,Gpr55,0.06695003,1.0254222,0.9466214815742978,1.0
3,Ankrd22,0.06695003,0.9947833,0.9466214815742978,1.0
3,Klrd1,0.06495098,0.6730665,0.9482130282321427,1.0
3,Clec2h,0.06331539,0.33774254,0.949515356770176,1.0
3,Etv5,0.06218866,-0.03959371,0.9504125950986883,1.0
3,Dnajb5,0.061207306,-0.027305787,0.9511941120060028,1.0
3,Sox12,0.060007874,0.37314418,0.9521493630127668,1.0
3,Calcoco1,0.059208255,-0.0016127678,0.9527862353000981,1.0
3,Hgfac,0.05866306,1.601029,0.9532204837178367,1.0
3,Adam19,0.058590367,1.5392542,0.9532783845590465,1.0
3,Cd7,0.056409582,0.712474,0.9550155230962937,1.0
3,Chil1,0.056409582,0.7170111,0.9550155230962937,1.0
3,Jmy,0.056373235,0.13999353,0.9550444772387232,1.0
3,Mfsd9,0.056264196,0.25091487,0.9551313400218154,1.0
3,Rab11fip3,0.053065717,-0.14698753,0.9576795477497182,1.0
3,Gm4707,0.050303392,-0.21740113,0.9598806216465147,1.0
3,Cd72,0.049067613,-0.29120693,0.9608654126259639,1.0
3,Fmn1,0.048377033,0.37499171,0.9614157631025453,1.0
3,Cmklr1,0.04830434,0.5049571,0.9614736958057806,1.0
3,Dennd5b,0.047250293,0.76172197,0.962313742707998,1.0
3,Cul7,0.046668753,-0.008978106,0.962777234830055,1.0
3,Sall2,0.04608721,0.28093234,0.9632407395313862,1.0
3,Ccdc189,0.046014518,0.10872226,0.9632986784957428,1.0
3,Gbp7,0.04448797,-0.028801458,0.9645154410448953,1.0
3,Amigo1,0.044451624,0.2595296,0.9645444126001982,1.0
3,Gdf15,0.043652,-0.045767065,0.9651817985916611,1.0
3,Sh3bp4,0.04321585,-0.0984154,0.965529473081301,1.0
3,S1pr4,0.04310681,0.0061934283,0.9656163927302484,1.0
3,Sema4b,0.042125456,0.104296625,0.9663986878318254,1.0
3,Gm5111,0.03925409,-0.26860073,0.9686878083261566,1.0
3,Ccpg1,0.039108705,0.10664075,0.9688037201830302,1.0
3,Prg2,0.038527165,2.7475882,0.9692673741766423,1.0
3,Ifitm10,0.03845447,0.95247525,0.9693253316594864,1.0
3,Rragd,0.03823639,0.15170962,0.9694992050788698,1.0
3,Mcoln3,0.038091008,-0.39234227,0.9696151214977762,1.0
3,Dbp,0.036419075,0.50340044,0.9709482058386477,1.0
3,Asah2,0.0361283,0.23868057,0.9711800549844184,1.0
3,Ptp4a2,0.03605561,-0.04413822,0.9712380176521888,1.0
3,Eno3,0.03576484,-0.03714327,0.9714698698394042,1.0
3,Oit3,0.035692144,-0.08921215,0.9715278332637121,1.0
3,Bst2,0.035110604,-0.05730777,0.9719915460465123,1.0
3,Col5a1,0.034819834,0.3884575,0.9722234059983221,1.0
3,Gm11696,0.034819834,0.3012948,0.9722234059983221,1.0
3,Sdc1,0.03365675,0.06639972,0.973150869084769,1.0
3,Trp53inp1,0.033511363,-0.011255834,0.9732668045491005,1.0
3,Slc9a9,0.032857127,-0.2942115,0.9737885210932306,1.0
3,Mylk3,0.028459216,1.1253408,0.9772958956855112,1.0
3,Igf1,0.028241137,0.2791585,0.9774698270700072,1.0
3,Dapk2,0.028241137,0.6370481,0.9774698270700072,1.0
3,Fabp4,0.02802306,-0.4790637,0.9776437595257114,1.0
3,Plscr2,0.026750937,0.5355077,0.978658386436948,1.0
3,Gm12758,0.026532859,0.47322822,0.9788323259913543,1.0
3,Slc17a8,0.026169393,0.57863796,0.979122227481191,1.0
3,Vmac,0.022752834,-0.14963973,0.9818474310313648,1.0
3,Oas1b,0.021371672,2.0694479e-06,0.9829491709873464,1.0
3,Mirg,0.018318577,0.6080494,0.9853847085463827,1.0
3,Boll,0.018245883,0.38144067,0.9854426992861645,1.0
3,Ldhc,0.018245883,0.40872556,0.9854426992861645,1.0
3,Ddc,0.01817319,0.120594814,0.9855006901028619,1.0
3,Iqsec1,0.017918766,0.043794222,0.9857036585625915,1.0
3,Gm16201,0.01788242,-0.5908092,0.9857326541326821,1.0
3,Zfp365,0.016646642,0.43987095,0.9867185144785043,1.0
3,Dusp1,0.015919715,-0.3327155,0.9872984418992545,1.0
3,Jam3,0.015847022,0.018919347,0.9873564350155026,1.0
3,Camk2a,0.015628943,-0.11500698,0.9875304147638578,1.0
3,Fgd5,0.015483558,-0.08667462,0.9876464015927063,1.0
3,1700086P04Rik,0.015338172,-0.40412295,0.9877623886826513,1.0
3,P4ha2,0.01526548,-0.35261878,0.9878203823247691,1.0
3,Gm8113,0.014175088,0.38769627,0.9886902945075593,1.0
3,Gprin3,0.01366624,0.07638538,0.9890962581905628,1.0
3,Mt2,0.01366624,0.019934932,0.9890962581905628,1.0
3,Agl,0.012575848,0.04462652,0.9899661897399804,1.0
3,Cdh17,0.011994306,-0.4189904,0.9904301581764574,1.0
3,Ccr7,0.0116308415,-0.6516439,0.9907201401026382,1.0
3,Gstt3,0.010067947,-0.037496183,0.9919670758738778,1.0
3,Dusp10,0.010031601,-0.25779828,0.991996074625439,1.0
3,Foxn3,0.009086595,-0.13676278,0.9927500457652171,1.0
3,Sytl1,0.008250629,0.7381531,0.9934170256534456,1.0
3,Acox2,0.008177936,0.57793593,0.9934750241287071,1.0
3,Tst,0.008105243,0.2037651,0.9935330226384474,1.0
3,Cx3cl1,0.007887165,-0.43719688,0.9937070183714765,1.0
3,Slc6a4,0.007887165,-0.15030369,0.9937070183714765,1.0
3,AW554918,0.007741779,-0.6310687,0.9938230156936044,1.0
3,Acod1,0.007669086,-0.5877901,0.9938810144037816,1.0
3,Gm13346,0.0060334993,0.08819115,0.9951859933502958,1.0
3,Rxra,0.0058881138,0.14719585,0.995301992153415,1.0
3,Ghr,0.0055973427,-0.19483203,0.9955339900551028,1.0
3,Gm16754,0.0055246498,-0.32192904,0.9955919895902889,1.0
3,Dok4,0.0053792642,-0.2751992,0.995707988730233,1.0
3,Krt18,0.0015628943,-0.74576974,0.9987529912193563,1.0
3,Cdc42ep2,0.0008359668,-0.6622179,0.999332995109523,1.0
3,Gm21190,0.0,0.0,1.0,1.0
3,Ifnlr1,0.0,0.0,1.0,1.0
3,Il1a,0.0,0.0,1.0,1.0
3,Cd200r2,0.0,0.0,1.0,1.0
3,Cyp4a12a,0.0,0.0,1.0,1.0
3,Mcpt4,0.0,0.0,1.0,1.0
3,Stfa2,0.0,0.0,1.0,1.0
3,Ear2,0.0,0.0,1.0,1.0
3,Ear1,0.0,0.0,1.0,1.0
3,Retnlg,0.0,0.0,1.0,1.0
3,Arntl,-0.00079962035,0.11086971,0.9993619953158311,1.0
3,Gadd45g,-0.0013084697,-0.070927545,0.9989559925216476,1.0
3,Pltp,-0.0017446263,0.64660895,0.9986079903378032,1.0
3,Ahnak2,-0.0018900118,0.26344714,0.9984919896654315,1.0
3,Gp1bb,-0.0019627046,0.009155851,0.9984339893410454,1.0
3,Veph1,-0.0021807828,-0.057047293,0.9982599884187642,1.0
3,Serpinb8,-0.002398861,-0.8382351,0.9980859875792344,1.0
3,Cp,-0.0024715539,-1.305889,0.9980279873192106,1.0
3,Thbs1,-0.0027623249,1.3265383,0.9977959863863861,1.0
3,Gm4951,-0.00341656,0.2545748,0.9972739849987335,1.0
3,Gpr45,-0.004143487,-0.12247058,0.9966939848350637,1.0
3,Sec22a,-0.00421618,-0.15924926,0.9966359849097229,1.0
3,Tshz3,-0.0050158007,-0.5824591,0.9959979869716261,1.0
3,Il12rb1,-0.005088493,0.29550514,0.9959399872798267,1.0
3,Gm10735,-0.0058154208,0.07730277,0.9953599915923654,1.0
3,Smad7,-0.007341969,-0.42977074,0.9941420089952823,1.0
3,Krt83,-0.010104294,-18.218822,0.9919380771329283,1.0
3,Cdkn2a,-0.010104294,-19.213083,0.9919380771329283,1.0
3,Ctsk,-0.010104294,-19.410011,0.9919380771329283,1.0
3,Rprm,-0.010104294,-19.81321,0.9919380771329283,1.0
3,Cd36,-0.010104294,-19.098925,0.9919380771329283,1.0
3,Alox15,-0.010104294,-18.852753,0.9919380771329283,1.0
3,1700047M11Rik,-0.010104294,-18.737099,0.9919380771329283,1.0
3,Aqp8,-0.010104294,-19.20862,0.9919380771329283,1.0
3,Cldn1,-0.010104294,-17.848171,0.9919380771329283,1.0
3,Bace2,-0.010104294,-18.37251,0.9919380771329283,1.0
3,Fpr1,-0.010104294,-19.27523,0.9919380771329283,1.0
3,Gzmc,-0.010104294,-19.231443,0.9919380771329283,1.0
3,Egr2,-0.010104294,-19.368155,0.9919380771329283,1.0
3,Stfa3,-0.010104294,-18.717978,0.9919380771329283,1.0
3,Ear6,-0.010104294,-18.613632,0.9919380771329283,1.0
3,1810044D09Rik,-0.011812573,0.9259947,0.9905751489839202,1.0
3,Cpne5,-0.011812573,0.3199038,0.9905751489839202,1.0
3,Cxcl3,-0.011812573,0.49326107,0.9905751489839202,1.0
3,Zfp526,-0.011957959,0.28973362,0.9904591563128198,1.0
3,Slfn4,-0.012030652,0.04416718,0.9904011600527368,1.0
3,Tmem121,-0.012103344,-0.06267305,0.9903431638433741,1.0
3,Gm43920,-0.012103344,-0.028937066,0.9903431638433741,1.0
3,Rpl3l,-0.012176038,-0.16501383,0.9902851676850377,1.0
3,Fbxl21,-0.012176038,-0.21740595,0.9902851676850377,1.0
3,Kcnb1,-0.01224873,-0.2554608,0.9902271715780344,1.0
3,Gfra1,-0.01224873,-0.15634526,0.9902271715780344,1.0
3,Ccl2,-0.012321423,-0.49121103,0.9901691755226705,1.0
3,Zcchc24,-0.012539501,-0.62667894,0.9899951876694789,1.0
3,Tmem191c,-0.014247782,0.020182498,0.9886322999322871,1.0
3,Ak4,-0.015519905,-0.046199016,0.9876174048609206,1.0
3,Tlr3,-0.015628943,-0.72300184,0.9875304147638578,1.0
3,Itsn1,-0.016283179,-0.014523077,0.9870084773308266,1.0
3,Igf2bp2,-0.017228184,0.103687204,0.9862545775798733,1.0
3,Gadd45a,-0.017555302,-0.009710359,0.9859936151069724,1.0
3,H2-M2,-0.020208588,-21.052439,0.9838769773129932,1.0
3,Sucnr1,-0.020208588,-20.16318,0.9838769773129932,1.0
3,Csf2,-0.020208588,-21.160578,0.9838769773129932,1.0
3,Mmp9,-0.020208588,-19.978693,0.9838769773129932,1.0
3,Cdkn2b,-0.020208588,-19.150316,0.9838769773129932,1.0
3,Tpsab1,-0.020208588,-20.19659,0.9838769773129932,1.0
3,Npy,-0.020208588,-19.420712,0.9838769773129932,1.0
3,Gm14010,-0.020208588,-19.812393,0.9838769773129932,1.0
3,Asprv1,-0.020208588,-20.638206,0.9838769773129932,1.0
3,Mirt1,-0.020499358,-0.4162107,0.9836450236381035,1.0
3,Tbc1d9,-0.023625147,0.59013087,0.9811516129752772,1.0
3,Macrod1,-0.02369784,0.11056368,0.9810936287772467,1.0
3,Trim21,-0.02369784,-0.08381753,0.9810936287772467,1.0
3,Pex11g,-0.024715539,-0.4960996,0.9802818606322917,1.0
3,Pdgfb,-0.027695943,-0.40997142,0.9779046601997026,1.0
3,Trac,-0.027914021,-0.42821625,0.9777307261526836,1.0
3,Sla2,-0.028350176,-0.07853501,0.9773828612433416,1.0
3,Mmp12,-0.029149797,-1.0214655,0.976745120128847,1.0
3,Arg1,-0.03031288,-21.052582,0.9758175233352637,1.0
3,Gnai1,-0.03031288,-19.741606,0.9758175233352637,1.0
3,Ephx2,-0.03031288,-19.751682,0.9758175233352637,1.0
3,Pdpn,-0.03031288,-21.165531,0.9758175233352637,1.0
3,Amer2,-0.03031288,-20.608791,0.9758175233352637,1.0
3,Rpp25,-0.03031288,-19.65998,0.9758175233352637,1.0
3,Map6,-0.03031288,-19.795322,0.9758175233352637,1.0
3,Itgae,-0.03031288,-20.64055,0.9758175233352637,1.0
3,C130026I21Rik,-0.03031288,-20.433456,0.9758175233352637,1.0
3,Susd2,-0.03031288,-20.603521,0.9758175233352637,1.0
3,Sytl3,-0.03031288,-20.676926,0.9758175233352637,1.0
3,Ppp2r3a,-0.030603653,0.11683414,0.9755856291977686,1.0
3,Ccdc80,-0.03194847,0.17997514,0.9745131459618214,1.0
3,Ppfibp2,-0.03202116,0.52882016,0.9744551751902776,1.0
3,Ifi204,-0.032166548,0.033009067,0.9743392340523124,1.0
3,Insl6,-0.032202892,-0.019375226,0.9743102488524448,1.0
3,Hid1,-0.03253001,-0.66263556,0.974049383584894,1.0
3,Ifit3b,-0.032602705,-0.6657619,0.9739914139014288,1.0
3,Tcte2,-0.032602705,-0.560483,0.9739914139014288,1.0
3,Fbxo10,-0.032675397,-0.61135006,0.9739334443553506,1.0
3,Kcp,-0.032675397,-1.1663805,0.9739334443553506,1.0
3,Sema6d,-0.032893475,-1.5421996,0.9737595365444969,1.0
3,Lhx3,-0.033584055,0.2501136,0.973208836746176,1.0
3,Fut10,-0.03431098,-0.1916824,0.9726291665508849,1.0
3,Mgll,-0.03431098,0.1205906,0.9726291665508849,1.0
3,Oas1c,-0.03431098,-0.057182163,0.9726291665508849,1.0
3,N4bp3,-0.035183296,-0.57537127,0.9719335814276514,1.0
3,A930007I19Rik,-0.035510413,0.22126904,0.971672742481768,1.0
3,Esam,-0.03554676,-0.81075096,0.9716437605631915,1.0
3,Gm12289,-0.03572849,0.06980531,0.9714988515327403,1.0
3,Gstt1,-0.036964267,-0.2115332,0.9705134953231931,1.0
3,Cds1,-0.03754581,-0.3497196,0.9700498137659179,1.0
3,Arhgap35,-0.0396539,-0.11105543,0.9683690541379939,1.0
3,Col9a2,-0.040417176,-20.792177,0.967760537490802,1.0
3,Atoh8,-0.040417176,-20.809488,0.967760537490802,1.0
3,Ccl7,-0.040417176,-21.718466,0.967760537490802,1.0
3,A330023F24Rik,-0.040417176,-20.468973,0.967760537490802,1.0
3,Neil2,-0.040417176,-20.93939,0.967760537490802,1.0
3,Irf4,-0.040417176,-20.967817,0.967760537490802,1.0
3,Fam160a1,-0.040417176,-21.042284,0.967760537490802,1.0
3,Tac4,-0.040417176,-20.704756,0.967760537490802,1.0
3,Mir142hg,-0.04107141,-0.33214596,0.9672389667208307,1.0
3,6430548M08Rik,-0.042016417,0.27955726,0.9664856115198718,1.0
3,4933406C10Rik,-0.04208911,0.28856733,0.9664276623501954,1.0
3,Acvrl1,-0.042452574,-0.56115794,0.9661379191674191,1.0
3,Pls1,-0.042597957,-0.66581607,0.9660220231439636,1.0
3,BC064078,-0.042670652,-0.08459126,0.9659640754012416,1.0
3,Siglech,-0.043906428,-0.035854828,0.9649789915253225,1.0
3,Fstl1,-0.045723747,-0.76499796,0.9635304362881303,1.0
3,Kank2,-0.045941826,0.116388634,0.9633566176539009,1.0
3,Ccdc102a,-0.05001262,-0.3001439,0.9601123317193022,1.0
3,Clec1b,-0.05052147,-21.286306,0.9597068413149819,1.0
3,Lyve1,-0.05052147,-21.076036,0.9597068413149819,1.0
3,Lyz1,-0.05052147,-21.033354,0.9597068413149819,1.0
3,Vipr1,-0.05052147,-21.64104,0.9597068413149819,1.0
3,Cxcl5,-0.05052147,-20.98166,0.9597068413149819,1.0
3,Atp6v0d2,-0.05052147,-21.079935,0.9597068413149819,1.0
3,Tppp3,-0.05052147,-20.877121,0.9597068413149819,1.0
3,Igfbp6,-0.05052147,-21.174171,0.9597068413149819,1.0
3,Klra17,-0.05052147,-21.04468,0.9597068413149819,1.0
3,Gm26871,-0.05052147,-21.184683,0.9597068413149819,1.0
3,Ltb,-0.051684555,-0.18545198,0.9587800454173369,1.0
3,Il2rb,-0.052084364,0.20569424,0.9584614721312578,1.0
3,Gria2,-0.052157056,-0.14688176,0.9584035504268472,1.0
3,Fzd8,-0.0527386,-1.0977132,0.957940184723029,1.0
3,Tnfrsf23,-0.05313841,0.45653957,0.9576216290357458,1.0
3,Plpp1,-0.05481034,-0.38586837,0.9562895609806089,1.0
3,Atp13a4,-0.054883033,-0.6334114,0.9562316477203019,1.0
3,Cacnb2,-0.055609964,-0.32295722,0.9556525278753363,1.0
3,Wtip,-0.055609964,-0.9456401,0.9556525278753363,1.0
3,Nmb,-0.05622785,-0.11958938,0.9551602944013203,1.0
3,Igtp,-0.05644593,-0.07410097,0.9549865690132283,1.0
3,Clec4e,-0.057754397,0.033897754,0.9539442618810379,1.0
3,Rrad,-0.05837229,-0.17974123,0.9534520885610903,1.0
3,Marcksl1,-0.059462678,-0.07314659,0.9525835908277102,1.0
3,Xcl1,-0.06062576,-21.709213,0.9516572553361915,1.0
3,Pla1a,-0.06062576,-21.845127,0.9516572553361915,1.0
3,Gm10419,-0.06062576,-21.424994,0.9516572553361915,1.0
3,C1qb,-0.06062576,-21.971539,0.9516572553361915,1.0
3,Col1a1,-0.06062576,-21.375862,0.9516572553361915,1.0
3,Eya2,-0.06062576,-22.041386,0.9516572553361915,1.0
3,Pygm,-0.06062576,-21.532034,0.9516572553361915,1.0
3,Nat8l,-0.06266116,-0.668919,0.9500363261442442,1.0
3,Ercc1,-0.06266116,-0.8063164,0.9500363261442442,1.0
3,Ifit1bl2,-0.06295193,-1.0552863,0.9498047815502657,1.0
3,Slc25a29,-0.0632427,-1.75163,0.9495732411945794,1.0
3,Nwd1,-0.06462386,-0.25203264,0.9484734829833301,1.0
3,Ufsp1,-0.0652781,-0.8178124,0.9479525790146738,1.0
3,Il2ra,-0.06542349,-0.6331751,0.9478368255904235,1.0
3,Traf1,-0.065714255,-0.6585756,0.9476053220473538,1.0
3,Adam23,-0.06585964,-0.9858748,0.9474895719334067,1.0
3,2900026A02Rik,-0.06789504,-0.2501231,0.9458691878185858,1.0
3,Spag1,-0.068767354,-0.69561446,0.9451748056382083,1.0
3,Arhgap25,-0.06884004,0.17844853,0.9451169423294011,1.0
3,Penk,-0.07073006,-21.554409,0.9436125988250524,1.0
3,Cfb,-0.07073006,-21.977503,0.9436125988250524,1.0
3,Ccl22,-0.07073006,-22.72336,0.9436125988250524,1.0
3,Tnfsf15,-0.07073006,-21.706614,0.9436125988250524,1.0
3,Prss30,-0.07073006,-22.20324,0.9436125988250524,1.0
3,1500026H17Rik,-0.07073006,-22.069733,0.9436125988250524,1.0
3,Spred3,-0.07073006,-21.649137,0.9436125988250524,1.0
3,Dhrs9,-0.07073006,-21.957825,0.9436125988250524,1.0
3,Pigz,-0.07073006,-21.86811,0.9436125988250524,1.0
3,Hba-a1,-0.07073006,-22.579693,0.9436125988250524,1.0
3,Mmp13,-0.07073006,-22.176323,0.9436125988250524,1.0
3,Tnfrsf11a,-0.07073006,-22.308184,0.9436125988250524,1.0
3,Rab11fip4,-0.07251103,-0.40704376,0.9421952282958501,1.0
3,Eme2,-0.07272911,-0.785994,0.9420216852088604,1.0
3,Ccdc171,-0.0728018,-0.7949473,0.9419638381244545,1.0
3,Ppbp,-0.07309257,-1.5327617,0.941732452851226,1.0
3,Pgf,-0.07331065,-1.3311341,0.9415589171224324,1.0
3,Batf2,-0.073383346,-1.4541152,0.9415010724956234,1.0
3,Apol7c,-0.073383346,-1.5490266,0.9415010724956234,1.0
3,Irf1,-0.07596394,-0.004212399,0.9394477904220058,1.0
3,Capn5,-0.07799933,-0.5073485,0.9378285835687008,1.0
3,Gp6,-0.08083435,-21.715141,0.9355736895442774,1.0
3,Igha,-0.08083435,-22.130892,0.9355736895442774,1.0
3,Neo1,-0.08083435,-21.698097,0.9355736895442774,1.0
3,Spry1,-0.08083435,-21.779434,0.9355736895442774,1.0
3,Steap4,-0.08083435,-22.006554,0.9355736895442774,1.0
3,Gal,-0.08083435,-21.764389,0.9355736895442774,1.0
3,Slc6a5,-0.08083435,-22.45207,0.9355736895442774,1.0
3,Src,-0.08083435,-21.70838,0.9355736895442774,1.0
3,Mcam,-0.08083435,-21.990995,0.9355736895442774,1.0
3,Clic5,-0.08083435,-21.933138,0.9355736895442774,1.0
3,Pxdc1,-0.08083435,-22.47449,0.9355736895442774,1.0
3,Prr15,-0.08083435,-22.368452,0.9355736895442774,1.0
3,Gm10330,-0.082869746,-0.7265301,0.9339551088674906,1.0
3,P2rx5,-0.08301514,-1.0201306,0.9338395063290891,1.0
3,Gpr4,-0.083233215,-1.052715,0.9336661051382857,1.0
3,Myof,-0.08352398,-1.724928,0.9334349084479783,1.0
3,0610009L18Rik,-0.08359668,-2.3810499,0.9333771101519646,1.0
3,Slamf7,-0.08359668,-1.9284599,0.9333771101519646,1.0
3,Alox12,-0.08374206,0.008958855,0.933261514613936,1.0
3,Nacc2,-0.085922845,-1.002196,0.9315277517844193,1.0
3,Lgals3,-0.086504385,-0.25355244,0.9310654695539502,1.0
3,Marcks,-0.08759478,-0.21041705,0.9301987531731699,1.0
3,9830107B12Rik,-0.09093864,-21.547869,0.9275413434992985,1.0
3,Ndrg4,-0.09093864,-22.530214,0.9275413434992985,1.0
3,Gm12708,-0.09093864,-21.604834,0.9275413434992985,1.0
3,Ctsf,-0.09093864,-22.357426,0.9275413434992985,1.0
3,A530064D06Rik,-0.09093864,-22.072586,0.9275413434992985,1.0
3,Pnpla1,-0.09093864,-22.145418,0.9275413434992985,1.0
3,Cadm1,-0.09093864,-22.268114,0.9275413434992985,1.0
3,Bhlhe41,-0.09093864,-22.36405,0.9275413434992985,1.0
3,Fam167a,-0.09093864,-22.278421,0.9275413434992985,1.0
3,Nectin4,-0.09093864,-22.278831,0.9275413434992985,1.0
3,Tesc,-0.09093864,-22.230972,0.9275413434992985,1.0
3,Ephx1,-0.09093864,-22.211403,0.9275413434992985,1.0
3,Ermap,-0.09093864,-22.077408,0.9275413434992985,1.0
3,F3,-0.09093864,-22.10592,0.9275413434992985,1.0
3,Nos2,-0.09093864,-22.2123,0.9275413434992985,1.0
3,Il7r,-0.09235615,-0.33363178,0.9264150750176061,1.0
3,Ms4a4b,-0.09257423,-0.48844942,0.9262418159734148,1.0
3,Plxnc1,-0.092865005,-0.05985974,0.9260108093569158,1.0
3,Lrrc49,-0.09301039,-0.25400358,0.9258953083865791,1.0
3,Rab2b,-0.09330116,-1.1100523,0.9256643111338327,1.0
3,Nfkbiz,-0.09450059,-0.4068722,0.9247115139204142,1.0
3,Mdp1,-0.09493674,-0.6327637,0.9243650689095021,1.0
3,Lgalsl,-0.095445596,0.061998885,0.9239609011985732,1.0
3,Rab6b,-0.09617253,-0.9162636,0.9233835528302327,1.0
3,Ralgps1,-0.09784446,-0.2326481,0.9220558052510968,1.0
3,Rnf150,-0.098971196,-0.75516874,0.9211611411153731,1.0
3,Rab15,-0.10104294,-22.264072,0.9195163746897903,1.0
3,Gm26511,-0.10104294,-22.701057,0.9195163746897903,1.0
3,1700102P08Rik,-0.10104294,-22.263784,0.9195163746897903,1.0
3,Ncoa7,-0.10104294,-0.10105559,0.9195163746897903,1.0
3,Gm15880,-0.10104294,-22.08414,0.9195163746897903,1.0
3,Ppp1r42,-0.10104294,-21.858715,0.9195163746897903,1.0
3,8030423F21Rik,-0.10104294,-22.307337,0.9195163746897903,1.0
3,Ceacam10,-0.10104294,-22.377964,0.9195163746897903,1.0
3,Ltf,-0.10104294,-23.202091,0.9195163746897903,1.0
3,Zfhx2,-0.1014064,-0.09243091,0.919227854475865,1.0
3,Pmepa1,-0.102714874,-0.5795163,0.918189270025544,1.0
3,Kdr,-0.103659876,-1.7113789,0.9174392679585426,1.0
3,Ckap2l,-0.10525912,-0.11928713,0.9161702014029419,1.0
3,Tmem151b,-0.10554989,-0.8559809,0.9159394848849777,1.0
3,Dtx3l,-0.10907549,-0.15298058,0.9131426162144038,1.0
3,E130102H24Rik,-0.11114723,-22.91514,0.9114995948622144,1.0
3,Xaf1,-0.11114723,-22.665068,0.9114995948622144,1.0
3,Serpinb9b,-0.11114723,-22.808683,0.9114995948622144,1.0
3,Clec4b2,-0.11114723,-21.959019,0.9114995948622144,1.0
3,Aif1,-0.11114723,-22.617748,0.9114995948622144,1.0
3,Gm43255,-0.11114723,-23.003605,0.9114995948622144,1.0
3,Gm19705,-0.11114723,-22.267443,0.9114995948622144,1.0
3,Fam135a,-0.11114723,-22.774227,0.9114995948622144,1.0
3,2900089D17Rik,-0.11114723,-22.65571,0.9114995948622144,1.0
3,Fcrl1,-0.11114723,-22.108992,0.9114995948622144,1.0
3,Hk1os,-0.112928204,-0.8885068,0.9100874751155112,1.0
3,Gm26740,-0.1139459,-1.876383,0.9092806767635221,1.0
3,Chga,-0.1139459,-1.7844279,0.9092806767635221,1.0
3,Bach2,-0.11398225,-0.43488967,0.9092518642620158,1.0
3,2410018L13Rik,-0.11601765,-0.9517938,0.9076385557838988,1.0
3,Mad1l1,-0.11601765,-0.04595659,0.9076385557838988,1.0
3,Slx4ip,-0.11609034,-0.21534508,0.907580944629938,1.0
3,Dnajc18,-0.117653236,-0.33408397,0.9063424229095008,1.0
3,Fads3,-0.119070746,-0.2560237,0.9052193093604521,1.0
3,Vwf,-0.12030652,-0.35637963,0.9042403393041061,1.0
3,Rasgrp4,-0.12066998,-0.14799482,0.9039524345655228,1.0
3,Mir99ahg,-0.12110614,-0.29201913,0.903606965550143,1.0
3,Taco1,-0.12125152,-22.317362,0.9034918132635118,1.0
3,Pcp4,-0.12125152,-22.88263,0.9034918132635118,1.0
3,Cxcl16,-0.12125152,-23.18824,0.9034918132635118,1.0
3,Slc2a4rg-ps,-0.12343231,-1.2050914,0.9017647738961309,1.0
3,Map3k14,-0.12619464,-1.0098032,0.8995778590042152,1.0
3,Pdgfa,-0.1296112,-0.4476995,0.896874046743154,1.0
3,5830418P13Rik,-0.13135582,-23.21929,0.8954938363960648,1.0
3,Ms4a7,-0.13135582,-23.04009,0.8954938363960648,1.0
3,Osgin1,-0.13135582,-22.047598,0.8954938363960648,1.0
3,Dennd2a,-0.13135582,-22.422218,0.8954938363960648,1.0
3,Tnni2,-0.13135582,-23.003046,0.8954938363960648,1.0
3,Tmcc3,-0.13277332,-0.5155643,0.8943726481717793,1.0
3,Il18r1,-0.13364564,-1.3534651,0.89368279092035,1.0
3,Ccno,-0.13379103,-1.8125325,0.893567822516414,1.0
3,Sgsm1,-0.13386372,-1.726224,0.8935103391528946,1.0
3,Ypel1,-0.1340818,-1.8841523,0.8933378924197105,1.0
3,Pla2g7,-0.13422719,-2.1086717,0.8932229307317159,1.0
3,Entpd3,-0.13429987,-2.734324,0.8931654507288519,1.0
3,Gm5431,-0.13520853,-0.604095,0.8924469981368114,1.0
3,Nkx2-3,-0.13535392,-0.5587483,0.8923320538977231,1.0
3,Tbxa2r,-0.13546295,-0.080677256,0.8922458472026535,1.0
3,Oas2,-0.13771644,-0.54375273,0.8904645287319163,1.0
3,Slc31a2,-0.13906126,-0.2615989,0.8894017466216848,1.0
3,Ctsb,-0.14095126,-0.025040623,0.8879084432470149,1.0
3,Ttc26,-0.14146012,-22.973787,0.8875064677740573,1.0
3,Abca5,-0.14146012,-22.928713,0.8875064677740573,1.0
3,Ackr1,-0.14146012,-22.923328,0.8875064677740573,1.0
3,Cacnb3,-0.14146012,-23.53871,0.8875064677740573,1.0
3,Zc3h6,-0.14146012,-22.927952,0.8875064677740573,1.0
3,Gja5,-0.14146012,-22.136772,0.8875064677740573,1.0
3,Gm20257,-0.14146012,-22.986782,0.8875064677740573,1.0
3,Junb,-0.14225973,-0.09970197,0.8868748505283945,1.0
3,Zfp532,-0.14269589,-0.5659823,0.8865303622871701,1.0
3,Arpp21,-0.14385897,-1.4247919,0.8856118319669374,1.0
3,Tmem86a,-0.14414975,-0.19844851,0.8853822233511813,1.0
3,Gpr132,-0.14727554,-0.28521466,0.882914542431889,1.0
3,Ptk7,-0.14822054,-0.41958737,0.8821687218691103,1.0
3,Vwa5a,-0.15018325,-0.016521083,0.8806200444530476,1.0
3,Lad1,-0.1515644,-23.470072,0.8795305076813487,1.0
3,Dnajc28,-0.1515644,-22.948479,0.8795305076813487,1.0
3,1600010M07Rik,-0.1515644,-22.461983,0.8795305076813487,1.0
3,Ighd,-0.1515644,-23.346325,0.8795305076813487,1.0
3,Mafb,-0.1515644,-23.397478,0.8795305076813487,1.0
3,Crispld2,-0.1515644,-23.276306,0.8795305076813487,1.0
3,Edn1,-0.1515644,-23.116453,0.8795305076813487,1.0
3,Tslp,-0.1515644,-22.745186,0.8795305076813487,1.0
3,St6gal1,-0.15178248,-1.3960831,0.8793584963544755,1.0
3,Rundc3b,-0.15349077,-1.338087,0.8780112719050254,1.0
3,C5ar1,-0.15403596,-0.23654361,0.8775813808219185,1.0
3,Pcp4l1,-0.15407231,-1.4851892,0.8775527226985761,1.0
3,Klhl30,-0.1542904,-1.7121633,0.8773807773299831,1.0
3,Cyp2j6,-0.1546175,-0.34052464,0.8771228701272398,1.0
3,Plekhg1,-0.15498097,-0.71784735,0.8768363218684666,1.0
3,Ahr,-0.15592597,-0.9527466,0.8760913720268071,1.0
3,Rnf122,-0.15636213,-1.1723295,0.8757475860036513,1.0
3,Usp18,-0.15636213,-0.17044556,0.8757475860036513,1.0
3,Tmem140,-0.15792502,-0.67180043,0.8745158790629146,1.0
3,Kctd11,-0.1616687,-23.236128,0.8715667529309913,1.0
3,Casq2,-0.1616687,-23.264402,0.8715667529309913,1.0
3,Acvr2a,-0.16283178,-0.56891406,0.8706508809871085,1.0
3,Tcf7,-0.16457641,-2.6988928,0.8692773986440714,1.0
3,AW112010,-0.16588488,-0.8404721,0.8682475454260994,1.0
3,Cmpk2,-0.16835643,-0.10168974,0.8663028783369804,1.0
3,Mreg,-0.171773,-22.796719,0.8636159966265047,1.0
3,Lynx1,-0.171773,-23.329292,0.8636159966265047,1.0
3,Nr4a3,-0.171773,-23.803648,0.8636159966265047,1.0
3,Cacnb1,-0.171773,-23.357533,0.8636159966265047,1.0
3,Bmf,-0.1733359,-1.1464427,0.862387414823284,1.0
3,Mmp14,-0.17362666,-1.2841971,0.8621588780935264,1.0
3,Il1rn,-0.1737357,-0.224191,0.8620731797933787,1.0
3,Sik1,-0.17449898,-2.3320718,0.8614733372043458,1.0
3,Atp1b1,-0.17489879,-0.80216134,0.861159165804713,1.0
3,Serpinb9,-0.17548032,-0.8191233,0.8607022284523413,1.0
3,Ppm1l,-0.17722495,-0.78292215,0.8593316967604023,1.0
3,Prkcb,-0.17755207,-0.27272677,0.8590747691150724,1.0
3,Jchain,-0.17802458,-1.5350128,0.8587036777559289,1.0
3,Gp9,-0.18187729,-23.477509,0.8556790279250299,1.0
3,Usp35,-0.18187729,-23.151537,0.8556790279250299,1.0
3,Gpr18,-0.18187729,-23.520046,0.8556790279250299,1.0
3,Camk2b,-0.18187729,-23.353413,0.8556790279250299,1.0
3,Agrn,-0.18187729,-23.30949,0.8556790279250299,1.0
3,D730003I15Rik,-0.18398538,-1.710278,0.8540249248809685,1.0
3,Fam43a,-0.18420346,-0.329236,0.8538538472615274,1.0
3,Vcam1,-0.18442154,-1.9713595,0.8536827765142685,1.0
3,Gzma,-0.18573001,-0.63163656,0.852656496786604,1.0
3,Lyplal1,-0.18711117,-1.299478,0.8515734720972544,1.0
3,Spata6,-0.18747464,-0.37349877,0.851288512031295,1.0
3,Samd10,-0.18889214,-0.108071774,0.8501773536349435,1.0
3,Itgb7,-0.19089119,-1.1935717,0.84861084146255,1.0
3,Ephb2,-0.19154543,-0.7097307,0.8480982942656077,1.0
3,4930481A15Rik,-0.19198158,-23.318415,0.8477566318024808,1.0
3,Phf11b,-0.1933264,-1.0874578,0.8467033529034355,1.0
3,Ampd3,-0.19361717,-1.2104306,0.8464756528629044,1.0
3,Gm20498,-0.19419871,-1.5961299,0.8460202912566401,1.0
3,Ntng1,-0.19492564,-2.5504086,0.8454511615800941,1.0
3,Srgap3,-0.19837855,-0.56178147,0.8427489017670708,1.0
3,Rras2,-0.19939624,-0.4088872,0.8419527979114496,1.0
3,Synj1,-0.20208588,-23.333717,0.8398495888208083,1.0
3,Fgf11,-0.20208588,-23.63119,0.8398495888208083,1.0
3,Gm13546,-0.20361243,-1.3743426,0.8386563830193989,1.0
3,Nod2,-0.20550244,-0.8322847,0.8371795946572856,1.0
3,Enc1,-0.20590225,-0.42567515,0.8368672704362506,1.0
3,Trim30d,-0.20659283,-1.174813,0.8363278619111865,1.0
3,Arhgef3,-0.2073561,-0.27022693,0.8357317630794354,1.0
3,Procr,-0.20753783,-0.20838448,0.8355898486782398,1.0
3,H2-DMb1,-0.20811938,-0.21580005,0.8351357585844905,1.0
3,Tcp11l2,-0.2097913,-0.08765809,0.8338305561943458,1.0
3,Il1b,-0.209864,-0.5480499,0.8337738186223755,1.0
3,Hcar2,-0.21219017,-23.29968,0.8319586748974919,1.0
3,Scel,-0.21219017,-23.174469,0.8319586748974919,1.0
3,Hgsnat,-0.21306248,-0.105960116,0.8312782264237012,1.0
3,Hoxa5,-0.21313518,-0.55360615,0.8312215280854174,1.0
3,Trib3,-0.21368037,-0.4162854,0.8307963185683886,1.0
3,2610307P16Rik,-0.2169879,-1.2911656,0.8282177802966819,1.0
3,Sulf2,-0.21702424,-0.7005764,0.8281894549382218,1.0
3,Zbp1,-0.21909599,-0.32248822,0.8265752799370207,1.0
3,Ralgds,-0.22054984,-0.43945307,0.8254429625544206,1.0
3,Flrt3,-0.22229446,-23.782999,0.8240846610773743,1.0
3,Abtb2,-0.22229446,-23.291145,0.8240846610773743,1.0
3,Rwdd3,-0.22229446,-23.310389,0.8240846610773743,1.0
3,Hs3st1,-0.22265793,-1.1805753,0.823801747764077,1.0
3,Mt1,-0.22469333,-0.12886593,0.8222178573099935,1.0
3,Syne1,-0.22476602,-0.014805732,0.8221613031509527,1.0
3,Zfp799,-0.22767372,-0.76680225,0.8198998975114368,1.0
3,Slc35d3,-0.23014528,-1.1029649,0.817978878687841,1.0
3,Sirpb1c,-0.23239876,-23.580326,0.8162283133069479,1.0
3,Myl4,-0.23239876,-23.758772,0.8162283133069479,1.0
3,Sh3rf1,-0.23239876,-23.722519,0.8162283133069479,1.0
3,Cd82,-0.23338011,-0.049483176,0.8154662563022428,1.0
3,Abtb1,-0.23370723,-0.045226727,0.8152122760469614,1.0
3,Arhgap29,-0.23439781,-1.6564348,0.814676159300378,1.0
3,Tnks1bp1,-0.23497935,-2.1676643,0.8142247598609353,1.0
3,Ggt5,-0.23497935,-2.1432793,0.8142247598609353,1.0
3,Atf3,-0.23527013,-2.465087,0.8139990832620846,1.0
3,Esm1,-0.23570628,-3.0349867,0.8136605973155953,1.0
3,Ddt,-0.24021323,-0.20521964,0.8101649577818054,1.0
3,Mapkbp1,-0.24075842,-0.57239383,0.8097423532827768,1.0
3,Rara,-0.24221228,-0.353984,0.8086156794483522,1.0
3,Slfn5,-0.24250305,-23.804073,0.8083903922112043,1.0
3,Arg2,-0.24250305,-23.456865,0.8083903922112043,1.0
3,Tspyl4,-0.24337536,-1.0253631,0.8077146258819874,1.0
3,Ptpro,-0.24373883,-1.4106456,0.8074330988879566,1.0
3,Sgpl1,-0.24384786,-0.123394914,0.8073486456513463,1.0
3,Lrrk2,-0.24497461,-2.255932,0.8064760938645336,1.0
3,Tnfsf8,-0.24722809,-0.44211107,0.8047317137626473,1.0
3,Zfp358,-0.24773693,-1.4709172,0.8043379556464374,1.0
3,Aqp1,-0.24846385,-0.85104144,0.8037755301759171,1.0
3,Gbp5,-0.2490454,-1.7979829,0.8033256629189909,1.0
3,Eepd1,-0.2521712,-0.4680839,0.8009087461741697,1.0
3,Gm15856,-0.25260735,-23.982504,0.8005716528731561,1.0
3,Il27,-0.25260735,-23.898247,0.8005716528731561,1.0
3,Atp6v1g2,-0.25260735,-23.767973,0.8005716528731561,1.0
3,Trdc,-0.25584218,-2.6152039,0.7980727073625263,1.0
3,Msrb3,-0.25740507,-1.4338146,0.7968660908420415,1.0
3,Plpp6,-0.25951317,-0.111041576,0.7952393308842598,1.0
3,Grap,-0.26263896,-0.8435606,0.792828878204545,1.0
3,Zfp658,-0.26271164,-23.675938,0.7927728446161351,1.0
3,Zfp773,-0.26431087,-1.7323804,0.7915403768884643,1.0
3,Plekhm3,-0.2644926,-0.7235147,0.7914003566394632,1.0
3,Efna5,-0.26591012,-2.5833187,0.7903084300106737,1.0
3,Engase,-0.2660555,-1.1641964,0.7901964607685025,1.0
3,Arrdc3,-0.26939937,-1.0607891,0.7876223679902575,1.0
3,Cyp4v3,-0.26939937,-0.70503896,0.7876223679902575,1.0
3,Anxa4,-0.27197996,-0.22545488,0.7856374230604428,1.0
3,P2ry12,-0.27281594,-24.305664,0.7849947107889733,1.0
3,AB124611,-0.27281594,-0.050367866,0.7849947107889733,1.0
3,Zbtb20,-0.27496037,-2.1352632,0.7833466852862554,1.0
3,Arhgap12,-0.27528748,-0.14354527,0.7830953767873821,1.0
3,Sdc3,-0.2755419,-2.4838128,0.7828999302655067,1.0
3,Tmem215,-0.27815884,-0.78791326,0.7808904205130434,1.0
3,Klhl20,-0.27906752,-0.48632786,0.7801930154324818,1.0
3,Rgl1,-0.279431,-1.8081478,0.7799141028811645,1.0
3,Selp,-0.28106657,-1.2967906,0.7786593474218594,1.0
3,Hoxa7,-0.28222963,-0.30429763,0.7777674275470335,1.0
3,9330175E14Rik,-0.28292024,-23.9486,0.7772379885541674,1.0
3,Cd86,-0.28292024,-23.796782,0.7772379885541674,1.0
3,Evpl,-0.284156,-1.5151118,0.776290829710183,1.0
3,Gm37214,-0.28710005,-0.10524552,0.7740357053142315,1.0
3,Irak2,-0.2872091,-0.72163516,0.7739522186683032,1.0
3,I830077J02Rik,-0.28786334,-0.49314907,0.7734513537293799,1.0
3,Mmaa,-0.29040757,-0.7773674,0.7715044440460775,1.0
3,5430416N02Rik,-0.29411492,-0.46256846,0.7686700959261028,1.0
3,Ap5s1,-0.2947328,-1.9180313,0.7681980039155267,1.0
3,Kmo,-0.29487818,-1.1755217,0.768086935929652,1.0
3,Slc37a2,-0.29767686,-1.4437788,0.7659498077866145,1.0
3,Pkib,-0.29898533,-0.20143503,0.7649512406066564,1.0
3,Zdhhc8,-0.29971224,-0.27073756,0.7643966497301269,1.0
3,Fos,-0.30003938,-1.160464,0.7641471232356497,1.0
3,Smox,-0.3006936,-0.3106785,0.763648143739041,1.0
3,Cd40,-0.3031288,-24.387884,0.7617916953306105,1.0
3,Eomes,-0.3031288,-24.484842,0.7617916953306105,1.0
3,Igf2bp3,-0.30916232,-0.7388929,0.7571980593651211,1.0
3,Sh2d3c,-0.31170657,-0.32309058,0.7552635413110494,1.0
3,Serpinc1,-0.3132331,-24.33816,0.7541035658724268,1.0
3,Maf,-0.3132331,-24.092379,0.7541035658724268,1.0
3,Clec2d,-0.31337848,-0.4861234,0.7539931209037234,1.0
3,Ifit3,-0.31592274,-1.1300114,0.7520611503527597,1.0
3,Myl10,-0.31919393,-1.8371593,0.749579470668351,1.0
3,Ptafr,-0.31923026,-1.114179,0.7495519109534977,1.0
3,Klf2,-0.32181084,-0.3799471,0.7475959904792762,1.0
3,Bmyc,-0.32453683,-0.20367561,0.7455316409703376,1.0
3,Epha2,-0.32566357,-2.0938888,0.7446789089259802,1.0
3,Camk1d,-0.32595435,-1.2318463,0.7444588997886312,1.0
3,Fah,-0.32602704,-1.1074469,0.7444039007616223,1.0
3,Iqcb1,-0.32642683,-0.97269374,0.7441014294192189,1.0
3,Slc27a4,-0.32682666,-1.3532066,0.7437989975494044,1.0
3,Ltb4r1,-0.33293286,-0.4587787,0.7391849739741616,1.0
3,Lilra6,-0.3334417,-24.035177,0.7388008928775378,1.0
3,Arhgdig,-0.3350046,-1.8596878,0.7376216230345072,1.0
3,Il4i1,-0.34241927,-1.4004575,0.7320354017411657,1.0
3,Fcer2a,-0.343546,-24.408876,0.7311877482808741,1.0
3,H2-DMb2,-0.343546,-24.233301,0.7311877482808741,1.0
3,Arnt2,-0.343546,-24.668148,0.7311877482808741,1.0
3,Ifit1bl1,-0.343546,-24.592018,0.7311877482808741,1.0
3,Bcl2a1b,-0.343546,-24.319717,0.7311877482808741,1.0
3,Pgm2l1,-0.34470907,-0.42402792,0.7303130952668848,1.0
3,Bbs2,-0.34536332,-0.14902483,0.7298212569522187,1.0
3,Egfl7,-0.346381,-0.21030702,0.7290563960611536,1.0
3,Ifi27l2a,-0.34659907,-1.2790477,0.7288925323472539,1.0
3,Msr1,-0.35365027,-24.443262,0.7236009850744597,1.0
3,Stat1,-0.35474068,-0.19039656,0.7227838753415915,1.0
3,Aldoc,-0.354777,-0.14628233,0.7227566437880399,1.0
3,Pirb,-0.36011994,-0.32843485,0.7187574417909134,1.0
3,Slc15a3,-0.36346382,-0.45603773,0.7162584446900038,1.0
3,Fpr2,-0.36375457,-24.344181,0.7160412836941927,1.0
3,Fam20c,-0.36375457,-23.994616,0.7160412836941927,1.0
3,Mogat2,-0.36375457,-23.697624,0.7160412836941927,1.0
3,Asb13,-0.36389998,-0.5283419,0.7159327118081985,1.0
3,Znfx1,-0.364009,-0.16106516,0.7158512866630473,1.0
3,Irf9,-0.36575362,-0.12017153,0.7145489244361992,1.0
3,Rasgef1b,-0.3676073,-0.4761607,0.713166074932843,1.0
3,Ppp3cc,-0.37360445,-0.99185634,0.7086986247146515,1.0
3,Ctnnd2,-0.37491292,-1.8878841,0.7077252322315916,1.0
3,Pik3ip1,-0.37571254,-0.35872442,0.7071306161909722,1.0
3,Runx2,-0.37643945,-0.05139007,0.7065902111394424,1.0
3,S1pr3,-0.37974697,-0.8279808,0.7041332387109837,1.0
3,Pacsin1,-0.38032854,-1.8648797,0.7037015617036387,1.0
3,Serpinb10,-0.38396317,-24.272346,0.701005748265006,1.0
3,Dpep2,-0.39406747,-24.464626,0.6935312346705849,1.0
3,Acox3,-0.3945763,-0.2489343,0.6931556004979049,1.0
3,Tbc1d4,-0.39544863,-0.78396636,0.6925118316961811,1.0
3,Cib2,-0.3977021,-1.512607,0.690849790973754,1.0
3,Cdk18,-0.4016275,-0.618146,0.6879581830856933,1.0
3,Timp2,-0.40279058,-1.0819991,0.6871022834899883,1.0
3,Tmem106a,-0.40344483,-1.1792567,0.6866210160720714,1.0
3,Oas3,-0.40362656,-0.4121045,0.6864873532116629,1.0
3,Whrn,-0.40417176,-24.517149,0.686086423469544,1.0
3,Arl5c,-0.40555292,-2.1238618,0.6850711303711046,1.0
3,Zfp236,-0.4071885,-0.3046152,0.6838695450096064,1.0
3,Pnkp,-0.40838793,-0.29148096,0.6829888906915168,1.0
3,Parp12,-0.41049603,-0.25100833,0.6814421197583644,1.0
3,Bst1,-0.41427603,-24.23712,0.6786719536553357,1.0
3,Trim30b,-0.41583893,-2.261847,0.6775278612437114,1.0
3,Fcgr4,-0.41787434,-3.292628,0.6760389951514738,1.0
3,Zfp599,-0.41834685,-1.6811972,0.6756935463673162,1.0
3,Sirpb1b,-0.42438033,-24.575672,0.6712884554346685,1.0
3,Pknox2,-0.42438033,-24.136683,0.6712884554346685,1.0
3,Fbxl5,-0.4247438,-0.30576023,0.67102344693756,1.0
3,Cd300ld,-0.4257615,-2.1882036,0.6702816408708954,1.0
3,St8sia1,-0.42757884,-1.3730958,0.6689577868724967,1.0
3,Mctp2,-0.4307773,-2.190427,0.6666303035582484,1.0
3,B3gnt5,-0.4309227,-0.14986858,0.6665245848597345,1.0
3,Atf5,-0.4337577,-0.25361025,0.6644643962633079,1.0
3,Camp,-0.43448463,-25.272142,0.6639365500711483,1.0
3,Kbtbd11,-0.4369562,-1.3361715,0.6621431211967124,1.0
3,Zfp36l1,-0.44211736,-0.53420436,0.6584042719714416,1.0
3,Gatad2b,-0.44302604,-0.2047232,0.6577469038167271,1.0
3,Vangl2,-0.44309872,-1.1690964,0.6576943257882868,1.0
3,Nrp2,-0.44458893,-24.322462,0.6566168497332179,1.0
3,Slfn1,-0.44458893,-24.619036,0.6566168497332179,1.0
3,1810021B22Rik,-0.44538856,-1.8725351,0.6560389859212032,1.0
3,Cbx2,-0.45436612,-0.88502675,0.6495653439407478,1.0
3,Pilra,-0.45440245,-0.7577835,0.6495391881465291,1.0
3,Tmem216,-0.45716476,-0.36215276,0.6475526137701775,1.0
3,Trem1,-0.45825517,-1.6440902,0.6467691291659252,1.0
3,L3mbtl3,-0.4599271,-0.5754218,0.6455685465297845,1.0
3,Lax1,-0.46069038,-1.0859156,0.6450207611159197,1.0
3,Gm11772,-0.467051,-2.620441,0.6404633959374328,1.0
3,Trem2,-0.46814138,-3.008734,0.63968348672077,1.0
3,Lgmn,-0.47522894,-0.6726656,0.6346238105282943,1.0
3,Zfp467,-0.47522894,-2.1153243,0.6346238105282943,1.0
3,Wdr59,-0.47791857,-3.039271,0.6327081708680641,1.0
3,Ceacam1,-0.47799125,-0.5123544,0.6326564309282953,1.0
3,Lox,-0.47828203,-3.1591487,0.6324494891488368,1.0
3,Il21r,-0.47926337,-0.25293827,0.6317512731809463,1.0
3,Pi16,-0.47962683,-0.870529,0.6314927579632388,1.0
3,Sox4,-0.48071724,-0.2962494,0.630717482788758,1.0
3,Cd300lf,-0.4815532,-0.90877694,0.6301233802523594,1.0
3,Acpp,-0.4850061,-24.258835,0.6276720155280973,1.0
3,Uchl1,-0.49507406,-1.0156543,0.62054784959367,1.0
3,Relb,-0.49547386,-1.3337367,0.6202656681164611,1.0
3,Ifi44,-0.49569193,-1.1099839,0.6201117745032526,1.0
3,Plaur,-0.4959827,-0.5411449,0.6199066088965117,1.0
3,Gcsam,-0.49794543,-2.173092,0.6185225155732311,1.0
3,Phf11c,-0.50426966,-1.2322066,0.6140718766597395,1.0
3,Cd177,-0.5052147,-24.732956,0.6134080523968279,1.0
3,Clec4a2,-0.5052874,-1.8284161,0.613357002110515,1.0
3,Dennd1a,-0.51070297,-0.60338813,0.6095590430152438,1.0
3,Pygl,-0.51215684,-0.282913,0.6085412392795307,1.0
3,Top2a,-0.51324725,-0.065878294,0.6077783835505426,1.0
3,Gpnmb,-0.515319,-25.318037,0.6063301340657933,1.0
3,Slc39a4,-0.5163003,-0.59738714,0.6056446602428738,1.0
3,Ndrg1,-0.52247924,-0.4336844,0.6013367091656389,1.0
3,Pglyrp1,-0.52356964,-0.96009,0.6005779204603019,1.0
3,Plbd1,-0.5254233,-25.11837,0.599288973897094,1.0
3,Itgb2l,-0.5254233,-24.807592,0.599288973897094,1.0
3,Lrrc56,-0.5258594,-0.87194335,0.5989858745881724,1.0
3,N4bp2l1,-0.5378174,-0.25463903,0.5907031213710169,1.0
3,Mdfic,-0.5541733,-0.5506349,0.5794602720798949,1.0
3,Gpcpd1,-0.55642676,-0.77072227,0.5779191616873358,1.0
3,Mn1,-0.55744445,-2.6667018,0.5772238090336086,1.0
3,Cpq,-0.56042486,-1.452811,0.5751896895786741,1.0
3,Hacd4,-0.56097007,-0.5455279,0.574817961483385,1.0
3,Hivep3,-0.5643139,-0.63010067,0.5725405186185265,1.0
3,Tnfsf10,-0.56576777,-0.6757011,0.5715516642195522,1.0
3,Hdac9,-0.5658405,-25.039986,0.5715022428301508,1.0
3,Tnf,-0.56802124,-0.33153373,0.5700205471896078,1.0
3,Ehd3,-0.5686028,-1.1161005,0.5696257379456575,1.0
3,Mcoln2,-0.5788525,-1.0508813,0.5626887307388166,1.0
3,Ccr5,-0.58088785,-2.189405,0.5613160372283352,1.0
3,Cd93,-0.5849223,-0.17474125,0.5585999601556721,1.0
3,Dok2,-0.5854675,-0.3476055,0.5582334130892435,1.0
3,Mmp19,-0.58637613,-0.60026556,0.557622761305168,1.0
3,F5,-0.58721215,-2.6136405,0.5570612489420254,1.0
3,Sdc4,-0.5910649,-1.1341413,0.5544769749545184,1.0
3,Ier5,-0.5922643,-0.3129178,0.5536736355251664,1.0
3,Clec4a3,-0.5961533,-25.200897,0.551072795773442,1.0
3,Als2cl,-0.5982978,-0.4252146,0.5496412624290412,1.0
3,Ifi27,-0.59975165,-0.49184054,0.5486717751239969,1.0
3,Lck,-0.61330885,-0.8161478,0.5396721572368797,1.0
3,Fam234b,-0.6158167,-0.58578134,0.5380154854587162,1.0
3,Chit1,-0.6187971,-3.0171885,0.5360500121324555,1.0
3,Evl,-0.6190152,-0.4375881,0.5359063390694627,1.0
3,Vsir,-0.622141,-0.33821627,0.5338491583683533,1.0
3,Gm37867,-0.62530315,-2.8550699,0.5317721236596725,1.0
3,Gpr183,-0.6293376,-1.4366485,0.5291280722284719,1.0
3,Mex3a,-0.63053703,-0.7777116,0.5283432946763154,1.0
3,Adgrl4,-0.6380244,-0.722584,0.5234578184144048,1.0
3,Apobec1,-0.64387614,-0.51150924,0.5196557588445244,1.0
3,Clec10a,-0.64863753,-0.85622424,0.5165727043254866,1.0
3,Nsg2,-0.65227216,-2.3223932,0.5142256240363081,1.0
3,Pvr,-0.660232,-0.54418546,0.509104956380348,1.0
3,Serpinb6b,-0.66641086,-1.3384441,0.5051485035493901,1.0
3,Trim34a,-0.67349845,-0.7206944,0.5006302443823132,1.0
3,Ccr9,-0.6768423,-3.51943,0.49850601560088925,1.0
3,Cd14,-0.6773148,-2.5866387,0.4982062397752556,1.0
3,Themis2,-0.6792412,-0.36576584,0.49698506989432256,1.0
3,Ctsa,-0.6813493,-0.22187668,0.49565052527335884,1.0
3,Ifit1,-0.6819308,-0.75725394,0.4952827119881833,1.0
3,Ppp1r16b,-0.6857835,-2.866877,0.4928496355963421,1.0
3,Slfn8,-0.68949085,-1.6149291,0.49051443436565045,1.0
3,Cox6a2,-0.6895635,-3.0932794,0.4904687056438093,1.0
3,Il1f9,-0.69232583,-2.3103416,0.4887327138549399,1.0
3,Oas1g,-0.6961059,-2.0724943,0.4863625223584628,1.0
3,P2ry13,-0.69719625,-25.21111,0.4856799699782328,1.0
3,AA467197,-0.6999586,-1.7277626,0.4839531596615504,1.0
3,Haao,-0.7059921,-0.99910235,0.48019305102459153,1.0
3,Prdx5,-0.71180755,-0.29322603,0.47658397552977827,1.0
3,Bcl6,-0.7160237,-1.9826003,0.47397671496407134,1.0
3,Cxcl10,-0.7247468,-1.179873,0.4686073591982045,1.0
3,Rtp4,-0.72561914,-0.5521917,0.46807228152985025,1.0
3,Rabggta,-0.7267459,-0.18507117,0.4673816406784973,1.0
3,Shtn1,-0.73761344,-25.202318,0.46074937976799024,1.0
3,Clec7a,-0.74037576,-2.1806798,0.4590720138167945,1.0
3,B4galt5,-0.7407392,-0.30745983,0.45885156277038863,1.0
3,Tlr2,-0.7522974,-1.4054319,0.4518722383655758,1.0
3,Clec4n,-0.75426006,-2.7112103,0.4506930604116963,1.0
3,D5Ertd605e,-0.75549585,-0.4055437,0.44995150981659304,1.0
3,Cdkn1b,-0.7588761,-0.7035429,0.44792668742604436,1.0
3,Cldn11,-0.76112956,-3.5241885,0.4465796870837784,1.0
3,Zfp36,-0.7691985,-0.38857013,0.44177550753523165,1.0
3,Slfn2,-0.7697436,-0.69599026,0.4414519714597108,1.0
3,Myo1e,-0.7737781,-1.1949233,0.4390620261023157,1.0
3,Tgfbi,-0.77632236,-1.8314148,0.43755868247781426,1.0
3,Klrb1f,-0.7786122,-0.63506305,0.436208209382543,1.0
3,Pan3,-0.7802114,-0.34222996,0.43526644840501183,1.0
3,Stau2,-0.78555435,-0.5564565,0.43212863140899316,1.0
3,Stat2,-0.7955132,-0.49390814,0.4263150155570983,1.0
3,Satb1,-0.79653096,-0.5618032,0.42572350342505483,1.0
3,Cst3,-0.80042,-0.089940116,0.42346749950375184,1.0
3,Snap47,-0.8036185,-0.48303258,0.42161734854719524,1.0
3,Chil3,-0.8083435,-25.814487,0.4188928634799062,1.0
3,Rabgap1l,-0.8089614,-0.3622716,0.41853735211282306,1.0
3,Litaf,-0.8198653,-0.22187993,0.4122928947294686,1.0
3,Daxx,-0.8216099,-0.17374858,0.4112989325816139,1.0
3,Ms4a6b,-0.8291336,-1.3042518,0.40702879200705855,1.0
3,Fgr,-0.8330591,-4.0626493,0.40481142942429493,1.0
3,Ly6i,-0.83865637,-25.126457,0.4016621579537387,1.0
3,Ms4a4c,-0.84130967,-3.4879315,0.40017447237745263,1.0
3,Zmpste24,-0.84498066,-0.32858297,0.39812163798604616,1.0
3,Iigp1,-0.84919685,-0.950145,0.3957717719812982,1.0
3,Nek6,-0.84999645,-0.34059036,0.39532705481826225,1.0
3,Ly6d,-0.8531586,-2.6695416,0.3935713614481037,1.0
3,1700025G04Rik,-0.8597009,-0.52007216,0.38995391490979925,1.0
3,Cd83,-0.8675154,-1.7339352,0.3856596695513934,1.0
3,Rhou,-0.86896926,-25.131235,0.38486393923621565,1.0
3,Lrp1,-0.87064123,-3.185299,0.38395009140430214,1.0
3,Bcl3,-0.87474835,-0.7409749,0.3817108490669542,1.0
3,Mov10,-0.8802366,-0.65646344,0.37873112408840337,1.0
3,Nme4,-0.8883419,-0.37105578,0.37435687259416317,1.0
3,Azin2,-0.8900502,-1.2248152,0.37343894724883797,1.0
3,Oasl1,-0.89426637,-1.4340607,0.37117939910196673,1.0
3,Ciita,-0.89928216,-26.031141,0.36850239191132006,1.0
3,Lrg1,-0.89928216,-25.48508,0.36850239191132006,1.0
3,Fcnb,-0.90004545,-3.1992507,0.36809607710447845,1.0
3,Lst1,-0.90462506,-0.43714404,0.36566404954828124,1.0
3,Cd2ap,-0.9057882,-0.76370496,0.3650479924407034,1.0
3,Gbp3,-0.909023,-0.9672401,0.3633379950232962,1.0
3,Cd300c2,-0.90916836,-2.8759592,0.36326125908410345,1.0
3,Fcgr1,-0.90938646,-25.291656,0.36314617419217643,1.0
3,Klf4,-0.911858,-3.4687183,0.3618434739164237,1.0
3,Cd96,-0.91305745,-2.6597106,0.3612123379673222,1.0
3,Tcf7l2,-0.91636497,-1.0077577,0.3594755122427187,1.0
3,Slc7a11,-0.91738266,-0.6244175,0.3589421616398153,1.0
3,Antxr2,-0.92661464,-0.9241993,0.35412665631109064,1.0
3,Rras,-0.9277777,-0.7369641,0.3535228866298038,1.0
3,Lztfl1,-0.9289408,-0.6564303,0.3529197681150005,1.0
3,Ctr9,-0.9643058,-0.56015784,0.3348926205813696,1.0
3,F7,-0.96993953,-1.6994078,0.33207664180780827,1.0
3,Irf7,-0.9769907,-0.9527277,0.32857374990412347,1.0
3,Rasa4,-0.9840419,-0.7562862,0.32509490623617,1.0
3,Camk1,-0.98447806,-0.38286036,0.324880509959126,1.0
3,Ifit2,-0.9856412,-0.9948347,0.3243092365260545,1.0
3,Saa3,-0.98702234,-2.9726152,0.3236316994391685,1.0
3,Ctsg,-0.9949822,-0.25375676,0.31974493534504855,1.0
3,Tbc1d16,-1.0084304,-1.16778,0.3132479172118361,1.0
3,Tox,-1.0245317,-1.5813711,0.3055841684400905,1.0
3,Naaa,-1.0388886,-1.7321233,0.29885654898271885,1.0
3,Cyp4f16,-1.0525548,-0.99809724,0.2925450644624149,1.0
3,Tbc1d20,-1.0578978,-1.6353015,0.2901020579661199,1.0
3,Dntt,-1.064222,-2.5373487,0.2872281307532726,1.0
3,Myadm,-1.071564,-0.88924056,0.28391591204262157,1.0
3,Vcan,-1.0722182,-3.56865,0.2836220237436985,1.0
3,Map3k8,-1.0737448,-0.64415616,0.2829370857893414,1.0
3,Slc40a1,-1.0811595,-25.507774,0.27962619644431363,1.0
3,Mitf,-1.0892646,-0.62681425,0.2760371819610419,1.0
3,Ctsh,-1.0924268,-3.6522493,0.2746455404812923,1.0
3,Pld4,-1.0962068,-1.2441481,0.2729882660341315,1.0
3,Epsti1,-1.1050026,-0.5082998,0.26915843381804194,1.0
3,Dhrs3,-1.1111089,-0.9332477,0.26652149541947945,1.0
3,Cd300lb,-1.1122719,-1.4800004,0.2660212436945909,1.0
3,Rab7b,-1.1133623,-2.647573,0.265552845076932,1.0
3,Pag1,-1.1249205,-1.0034335,0.26062273142128756,1.0
3,Il1r2,-1.130954,-1.5034714,0.2580744606491008,1.0
3,Tspyl1,-1.137242,-0.51611596,0.25543717297686064,1.0
3,Clec4a1,-1.1435661,-3.755457,0.25280359567945176,1.0
3,Ahnak,-1.1830384,-1.2298101,0.23679395065778397,1.0
3,Acadm,-1.1851465,-0.44246712,0.2359595539411674,1.0
3,Pde2a,-1.1927428,-1.6287005,0.2329701064752645,1.0
3,Dlk1,-1.2022293,-0.5947662,0.22927472557028872,1.0
3,Socs3,-1.2088807,-0.63649845,0.22670871176756024,1.0
3,Frmd4b,-1.2106253,-1.6714759,0.2260390630546787,1.0
3,Plxnb2,-1.2139691,-0.8581373,0.22475951802843586,1.0
3,Ctsl,-1.2181853,-1.1126472,0.2231535661360189,1.0
3,Isg15,-1.2467536,-0.5413337,0.21248787665113944,1.0
3,Pde4b,-1.2512242,-0.8715642,0.21085270751986118,1.0
3,Fmnl2,-1.2526417,-1.4688374,0.2103361446695302,1.0
3,Cnp,-1.2565308,-0.6273249,0.20892361253481118,1.0
3,Sh3bp5,-1.2658718,-0.8894244,0.2055590028924188,1.0
3,C3,-1.272923,-2.1540797,0.20304538623896717,1.0
3,G0s2,-1.273141,-25.922304,0.2029680039807389,1.0
3,Cyth1,-1.2836452,-0.6681462,0.19926615219905475,1.0
3,Mx1,-1.2948399,-1.8015236,0.19537549469834647,1.0
3,Napsa,-1.2994921,-0.38186297,0.19377508591236392,1.0
3,Cd68,-1.3105052,-2.1813242,0.19002501912169878,1.0
3,Smad3,-1.3118863,-0.93747896,0.18955851239742072,1.0
3,Ccl24,-1.3241713,-1.9097228,0.18544614625237898,1.0
3,Itgb2,-1.3468151,-0.54512846,0.17803977832482376,1.0
3,Cd33,-1.3539027,-1.2538371,0.17576742798060785,1.0
3,Fchsd2,-1.3585913,-0.62720317,0.1742761131325402,1.0
3,Ccnd1,-1.3648067,-1.674112,0.17231384527436944,1.0
3,H2-Ab1,-1.3726938,-1.3965539,0.16984756983730032,1.0
3,Dhx58,-1.3762921,-0.9044705,0.16873123265273515,1.0
3,Tifa,-1.384252,-1.073141,0.16628133377638432,1.0
3,Snhg12,-1.3890496,-1.1201717,0.16481765843781715,0.9975158283064904
3,Eps8,-1.3916665,-1.1777691,0.16402338972042751,0.9964267345563049
3,Bcl11a,-1.4274315,-0.47291994,0.15345558268358236,0.9392639815576249
3,Trp53i11,-1.4473855,-1.2404373,0.14778896425293236,0.908006439463092
3,Sp100,-1.4724282,-0.5198115,0.14090527489579435,0.8734763262021801
3,Tnfrsf1b,-1.4735186,-0.4918347,0.14061124678920897,0.8734763262021801
3,Mcemp1,-1.4752269,-26.187256,0.14015155166103413,0.8734763262021801
3,Hip1,-1.4952538,-0.81955963,0.1348482289803738,0.8577404996320247
3,Ly86,-1.5055398,-26.61186,0.13218535713636362,0.8441127924219755
3,Smpdl3a,-1.5097196,-1.2008749,0.1311149839065519,0.8405869719226371
3,Il12a,-1.51459,-0.69649875,0.1298762584828889,0.8359495684890705
3,Emp1,-1.548901,-2.2712662,0.12140551720502596,0.794031245590936
3,Flt1,-1.5545347,-1.3334861,0.12005692555968199,0.7883900131894905
3,Spp1,-1.5763788,-0.68837506,0.11493851325710754,0.7672027510412692
3,Spint1,-1.5784507,-0.9285942,0.11446212358104613,0.7672027510412692
3,Ociad2,-1.5797228,-1.8174009,0.11417037451660303,0.7672027510412692
3,Tmem176a,-1.6004765,-1.0305086,0.10949290991468433,0.7462079826958739
3,Ddx58,-1.6106172,-0.42329758,0.10726318950508726,0.737207175327337
3,Tbc1d8,-1.6111623,-1.2160561,0.10714433850837982,0.737207175327337
3,Tmem154,-1.6128343,-2.3982918,0.1067805125736356,0.737207175327337
3,Gadd45b,-1.6312983,-1.3460054,0.10282740059805516,0.7283233352403732
3,Nfkb2,-1.634097,-1.0253487,0.10223849933994285,0.7283233352403732
3,Btg1,-1.6501983,-0.67258066,0.09890236871803859,0.716159116342226
3,Tnip3,-1.6593577,-0.6534469,0.09704374177194329,0.7080373363434913
3,Ifitm6,-1.6670995,-1.999665,0.0954946327141474,0.700870109784376
3,Olfm1,-1.6818924,-1.790609,0.09258970263981407,0.6826386258262656
3,Msra,-1.703046,-1.5998323,0.08855945758406626,0.6559061196408926
3,Hsd11b1,-1.7031187,-3.4821165,0.08854585573566108,0.6559061196408926
3,Bri3,-1.7156218,-0.5324033,0.0862312744739961,0.6445489732572427
3,Flt3,-1.7162035,-1.2049371,0.08612482036979777,0.6445489732572427
3,Mmp8,-1.7219098,-2.6145449,0.08508586197379504,0.6419035726581189
3,Jun,-1.729179,-1.2962587,0.08377705248044294,0.6349830800153199
3,H2-Eb1,-1.7339041,-1.46456,0.08293510177194653,0.6315527468267478
3,Cebpe,-1.744808,-2.2372503,0.08101829478219845,0.6198663874373862
3,Oasl2,-1.7658162,-1.162483,0.07742668741890822,0.5951947250875315
3,Irgm1,-1.7669793,-0.36047086,0.07723169536966519,0.5951947250875315
3,Sp140,-1.7733399,-1.3519051,0.07617239882171077,0.5911561286546166
3,Ccr2,-1.7754843,-1.8128748,0.07581794717953017,0.5911561286546166
3,F10,-1.7798823,-1.6850598,0.0750952309935201,0.5884273655627518
3,Ftl1,-1.788242,-0.5228143,0.07373698401543874,0.5805892624904934
3,Msrb1,-1.7906772,-0.5641781,0.07334512045106589,0.5803209042518482
3,Ms4a6d,-1.7920946,-2.1878383,0.07311780620563985,0.5803209042518482
3,Socs2,-1.8314941,-0.5534704,0.0670268239787612,0.538205487591835
3,Cd27,-1.8404716,-0.82005155,0.06569901833221782,0.5301681976858572
3,Olfml2b,-1.8486133,-4.1752224,0.06451367529425885,0.5251682651355583
3,F13a1,-1.8571184,-5.652695,0.06329432201429573,0.5185019712484227
3,Mgl2,-1.8634063,-1.5680245,0.06240513191855648,0.5138128120400945
3,Clec4d,-1.8692944,-0.7225506,0.06158187240740834,0.5102490950193548
3,Rassf4,-1.8825971,-1.3703791,0.059754984934923615,0.49960095651776343
3,Mgst2,-1.8902298,-1.331472,0.058727222768257974,0.49355210015603335
3,Wfdc17,-1.9269397,-3.7620094,0.05398714274758496,0.45846673055802517
3,Ing1,-1.946276,-0.5435363,0.0516215956154371,0.44301707983195227
3,Dab2,-1.9729179,-2.9607418,0.048504917898443294,0.41848391931529266
3,Otulin,-1.9905459,-1.1608433,0.04653083457214273,0.4035990036150562
3,Slc30a4,-1.998324,-1.8832014,0.045681543967829495,0.3983627113753734
3,Epb41l4b,-2.0411036,-1.6839509,0.04124052056731089,0.36354415413140356
3,Bex6,-2.053425,-1.406955,0.04003136467595713,0.3548135164174998
3,Cd28,-2.069999,-1.8067375,0.0384524311682396,0.3426914470048606
3,Adpgk,-2.0752692,-0.67290944,0.03796158312318222,0.34018612058453906
3,Lsp1,-2.1058002,-2.0191994,0.035221706337940584,0.3191598194421208
3,Tmem108,-2.1113975,-1.8854884,0.03473815105127832,0.3183349209331832
3,Tpd52,-2.1162317,-0.7498585,0.0343251089094851,0.3181447237210562
3,Il1r1,-2.1404748,-0.83948153,0.03231642279124911,0.3029898136844281
3,Tyrobp,-2.1481075,-1.067566,0.03170522083815494,0.2989876058109727
3,Ctss,-2.2169476,-2.7264357,0.026626679917572962,0.26174833228062633
3,Trafd1,-2.240609,-0.9361451,0.025051414193959214,0.2502476171950374
3,Bcl2l11,-2.2458065,-1.0282547,0.024716403672253928,0.24900625314531596
3,Parp14,-2.2938929,-1.2406551,0.021796658292873687,0.2223533317675542
3,Il6ra,-2.329912,-2.7260125,0.01981080041195609,0.20466954310950813
3,Irf8,-2.335473,-2.3996916,0.019518722765819566,0.20294466875743164
3,H2-Aa,-2.3465223,-1.9556986,0.01894953027044152,0.1982976651526203
3,Csf1r,-2.3732734,-2.9555101,0.017631213803565342,0.188143610456467
3,Myo1f,-2.424558,-1.1309744,0.015327034059621682,0.16463873671990972
3,Mndal,-2.451745,-1.5439903,0.014216532551946517,0.15372810532838166
3,Gstm1,-2.4943068,-0.7724343,0.012620343665789327,0.1383121447696641
3,Lipg,-2.5290902,-2.770269,0.011435863040975299,0.12618346838409478
3,Itgam,-2.5293446,-1.3478287,0.011427575584856952,0.12618346838409478
3,Pou2f2,-2.5449736,-1.4372236,0.010928600751224532,0.12224958909300822
3,Ly6c2,-2.5531878,-5.295196,0.010674190664276597,0.1204840805345046
3,Cd52,-2.5630376,-1.4770662,0.010376077256301734,0.1193616830476696
3,Trim30a,-2.6071985,-0.8172063,0.009128640189020624,0.1065226934287155
3,Lpl,-2.6247902,-3.4746454,0.008670236521124815,0.10190669302365543
3,Gpr171,-2.6379476,-1.4941225,0.008340946457699344,0.09947805260579659
3,Plac8,-2.6439812,-0.24497357,0.008193722679310558,0.09878485702863816
3,Ffar2,-2.6866517,-1.019717,0.007217215211763155,0.08801746671789351
3,Mgst1,-2.750585,-2.033157,0.0059488945980337125,0.07309929574250516
3,Gpr65,-2.7662866,-1.6868775,0.0056698664882348735,0.0707424880301305
3,Gfi1,-2.8002343,-1.9255862,0.0051065541393685515,0.06420799080663404
3,Ms4a6c,-2.811247,-3.2089121,0.004934986014837576,0.0625355259067699
3,Mpo,-2.8818681,-1.270198,0.003953250803115542,0.050489549627192196
3,Slpi,-2.9760416,-1.0112252,0.0029199520033172032,0.038505383328296776
3,Tcf4,-2.9999938,-0.79715,0.0026998499800610573,0.03649297223049196
3,Lcn2,-3.0239463,-6.492406,0.002495008181470477,0.034007590507101795
3,Sgms2,-3.1133583,-3.3377793,0.001849713219216524,0.02655075081034692
3,Il6st,-3.1891768,-2.423413,0.0014267857173145362,0.02103860394076525
3,Sorl1,-3.276299,-1.6158735,0.0010517710931905169,0.016403583780336715
3,Mpeg1,-3.3243854,-4.159497,0.0008861365544851247,0.013954499916260896
3,S100a4,-3.3433945,-0.8841526,0.0008276014911654441,0.013181188617975698
3,Cd34,-3.348374,-0.6358995,0.0008128724073135263,0.013181188617975698
3,Tmem176b,-3.430008,-0.64466816,0.0006035635709663146,0.009921855015829342
3,Mrc1,-3.6227891,-3.7561183,0.00029144338364230353,0.00525245742519796
3,Wfdc21,-3.669676,-5.3120866,0.00024285810188301313,0.004476316377889174
3,Fabp5,-3.7437499,-0.40373632,0.00018129411103465673,0.0034595182129201554
3,Cnn3,-3.761814,-1.7805241,0.0001686854383837174,0.0032572354887903526
3,Nfkbia,-3.8952053,-0.7548603,9.811560046664024e-05,0.002014474733631525
3,Tsc22d1,-4.0028634,-1.0967481,6.258047691395677e-05,0.0013716963993842958
3,Igsf6,-4.0343394,-2.7910154,5.4756167369391216e-05,0.0012166370338788021
3,Hp,-4.0996175,-4.123892,4.138338491138838e-05,0.0009322756989759994
3,Cd74,-4.2396965,-2.3361177,2.2382242272632833e-05,0.0005585230302493916
3,Casp6,-4.328418,-0.99654126,1.501843748853651e-05,0.0003929017033291326
3,Ly6a,-4.3658547,-1.3469009,1.2662671883855308e-05,0.0003423142299268885
3,Sell,-4.3713064,-1.615929,1.235052673578452e-05,0.0003423142299268885
3,Mef2c,-4.610175,-1.4719375,4.023302893737061e-06,0.0001231282508234248
3,Dmkn,-4.647539,-2.5570533,3.3591858446085502e-06,0.0001068352831363739
3,Ifi203,-4.951831,-1.4881749,7.351847417508263e-07,2.773185235162419e-05
3,Gda,-5.044187,-4.938828,4.5545356731398314e-07,1.8942197081622583e-05
3,Ighm,-5.0967073,-1.9835032,3.4561155590236735e-07,1.4752156412464205e-05
3,Psap,-5.097035,-1.1032847,3.4501510864490075e-07,1.4752156412464205e-05
3,Elane,-5.2392216,-2.0956223,1.6125518904367982e-07,7.26544212857913e-06
3,Sirpa,-6.291595,-1.6262856,3.142207285156596e-10,1.6440839408141932e-08
3,Prtn3,-8.040874,-2.5584521,8.920033690028115e-16,7.2341473226128e-14
