group,names,scores,logfoldchanges,pvals,pvals_adj
0,Tbc1d8,34.71861,2.0484254,4.127271617712095e-264,6.6944345639290175e-261
0,Mgst2,34.578346,2.8290505,5.34650434617978e-262,4.336015024751802e-259
0,Hsd11b1,34.45136,2.7255616,4.2968742373331384e-260,2.069712095406519e-257
0,N4bp2l1,34.446365,1.3858471,5.1040988789309965e-260,2.069712095406519e-257
0,Sgms2,34.38168,2.6249561,4.737032705230644e-259,1.536693409576821e-256
0,Prdx5,34.252365,2.5110795,4.021511587335047e-257,1.0871486324429077e-254
0,Ly6c2,34.209526,2.538049,1.7450202145484652e-256,4.043461125710872e-254
0,Mgst1,34.007812,2.0320187,1.7077236528148366e-253,3.462409706082081e-251
0,1810021B22Rik,33.862213,1.781311,2.3992447370548207e-251,4.3239721816699104e-249
0,Samd10,33.814663,1.3445811,1.2007710810098216e-250,1.9476506933979304e-248
0,Fcnb,33.736984,3.286041,1.659213313718325e-249,2.4465854498646575e-247
0,Cebpe,33.547413,2.8233013,9.820238254176801e-247,1.3273688706895642e-244
0,Rhou,33.382862,2.6704974,2.430953157240536e-244,3.033081554649346e-242
0,Sorl1,33.337017,2.4002643,1.1235839434350614e-243,1.3017522544654784e-241
0,Sp140,33.318573,2.012699,2.078552259563828e-243,2.247607843341686e-241
0,Pnkp,33.28226,1.6426247,6.973009190248399e-243,7.068888066614314e-241
0,G0s2,33.01285,2.9875426,5.312342965464693e-239,5.068600170578666e-237
0,Lipg,32.76024,2.8758173,2.1703996245119996e-235,1.9557712171991464e-233
0,Dach1,32.692547,2.3233528,1.9931568061685303e-234,1.7015264945291348e-232
0,Gstm1,32.68642,2.9765964,2.4356900771236991e-234,1.97534465254732e-232
0,Ceacam1,32.61288,2.5968776,2.6935051970254216e-233,2.08041210932154e-231
0,Mgll,32.52709,1.5847175,4.415678237674612e-232,3.2555591370491917e-230
0,C030014I23Rik,32.524593,1.132046,4.7895798593592094e-232,3.3776950138611464e-230
0,Acpp,32.367817,2.3511095,7.790401017089321e-230,5.2650126873828656e-228
0,Slc25a29,32.29065,1.8221326,9.463849757455799e-229,6.140145722637322e-227
0,Slc40a1,32.25785,2.8173957,2.7302433668107704e-228,1.703251823448873e-226
0,Tmem216,32.229877,2.518072,6.734407673326071e-228,4.045633054124032e-226
0,C3,32.068848,2.4457612,1.1990719476565675e-225,6.946052496781974e-224
0,Gm12708,32.007454,1.628863,8.588421082315856e-225,4.803592757074592e-223
0,Ccno,31.831497,2.4765985,2.3739367423417606e-222,1.2835084653594452e-220
0,Olfml2b,31.723803,2.4366794,7.298312743673977e-221,3.8186655710449006e-219
0,Pde2a,31.720284,2.5986872,8.16087062124474e-221,4.136541296143428e-219
0,F3,31.705702,1.5342568,1.296515413677694e-220,6.372569699955211e-219
0,B230208H11Rik,31.66553,1.9537352,4.635980551769322e-220,2.2116354279323063e-218
0,Chit1,31.557493,3.159849,1.4151766941726986e-218,6.558333136994621e-217
0,Msrb1,31.416435,2.3669217,1.206923117063898e-216,5.437859155215675e-215
0,Pygl,31.406334,2.4060524,1.6580609847179486e-216,7.268580857331116e-215
0,Vsir,31.396746,1.7198601,2.2413357014907333e-216,9.566964494257813e-215
0,Rnf144a,31.310555,2.205731,3.352158985694771e-215,1.394154326871005e-213
0,Mogat2,31.234522,2.680185,3.6226411679360247e-214,1.468980993598058e-212
0,Parp6,31.15741,0.8125845,4.0255131469871944e-213,1.592532274247129e-211
0,Clec4b2,30.911777,2.5262358,8.297254364784763e-210,3.204320614209735e-208
0,Gja5,30.893677,2.2252872,1.45248885119243e-209,5.478923061939817e-208
0,Acox2,30.885109,2.5262537,1.8930965708992693e-209,6.978642359087761e-208
0,Fah,30.872683,2.238402,2.7796570782886436e-209,1.0019119513298178e-207
0,Igsf6,30.807543,1.8264679,2.0766297494041914e-208,7.322377072899127e-207
0,Arhgef3,30.583017,1.3806903,2.058882610508145e-205,7.105335306902578e-204
0,Vipr1,30.41041,2.1118076,4.00119273787272e-203,1.3520697126728234e-201
0,Gda,30.400822,2.3680446,5.357381793955851e-203,1.7734027081217124e-201
0,Msra,30.364677,1.866224,1.6083979535596237e-202,5.217642961347419e-201
0,R74862,30.243477,1.4086192,6.356536661242465e-201,2.0216279342226037e-199
0,Pknox2,30.233263,1.9863325,8.6595135936539e-201,2.701102124789736e-199
0,Pglyrp1,30.173288,2.5084257,5.309589408852014e-200,1.6249347209732013e-198
0,Ppp1r42,30.13896,2.5057032,1.4967262101904581e-199,4.495722060979487e-198
0,Mirt1,29.867622,1.6795834,5.183885692734475e-196,1.5287750170209667e-194
0,Cystm1,29.59952,1.8968885,1.5156834301321468e-192,4.3900687922756116e-191
0,Ffar2,29.498747,1.7938386,2.987472675633158e-191,8.501194175222776e-190
0,Cdkn1b,29.485073,1.1785712,4.473550307767713e-191,1.2510514826205571e-189
0,4930481A15Rik,29.390202,0.63618404,7.327293736760454e-190,2.014384820512789e-188
0,F730016J06Rik,29.237623,2.3966732,6.451235817834729e-188,1.7153941797586772e-186
0,Slc2a4rg-ps,29.183039,0.8003999,3.183565968060621e-187,8.328619355152142e-186
0,Abtb1,29.024105,1.3609703,3.2667105608623016e-185,8.410483380505799e-184
0,Ly6i,28.989664,2.249571,8.881967685973968e-185,2.2510236854140273e-183
0,Scml4,28.958796,1.09854,2.1746263306028392e-184,5.426529089596623e-183
0,Desi1,28.949888,1.4598622,2.8153888706475226e-184,6.9190314366519416e-183
0,Sp100,28.927816,1.3685623,5.336717345335951e-184,1.2919635125574496e-182
0,Golim4,28.881289,1.5063276,2.05135323895172e-183,4.8930808140877795e-182
0,Padi4,28.858421,1.4451993,3.972715852649899e-183,9.338761033330631e-182
0,Wfdc21,28.760656,3.2960193,6.664696867849954e-182,1.5443054742360892e-180
0,Cib2,28.711575,2.0071847,2.735592624593425e-181,6.249480615620473e-180
0,R3hdm4,28.681501,1.280147,6.490775466405146e-181,1.4622274731262705e-179
0,Osgin1,28.531704,1.396299,4.738038200500135e-179,1.0527531453713998e-177
0,Pygm,28.46072,1.7652643,3.5904647616582836e-178,7.869910599202346e-177
0,Lcn2,28.401937,3.6599941,1.913754924031966e-177,4.138813982373131e-176
0,2610035D17Rik,28.36863,1.0898402,4.931637988699375e-177,1.0525153707461034e-175
0,Fbxl21,28.332428,1.3837553,1.3780600141179434e-176,2.9028744712977977e-175
0,Chil3,28.310753,3.1497066,2.548018824319436e-176,5.298572478264263e-175
0,C130026I21Rik,28.070143,2.0984416,2.2682884302275846e-173,4.6571694099103065e-172
0,Cnn2,28.02716,1.3993423,7.584669950832888e-173,1.537791832531368e-171
0,2310001H17Rik,28.017515,1.0784369,9.942084642384661e-173,1.9908717641911013e-171
0,Itgb2l,27.986534,3.092077,2.369833221630141e-172,4.687645714004986e-171
0,Tbc1d20,27.932062,1.2653083,1.0888999976419864e-171,2.127946742379882e-170
0,Ltb,27.79157,2.064439,5.484701835556855e-170,1.0590698068182404e-168
0,Mcemp1,27.540716,2.6271536,5.716745463863829e-167,1.0658116255617392e-165
0,Il1f9,27.479265,1.7162532,3.1066828699646035e-166,5.726181380775667e-165
0,Gfi1,27.366293,2.3969076,6.910804075938141e-165,1.2594746304687264e-163
0,Vcam1,27.26694,1.5327871,1.0466148426804265e-163,1.8862325275862797e-162
0,Cd177,27.258316,2.9335916,1.3244642850748402e-163,2.3607484290015285e-162
0,Plpp6,27.163443,1.3004087,1.7567014325659634e-162,3.0971410039369483e-161
0,Gria2,27.113,2.8697846,6.918689953994872e-162,1.1938420324872003e-160
0,Atp6v1g2,26.937613,1.0288856,7.967966203810029e-160,1.360425387639986e-158
0,Il27,26.900618,1.744344,2.1599757858712248e-159,3.64945908821159e-158
0,Smpdl3a,26.811024,1.276038,2.403617527818379e-158,4.019244979506609e-157
0,Hk1os,26.756664,0.93170166,1.0328639519695592e-157,1.7094952347904337e-156
0,Adpgk,26.562212,1.9537156,1.856022458939851e-155,3.040877200404483e-154
0,Fcgr4,26.554949,1.8895276,2.251508733671609e-155,3.6519471660153497e-154
0,Col1a1,26.50706,2.2508075,8.036247215433337e-155,1.290573562716126e-153
0,Trem1,26.452248,1.5077791,3.4378548414266267e-154,5.466863287052931e-153
0,Clic5,26.338028,1.4946045,7.038807840034556e-153,1.1084413899549563e-151
0,Gm13546,26.107544,1.9926769,2.993259443907507e-150,4.5802517151112986e-149
0,Arfgef2,26.041895,1.2637964,1.6621079347135447e-149,2.5195692243975418e-148
0,Gadd45b,25.990883,1.0176109,6.278617363788963e-149,9.429553114875647e-148
0,F5,25.87689,1.1102471,1.2124621608344583e-147,1.8042326833701758e-146
0,Tmem86a,25.83337,1.4336427,3.741783815392213e-147,5.517430316878336e-146
0,4933406C10Rik,25.72817,1.6175847,5.658409571394543e-146,8.268414707028782e-145
0,Prox2,25.690779,0.6106384,1.4819378004007085e-145,2.146163493080312e-144
0,Gal,25.68607,2.0159147,1.6728249465991352e-145,2.380107073143682e-144
0,Agl,25.626377,1.7665154,7.754722000536027e-145,1.09375296390169e-143
0,Syne1,25.608503,2.2408245,1.2266493936506585e-144,1.7151942383632485e-143
0,Pla1a,25.58524,1.4181385,2.2270478366627017e-144,3.087411616296498e-143
0,Cmpk2,25.580133,2.4466918,2.5383633480685837e-144,3.489174025904443e-143
0,Lrg1,25.471586,2.055257,4.0710819423472184e-143,5.502745758739323e-142
0,Acrbp,25.33484,0.7455463,1.3203663552123853e-141,1.741166039149991e-140
0,Sh2d3c,25.317875,1.3886812,2.0304459953874192e-141,2.6559543584825757e-140
0,Hp,25.314016,1.7361029,2.2391285341471166e-141,2.905493185909298e-140
0,Penk,25.205753,1.7321714,3.4641670278390245e-140,4.374478391755245e-139
0,Map10,25.203257,0.76542586,3.6895223459564557e-140,4.6033886501087466e-139
0,Tmem40,25.151508,0.9702869,1.3604869886313089e-139,1.6845113706564757e-138
0,Pi16,25.100952,1.2282387,4.855653695438663e-139,5.921706987971061e-138
0,Il1r2,24.984066,1.5224503,9.109879005047268e-138,1.1027032646407963e-136
0,Nos1ap,24.963696,0.6934913,1.5163542059547252e-137,1.8218714978211588e-136
0,Sytl1,24.960915,1.1541666,1.6255127007924535e-137,1.9386629416804116e-136
0,Tst,24.746206,1.6221112,3.4060511444856966e-135,4.0033441712723186e-134
0,Prkcb,24.626879,1.2925491,6.511427141818409e-134,7.490450229808127e-133
0,Tnks1bp1,24.617487,1.2549528,8.208401073933572e-134,9.376075029521305e-133
0,Myl10,24.579073,1.6322691,2.1149797829892565e-133,2.3989490965094924e-132
0,C5ar1,24.5492,1.9832746,4.410968436357814e-133,4.9684658359530376e-132
0,Ccng2,24.514133,1.2290229,1.0441101688360616e-132,1.1679632371393737e-131
0,Trp53inp1,24.49626,0.8451472,1.6191255000891797e-132,1.7987818911949654e-131
0,1700102P08Rik,24.466074,0.688406,3.3943535582358896e-132,3.745334334325587e-131
0,Tac4,24.459604,1.5991837,3.9773472614441286e-132,4.358957606798903e-131
0,Enpp5,24.411772,1.2623053,1.282501087745787e-131,1.3961186337742729e-130
0,S1pr4,24.361385,1.0745951,4.391282087380545e-131,4.748439697154162e-130
0,Chd2,24.317524,0.50686765,1.2793939073979622e-130,1.3652479722365096e-129
0,Znfx1,24.268726,0.9723344,4.194749351730936e-130,4.446982646083384e-129
0,Itgam,24.264301,2.3148353,4.6711939430894015e-130,4.919919854344811e-129
0,Phlda1,24.201092,1.4896345,2.1666334405375845e-129,2.2527432311230528e-128
0,Elane,24.15411,3.5205941,6.759974785822822e-129,6.983872039875553e-128
0,Cd33,24.086077,1.984282,3.4980450852079986e-128,3.5684459925832536e-127
0,Gadd45a,23.837776,1.1238405,1.3559806975492272e-125,1.3660873859781655e-124
0,Ankrd22,23.833464,2.5097136,1.5030443158826436e-125,1.5048999261491653e-124
0,Gm7694,23.75919,1.3735733,8.829172751007474e-125,8.785839387812345e-124
0,Rpl3l,23.732182,1.5467409,1.6785897818633429e-124,1.6601662354770378e-123
0,Ppp1r3d,23.71215,1.2507495,2.7018673399378868e-124,2.6560174699268197e-123
0,E130102H24Rik,23.669199,1.1181598,7.48828697215979e-124,7.316868354724808e-123
0,Flt1,23.56593,1.6457204,8.619956211166782e-123,8.273117736397941e-122
0,Adtrp,23.504705,1.3085934,3.6510365513800993e-122,3.4835184037285418e-121
0,9830107B12Rik,23.357689,2.3664021,1.1512782001285938e-120,1.0794064974616065e-119
0,F10,23.271952,1.2820065,8.528897840859488e-120,7.860154714701188e-119
0,Mfsd9,23.24778,0.6130693,1.4980190167368587e-119,1.3727609294616863e-118
0,Zfp963,23.244772,0.42822447,1.6066974457057516e-119,1.4640804814240052e-118
0,Cd82,23.122608,1.1489611,2.743023443257005e-118,2.485577667577018e-117
0,Myo1f,23.047995,1.2134498,1.5406470716268573e-117,1.3730382143839354e-116
0,Fmnl2,23.036419,1.2255673,2.0125889250574208e-117,1.7741408893712697e-116
0,Mir142hg,22.994373,0.55915517,5.306497348669026e-117,4.6525074051573835e-116
0,Smim5,22.87862,1.178385,7.586177396683159e-116,6.615472977107573e-115
0,Mreg,22.842648,1.4666831,1.7292696034537845e-115,1.4999333137978816e-114
0,Cmtm8,22.727009,0.8953568,2.4229393814872053e-114,2.068425093038025e-113
0,Slc27a4,22.699942,1.7420058,4.4858266010282325e-114,3.7895889306603087e-113
0,Pcmtd2,22.690239,0.60538656,5.5932130794087674e-114,4.700617416995348e-113
0,Trim12a,22.634804,0.8373158,1.9694055671991937e-113,1.6465854793799444e-112
0,Itgb2,22.515306,1.937066,2.939022056041154e-112,2.419844555786168e-111
0,Clec4a2,22.49624,1.4748845,4.517665325458478e-112,3.700834928229117e-111
0,Irs2,22.416576,0.5680708,2.7126614251992196e-111,2.1999684158365672e-110
0,Dhrs3,22.288681,0.8200663,4.7580285658676734e-110,3.839563350167844e-109
0,Camp,22.26956,3.1585512,7.291475292192835e-110,5.854838081156821e-109
0,Ndrg2,22.071135,1.5221363,5.986993487156625e-108,4.7602467824353167e-107
0,Stat1,22.037828,0.77403224,1.2499214256804605e-107,9.841614332299547e-107
0,Prtn3,21.994703,2.6692133,3.236356392941718e-107,2.5359275697350086e-106
0,Adgre5,21.98608,1.0336415,3.9137614294156744e-107,3.0519812685154924e-106
0,Per2,21.893137,1.8121023,3.01998193967174e-106,2.321521661681309e-105
0,Gpr55,21.86329,1.3130847,5.810028214477379e-106,4.445219699944485e-105
0,Acox3,21.860794,0.99634063,6.136658332816985e-106,4.673079725741384e-105
0,Lrrk2,21.828678,2.0647616,1.2395100617838588e-105,9.394791215950556e-105
0,Pnpla7,21.813473,0.8995427,1.7284694371032497e-105,1.3039895009216144e-104
0,Klhl24,21.785612,0.77252483,3.1767041921081838e-105,2.3854695368516084e-104
0,Gm14966,21.77886,0.5677783,3.681172767550464e-105,2.751549414270439e-104
0,Ncoa7,21.607502,0.88600165,1.526909832851995e-103,1.1308893830529386e-102
0,Zfp236,21.53998,0.56727195,6.573647885181331e-103,4.8465713044382356e-102
0,Psg16,21.468882,1.7968189,3.0424840126233278e-102,2.2329905287217366e-101
0,Gm19705,21.455774,2.046492,4.033338712967458e-102,2.94688080740235e-101
0,Lst1,21.44993,1.0907905,4.573340575999402e-102,3.3264387507941834e-101
0,Mctp2,21.422638,1.5038325,8.219943060804858e-102,5.952119484207804e-101
0,Marcksl1,21.421333,1.1268965,8.453501402135092e-102,6.09403523300583e-101
0,Zfp773,21.236185,2.1720262,4.423846050494187e-100,3.0928785749575738e-99
0,Sgsm2,21.206367,0.777387,8.340935928934772e-100,5.806436942803519e-99
0,Ccpg1,20.697313,1.312976,3.662247178806327e-95,2.4344938213212554e-94
0,Map6,20.615946,1.6943257,1.9742379234488542e-94,1.3017129722902607e-93
0,Fbxl5,20.518465,1.1585339,1.4729093816718143e-93,9.5946145263923e-93
0,Eps8l1,20.497526,0.75103235,2.265154755206176e-93,1.469632405177767e-92
0,Ear2,20.372328,1.6593381,2.9435139873607043e-92,1.8871065958494317e-91
0,Ets1,20.365206,0.9552997,3.4041620664550985e-92,2.1738389259016414e-91
0,Hcst,20.351475,1.011977,4.5051388795431945e-92,2.865621671615318e-91
0,Chst15,20.257454,0.9511692,3.053461997776471e-91,1.9271265993748777e-90
0,Mgl2,20.251099,1.3705016,3.473993613733635e-91,2.1840378455333165e-90
0,Sik1,20.087742,0.7960639,9.446294977494915e-90,5.848049791410974e-89
0,Fcer2a,19.86418,1.1362042,8.309773390362368e-88,5.086208467610476e-87
0,Cd38,19.847015,1.4243774,1.1694270807825816e-87,7.130867387328373e-87
0,Nfkbia,19.793934,1.8231091,3.3577789170351207e-87,2.032207986354838e-86
0,Noct,19.760231,1.0841894,6.550551235119966e-87,3.949811934336277e-86
0,Rassf3,19.74386,1.0100511,9.058579744479603e-87,5.441857905757746e-86
0,Tinagl1,19.552841,1.0579798,3.9017967494578123e-85,2.301350664589299e-84
0,Zmpste24,19.508356,1.0662241,9.323386441860463e-85,5.439760003128659e-84
0,Ing1,19.347153,0.76537454,2.1541707487491697e-83,1.2478803408825547e-82
0,Tusc1,19.331833,1.2847646,2.8993252070964105e-83,1.6735606711424833e-82
0,Lyve1,19.256935,2.0560265,1.2347593367720397e-82,7.076959873654587e-82
0,Veph1,19.17676,0.4408481,5.787767348268685e-82,3.293950399611161e-81
0,Neil2,19.042679,0.98021495,7.556190806575704e-81,4.226255685608893e-80
0,AA467197,19.039274,2.3104804,8.063677065200462e-81,4.494599381359157e-80
0,Slc39a2,19.02872,1.5079068,9.863132736424068e-81,5.465983406800757e-80
0,Mxd1,19.011301,1.5655153,1.374995493681978e-80,7.534603684973542e-80
0,A930007I19Rik,18.99479,0.99048567,1.8834171937685802e-80,1.0285867637348946e-79
0,H2-DMb2,18.96534,0.73517925,3.2988376800669867e-80,1.7955418513653196e-79
0,Fam20c,18.9448,0.1731836,4.8743753951999504e-80,2.635412297004773e-79
0,Klhl20,18.847603,0.49542645,3.0746583280574663e-79,1.6459062072967691e-78
0,Mpo,18.814976,2.3228366,5.693422087650533e-79,3.037740337555646e-78
0,Cd79b,18.73673,0.9346455,2.4843517643133053e-78,1.3168688110183598e-77
0,Ulk1,18.699564,0.5629578,4.991103018283809e-78,2.6199252736751906e-77
0,Iqsec1,18.669037,0.7202063,8.843248171513937e-78,4.62701565619213e-77
0,Ttc3,18.521227,0.7278755,1.3922992051205188e-76,7.238170867645775e-76
0,Klf2,18.497791,1.2768589,2.151080645542602e-76,1.1123335826598871e-75
0,Serpinb1a,18.497736,1.0621132,2.1533461464562553e-76,1.1123335826598871e-75
0,0610009L18Rik,18.437193,0.4944797,6.608510720294418e-76,3.402858535973824e-75
0,1700086P04Rik,18.344137,0.627199,3.6772374341661054e-75,1.875622364219315e-74
0,Tmem154,18.294374,0.8296093,9.174867092564153e-75,4.6650891611721185e-74
0,Itgal,18.290516,0.7146008,9.847891526378243e-75,4.991650017432971e-74
0,Lcn4,18.206936,0.56094444,4.546936677307425e-74,2.2904134442834295e-73
0,Irf1,18.160465,0.57895464,1.0612280153487842e-73,5.329138826302564e-73
0,Oas1c,18.159018,0.49009502,1.0895680687277121e-73,5.454566072457867e-73
0,Pag1,18.03359,1.0468214,1.0616732091819215e-72,5.218284682706293e-72
0,Gng11,18.01952,0.52844185,1.3692855267575381e-72,6.70991276253996e-72
0,Cpne8,17.927769,0.5008531,7.159628464348379e-72,3.466542498260618e-71
0,Zbtb20,17.90859,0.49362597,1.0106380912529426e-71,4.864258112796062e-71
0,Ltb4r1,17.897923,1.0662258,1.2240374566612082e-71,5.8566039961784064e-71
0,Tmcc3,17.849522,0.9399894,2.9152066745993856e-71,1.3866466939003529e-70
0,Gm11714,17.849352,1.4124358,2.924105431569913e-71,1.3868125760252629e-70
0,Ifitm6,17.736607,2.3583915,2.187525469818189e-70,1.0225263147104041e-69
0,Kcp,17.734905,0.50811774,2.25479008163833e-70,1.0509395150624629e-69
0,Tcp11l2,17.651495,1.5217857,9.909831053839373e-70,4.592498848379275e-69
0,Antxr2,17.611889,0.60518986,1.9966793960689352e-69,9.200607898931287e-69
0,AB124611,17.60264,1.0046227,2.351031599544536e-69,1.0802757094791042e-68
0,Cpq,17.576426,0.7536444,3.7338352259640815e-69,1.7012024540768933e-68
0,Samd9l,17.574043,0.93150234,3.8940697951206835e-69,1.7692384335254199e-68
0,Dapk2,17.572397,1.3759713,4.008690328017723e-69,1.8162278525264653e-68
0,Plekhg1,17.463568,1.1068221,2.7142953864834822e-68,1.2195532179712488e-67
0,Amn1,17.360752,0.34457076,1.6356667393458127e-67,7.288602887964033e-67
0,Efna5,17.3338,,2.6146760985353754e-67,1.1555870931401577e-66
0,Phf11c,17.31394,0.7867504,3.6925673285260675e-67,1.6231285113466887e-66
0,Tmem42,17.225594,0.4617532,1.706660265258143e-66,7.441405780238462e-66
0,Dmxl2,17.207947,0.49394643,2.3149157920026973e-66,1.0066470280505028e-65
0,Cldn1,17.154043,2.246483,5.862751283042721e-66,2.542615663394464e-65
0,2610037D02Rik,17.145702,0.47405562,6.767615493873045e-66,2.919434130601617e-65
0,Klf5,16.964527,0.48837864,1.503043716651079e-64,6.415623443179079e-64
0,Hbp1,16.953405,0.6164827,1.816205268727777e-64,7.731981485240037e-64
0,Gabbr1,16.925943,0.7575628,2.8966951732863803e-64,1.229958002898039e-63
0,Irak2,16.800318,0.27432054,2.427398475242137e-63,1.0095488017545503e-62
0,A530064D06Rik,16.767805,1.890812,4.197295463184626e-63,1.7411798571062566e-62
0,Nmb,16.566317,0.26166284,1.2207863292733758e-61,5.0002914800035744e-61
0,Rps6kl1,16.44296,1.4714191,9.420199918361289e-61,3.7820703632628737e-60
0,Ccdc30,16.432293,0.46732268,1.1232898647363821e-60,4.498706569388671e-60
0,Cyth1,16.414476,0.35181943,1.5067433176748724e-60,6.019550889824243e-60
0,Cd300c2,16.401085,0.7245694,1.878505771366797e-60,7.467981277345454e-60
0,Mmaa,16.321081,0.80548286,6.988766468183822e-60,2.744740729151128e-59
0,Tmcc1,16.27285,1.1081979,1.5382747987600322e-59,6.012245117081379e-59
0,Cd300lf,16.178036,0.8258666,7.2057078777476885e-59,2.8027957260687647e-58
0,A830082K12Rik,16.133266,0.7629281,1.4893052094362115e-58,5.765281741540657e-58
0,Gm26511,16.116755,0.4830716,1.9456143868237072e-58,7.513777465304888e-58
0,Atp1b1,16.056042,0.87331843,5.186093551841088e-58,1.9839254106335485e-57
0,Nat8l,15.977852,0.9827632,1.823209152832418e-57,6.909451509098557e-57
0,Cd52,15.851318,1.3829633,1.3766124858477338e-56,5.19271035359308e-56
0,Bmpr1a,15.841616,0.91173655,1.60638755870259e-56,6.045384269641766e-56
0,Ddx58,15.765016,0.7161902,5.415925909751057e-56,2.024108715579773e-55
0,AW554918,15.719509,0.3187268,1.1118249716493533e-55,4.136192899117548e-55
0,N4bp3,15.601487,1.3642104,7.111847663157056e-55,2.6039315823116803e-54
0,Sh3bp5,15.579244,1.203055,1.0073897129369796e-54,3.6636459963761905e-54
0,Il12a,15.479549,0.58321804,4.7679967193310663e-54,1.7034560966420681e-53
0,Ypel3,15.474046,1.0013767,5.193780561019274e-54,1.8474368574502769e-53
0,Fcgr3,15.455094,0.8009121,6.97097982476334e-54,2.46876185060396e-53
0,Lca5l,15.2435055,0.68476856,1.8184618915132633e-52,6.3024469829797294e-52
0,C8g,15.225632,0.6423498,2.3903738517404944e-52,8.249332739410813e-52
0,Gm45051,15.194992,0.59226686,3.817119533844532e-52,1.3145154742878622e-51
0,Ccdc189,15.183474,0.39356014,4.550354100287778e-52,1.563702192937876e-51
0,Stfa3,15.14557,1.3734026,8.104888639069529e-52,2.779308535427226e-51
0,Cd93,15.05745,0.69580716,3.08453844095659e-51,1.0488724006774819e-50
0,Slc31a2,15.051096,0.6681633,3.395635378305485e-51,1.152242799918723e-50
0,Runx2,14.874715,0.6046203,4.810278829617775e-50,1.6021092939712588e-49
0,Trim34a,14.815619,0.5387414,1.1611455947721736e-49,3.8358007224449395e-49
0,Ifnlr1,14.715243,2.113382,5.146057059449285e-49,1.6896567915843602e-48
0,Ifit1bl2,14.691015,2.313726,7.36028986202539e-49,2.3924629571553474e-48
0,Ccdc173,14.67978,0.48860982,8.687148200520491e-49,2.818110876248847e-48
0,Plaur,14.664687,0.83303326,1.0851626625854582e-48,3.513241195037152e-48
0,Pbx1,14.572539,0.68925387,4.1998586355606787e-48,1.3516211719998852e-47
0,Bcl11a,14.522607,0.9031075,8.713264465491968e-48,2.793066198226872e-47
0,Zc3h6,14.450261,0.35693637,2.4973573673662407e-47,7.9270325829120195e-47
0,Slfn2,14.415195,0.62728643,4.1526230661656984e-47,1.3155380104142115e-46
0,Ddhd1,14.41145,-0.14437707,4.384056542937963e-47,1.3861480921336017e-46
0,Serpinc1,14.3423395,2.0108669,1.1897604763459323e-46,3.711137485832889e-46
0,Stfa2,14.262447,1.7365369,3.750648514513074e-46,1.1654313966552119e-45
0,Dmkn,14.238616,1.2239233,5.27613923987804e-46,1.6331866120385843e-45
0,Ntng1,14.236744,1.811507,5.419396284149549e-46,1.6743353853124893e-45
0,Fos,14.181648,0.44850692,1.190182896004002e-45,3.649294248239114e-45
0,Krt83,14.150554,2.3290007,1.8529241229253386e-45,5.670647032801697e-45
0,Zeb1,14.144171,0.4983124,2.0289534034744458e-45,6.197669341686536e-45
0,Chil1,13.966428,2.4291232,2.4984658208698346e-44,7.490779226341723e-44
0,Plxnc1,13.945491,0.8086291,3.3513585136093013e-44,1.0010872024077877e-43
0,Fbxo10,13.932667,1.7163061,4.010937140745407e-44,1.1959080960090165e-43
0,Lax1,13.893004,0.8738437,6.984271123344899e-44,2.078621607718427e-43
0,6430548M08Rik,13.872408,1.9359672,9.309849090346133e-44,2.7555794205367568e-43
0,Cd14,13.814702,0.631802,2.0781316904333667e-43,6.106394206309639e-43
0,Ifit2,13.756939,4.6329494,4.627063146343031e-43,1.3425932778834342e-42
0,Atf5,13.754754,0.16821553,4.768967152417838e-43,1.3812972716467381e-42
0,Themis2,13.70258,0.59552795,9.797877033916158e-43,2.812771070621594e-42
0,Tnni2,13.642549,0.63361454,2.2360740821065385e-42,6.374186575003172e-42
0,Il18rap,13.533719,0.29478142,9.889183898778161e-42,2.7799404304710877e-41
0,Klhl6,13.523051,0.4570454,1.1433344903053218e-41,3.2084576873273907e-41
0,Amer2,13.485375,1.837367,1.9069351252154591e-41,5.332842712240473e-41
0,Trp53inp2,13.455132,1.527991,2.8722655589006415e-41,8.004836317073609e-41
0,D5Ertd605e,13.451613,0.5468611,3.012252883215766e-41,8.380573201674052e-41
0,Gm43549,13.372517,0.74661636,8.752872164844691e-41,2.4185960223812758e-40
0,Lyz1,13.30681,0.46897867,2.1131312842859147e-40,5.789694160661746e-40
0,Tyrobp,13.287915,0.89633304,2.7205337394311786e-40,7.428797517436652e-40
0,Il21r,13.033601,0.41552112,7.879973786889343e-39,2.123142438925999e-38
0,Ptafr,13.030366,0.0072460147,8.221220638250516e-39,2.2114129146338865e-38
0,Herc6,12.994392,0.54582417,1.3164963959608358e-38,3.5204965324196875e-38
0,Gpcpd1,12.974874,0.41902995,1.6987746811511845e-38,4.5244869176144847e-38
0,Map1lc3a,12.970448,0.9245191,1.7997705135794037e-38,4.777786862562672e-38
0,Tob1,12.959666,0.79418343,2.0714637623733784e-38,5.490055919231405e-38
0,Sgpl1,12.911607,0.35212478,3.871388817605813e-38,1.0210394572612404e-37
0,Chrnb1,12.75883,0.6995545,2.783488986697339e-37,7.28196634906949e-37
0,Ceacam10,12.731623,2.5657046,3.945516287998598e-37,1.0288790062915958e-36
0,Man2b1,12.70121,0.18013057,5.8222787972502394e-37,1.5134192642852387e-36
0,Ighd,12.700302,2.2778509,5.8902172366033295e-37,1.528629177243296e-36
0,Fgr,12.669377,0.5547054,8.740503122218586e-37,2.2574993732863928e-36
0,Anxa1,12.6542845,1.2781521,1.059362992928589e-36,2.7317754762005904e-36
0,Azin2,12.646454,0.83071756,1.1703882238831859e-36,3.013285236727822e-36
0,Arntl,12.639192,0.29201397,1.2836742345149523e-36,3.299714117881541e-36
0,Evpl,12.586365,0.97077477,2.5096636613251282e-36,6.43076533755033e-36
0,Ctsb,12.564803,0.061800007,3.296935497814979e-36,8.42146358654472e-36
0,Crebrf,12.533596,0.7149909,4.889459472157535e-36,1.2450083616702547e-35
0,Klra17,12.454782,1.2265223,1.317110034975847e-35,3.327651832914056e-35
0,Phf1,12.450867,0.70633715,1.3833459248420717e-35,3.489560015698041e-35
0,Sirpa,12.378408,0.64227706,3.4206027563527955e-35,8.562064306796657e-35
0,Rap1gap2,12.37245,1.1217071,3.684087818453914e-35,9.207381265843218e-35
0,Asprv1,12.33693,2.1403875,5.729917310522354e-35,1.4276383836662455e-34
0,Fchsd2,12.328986,0.50000733,6.323718564908445e-35,1.5707613341931852e-34
0,Mad1l1,12.261237,0.4154588,1.4624974438610052e-34,3.610610127766439e-34
0,Nyap1,12.218397,0.15759088,2.4792364688283003e-34,6.092911443090156e-34
0,Gm26871,12.194112,1.4218777,3.3412562866384167e-34,8.18658262375757e-34
0,Gsn,12.179417,0.8957216,4.0013581418643265e-34,9.78914465475707e-34
0,F7,12.12608,0.22443233,7.684110747330695e-34,1.8742297191233665e-33
0,Sema4b,12.081708,0.096592836,1.3195064540007208e-33,3.2087548251711686e-33
0,Trim30b,12.065252,0.7942279,1.6116710783119953e-33,3.913368995542001e-33
0,Arid4b,12.048741,0.22025985,1.9693523209748023e-33,4.7747226675951115e-33
0,Thbs1,11.963402,0.2814072,5.525110687892144e-33,1.3316091435009e-32
0,Exoc3l,11.9570465,0.37360704,5.964558504660809e-33,1.4353878181839513e-32
0,Cd83,11.870176,,1.6911178034220083e-32,4.0457125031718255e-32
0,Tnfrsf18,11.861608,0.20209242,1.873424750115666e-32,4.4752502867269666e-32
0,Ralgps1,11.813377,0.29349956,3.329127728147784e-32,7.9176615470025e-32
0,Il1rn,11.806115,1.4045298,3.62948118117916e-32,8.61935355179004e-32
0,Tnfrsf23,11.796696,0.23229325,4.059399094397855e-32,9.612182965128935e-32
0,Tcte2,11.733827,0.12889042,8.550408689796293e-32,2.0128828584687355e-31
0,Rab15,11.723216,0.80899465,9.692167486370417e-32,2.278361690274321e-31
0,Jam3,11.71896,0.49648416,1.0191523293267248e-31,2.388822367294722e-31
0,Rasgrp4,11.701938,0.7999684,1.245758226173509e-31,2.9157573489948507e-31
0,Ltf,11.673226,2.8664727,1.746702588533756e-31,4.082351006630767e-31
0,Ifit1bl1,11.599803,2.2920837,4.130262363843261e-31,9.625410278956564e-31
0,Sgk1,11.573702,-0.19846383,5.6012359069625025e-31,1.2978863772990256e-30
0,Klhdc4,11.554921,0.9301115,6.971160543271946e-31,1.5993242434493772e-30
0,Nfkbiz,11.497896,0.5857331,1.351704228120787e-30,3.087977828185798e-30
0,Nectin4,11.41755,0.075133115,3.417314083936525e-30,7.774030075939751e-30
0,Mn1,11.409209,1.7933265,3.761333792802038e-30,8.544654638550288e-30
0,Chga,11.318196,,1.06643806024596e-29,2.4057893375785077e-29
0,Pf4,11.317572,-0.25543582,1.0740565083911167e-29,2.419610634181099e-29
0,Mitf,11.252206,0.072209224,2.2587143086068194e-29,5.053289115255532e-29
0,Zfp526,11.251865,0.22745858,2.267450996853156e-29,5.065847819415729e-29
0,Top2a,11.22531,1.2327082,3.0630870561927575e-29,6.834012661822081e-29
0,Ifih1,11.203579,0.41336858,3.915891520087548e-29,8.688886519264027e-29
0,Cd300lb,11.19938,0.39754835,4.1059845609277465e-29,9.097466771832717e-29
0,Grina,11.196939,0.8619811,4.220620850000418e-29,9.326767055450515e-29
0,Aif1,11.158185,-0.4573965,6.531097754935948e-29,1.4373732101093769e-28
0,Bcl2a1b,11.127432,0.17350185,9.22554298167984e-29,2.022139285984419e-28
0,Ldhc,11.111601,0.63843316,1.1016661690106263e-28,2.4114743942445827e-28
0,Rps27rt,11.11109,0.82838386,1.10798519968722e-28,2.4220377276181545e-28
0,Retnlg,11.068364,2.1831748,1.7863206772675322e-28,3.8996125686782467e-28
0,Lsp1,11.06808,0.74272513,1.7919839823605074e-28,3.9067177679956224e-28
0,Btg2,11.028304,0.58992976,2.79076642646582e-28,6.043555599102217e-28
0,Ctsa,10.944441,-0.10520324,7.065233941855527e-28,1.5158478113346117e-27
0,Trac,10.932128,4.5704384,8.092805152975606e-28,1.731732184449398e-27
0,Ampd3,10.926113,0.93312037,8.647333329595656e-28,1.84795450073836e-27
0,Zfp329,10.921858,0.19998431,9.062295041954932e-28,1.9315430431078712e-27
0,Map3k8,10.797935,0.44725809,3.5203298334583066e-27,7.464019594600488e-27
0,Bri3,10.797481,0.58485645,3.5377730492688355e-27,7.491211339313382e-27
0,Tnfrsf1b,10.7800045,0.27251798,4.2786531584376605e-27,9.048207852654349e-27
0,Pilra,10.754698,0.46692368,5.6318341265990716e-27,1.1894316345499601e-26
0,Slx4ip,10.716057,0.22558947,8.557420640254114e-27,1.8026151011028796e-26
0,Spsb1,10.697105,1.790999,1.0500745259413238e-26,2.2091062011372596e-26
0,Ppp1r16b,10.680537,0.7210788,1.2554356395058658e-26,2.630900009403765e-26
0,Plac8,10.616419,1.1281406,2.499668882157074e-26,5.204702088393805e-26
0,Dio2,10.600928,0.59540343,2.950356584065731e-26,6.127373084961096e-26
0,Abtb2,10.57392,0.8985358,3.936877663379274e-26,8.155320012772902e-26
0,Gpr65,10.546287,0.53537524,5.284444088560963e-26,1.0932867744446277e-25
0,Egfl7,10.481715,0.60425144,1.0482518170265738e-25,2.1440913584074433e-25
0,Kcnn3,10.463955,1.2818772,1.264640687358898e-25,2.5801851508127453e-25
0,Haao,10.454933,0.38571328,1.3909671415146194e-25,2.8308013846131902e-25
0,9330020H09Rik,10.433258,0.3800847,1.7479016723703816e-25,3.548306023260024e-25
0,Gm37867,10.305136,1.7218518,6.679707319722328e-25,1.3458987916260392e-24
0,Sema7a,10.208165,0.7220027,1.8227914218496743e-24,3.659118423564569e-24
0,Ckap2l,10.1486435,0.558246,3.3600127070825096e-24,6.711749520797821e-24
0,Oas1b,10.134515,0.48553744,3.882962117429291e-24,7.727809269288724e-24
0,Siglech,10.130429,0.5465143,4.048672141108989e-24,8.047728202057329e-24
0,Crispld2,10.128613,1.8586426,4.124551482694365e-24,8.188522037858336e-24
0,Ctsg,10.089349,1.053228,6.1576682133420396e-24,1.2165332328916915e-23
0,Sgsm1,10.0715885,0.62682986,7.377659518106494e-24,1.4540174651723857e-23
0,Fcrl1,9.94114,0.9825318,2.756532489200768e-23,5.373913097937075e-23
0,Cxcl10,9.890867,,4.560584428788643e-23,8.869625831528991e-23
0,Il4i1,9.8702135,,5.604509561572757e-23,1.0886843723198816e-22
0,Gns,9.729382,0.15254329,2.2596232055445774e-22,4.3528608543863475e-22
0,Gm10642,9.721891,0.33235514,2.4322003473024264e-22,4.679749659934206e-22
0,Taco1,9.721041,0.38153264,2.4526185880398373e-22,4.713444727251915e-22
0,Dtx3l,9.647788,0.2809131,5.022762710134062e-22,9.607218296978123e-22
0,Adam23,9.63173,0.5653202,5.873232549300301e-22,1.1207509641135399e-21
0,Tmem71,9.596721,0.5888663,8.252862429511289e-22,1.572989760360436e-21
0,Als2cl,9.497196,0.32525375,2.1561779678237236e-21,4.0761313098019575e-21
0,Irgm2,9.419291,0.35590398,4.5414759484254734e-21,8.54556147139921e-21
0,Ugcg,9.380592,0.21327507,6.560295782484082e-21,1.2315740462024515e-20
0,Slfn4,9.309893,0.9641102,1.2796132189011492e-20,2.385669702365131e-20
0,Ear6,9.293324,1.9840252,1.495429680816945e-20,2.784830014104575e-20
0,Mboat2,9.238626,0.46153465,2.4968327521417136e-20,4.6337102104964066e-20
0,Mapkbp1,9.203787,0.13385151,3.4555321106576143e-20,6.398256944619464e-20
0,Cst3,9.171047,0.3341146,4.6844754964230593e-20,8.644162975197044e-20
0,Trim30d,9.157202,0.095782846,5.3260346683647075e-20,9.805707414401312e-20
0,Rab11fip4,9.115894,-0.19724281,7.80243278591888e-20,1.4283911939910184e-19
0,Pdlim7,9.062841,0.0250246,1.2709613164800905e-19,2.313691644591141e-19
0,Pan3,9.05955,0.23144855,1.309897353091279e-19,2.3818985501278637e-19
0,Gm26740,8.949585,0.441725,3.568201426687606e-19,6.430691904541442e-19
0,D730003I15Rik,8.897611,0.3650711,5.706197734619378e-19,1.0261034063805578e-18
0,Dcun1d3,8.847621,0.14656362,8.940455109563537e-19,1.6005980339638033e-18
0,1700030N03Rik,8.824017,0.28266257,1.1042569044266e-18,1.9682469219559837e-18
0,Ifi27,8.820442,0.3676415,1.1400873498833573e-18,2.029881099353244e-18
0,Grap,8.785887,0.4997774,1.5513607791032942e-18,2.750062495853053e-18
0,Ighm,8.733401,0.5468418,2.4712739658882864e-18,4.36645574365011e-18
0,Tmem215,8.71164,0.57054454,2.995081953753056e-18,5.274726307261083e-18
0,Klrb1f,8.7090025,0.49653852,3.0656172844694777e-18,5.3930924462142e-18
0,Napsa,8.674276,0.34283298,4.161885221989442e-18,7.313735460527491e-18
0,9930111J21Rik2,8.638303,0.23783238,5.7054466372918406e-18,9.940101445421446e-18
0,Calcoco1,8.607549,0.38545144,7.463955772613477e-18,1.2975923111660301e-17
0,Fam110c,8.570439,0.7197815,1.030906656420086e-17,1.7864643127279695e-17
0,Lrp1,8.510407,-0.5183859,1.7332336101726953e-17,2.990749910319268e-17
0,Mt2,8.500251,0.81200826,1.8918176784122992e-17,3.260922714542773e-17
0,Spib,8.496222,0.79777783,1.958612181377865e-17,3.3724723547716524e-17
0,Clec2d,8.4893,0.22374994,2.0788622218580213e-17,3.5757312023899373e-17
0,Nsg2,8.45883,,2.7007465408286475e-17,4.630666901928189e-17
0,4933427D06Rik,8.400953,1.2633252,4.4286854552358414e-17,7.561397693044774e-17
0,Nrp2,8.37088,-0.37749857,5.718934210429226e-17,9.743814379533829e-17
0,Arhgap25,8.341601,0.2479415,7.329086643982622e-17,1.2434914787175536e-16
0,Cd40,8.240035,1.6089517,1.7216052037087305e-16,2.8907284062272883e-16
0,A330023F24Rik,8.224885,0.6313212,1.9537839188381424e-16,3.277184608433782e-16
0,Serpinb10,8.220176,0.57180566,2.0320582141272225e-16,3.404957048878466e-16
0,Bst1,8.1884,0.42703542,2.647212819157529e-16,4.4265764872922807e-16
0,Lad1,8.187946,,2.657213663529512e-16,4.438723545051358e-16
0,2610307P16Rik,8.051937,1.0486915,8.149366959885523e-16,1.3488033886667672e-15
0,Shtn1,7.997182,-0.18463647,1.2729912950157957e-15,2.100500387096257e-15
0,1700047M11Rik,7.9536047,2.0156345,1.811617914836067e-15,2.9801665901258626e-15
0,1600010M07Rik,7.9086084,0.11107487,2.602814427641724e-15,4.273041499630442e-15
0,Oas1g,7.900892,0.23507108,2.769149161882341e-15,4.532351100477454e-15
0,Stx3,7.895672,0.14572962,2.8875604579897247e-15,4.7213942165920704e-15
0,Tshz1,7.8785925,0.20845522,3.3108942679892342e-15,5.3972567866115965e-15
0,Pde4b,7.709787,0.5170007,1.2602793004749732e-14,2.0380588488239345e-14
0,Stat2,7.615483,0.11914327,2.627075140380981e-14,4.2357016676918e-14
0,Ftl1,7.5933537,0.21450599,3.117300384326143e-14,5.006199231066341e-14
0,Rabgap1l,7.5196466,-0.34412926,5.492444925619285e-14,8.794418232334137e-14
0,Map3k14,7.4104195,0.21747606,1.2590039771438615e-13,2.004027920439002e-13
0,Gcnt2,7.379609,0.32873583,1.5875496393233565e-13,2.5195748678889274e-13
0,Cacnb3,7.3636646,1.2671025,1.789287038069264e-13,2.836973192324874e-13
0,BC064078,7.342557,0.18016388,2.095512529889887e-13,3.3192591049623013e-13
0,Rfx2,7.340287,0.2485498,2.1313578800787439e-13,3.3727438843782657e-13
0,Card11,7.295802,0.8728202,2.968849788167889e-13,4.684313576272681e-13
0,Pgm2l1,7.2917166,0.1085543,3.060300651951148e-13,4.823914147196075e-13
0,Klrd1,7.262552,0.7334459,3.798552817690916e-13,5.970206075866924e-13
0,Cyp11a1,7.1620626,-0.43291384,7.947201568892339e-13,1.2454455019075723e-12
0,Tle6,7.0550485,0.33716828,1.7254041791245349e-12,2.6909669024423033e-12
0,Ifitm10,7.046594,0.40879342,1.833501080788554e-12,2.8568095610365365e-12
0,Pex11g,7.0259404,0.1643681,2.1262939491677283e-12,3.3098356867083065e-12
0,1810044D09Rik,7.0094285,0.25790572,2.3929345327547118e-12,3.7142007771561175e-12
0,Acvrl1,6.9812846,0.78849137,2.9249259259708917e-12,4.53126060355758e-12
0,Dip2a,6.979583,0.025036082,2.960583203925779e-12,4.5821240045492496e-12
0,Agap1,6.963071,0.054422285,3.329342198663686e-12,5.147943800030981e-12
0,Isg20,6.927778,0.5362856,4.2750263289711626e-12,6.591342876037287e-12
0,Pacsin1,6.846127,2.052192,7.58761462765093e-12,1.1632429986814563e-11
0,Bbs2,6.7954855,0.24425256,1.0794851701062282e-11,1.651815986709719e-11
0,Trib3,6.793471,0.33132347,1.094672570796928e-11,1.6734768235934186e-11
0,I830077J02Rik,6.7860947,-0.072740994,1.1520960894781725e-11,1.7596043852482067e-11
0,Rhoj,6.777073,0.26452464,1.2263515035617794e-11,1.871253187937165e-11
0,Ifit1,6.761469,-4.497775,1.3659966678197404e-11,2.0823746195522733e-11
0,Fcgr1,6.7316794,-0.035824846,1.6771556436732917e-11,2.5519197505047648e-11
0,Steap4,6.718743,0.2997171,1.8329931793681638e-11,2.7812113535408436e-11
0,5430416N02Rik,6.7151113,0.34628102,1.879228602380214e-11,2.848699806598792e-11
0,Glt28d2,6.70938,1.1602588,1.9545264667913412e-11,2.960076497792302e-11
0,Egln3,6.575187,0.43325475,4.859204663564643e-11,7.297805522501713e-11
0,Slpi,6.543355,0.2381668,6.015374920296184e-11,9.025844700018881e-11
0,Slc2a3,6.4721446,0.23778327,9.662148708541642e-11,1.4457569377541094e-10
0,Apol7c,6.4716907,,9.691226493183931e-11,1.448771370686114e-10
0,Tmem108,6.406041,0.49349007,1.4934673068668705e-10,2.2264742387298382e-10
0,Cd28,6.3372707,0.5123339,2.338710716085473e-10,3.476983301091327e-10
0,Paqr5,6.332391,0.72409064,2.413910889570268e-10,3.5822172578984216e-10
0,Cd53,6.327369,0.25292584,2.4937617378161987e-10,3.697332302319812e-10
0,Iqcb1,6.3184323,0.24644487,2.6422974056125756e-10,3.9139784400946097e-10
0,Trim21,6.3123045,0.14647287,2.7491083453940116e-10,4.068479686340407e-10
0,Zfp467,6.29619,0.25233454,3.050507346799984e-10,4.5104128682858476e-10
0,Gm20559,6.287395,0.32594275,3.2283734705964675e-10,4.764714985721083e-10
0,Creb3l1,6.256187,-0.29944065,3.9450318021074777e-10,5.806571309454019e-10
0,Nod2,6.226852,-0.35300684,4.759005177117036e-10,6.99828322509867e-10
0,Cyp4v3,6.2190785,-0.65317553,5.00083536312096e-10,7.340592723060812e-10
0,Mx2,6.206879,-4.9522634,5.40471894469739e-10,7.919109420324451e-10
0,Lck,6.180324,0.4371712,6.397016915455843e-10,9.356141962911973e-10
0,Rab26os,6.173685,0.26728743,6.671628138525552e-10,9.740216778297431e-10
0,Nrp1,6.0986733,0.3803736,1.0695245477065061e-09,1.5530607129632524e-09
0,Kcnq3,6.088857,0.31946704,1.1371965449820917e-09,1.6483760464351678e-09
0,Col5a1,6.079835,0.48970485,1.2030620825222587e-09,1.7407374646307794e-09
0,Dhrs9,6.07087,-0.57153505,1.2721917120279084e-09,1.8391220649815218e-09
0,Gm20257,5.976509,0.23132433,2.2796981230210197e-09,3.269381393050481e-09
0,S100a6,5.973388,0.5409057,2.323758614034762e-09,3.329625858625781e-09
0,Rora,5.943656,-0.3950126,2.787344533820009e-09,3.9903555462101096e-09
0,Ccr9,5.8976955,1.7683287,3.68613671556197e-09,5.267765420829529e-09
0,Mpeg1,5.829946,-0.23071852,5.544524358769522e-09,7.874972425502771e-09
0,Kctd11,5.8036184,0.056582715,6.489895212931497e-09,9.185523591077564e-09
0,Mcam,5.7419972,1.4225811,9.35664078457059e-09,1.3196931610933477e-08
0,Ifit3b,5.687979,-1.0825851,1.285513468770196e-08,1.8068482204031696e-08
0,Dhx58,5.675553,0.31415528,1.3824131949534635e-08,1.941362945640275e-08
0,Ggt5,5.6483173,0.1944471,1.620260418410116e-08,2.2714454612456424e-08
0,Ctsd,5.6084847,0.11120097,2.041056834419543e-08,2.85396050467974e-08
0,Cd200r2,5.561219,1.7149165,2.6789644482066276e-08,3.742704853566882e-08
0,P2rx5,5.5565095,-0.8861541,2.7522247259711756e-08,3.8384423951205904e-08
0,Kit,5.548736,0.06415237,2.8774210108090398e-08,4.006160411615676e-08
0,Jup,5.545388,-0.0068518915,2.933024104194662e-08,4.0800729819929176e-08
0,Synj1,5.5326214,0.060579997,3.154796403439985e-08,4.377313743695171e-08
0,Evl,5.490633,-0.21496093,4.004958327750723e-08,5.537973067017624e-08
0,Sell,5.4598227,0.27256927,4.7661104712320105e-08,6.579260582415592e-08
0,Epha10,5.4556236,0.1349724,4.880128130913255e-08,6.730925024099745e-08
0,Dnajc28,5.401038,0.1755643,6.625624327811652e-08,9.115150686777353e-08
0,Slc25a35,5.3878746,0.026177242,7.129584684059484e-08,9.800157930122444e-08
0,Anxa4,5.3753347,0.12688129,7.644061119895288e-08,1.0498448041041624e-07
0,Alox5,5.2843213,-0.32090443,1.2617154185591623e-07,1.7255500918237448e-07
0,Hdac9,5.282449,0.22080316,1.2746834083422536e-07,1.741816755123113e-07
0,Ndst1,5.2503333,0.5081283,1.5182418266382848e-07,2.067664351643407e-07
0,Jchain,5.236545,2.0296295,1.636101602448133e-07,2.2225768837276981e-07
0,Mmp19,5.2321763,0.033398386,1.6752599121924353e-07,2.2738674289340002e-07
0,Trp53i11,5.2301335,0.27446753,1.6938771028441303e-07,2.2972145993421232e-07
0,Parp14,5.228942,0.08028641,1.7048293428031243e-07,2.3101363358618777e-07
0,Flt3,5.2216225,0.20949288,1.7736247436326275e-07,2.3993489025622366e-07
0,Ccz1,5.1990957,0.19754957,2.0026014370324567e-07,2.7068496090555374e-07
0,Lgals3,5.184627,-0.21092567,2.1644772700719676e-07,2.9207838037077634e-07
0,Txnip,5.1320844,0.10534441,2.865509205063272e-07,3.8571418511308114e-07
0,Trpm2,5.110012,1.4825397,3.2213829547028466e-07,4.32898355636124e-07
0,Fcer1g,5.0643353,0.37814328,4.0982788204965615e-07,5.489189303753445e-07
0,Iigp1,5.0629735,-1.2633522,4.12767339678931e-07,5.523998555769192e-07
0,Dennd2a,5.044135,0.22447167,4.555767874738985e-07,6.081856372696818e-07
0,Camk2b,5.0265455,0.13695185,4.993939998894817e-07,6.661324570894237e-07
0,Gp1bb,5.023368,-1.2025753,5.077312525685219e-07,6.7669687071992e-07
0,Gbp5,4.9901743,0.36494964,6.032483085117126e-07,8.026815064856422e-07
0,Fpr2,4.9703717,1.2530557,6.682470921634587e-07,8.862606569821178e-07
0,Sh3rf1,4.920269,0.19287185,8.642535881754402e-07,1.1396905040817594e-06
0,Nr4a3,4.794757,0.67279327,1.6287204084904193e-06,2.140830228988217e-06
0,Tmem241,4.752882,0.09412195,2.005373892190568e-06,2.63164761580348e-06
0,Nt5e,4.7509527,0.16425218,2.0246038894155007e-06,2.6547352535423946e-06
0,Lipa,4.7308664,-0.38203672,2.2356365964062302e-06,2.9290812272785987e-06
0,Sec22a,4.689445,0.10317422,2.7394680533387457e-06,3.5834009536414884e-06
0,Relb,4.6628337,-0.05970543,3.118850913791032e-06,4.075336189255152e-06
0,Ccdc171,4.66272,0.08693073,3.1205718539179403e-06,4.075336189255152e-06
0,Timp2,4.6505775,-0.42990586,3.3100704553112837e-06,4.319335702747306e-06
0,Zfp599,4.6333847,0.31343144,3.5973508961683603e-06,4.690436618637524e-06
0,Snhg12,4.6296396,0.3135672,3.6630234303482063e-06,4.768398077066445e-06
0,Arpp21,4.5987725,-0.67031544,4.249875293393855e-06,5.527905153075247e-06
0,Tifa,4.5500317,0.12730376,5.3637834285346496e-06,6.965617871163492e-06
0,Trdc,4.5431094,2.1243372,5.543050340148238e-06,7.192662121376353e-06
0,AI480526,4.493404,-0.042706043,7.009368056483281e-06,9.066343690283797e-06
0,Slc37a2,4.481545,-0.6548055,7.4104638744906934e-06,9.56988248759865e-06
0,Serpine2,4.4771757,-1.2414193,7.5636958642249e-06,9.759995777066658e-06
0,Gpr4,4.4257684,0.23316035,9.609969503158351e-06,1.2370928995335593e-05
0,AW112010,4.422931,-0.85213375,9.737080602901522e-06,1.2524619141876501e-05
0,Satb1,4.4007454,0.19658774,1.0787973340170028e-05,1.3854388565127305e-05
0,Ifit3,4.382361,-0.28633425,1.1740005334331409e-05,1.5053192610502407e-05
0,Rab7b,4.3796372,-0.6194574,1.1887692537713545e-05,1.5230519191288603e-05
0,Trafd1,4.2815886,0.019300418,1.8556398044797162e-05,2.3643737335947368e-05
0,Il6ra,4.248451,-0.1473598,2.1525328027893458e-05,2.7405087960159487e-05
0,Ube2h,4.2452173,0.14250481,2.1838178346561237e-05,2.7781588453429275e-05
0,Pcp4,4.170716,0.5359498,3.0364434240320526e-05,3.826815255462307e-05
0,Itgb3,4.1086974,-0.90607154,3.9789681270091604e-05,4.999137336954964e-05
0,Cndp2,4.0880437,-0.12375956,4.350262725608292e-05,5.457174122920843e-05
0,Ccl22,4.0773196,1.2043221,4.555786040057279e-05,5.706165989940468e-05
0,Fam214a,4.0604105,0.05797682,4.898648429525885e-05,6.130870179545514e-05
0,Fam167a,4.049346,1.4428396,5.136094625693579e-05,6.42308826744409e-05
0,Cacnb2,4.040835,0.17823508,5.326125235150746e-05,6.655604877823197e-05
0,Marcks,3.998676,-0.9238603,6.369779189987246e-05,7.947524497045625e-05
0,Ccr7,3.998222,0.84421086,6.382004716251912e-05,7.95665768621107e-05
0,2410018L13Rik,3.9417646,0.13152269,8.088437879538873e-05,0.00010045517795261908
0,Ppfibp2,3.9086275,-0.120266065,9.282194122935553e-05,0.00011501695085868195
0,Arg2,3.8903568,0.30211744,0.00010009692271132984,0.00012393680048685267
0,Bcl6,3.8624969,0.07368027,0.00011223402438551974,0.0001387527344156349
0,Gm11696,3.8597164,0.025283083,0.00011351864602082487,0.00014023400140577148
0,Rsad2,3.855631,,0.00011543143798422721,0.00014238007027408102
0,Bmf,3.8061526,-0.19894648,0.00014114527541156903,0.00017383267784173498
0,Daxx,3.7889032,0.09740336,0.000151313793261812,0.00018621469853616015
0,Fgl2,3.7862365,0.029506538,0.00015294614300920368,0.00018808085213110567
0,Fscn1,3.6863718,0.9061669,0.00022747404824245498,0.00027846257075416
0,F13a1,3.672243,-0.07574423,0.0002404308061951543,0.00029388000576378317
0,Cd7,3.671392,-0.0062606107,0.00024123303641745563,0.0002946385429737297
0,Serpinb8,3.638709,-0.95895094,0.0002740082474986959,0.0003341664492051765
0,Gstt3,3.6305382,0.11593214,0.0002828308310242926,0.00034466687296874724
0,Pla2g7,3.5748181,-0.82378095,0.0003504713302229577,0.0004258161030873688
0,Ppp2r3a,3.5699952,0.12386221,0.0003569877793870387,0.0004334088159923479
0,L3mbtl3,3.5147858,0.08987796,0.0004401087120236298,0.0005331264607186913
0,Cd300ld,3.4775069,-0.9837041,0.0005061002123634322,0.0006126078689951396
0,Epb41l3,3.4357452,0.73503155,0.0005909265165031123,0.0007136878702666033
0,Dand5,3.3784363,0.052300293,0.0007289928960923815,0.0008778221807437586
0,Ppm1l,3.3130136,0.24816902,0.0009229647796965593,0.0011089250908650513
0,Jund,3.2665424,0.08624239,0.0010886947238390556,0.0013032198096435041
0,1500026H17Rik,3.243846,-0.6053035,0.0011792751015178786,0.0014106078279218282
0,Serpinb6b,3.2385123,-0.26495314,0.001201548584136715,0.0014361914542886894
0,Trim30a,3.1410306,-0.04883335,0.0016835442664606636,0.0020063988245401882
0,Ppbp,3.1180503,-1.0867602,0.0018205168045175274,0.0021680457099320333
0,Itk,3.1011982,-1.1163381,0.0019273923346605666,0.002290278657010578
0,Tiam1,3.0559187,-0.20736073,0.002243721543919304,0.0026642140148148688
0,Rnf122,3.0458753,0.13611521,0.002320039647329677,0.002752819537650868
0,Apobec1,3.0362294,-0.47952032,0.0023955705904313705,0.0028403622059062013
0,Mex3b,2.9683099,0.10610299,0.0029944219117833417,0.0035400527266126677
0,Fpr1,2.962352,0.8320224,0.0030529841173461384,0.003606657129159094
0,Eps8,2.8803608,-0.5724934,0.003972202037909223,0.004675552761602873
0,Eomes,2.8786018,0.3593159,0.0039944220508323835,0.004698297727665066
0,Trim46,2.8755946,0.12539558,0.0040326726503878375,0.004736419289593825
0,Klhl30,2.812782,0.40302402,0.0049114944581407855,0.005756101164092742
0,Bcl2l11,2.7836735,-0.16299336,0.005374708548049624,0.006289882586534263
0,Serpinh1,2.7799287,0.22145331,0.005437083362469535,0.006353709808303736
0,Psap,2.7794747,-0.193249,0.005444688184250536,0.006358016007814521
0,Plbd1,2.67212,0.7614069,0.007537365488515679,0.008763875858331492
0,S1pr3,2.6384726,0.18917704,0.008328044619479256,0.009655531360111045
0,Dab2ip,2.6343873,0.09668046,0.00842893159831426,0.009765519323189807
0,Tie1,2.6035767,-0.30978706,0.009225664722997743,0.010673343923468146
0,Tnf,2.5291886,0.016022988,0.011432654080367486,0.013179648129606298
0,Prr15,2.4765894,-0.36217505,0.013264437201084656,0.01524799230344388
0,Naaa,2.4618936,-1.0722979,0.013820571038522023,0.015864802706640282
0,Tspyl1,2.45656,0.013395651,0.01402744603813914,0.016079517649372217
0,Mx1,2.4141173,0.24076027,0.015773385276075115,0.01802990198576028
0,Fam160a1,2.4127555,0.7108017,0.015832437868696026,0.0180846579035387
0,Tnfsf10,2.2440634,1.1162384,0.024828319423984706,0.028063786833242642
0,H1f0,2.2063305,0.025026385,0.027360870683058355,0.03088332097976385
0,Trim24,2.2034934,-0.40230316,0.027559992701354293,0.031086445174962906
0,Prss30,2.1863575,-0.23978281,0.028789460481505002,0.0324056244975719
0,Gpnmb,2.181875,-1.3414872,0.02911876435929799,0.03273557207334815
0,Eepd1,2.1726828,-0.42386204,0.029804196576610074,0.033454952835475116
0,Ctnnd2,2.0668035,-0.6075081,0.03875267494212217,0.04320057646468877
0,Aldoc,2.0205026,0.118987456,0.043331286120104416,0.048205312816741674
0,Ttc30b,1.9946853,0.032026455,0.0460772206295497,0.05118989853502028
0,Arrdc3,1.9885572,0.028813874,0.04675010273589078,0.05186639304898416
0,Ciita,1.9637612,-2.7556314,0.0495577912465638,0.05486876273169043
0,Hcar2,1.8760958,0.5404941,0.060642122840991144,0.06686711301705482
0,Btg1,1.8235533,-0.15310284,0.06821962612387966,0.07512032150233049
0,Mt1,1.819468,0.18489644,0.06884006617240515,0.07575209452621516
0,Rnase4,1.8186169,-0.40470672,0.06896990636631008,0.07584351737366436
0,Zfp503,1.8157798,0.8635844,0.06940416084021048,0.07621770405065768
0,Batf2,1.7847422,-0.9490234,0.07430313278718823,0.08154240959460034
0,Cxcr2,1.6833454,-0.20754763,0.09230823152061693,0.10082420978211493
0,Kcnb1,1.643201,-0.029499337,0.10034135813216563,0.10945103086104414
0,Prickle1,1.6167312,0.025611145,0.10593632942836931,0.11547629457850472
0,Nabp1,1.606234,-0.25325713,0.10822250788896179,0.1177309911441288
0,Dennd1a,1.5962476,-0.53869796,0.11043354352998055,0.12005576917267323
0,Smad7,1.5340023,-0.009971237,0.12502909743378085,0.1352883229069997
0,Dennd1c,1.5314488,0.02801776,0.1256584872390213,0.13578818541085447
0,Gcsam,1.5231079,-0.76802105,0.12773170791631522,0.13793663797620725
0,Dntt,1.5028512,0.40870237,0.1328774042482897,0.14330262612415287
0,Igtp,1.4857154,-0.007594157,0.1373544226344015,0.1476562150780336
0,F11r,1.4077528,-0.29995528,0.15920429151345883,0.17089964317328274
0,Sipa1l1,1.3327974,0.023989566,0.18259828323505434,0.1952369251201438
0,Pik3ip1,1.3305845,0.08538275,0.18332575350511748,0.19588562067542856
0,Esm1,1.2887661,0.2963332,0.19747939213568821,0.2105927508508128
0,Nos2,1.2681123,-0.010256226,0.20475784409577902,0.21792468708881468
0,Slfn1,1.2681123,0.14118786,0.20475784409577902,0.21792468708881468
0,Rragd,1.2515439,0.75688285,0.21073612840890876,0.22414032805196724
0,Cdk18,1.2269181,-0.18791154,0.21985337517056003,0.23353122103906246
0,Rhobtb2,1.2016681,0.028354969,0.22949210614757953,0.24361007602838614
0,Cd96,1.1523032,-0.895653,0.24919648984756937,0.26400829949886184
0,Acp6,1.1270534,0.04794994,0.25971993276397953,0.27466985371322206
0,Col9a2,1.0837597,1.3280412,0.2784713639854066,0.29368046318877084
0,Cyp2j6,1.0803552,0.01609334,0.27998403502069513,0.2950838887612524
0,Hmox1,0.99518645,-0.32987535,0.3196455922274126,0.3357934913166213
0,Gm4951,0.9748163,-1.1471446,0.3296513881537333,0.3460806159128514
0,Kdm5b,0.91955024,0.041896474,0.3578078431057592,0.37515470039918647
0,Ly6d,0.866724,0.87969905,0.3860932290722493,0.4029879134846772
0,Usp35,0.86428416,-0.3355159,0.38743180709848724,0.4041250103625378
0,Ccl5,0.79454905,-0.51084495,0.42687586494891805,0.44270629983832804
0,Camk1,0.7781224,-0.2812159,0.4364968394139166,0.451529256077406
0,2900089D17Rik,0.7608447,0.32153615,0.446749836239946,0.4615466461026703
0,Gfra1,0.7488723,0.065642,0.4539341959455929,0.46867044291772864
0,Mmp9,0.74745375,1.217962,0.45478971950100044,0.4689567228420996
0,Slc6a5,0.714487,-0.029164933,0.47492608327678565,0.4890984806825056
0,Nfkb2,0.6961028,-0.15979874,0.48636444166538106,0.5003160396768397
0,Il17re,0.6959893,-0.034461867,0.48643550836644645,0.5003160396768397
0,Foxn3,0.68969107,-0.16439362,0.49038849765960546,0.5040621946792649
0,Id2,0.6366946,-0.3166569,0.5243237719183651,0.537921036085761
0,Pmepa1,0.62319016,-0.17268865,0.5331595473425573,0.5466401932930645
0,Aqp1,0.61326045,-1.7000252,0.5397041367271456,0.5526100545661845
0,Ctsh,0.59527344,-0.9770886,0.5516607010130903,0.5641826336968678
0,Susd2,0.58307403,-0.021448402,0.5598434456331317,0.5718300181466874
0,Sox5,0.57166904,-0.09894785,0.5675462066500356,0.5789685202429924
0,Stau2,0.5355248,-0.057713587,0.5922870046716454,0.6034481919456086
0,Pltp,0.5019907,-1.2660348,0.6156740785495364,0.6260961475908138
0,Amigo1,0.4377595,0.036741514,0.661560650370333,0.6723379541984211
0,Snn,0.4044523,-0.27036172,0.6858801433022659,0.6961812217999219
0,B3gnt5,0.38533047,-0.1717004,0.6999925873586348,0.7100612737308979
0,Upp1,0.37761366,-0.08241596,0.7057176231309388,0.7154212404489892
0,Rasal1,0.34481716,-0.9799461,0.7302318372088603,0.7393483395460496
0,Tgm2,0.2921612,-1.0764604,0.7701633877671228,0.7788061190512925
0,Pgf,0.27689776,-1.1896042,0.7818586105197879,0.790139978980122
0,Timp3,0.2577192,-1.3187543,0.7966236361846111,0.8042221196327306
0,Rap1b,0.2570383,-0.19719803,0.7971492130769385,0.8042221196327306
0,Slc39a4,0.23865409,-0.021286838,0.811373814064262,0.817929351405987
0,Clec1b,0.22889459,-1.7348162,0.8189508493727641,0.8250548308587723
0,Tpk1,0.17674929,-0.053824864,0.8597053231878807,0.8639665639471763
0,Rgs11,0.040740285,0.05443813,0.9675029449879377,0.9680998005986644
0,Bnip3,-0.027803259,0.09307696,0.9778190666904917,0.9778190666904917
0,Ociad2,-0.05271271,-0.11904485,0.95796081251317,0.9591434801829393
0,Pcsk9,-0.074955314,-0.01878454,0.9402502640844586,0.9419925437584878
0,Gm16201,-0.12239108,-0.4253344,0.9025893019042668,0.9048206722427199
0,Il2rb,-0.12803684,-0.09589072,0.8981198152137762,0.9008969327623654
0,Alox12,-0.12976746,-1.1657842,0.8967504118038605,0.9000799306595679
0,Fam216a,-0.1661954,-0.09181334,0.8680031801639025,0.8717654230500619
0,Fam102a,-0.21544689,-0.47316724,0.829418918195223,0.8340467980859588
0,Hacd4,-0.22032665,-0.1466655,0.8256167726322231,0.8307384647701401
0,Vim,-0.22305022,-0.18039899,0.8234964159197729,0.8291192964754013
0,Procr,-0.25686806,-0.5898114,0.7972806216827564,0.8042221196327306
0,Ctsl,-0.29312578,-0.68539274,0.7694260065736097,0.7785458407126606
0,Otulin,-0.35480362,-0.030957853,0.7227367093368302,0.7322167036504301
0,Mmrn1,-0.42771626,-1.7253168,0.6688577122536568,0.67932824625888
0,Tesc,-0.5056789,-1.8324207,0.6130821075043207,0.6238514293425397
0,Atoh8,-0.50885636,-2.4392939,0.6108528966256305,0.6219732569534041
0,Ehd3,-0.5452276,-2.8969123,0.5855970034219632,0.5970071273101347
0,Tslp,-0.5802937,-0.13911016,0.5617165525523762,0.5733821574826646
0,Mllt3,-0.5884645,-0.24439971,0.556220563876255,0.5684875580386173
0,Helz2,-0.6128065,-0.10579446,0.5400042765027142,0.5526100545661845
0,P2ry13,-0.621034,-0.8779004,0.5345772402037292,0.5477474943843643
0,Abhd6,-0.6823147,-0.17530926,0.4950399978447606,0.50819928892671
0,Clca3a1,-0.68464106,-3.0731554,0.49357044605878353,0.5070115665024363
0,Mxd4,-0.72895604,-0.06517309,0.46602854289095286,0.48024034089525125
0,Zbtb5,-0.74785095,-0.030276125,0.4545500813884932,0.4689567228420996
0,H2-Eb1,-0.76725644,-2.6025813,0.44292904718062887,0.4578909589082091
0,Dbp,-0.7839384,-0.023543414,0.43307624450941506,0.44827675085786295
0,Ccl6,-0.78410864,-0.5482009,0.4329763636952565,0.44827675085786295
0,Tmem140,-0.7854704,-0.52298933,0.43217779717763427,0.4479184581611009
0,Gm4890,-0.79857767,-0.08172778,0.4245353299664516,0.44056065592167915
0,Mef2c,-0.8036844,-0.528654,0.4215792610927732,0.4377730867429438
0,Igha,-0.82308996,-0.5180898,0.41045684460153053,0.426496477862705
0,Sirt3,-0.824395,-0.085903436,0.4097151555110765,0.4259987065634398
0,Car2,-0.8263242,-1.191453,0.4086202065645166,0.4251327614160654
0,Rabggta,-0.838864,-0.027644416,0.40154560798959527,0.41804042115476475
0,Saa3,-0.84380054,-0.8462291,0.39878087431645726,0.4154287592429632
0,Tcf7l2,-0.8516876,-0.29465732,0.39438751258044724,0.41111603175159733
0,Ankrd33b,-0.8691072,0.01264565,0.38478851057643215,0.401884716133273
0,Hbb-bs,-0.88743466,-2.3947372,0.37484494436460614,0.39175161066971076
0,Fry,-0.888456,-0.041725818,0.3742955260579902,0.3914296217060349
0,Ermap,-0.90122277,-1.9812511,0.3674698814051762,0.3845394500898038
0,Tnfaip3,-0.91591877,-0.062460158,0.35970949167723054,0.3766615852165706
0,Enc1,-0.917621,-0.16699842,0.3588173048056037,0.37597007002240906
0,Papss2,-0.92272776,-0.37682196,0.35614910090492324,0.37365707740477716
0,Hba-a2,-1.0035841,,0.31557908980702154,0.3317364119682365
0,Cxcl5,-1.006024,-4.260587,0.3144040042345927,0.3307154960236766
0,Zbp1,-1.0319549,-0.3950081,0.3020932744407753,0.3179722849727044
0,St3gal5,-1.0736598,0.3086795,0.2829752177809661,0.29804272937709547
0,Lgalsl,-1.0856322,-1.2142079,0.27764176971735155,0.2929960640738739
0,P2ry12,-1.1022574,-1.0790395,0.27034979924782643,0.2854865718619625
0,Ifi44,-1.1167264,,0.2641113231573703,0.27908049912785315
0,Tspan9,-1.1269399,-2.1833217,0.25976791343778216,0.27466985371322206
0,Itpr2,-1.1382881,-0.3688709,0.25500019362158155,0.2699806227507867
0,Hba-a1,-1.1671127,,0.24316485095739837,0.25778652826986936
0,Cnn3,-1.1838514,-0.20672809,0.2364718840253338,0.25085506598370927
0,Gp6,-1.2344646,-2.6487577,0.2170297934603016,0.2306830439007924
0,Klra2,-1.2827516,-0.3809,0.1995791218667079,0.21269207336911972
0,Isg15,-1.3057885,-0.75757444,0.19162446861005267,0.204483479003622
0,Vldlr,-1.30942,-1.0668523,0.19039211544890178,0.20330217989342902
0,Serpinb6a,-1.334216,-0.32690984,0.18213308315716947,0.19486798211143067
0,Gatad2b,-1.3930568,-0.049148753,0.16360262828227246,0.1751574013688752
0,Eme2,-1.3952129,-0.07611854,0.16295163967536508,0.17457566681204897
0,Adam19,-1.3958938,-0.013863467,0.16274647071563975,0.17447110079363362
0,Sema6d,-1.4012275,-1.0613756,0.16114605015611227,0.17286963846112044
0,Ccdc62,-1.454848,-0.08127055,0.1457113237952752,0.1565190511231367
0,Oasl2,-1.4856586,-0.7787643,0.1373694380719807,0.1476562150780336
0,Xcl1,-1.4895738,-0.4661662,0.13633633931548306,0.1467402404576732
0,Gm20498,-1.4975743,-0.09941016,0.1342438844538617,0.14458405085269832
0,Kdr,-1.5017731,-1.5734878,0.13315569872461616,0.14350733776167934
0,Nwd1,-1.5181714,-0.22442554,0.1289711897871324,0.13918248159329924
0,Dusp10,-1.5316191,-0.58543557,0.12561645126154797,0.13578818541085447
0,Vmac,-1.5488685,-0.058229152,0.12141333707347704,0.131463573253124
0,H2-Q7,-1.5504005,-0.2652344,0.12104541717674888,0.13115274994033846
0,H2-M2,-1.5576067,-1.7916307,0.11932651970348343,0.1293767479672795
0,Rgs18,-1.5668555,-0.51708275,0.11714847213179953,0.1271002152493504
0,Cd68,-1.5691819,-1.1734376,0.1166055625109906,0.1265958650554396
0,Stk39,-1.5801897,-0.31141666,0.11406342709817523,0.12391887391375768
0,Ptk7,-1.6074256,-0.30183676,0.10796104735539297,0.11752538175197812
0,Cyp4f16,-1.6129862,-0.538813,0.10674750392349582,0.11628237163459383
0,Gdf15,-1.6537832,-0.7428796,0.09817156324637095,0.1071563092769944
0,H2-Ab1,-1.6991763,-2.1702082,0.08928596818312672,0.09758884123519644
0,Lynx1,-1.7053044,-0.42977527,0.08813767161441141,0.09639872107793346
0,Cd22,-1.7281711,-0.88822615,0.08395754633549386,0.09188875853992648
0,Eno3,-1.7593222,-0.10705306,0.07852280855169828,0.08599864650294031
0,Casp6,-1.7693653,-0.48313063,0.07683292320693655,0.0842047307038183
0,Tmem191c,-1.7811108,-0.14964126,0.07489434944183493,0.08213565570970674
0,Tlr3,-1.8177657,-1.694136,0.06909994769045838,0.07593503736715684
0,Oas2,-1.8444341,-0.6131387,0.06511989355046222,0.0717557522682403
0,Pnpla1,-1.8785925,-0.19008493,0.060300163594702055,0.06653528255143315
0,Rassf4,-1.8952744,-0.5658853,0.05805605790401951,0.06410274058564987
0,Gm16754,-1.9009485,-0.07798634,0.05730875403757185,0.0633207077990065
0,Kank3,-1.9415753,-0.15677421,0.05218853094186883,0.057702656569673653
0,Zfp799,-1.9429939,-0.098153956,0.05201689886569269,0.057552121391646345
0,Jakmip1,-1.9671657,-0.2520167,0.049164112800584144,0.05447007579408981
0,Rem2,-1.9862307,-0.18330096,0.04700770508347555,0.05211653974394897
0,Spint1,-1.9908268,-0.77047676,0.04649992921907516,0.05162415139858995
0,Plekhm3,-1.9974089,-1.2130314,0.04578079041055302,0.05089543663188279
0,Pirb,-2.0221481,-0.4166518,0.043161059607523,0.04804889408606884
0,P2rx1,-2.0643637,-1.338937,0.03898325428187667,0.0434277736574203
0,Entpd3,-2.0773573,-0.92006034,0.03776858718032903,0.04213249546526388
0,Ctr9,-2.0855849,-0.10256495,0.037016243002993984,0.04132164222357622
0,Slc17a8,-2.0901809,-0.056813154,0.036601550869512355,0.040886856412086114
0,Dusp6,-2.1049905,-1.1532454,0.035292142820298404,0.03945131333874846
0,Abcg1,-2.107941,-1.2189449,0.03503609661910038,0.039192102562883316
0,Gbp7,-2.1119697,-0.23870054,0.0346890572074653,0.038830676874057085
0,Ndrg1,-2.142326,-0.22978604,0.03216724072372784,0.03603264119743547
0,Smad3,-2.1656468,-0.39630607,0.030338178969743997,0.034007274560417945
0,1700109H08Rik,-2.1708105,-0.10345945,0.029945509709618862,0.033590329701937614
0,Oas3,-2.177052,-0.38831827,0.029476693937344298,0.033110247622141584
0,Acvr2a,-2.1818182,-0.31644613,0.029122953453663,0.03273557207334815
0,Wdr59,-2.197422,-0.10175574,0.027990317133615633,0.031527982215780945
0,Cldn11,-2.2019045,-0.3349932,0.027672046067067947,0.03119114574064226
0,Ufsp1,-2.2211115,-2.4524343,0.026343405410590683,0.029755573520876107
0,Boll,-2.250078,-0.06433272,0.02444399251140443,0.027648644249301246
0,Dusp1,-2.258873,-0.23489994,0.02389128983540258,0.027042339227510807
0,Thy1,-2.2591567,-0.22125511,0.023873642659034744,0.02704123491128097
0,Arl5c,-2.269143,-0.8314031,0.023259623842091334,0.026364157841979135
0,Trem2,-2.269824,-1.1121072,0.023218262748406073,0.02633567984469556
0,Acadm,-2.3135717,-0.12108438,0.02069123335961209,0.02348578062231687
0,Mcpt4,-2.3358142,-1.0705316,0.019500927155527942,0.022150212777497423
0,Mpl,-2.3363817,-3.1961064,0.01947136129860447,0.022132128960291837
0,Psd3,-2.3370059,-0.5584511,0.01943888409491992,0.02211070827626936
0,Rian,-2.3375733,-0.47245124,0.019409400444598192,0.022092664927114574
0,Ocstamp,-2.351418,-0.28706285,0.018702007683299656,0.021302427290949468
0,Cxcl16,-2.3789377,-2.233644,0.017362613750937155,0.019790695364736516
0,Samsn1,-2.394655,-0.16954264,0.016636011410945957,0.018975816110094475
0,Ltbp1,-2.405294,-2.6088388,0.016159460611486137,0.01844521119762879
0,Cox6a2,-2.4190538,-0.46957436,0.015560940504044296,0.017799608954555606
0,Tbxa2r,-2.4218907,-1.1715683,0.015439988553312266,0.017673720136536696
0,Ddt,-2.4473677,-0.16136594,0.014390395166585804,0.01648391310748741
0,Gpr132,-2.457808,-0.40402243,0.013978785027499123,0.016035070236636195
0,Irgm1,-2.4718232,-0.25295874,0.013442597716417882,0.015441850917868134
0,Mylk,-2.492307,-1.0950223,0.012691634569880043,0.014599880334996759
0,Slc15a3,-2.4946332,-1.446539,0.012608738418878855,0.014514814560270761
0,Trib1,-2.4970732,0.054963343,0.012522313877250037,0.014425563287570711
0,Cacna2d4,-2.5369055,-0.23683794,0.01118371299650724,0.012901836756994838
0,Plpp1,-2.5620987,-0.54323316,0.010404175112669027,0.012011083297330364
0,Epsti1,-2.562269,-0.38526443,0.010399076690208968,0.012011083297330364
0,Pls1,-2.57322,-3.2041132,0.010075714139907993,0.011648473510285648
0,Ccl24,-2.629564,-2.1515913,0.008549440167873403,0.009898067060878415
0,Notch2,-2.6422174,-0.089153916,0.00823651531824848,0.009556243094562971
0,Lztfl1,-2.6446574,0.35449424,0.008177367912567395,0.009494409988678822
0,Msrb3,-2.6448843,-0.5424316,0.008171885200962457,0.009494409988678822
0,Frs3,-2.7142222,-0.14215069,0.006643158528236192,0.007729700956096918
0,Sirpb1c,-2.7299964,-1.5709314,0.006333503183536306,0.007374689277599346
0,Irf7,-2.7512743,-0.9553007,0.005936390676636567,0.00691725982579347
0,Smim3,-2.7586508,-0.3290343,0.005804053645101669,0.006767918772361544
0,Adgrl4,-2.7740276,-0.44358432,0.005536697945782903,0.006460808682057459
0,Gimap8,-2.7819715,-0.6030468,0.005402980194127119,0.0063184094267297675
0,Hid1,-2.7850354,-0.52414036,0.005352187484023323,0.006268049169015039
0,Ak4,-2.8248112,-0.3111965,0.004730849599922615,0.005548400615382849
0,Igf2r,-2.8317335,-1.4892766,0.004629640911903645,0.005433630650584451
0,Bach2,-2.877524,-0.45017913,0.004008096487980429,0.004710965582249461
0,Gm5431,-2.9062917,-0.85946363,0.0036574034029991966,0.004308139665696948
0,Igf1,-2.928818,-1.8265592,0.0034025359137966364,0.0040108381193155115
0,Stk17b,-2.9342651,-0.22254215,0.003343384449903592,0.003943977874722637
0,St8sia1,-2.9520252,-0.530105,0.0031569715934466167,0.0037267888825112173
0,Hs3st1,-2.99878,-1.353265,0.002710628924753714,0.003206885569621097
0,Slc35d3,-3.002979,-3.4551833,0.002673509372208734,0.0031652789793595376
0,Slamf7,-3.0184693,-2.583054,0.0025405512358607067,0.003010061435037302
0,Snca,-3.1034112,,0.0019130369072257209,0.00227488699671563
0,Col1a2,-3.1134543,-3.3142066,0.0018491112425228834,0.002200483078042639
0,Gp9,-3.2022545,-4.0768514,0.0013635645414918714,0.0016262512399263349
0,Slfn5,-3.212695,-2.8987865,0.0013149587537426863,0.0015694356869541113
0,Col4a1,-3.2167804,-0.65538794,0.0012963782031680346,0.0015483987080548984
0,Dusp2,-3.2670531,-0.27140513,0.0010867327471617407,0.0013018319910608148
0,Tmem176a,-3.283962,-0.5407059,0.0010235869622011978,0.0012270939044274523
0,Cfb,-3.2888417,-3.293006,0.0010060054148503857,0.0012069088630823413
0,Hoxa5,-3.2983177,-0.45332333,0.0009726603857020995,0.0011677684275416768
0,Slc14a1,-3.3260074,-5.0098896,0.0008809958658125561,0.00105928487349738
0,Treml1,-3.3667476,-3.686853,0.000760602418706149,0.0009152055809654108
0,Igfbp6,-3.380706,-0.27553615,0.0007229983948556921,0.0008712506660148087
0,Zfp658,-3.3954022,-0.17082815,0.0006852788291693852,0.0008264106029091024
0,Dlk1,-3.4113464,-0.6338794,0.0006464291251733706,0.0007801399114815529
0,Gm10419,-3.4455047,-2.5486841,0.0005699940929155147,0.0006889198351035505
0,Gpr18,-3.4585552,-1.7491366,0.0005430809914203206,0.0006568809605397165
0,Mirg,-3.5155802,-0.56211144,0.00043879413697443966,0.0005319313080512266
0,Nkx2-3,-3.5673852,-0.70923376,0.0003605614092322237,0.00043742004919571195
0,Fgd5,-3.5773149,-0.78415173,0.00034714197516563246,0.00042208716920438973
0,Myl4,-3.587131,-0.5270443,0.00033433627703797586,0.00040682178646331345
0,Mcoln3,-3.5879254,-1.7618016,0.00033331954877889575,0.0004058891202097364
0,H2-Aa,-3.6434753,-2.8255012,0.00026898154426792707,0.0003282829682487417
0,Neat1,-3.6855774,-0.36776406,0.00022818479821041469,0.00027912197790142733
0,Gzma,-3.6866553,-2.7245169,0.00022722071293014085,0.00027836253502468915
0,Bhlhe41,-3.7263744,-1.6811317,0.0001942538469700474,0.0002381555100418873
0,Cyp4a12a,-3.7526455,-0.4456665,0.00017497815527562973,0.00021468575480867733
0,Dok2,-3.757185,-0.5407596,0.00017183553967438242,0.00021098958770011226
0,Meg3,-3.7643342,-0.83109236,0.00016699335830357135,0.00020519941452150963
0,Cnp,-3.8119402,-0.19042242,0.0001378801900439291,0.00016994047739456918
0,Insl6,-3.8594043,-0.45669687,0.00011366370083962517,0.00014030633391314462
0,Usp18,-3.872767,-3.1085708,0.00010760668603529167,0.00013313352002230594
0,Zfp358,-3.9246285,-0.13497901,8.686364775273375e-05,0.00010771623597472028
0,Ddc,-3.9301324,-1.0959734,8.489906092104494e-05,0.00010536057904662197
0,Rara,-3.9457932,-0.39285013,7.953626573851391e-05,9.885656937001498e-05
0,Dok4,-3.9731991,-0.13812391,7.091369889278146e-05,8.820707024853644e-05
0,0610009E02Rik,-3.992094,-0.13271922,6.549238464197432e-05,8.152620712914992e-05
0,Jun,-3.9956686,-0.6741474,6.451188195177936e-05,8.036733680935953e-05
0,Kmo,-4.0280113,-1.916062,5.6250634036941796e-05,7.023751224628144e-05
0,Gm43920,-4.0802703,-0.06560403,4.498339905656387e-05,5.6385682588675886e-05
0,Rab37,-4.1069384,-0.9429811,4.00937859021412e-05,5.033445877188315e-05
0,Cd86,-4.1246986,-1.8287742,3.712205897356306e-05,4.66759532210227e-05
0,9330175E14Rik,-4.148303,-0.7088287,3.349489283631036e-05,4.214795669549682e-05
0,Mylk3,-4.148927,-5.167928,3.3403710686689265e-05,4.20658530542003e-05
0,Gprin3,-4.185582,-0.13335654,2.844363072816679e-05,3.587524808793665e-05
0,Tgfbi,-4.189497,-1.8187044,2.795732373745e-05,3.528932225847775e-05
0,Atf3,-4.1906886,-1.9292858,2.7810893241401885e-05,3.513182931273665e-05
0,Prelid2,-4.196363,-0.2720201,2.7123552574325595e-05,3.4290258983286136e-05
0,Serpinb9b,-4.2058954,-0.68896115,2.6005044591023063e-05,3.2901858289110305e-05
0,Gstt1,-4.2100377,-1.5662482,2.5532823449377667e-05,3.232961720131973e-05
0,Rwdd3,-4.214747,-0.2955413,2.500582448848343e-05,3.1687068219000093e-05
0,Gbp3,-4.229897,-0.8909279,2.3379830102267212e-05,2.964979235799642e-05
0,Sirpb1b,-4.23438,-1.7555941,2.291835333764898e-05,2.908729977595199e-05
0,Litaf,-4.237727,-0.322352,2.2579374419048488e-05,2.8679518643458612e-05
0,Phf11b,-4.2385216,,2.249964209492632e-05,2.8600642224114808e-05
0,Gm2a,-4.29044,-0.5130647,1.783194220230411e-05,2.2738530072434956e-05
0,Esam,-4.3005967,-3.2206287,1.7033878263266008e-05,2.1737962661697453e-05
0,Car1,-4.3025827,,1.6881863000805654e-05,2.1560930541186434e-05
0,Gm11772,-4.3066115,-0.6039274,1.6577451299755718e-05,2.1188830581720864e-05
0,Tpd52,-4.310952,-0.45065257,1.6255315958071283e-05,2.079347199052967e-05
0,Edn1,-4.3382163,,1.4364377667762588e-05,1.838912437025329e-05
0,F2rl2,-4.399724,-1.0587959,1.083887052252747e-05,1.3908740496471168e-05
0,Ephx2,-4.410221,-3.87677,1.0326516301377081e-05,1.3272273724907785e-05
0,Il1a,-4.437911,-2.0168028,9.083624442423089e-06,1.1702651982216243e-05
0,Oit3,-4.4485784,-0.103169136,8.644058789738405e-06,1.1145201396626146e-05
0,Clec2h,-4.4875026,-0.18284084,7.20628861582788e-06,9.31362560547635e-06
0,Ctnnal1,-4.4946523,-0.47878355,6.968376465163162e-06,9.020516062645369e-06
0,Chd3,-4.5066814,-0.18877923,6.584941924216491e-06,8.530971087123921e-06
0,Tpsab1,-4.53874,-1.3443671,5.659131482859079e-06,7.337419076896424e-06
0,Mafb,-4.550656,-1.8684933,5.347895678059138e-06,6.950550312349296e-06
0,Ppp3cc,-4.6329308,-0.5662983,3.60525066353096e-06,4.6969611054194515e-06
0,Clec7a,-4.7199154,-1.8881865,2.3594288259800007e-06,3.0887760740432294e-06
0,Ghr,-4.7733655,-0.59222376,1.8117243851522993e-06,2.3794469252769466e-06
0,Ier5,-4.802701,-0.38257962,1.565396223930996e-06,2.059264132373135e-06
0,Tap1,-4.832036,-0.2710344,1.351436844261528e-06,1.7792455855456156e-06
0,Gm37214,-4.854619,-0.3099498,1.206182752443869e-06,1.5893001011080062e-06
0,Slc23a2,-4.9214606,-0.7014611,8.590072209617753e-07,1.1336938262001625e-06
0,Atp6v0d2,-4.923617,-1.9348859,8.495916534341772e-07,1.1221805064089865e-06
0,Zfp532,-4.931674,-1.079608,8.152790497232118e-07,1.0777364455183778e-06
0,Dnajb5,-4.9361,-0.19752514,7.970033010107753e-07,1.054436667405773e-06
0,Igf2bp3,-4.9420295,-0.7155932,7.731360061539614e-07,1.0236951852912043e-06
0,Alox15,-4.945746,-1.6652167,7.585287472871668e-07,1.005174532761262e-06
0,B4galt5,-4.9773507,-0.35426638,6.446044466384925e-07,8.556042655054293e-07
0,Gm5111,-4.9805284,-1.0664257,6.341093374740156e-07,8.423631002316571e-07
0,Sulf2,-4.9807553,-0.77031195,6.333660220022047e-07,8.420653177767016e-07
0,Capg,-5.010601,-0.6630859,5.426025606473101e-07,7.22579107857091e-07
0,Lrrc56,-5.0598526,-0.16339757,4.1958052053185504e-07,5.605927547797932e-07
0,Jade2,-5.061328,-0.23813306,4.1634633015127555e-07,5.567302122880205e-07
0,Gbp2,-5.0713143,-1.6825303,3.950773789695446e-07,5.295995939575217e-07
0,Tnfsf15,-5.0723357,-1.5601922,3.929622095148209e-07,5.271999204574355e-07
0,Ly86,-5.0761943,,3.85069752116733e-07,5.170390214679974e-07
0,Tcf7,-5.1268077,-1.3722785,2.9469660336455877e-07,3.963498264156835e-07
0,Nrgn,-5.136198,-1.8395219,2.8035204372718567e-07,3.776835672138664e-07
0,Ifi47,-5.1403685,-0.5470614,2.7419994866483116e-07,3.697026739271456e-07
0,Lrpap1,-5.1972804,-1.008426,2.0222540824858667e-07,2.731137486920962e-07
0,Itgax,-5.227183,-1.9050629,1.7211221627767356e-07,2.3302672354122416e-07
0,Nlrp6,-5.2417655,,1.5904747480765855e-07,2.16240573460203e-07
0,Zfp36,-5.2485743,-0.4908573,1.5328073849269647e-07,2.085749646268068e-07
0,Ube2l6,-5.2529435,-0.82032645,1.4968748197880616e-07,2.0402781157111226e-07
0,Mecom,-5.2699656,-1.1586729,1.3644911800251138e-07,1.86140007905865e-07
0,Gadd45g,-5.281683,-1.0706145,1.2800255787274828e-07,1.7476443507541895e-07
0,Il18r1,-5.3019114,-1.0350685,1.1459654575652692e-07,1.56857044065052e-07
0,Zfhx2,-5.3216004,-0.23679146,1.0285825634406831e-07,1.4090886130918818e-07
0,Pdpn,-5.322111,-1.9619,1.0256984942347574e-07,1.4063254079871314e-07
0,Cpox,-5.339077,-0.7579344,9.342104556625298e-08,1.2819706929649941e-07
0,Cma1,-5.4254937,-1.4454846,5.7794500667610844e-08,7.957782689547095e-08
0,Rxra,-5.446091,-0.79914135,5.148879675517346e-08,7.095567403304278e-08
0,Atp1b2,-5.4648156,-3.2973876,4.633880930964591e-08,6.40217620956096e-08
0,Oasl1,-5.5023785,-5.076599,3.747015884396294e-08,5.185716522603062e-08
0,Plscr2,-5.507712,-2.2295873,3.635272501130832e-08,5.035364642898557e-08
0,Ifi204,-5.527912,-1.4706173,3.2406445274484744e-08,4.492585832069594e-08
0,Ptprn,-5.538409,-1.2583734,3.052314505169788e-08,4.238744972076538e-08
0,Cdc42ep2,-5.542835,-1.8401402,2.9761326212764627e-08,4.136492812091193e-08
0,Myadm,-5.5561123,-0.6383857,2.7584914339825262e-08,3.843877238762592e-08
0,Gp5,-5.5596304,-8.024643,2.703464684638421e-08,3.773683062378243e-08
0,Camk2a,-5.628117,-0.7503525,1.8218723492456436e-08,2.5496781281073632e-08
0,Spry1,-5.6406,-1.9064913,1.694582741705045e-08,2.373586534581678e-08
0,Rab11fip3,-5.659155,-0.23512244,1.521203264191425e-08,2.1344218810713593e-08
0,Tpsb2,-5.695753,-1.4953932,1.2282863969791501e-08,1.72791026530805e-08
0,Tecpr1,-5.7171445,-0.43451396,1.0832904355705685e-08,1.5252578875828665e-08
0,Pdcd1lg2,-5.734507,-1.6111307,9.779622823225977e-09,1.3781536246109934e-08
0,Spag1,-5.7469335,-0.17255989,9.087638009294134e-09,1.2828676110596246e-08
0,Cxcl2,-5.7632184,-1.2880734,8.252489551758551e-09,1.1659876352745966e-08
0,Ctsk,-5.7706513,-2.3004358,7.8965629453249e-09,1.116671760882039e-08
0,Prg2,-5.804129,-0.7403146,6.470148775853554e-09,9.165573200379445e-09
0,Bcl3,-5.8079305,-0.5950874,6.324973183785087e-09,8.967750440646338e-09
0,Xaf1,-5.82257,-0.96721154,5.794957045979827e-09,8.22346485440007e-09
0,Ttc39b,-5.8343153,-1.1096495,5.401190092279366e-09,7.67811597693e-09
0,Socs2,-5.8457203,-0.3133178,5.043809004646745e-09,7.176366846962299e-09
0,Il2ra,-5.876701,-1.4800773,4.1852294340786404e-09,5.960001880663349e-09
0,Npy,-5.88107,-2.4735832,4.076223060630005e-09,5.809871532813592e-09
0,Cbx2,-5.8844748,-0.53407705,3.993203393896033e-09,5.696548729023189e-09
0,1700025G04Rik,-5.894007,-0.37865844,3.769407481477207e-09,5.3820237103486175e-09
0,Engase,-5.919541,-0.71629095,3.228417465197958e-09,4.61771880824611e-09
0,Gnai1,-5.986779,-1.5736928,2.140369053507952e-09,3.0722819511415025e-09
0,Pxdc1,-6.0005674,-1.6722648,1.966291623759296e-09,2.8249114382086607e-09
0,Src,-6.0081706,-2.510365,1.876281480580031e-09,2.6979863133872434e-09
0,Arhgap35,-6.0187244,-0.26614925,1.7579659054819702e-09,2.530098224216287e-09
0,1700112J16Rik,-6.0407405,-0.34930196,1.5340871439759945e-09,2.2098484436314948e-09
0,Gm10330,-6.0478897,-0.27219677,1.4675534888790447e-09,2.115886007966054e-09
0,Agrn,-6.051408,-0.273551,1.4358555910371919e-09,2.0720264845750226e-09
0,Prg3,-6.0529966,-1.4280852,1.4217600897887135e-09,2.0535127921970555e-09
0,Rtp4,-6.083807,-1.2806431,1.1736187459829787e-09,1.6996514339146351e-09
0,Parp9,-6.0971413,-0.44240108,1.0798212793629593e-09,1.566610120864687e-09
0,Ankrd37,-6.1252284,-0.324781,9.055374264026534e-10,1.3161126394490178e-09
0,Rprm,-6.126136,-1.5958908,9.003883277116427e-10,1.3098025717921834e-09
0,Slc7a11,-6.1420236,-0.2954884,8.147674220658704e-10,1.1863130687529998e-09
0,Glyctk,-6.1420803,-0.26461983,8.144763484122979e-10,1.1863130687529998e-09
0,Tmem151b,-6.1445203,-0.5835942,8.020556746458421e-10,1.1699049498880899e-09
0,Hdc,-6.178565,-1.9975934,6.468684036785848e-10,9.452437394294274e-10
0,Gm12758,-6.198084,-0.41800985,5.715461519648795e-10,8.366857928583344e-10
0,Cd55,-6.2115884,-1.9290544,5.245163583473956e-10,7.692274260754753e-10
0,H2-DMb1,-6.2193623,-1.1262363,4.991802264584806e-10,7.333970356120068e-10
0,Stxbp6,-6.2781463,-2.7295184,3.426338829679062e-10,5.0477035256489e-10
0,Irf4,-6.282345,-2.1137683,3.335038096831054e-10,4.917665266418155e-10
0,Myof,-6.295906,-2.3194687,3.056092630947156e-10,4.514555780870935e-10
0,Epx,-6.3351145,-1.1960484,2.3716522243086123e-10,3.5227288533228656e-10
0,Ccnd1,-6.3532147,-1.632391,2.1086081294622008e-10,3.13776365686944e-10
0,Ptpro,-6.4057007,-3.0536113,1.4968039869259567e-10,2.2293995103708924e-10
0,Kbtbd11,-6.4218154,-1.06376,1.3465885340974506e-10,2.0093529000055797e-10
0,Gmpr,-6.4537606,-1.5118867,1.0910815341144904e-10,1.6295895472686036e-10
0,Nqo1,-6.503977,-0.7589631,7.822404358948541e-11,1.1715549279976484e-10
0,Acod1,-6.50897,-2.0759552,7.566788678092459e-11,1.1343189681946366e-10
0,Glb1,-6.589145,-0.9652921,4.4236538222126143e-11,6.649829934781149e-11
0,C1qb,-6.619729,-3.601944,3.598579831872333e-11,5.414560748883974e-11
0,Tlr2,-6.640723,-0.79735816,3.1214755957906226e-11,4.70105238288987e-11
0,Tmem176b,-6.657973,-1.0931473,2.7763040083753365e-11,4.1850976780527843e-11
0,Lemd1,-6.6788535,-0.24661389,2.4081878361174324e-11,3.6335634141232334e-11
0,Cd36,-6.6808963,-1.9441339,2.3748545913446554e-11,3.586605351174144e-11
0,Fstl1,-6.694401,-2.0030737,2.1655741935474704e-11,3.2735893214669126e-11
0,Cx3cl1,-6.708756,-2.254287,1.9629034694587e-11,2.969990137557847e-11
0,Gfod2,-6.729921,-0.38615742,1.6975559502392663e-11,2.5781233626292975e-11
0,Dkkl1,-6.730375,-0.7062578,1.6922682112615062e-11,2.5725014420488875e-11
0,P4ha2,-6.74978,-0.78870875,1.480693395860981e-11,2.2551029935084613e-11
0,Tspan17,-6.822012,-0.7624762,8.977423493322515e-12,1.3750123613002001e-11
0,Tcf4,-6.8626385,-0.5339962,6.760005300375084e-12,1.0373442381464888e-11
0,Car9,-6.88891,-0.33778062,5.62215181935605e-12,8.635540010412418e-12
0,Gzmc,-6.8969674,-1.6282098,5.3124439727110654e-12,8.167567889798434e-12
0,Pld4,-6.9200044,-1.359095,4.516302839368188e-12,6.950135868553322e-12
0,Cyp4f18,-6.9272103,-1.1951329,4.292201700020005e-12,6.611539560714575e-12
0,Ssbp3,-6.928572,-0.3453749,4.251093953890963e-12,6.560679727127632e-12
0,Gm43255,-6.945481,-0.17127495,3.771728426491282e-12,5.826422388351295e-12
0,Myrip,-6.9981937,-0.2815879,2.5928334827521444e-12,4.020627064076461e-12
0,Pde11a,-7.0094852,-0.2637106,2.3919643448823696e-12,3.7142007771561175e-12
0,Id3,-7.0098825,-1.2346059,2.385183823589986e-12,3.709269570338406e-12
0,Muc20,-7.055389,-5.810258,1.7211848292814575e-12,2.6869699644798113e-12
0,H2-T22,-7.055389,-0.29256484,1.7211848292814575e-12,2.6869699644798113e-12
0,Cdkn2a,-7.093746,-2.5032024,1.3052942993778647e-12,2.041646435478203e-12
0,Il1b,-7.1269965,-2.2310014,1.0258261258959738e-12,1.6060714056016114e-12
0,Csf1r,-7.222492,-1.55732,5.1043295597414e-13,8.006985054062427e-13
0,Ccr1,-7.2369614,-0.7649637,4.588488615069737e-13,7.204771087747447e-13
0,Csf2,-7.286383,-2.3502135,3.183869079918931e-13,5.00895795114307e-13
0,Sapcd1,-7.2883124,-2.410822,3.138618595631589e-13,4.942562487489745e-13
0,Klf4,-7.29915,-1.7553113,2.895916390904478e-13,4.573686841331123e-13
0,Pdzk1ip1,-7.3307548,-1.0634518,2.288600824099377e-13,3.6180414587613933e-13
0,Vcan,-7.397993,-1.8237615,1.382578459450734e-13,2.196417493858071e-13
0,Rad9b,-7.407356,-0.46009782,1.28842648536125e-13,2.048850744368576e-13
0,Cd74,-7.424605,-3.036728,1.1311700319801341e-13,1.8023161020351448e-13
0,Spred3,-7.4405494,-0.3444347,1.0026749688172092e-13,1.5991531951047329e-13
0,Maf,-7.464778,-2.2449257,8.344027062861684e-14,1.3320877850355955e-13
0,Tmem106a,-7.482935,-2.0176408,7.268079421798112e-14,1.1614605736114816e-13
0,Tppp3,-7.4971204,-2.4494839,6.523504954624077e-14,1.0435034552662972e-13
0,Lyplal1,-7.5548263,-0.54988223,4.194190278657218e-14,6.722308924883406e-14
0,Cd59a,-7.561068,-2.6177218,3.997734601106288e-14,6.413774008896537e-14
0,Trp53cor1,-7.596191,-0.66706467,3.049747757790722e-14,4.902567753356344e-14
0,Dcstamp,-7.604702,-2.6454608,2.8556112218726807e-14,4.595041073291159e-14
0,Ccdc80,-7.613809,-0.7088036,2.6613402791547733e-14,4.2866871229285426e-14
0,Tbc1d4,-7.6280227,-0.77422976,2.3838161053099438e-14,3.847313157027591e-14
0,Tarm1,-7.642208,-0.80617476,2.1352781011699075e-14,3.449622589738636e-14
0,Egr2,-7.740314,-2.3914795,9.917173088296942e-15,1.605354765390982e-14
0,Irf9,-7.7512083,-0.36096373,9.10223397313318e-15,1.4749074429992024e-14
0,Cmklr1,-7.774926,-1.3636402,7.549150327750868e-15,1.2244721831611907e-14
0,Msr1,-7.8155527,-2.4257889,5.472231679790539e-15,8.884844629249504e-15
0,Dpep2,-7.8276954,-2.4775329,4.9689367558798785e-15,8.075766951941046e-15
0,Parp12,-7.857485,-0.8404504,3.919238918924181e-15,6.376133928279861e-15
0,Pdgfrb,-7.861513,-1.3428752,3.7952004762979426e-15,6.180537321842634e-15
0,Zfpm1,-7.88926,-2.9668412,3.039840019826246e-15,4.960382809012244e-15
0,Plod2,-7.893005,-1.0202806,2.9499633055597336e-15,4.818570474942485e-15
0,Tph1,-7.9037857,-1.8512223,2.705581726470365e-15,4.432781374075689e-15
0,Rab2b,-7.908041,-0.37545165,2.6147022812284103e-15,4.28821749257076e-15
0,Uchl1,-7.9509945,-1.1110395,1.8502027168121526e-15,3.040556035125949e-15
0,Mdfic,-7.9753933,-1.1110035,1.5189645035607313e-15,2.5012796190614275e-15
0,Ms4a7,-7.9860606,-3.014664,1.3931924428096112e-15,2.2965021770703143e-15
0,Ptp4a2,-8.033894,-0.3289682,9.442714434604082e-16,1.5596825675079246e-15
0,Dab2,-8.043313,-1.7454942,8.744189177791522e-16,1.4457772524340314e-15
0,Vwf,-8.074747,-1.648381,6.761652978103407e-16,1.1202656925928219e-15
0,Hao1,-8.0843935,-3.8550944,6.247440075399766e-16,1.0361296321368526e-15
0,Sema4c,-8.101246,-1.555839,5.439934388624617e-16,9.03129332481999e-16
0,Rbp1,-8.108622,-3.3410292,5.119709350768917e-16,8.508369433347525e-16
0,Wnt16,-8.141986,-0.2848432,3.8884688752737477e-16,6.468816939173352e-16
0,Clec4a3,-8.144312,-3.2327354,3.8144391253602514e-16,6.352176859686168e-16
0,Irf6,-8.159973,-1.255147,3.351000463202219e-16,5.586148768051387e-16
0,Gm10735,-8.17552,-0.23242405,2.9459273903350923e-16,4.915940562884279e-16
0,Slfn8,-8.188968,-1.3594259,2.634763925016248e-16,4.410306590687672e-16
0,Macrod1,-8.250702,-0.4087662,1.5746648879178048e-16,2.6467424333706523e-16
0,Cds1,-8.251667,-0.9042867,1.5620040827825184e-16,2.6281852928145694e-16
0,Itgae,-8.285315,-1.0210488,1.1779745013349994e-16,1.9840858163710996e-16
0,Pafah1b3,-8.316977,-0.44247472,9.023593960403795e-17,1.5214417259641325e-16
0,Rbms3,-8.322763,-0.29335195,8.593564614855005e-17,1.4504434760972756e-16
0,2200002D01Rik,-8.323331,-1.4211558,8.55250890698931e-17,1.4450176507434021e-16
0,Fam43a,-8.324239,-0.7874649,8.487221754724767e-17,1.435482136200581e-16
0,Pou2f2,-8.335361,-1.1646501,7.726255452713682e-17,1.3081405369834648e-16
0,Fez1,-8.336892,-1.978137,7.626846143715015e-17,1.2926587716933912e-16
0,Ptms,-8.356582,-0.9201571,6.456180220435955e-17,1.0965365777536251e-16
0,Alox8,-8.358511,-2.3922837,6.351492130797154e-17,1.0798868172068115e-16
0,Cdh17,-8.361404,-3.2092352,6.19759157805812e-17,1.054826184639063e-16
0,Mmp13,-8.389321,-5.379286,4.889566304646023e-17,8.339512666809514e-17
0,Tnfrsf11a,-8.404528,-1.7959436,4.2958581660349766e-17,7.342341354382226e-17
0,Nlgn2,-8.429948,-0.6758701,3.4581850498705624e-17,5.916852479841827e-17
0,Amigo2,-8.43602,-3.1308017,3.2832819891684214e-17,5.623530503095226e-17
0,Scel,-8.466319,-2.3487222,2.532692199456022e-17,4.347118251341447e-17
0,Dnajc18,-8.46927,-0.31237403,2.469359625592109e-17,4.242903932955933e-17
0,Tox,-8.529699,-0.79912233,1.4672847868972825e-17,2.534543050423208e-17
0,Pvr,-8.531317,-0.3955982,1.4469154250179213e-17,2.5020221955000727e-17
0,Ear1,-8.545076,-1.2705597,1.2845137260875856e-17,2.2235659164504418e-17
0,Tbc1d9,-8.575206,-2.0450177,9.890963486477363e-18,1.7158441470659126e-17
0,Spire2,-8.588654,-1.0669417,8.799433083187517e-18,1.5281242463522647e-17
0,D630039A03Rik,-8.618046,-1.6760035,6.810651485985992e-18,1.1852872006726693e-17
0,Ccl17,-8.647438,-1.7744998,5.26686421819226e-18,9.185864260115965e-18
0,Lilra6,-8.651353,-1.397466,5.089248459697442e-18,8.88564155180759e-18
0,Hbb-bt,-8.654246,-4.7802567,4.961780144743857e-18,8.672421761610492e-18
0,Gm12289,-8.656743,-0.30866602,4.854343591721781e-18,8.493792131362168e-18
0,Fgfr1,-8.664743,-2.6407852,4.525294775049496e-18,7.926596247440909e-18
0,Dock10,-8.666332,-0.515503,4.462622166681159e-18,7.825268274980368e-18
0,Atp13a4,-8.669454,-0.31613088,4.34199948213389e-18,7.621994761927673e-18
0,Cd84,-8.719386,-0.9929199,2.7971515132786717e-18,4.931499733193484e-18
0,Cp,-8.729259,-1.1377571,2.563472258389715e-18,4.5244309065376696e-18
0,Jmy,-8.73794,-0.48871866,2.373992346748483e-18,4.199144587160348e-18
0,1700016F12Rik,-8.772949,,1.7404603176971696e-18,3.08190680710132e-18
0,Lilr4b,-8.786114,-0.92462355,1.5482312448375882e-18,2.7475175920421967e-18
0,Spp1,-8.806994,-0.89170265,1.2854616433194415e-18,2.283700750782184e-18
0,Bace2,-8.809207,-2.8055446,1.2603396045854377e-18,2.2415250423657677e-18
0,Gimap1os,-8.835195,,9.992397800443194e-19,1.7830219177468494e-18
0,Gm10369,-8.838883,-0.30699822,9.66803066787586e-19,1.727042482741701e-18
0,Plk2,-8.839848,-1.630105,9.584926054258379e-19,1.7140849018750925e-18
0,Cul7,-8.872304,-0.56178933,7.164810385495961e-19,1.284124027102149e-18
0,Mmp8,-8.872474,-1.8386108,7.153863614322838e-19,1.2835803962866862e-18
0,Ms4a4c,-8.891028,,6.054596145063547e-19,1.0875476132107502e-18
0,Asb2,-8.911569,-4.170576,5.0315548397927175e-19,9.05791559394427e-19
0,Asah2,-8.979545,-0.5931935,2.7188930867327956e-19,4.905500096418904e-19
0,Tpsg1,-9.006384,-1.8710356,2.1296358032685656e-19,3.8466250255029103e-19
0,Irf8,-9.006384,-1.2990253,2.1296358032685656e-19,3.8466250255029103e-19
0,Serpinb9,-9.006894,-1.0221074,2.119745768217356e-19,3.837307629518473e-19
0,Phyhipl,-9.007064,-0.30155054,2.116459185699655e-19,3.8356388817931174e-19
0,Serpina3f,-9.01149,-1.9598696,2.0327533039170839e-19,3.6880602449144407e-19
0,Pkib,-9.017675,-0.6366398,1.9212337817891782e-19,3.489631796262091e-19
0,Gm15856,-9.082076,-1.3265226,1.0652296382482112e-19,1.9413510935265155e-19
0,E330020D12Rik,-9.084346,-0.79697555,1.0432392124127819e-19,1.9034128262469428e-19
0,Socs1,-9.109029,-1.1397789,8.312291565231309e-20,1.5183037070726558e-19
0,Specc1,-9.114362,-0.9698163,7.913454071933208e-20,1.447082582263322e-19
0,Cd27,-9.121171,-2.4914784,7.431680633890929e-20,1.362054913917637e-19
0,Bfsp2,-9.147556,-1.9251469,5.823615340061418e-20,1.0685411856990521e-19
0,Sall2,-9.15584,-0.5715342,5.3936462858097296e-20,9.907694536334519e-20
0,Ccl3,-9.156919,-1.2286543,5.3400509815803436e-20,9.820365864085394e-20
0,Ephx1,-9.168777,-1.6531367,4.784150271669944e-20,8.818058796191646e-20
0,Skap1,-9.171501,-2.9265733,4.6647882868764256e-20,8.617638498079229e-20
0,Ms4a6d,-9.189091,-2.2454937,3.961765164621008e-20,7.327232721796209e-20
0,Art4,-9.213036,-4.1612186,3.170303602079499e-20,5.876837077226226e-20
0,Clec4a1,-9.257577,-4.1216025,2.0912306415932998e-20,3.885425086671629e-20
0,Sox4,-9.291793,-1.4697217,1.5171160224092918e-20,2.821974986637467e-20
0,Gm10797,-9.319766,-0.28517708,1.1659728638811741e-20,2.1763037804548498e-20
0,Parvb,-9.337867,-2.159939,9.82948676294953e-21,1.8368004066249003e-20
0,Thsd1,-9.367712,-1.5155848,7.4121596077562e-21,1.3866808401130975e-20
0,H2-Oa,-9.368847,-0.8228522,7.332906410178619e-21,1.3734381290195982e-20
0,Adam8,-9.380082,-0.784097,6.5921479455229104e-21,1.2361230020390939e-20
0,Il12rb1,-9.39126,-1.0262246,5.928673150290866e-21,1.1142882792319565e-20
0,Hip1,-9.422638,-0.9311552,4.398947757534499e-21,8.286984044972075e-21
0,Car8,-9.455832,-1.9061381,3.204642803710179e-21,6.044105380951059e-21
0,Tgfbr3,-9.476089,-2.7869167,2.6399428014403044e-21,4.9848512502167336e-21
0,Sdc4,-9.520743,-3.780787,1.7194402970716484e-21,3.2542965715871805e-21
0,Serpinb2,-9.553313,-2.832464,1.2561336621319919e-21,2.3801971962360877e-21
0,Gm21190,-9.563868,-1.9750218,1.1343694974011055e-21,2.1519851751866584e-21
0,Zfp365,-9.565796,-2.765526,1.1134095207111715e-21,2.1146958344186418e-21
0,Wdpcp,-9.591046,-0.35285574,8.719625710847385e-22,1.6580577846417891e-21
0,Wfdc17,-9.591216,-2.212581,8.705249993750072e-22,1.657267076274955e-21
0,Ier3,-9.632978,-0.5581247,5.802298143627902e-22,1.1085191506436343e-21
0,Il18,-9.669577,-2.6457279,4.06055766277951e-22,7.775943953988626e-22
0,Epha2,-9.700954,-1.755684,2.9869186659919346e-22,5.726692761511723e-22
0,Sucnr1,-9.712473,-5.491854,2.6678499704633894e-22,5.121009055729725e-22
0,Rras,-9.760136,-0.8732766,1.6693209297970547e-22,3.219546430595509e-22
0,Rpgrip1,-9.764845,-0.5162901,1.5935550125423667e-22,3.077078845647284e-22
0,Nr4a1,-9.797528,-0.4394902,1.153745671687836e-22,2.23048328900795e-22
0,Npr2,-9.817161,-3.3409116,9.498120199831972e-23,1.838418969466284e-22
0,Arhgap29,-9.820848,-1.4480522,9.156933710590798e-23,1.7744977871658629e-22
0,Mmp12,-9.841729,-2.5282183,7.442032266967679e-23,1.4438966910312888e-22
0,Cxxc5,-9.93887,-1.5255218,2.82005911582585e-23,5.491159526854176e-23
0,Rgl1,-9.953737,-2.0247107,2.4288743725742188e-23,4.7408354179487153e-23
0,Ypel1,-9.953851,-0.97887355,2.426105177724951e-23,4.7408354179487153e-23
0,Bst2,-9.95822,-0.6936701,2.3218354518716172e-23,4.542843308728303e-23
0,Hoxa7,-9.972008,-1.1296158,2.0210162614538847e-23,3.9590439324615956e-23
0,H2-DMa,-9.979668,-1.6305761,1.870922453705326e-23,3.669451293724351e-23
0,Lrrc49,-9.984775,-0.65243936,1.7770476928578186e-23,3.489553701955668e-23
0,Slc6a4,-10.032778,-2.2968152,1.0939505627200387e-23,2.1507731063417004e-23
0,Tnfrsf8,-10.069886,-1.3370274,7.506468489848973e-24,1.4776082391426012e-23
0,Mex3a,-10.088611,-1.9022366,6.204109662900125e-24,1.2242172595163022e-23
0,Sox12,-10.117776,-0.99211705,4.60765484762692e-24,9.114166052257152e-24
0,Ifi27l2a,-10.118343,-2.9811268,4.5810254058926646e-24,9.072555809960809e-24
0,Casq2,-10.123337,-0.4154269,4.35316394920308e-24,8.631823869935692e-24
0,Ak1,-10.137181,-1.9306567,3.778432933458653e-24,7.529015009913925e-24
0,Sla2,-10.1374655,-2.6469266,3.7674781899696175e-24,7.516420201882805e-24
0,Muc13,-10.15341,-1.4265612,3.199841753141757e-24,6.399683506283514e-24
0,Pkp1,-10.169127,-2.0194292,2.7233832092346615e-24,5.453490821455088e-24
0,Cobl,-10.174233,-2.2453296,2.5842574511020038e-24,5.1812924421352905e-24
0,Cd69,-10.220307,-1.0660044,1.6082942898723412e-24,3.2325320175625e-24
0,Ccdc8,-10.284539,-1.0312525,8.273707275871854e-25,1.6650066006779338e-24
0,Ephb2,-10.305193,-1.0216378,6.675766547739079e-25,1.3458987916260392e-24
0,Phlpp1,-10.32057,-0.8186627,5.688460290687808e-25,1.1490264746569894e-24
0,Snap47,-10.343663,-0.7711215,4.471113249894256e-25,9.04257567497317e-25
0,Ccnd2,-10.375325,-1.216473,3.2111743378902616e-25,6.502527810309619e-25
0,Rab6b,-10.413455,-0.49539518,2.1526363779117147e-25,4.364470256216002e-25
0,Traf1,-10.454763,-2.0857258,1.393467093767954e-25,2.8323353710421323e-25
0,Casp12,-10.461969,,1.29143424349256e-25,2.6315406318403675e-25
0,Hrc,-10.473885,-2.978155,1.1387173608409307e-25,2.32619591849369e-25
0,Gnaz,-10.501461,-2.3885982,8.505328257957972e-26,1.7418740447484636e-25
0,Sv2a,-10.502936,-0.4354505,8.37340955631421e-26,1.7170253224199303e-25
0,Rap2b,-10.504866,-0.7882503,8.203956124452932e-26,1.68440719415983e-25
0,Ly6a,-10.52308,-1.9880954,6.762637293196884e-26,1.3902405183226041e-25
0,Pld3,-10.526881,-1.280754,6.495083352515795e-26,1.3369321316980482e-25
0,Ms4a6c,-10.52813,-2.3985584,6.409539135818075e-26,1.3210003149043095e-25
0,Ecm1,-10.530115,-1.0668226,6.275742059949774e-26,1.2950704352720782e-25
0,Itsn1,-10.545436,-1.1607039,5.332512624489523e-26,1.1018261754040773e-25
0,Akr1c18,-10.579253,-4.539028,3.7190939885209e-26,7.71402870764821e-26
0,Abca5,-10.610632,-0.71255904,2.659455293734582e-26,5.530303187740375e-26
0,Cish,-10.636505,-0.67423975,2.015469916501983e-26,4.201918000727785e-26
0,Sh3bp4,-10.647173,-2.1349025,1.7974095322731716e-26,3.752121314475012e-26
0,Fgf11,-10.656138,-0.8712651,1.6323578993859437e-26,3.411964578355671e-26
0,Samd14,-10.678324,,1.2857201745705244e-26,2.6908879008430846e-26
0,Grm6,-10.681105,-3.300914,1.2477849791074615e-26,2.6182499820340266e-26
0,Gm17590,-10.68536,,1.1918595568537468e-26,2.504140157016551e-26
0,Creb3l2,-10.743576,-1.2900105,6.353443992123797e-27,1.340089226947308e-26
0,9330151L19Rik,-10.852974,-0.37025636,1.9304061572987725e-27,4.098323019814934e-27
0,Sertad1,-10.8547325,-0.58928674,1.893599048219509e-27,4.025449090710411e-27
0,Zfp36l1,-10.914084,-0.7636772,9.871921111705862e-28,2.1013459374261035e-27
0,Fbxo44,-10.923843,-0.9580838,8.866244490079026e-28,1.892243231961603e-27
0,Gm4707,-10.942569,-0.3468548,7.212717654236446e-28,1.5454462397848766e-27
0,Ctxn1,-10.945235,-1.3242819,7.00357242066506e-28,1.504608538585262e-27
0,Tsc22d1,-10.96552,-0.67611444,5.5977695754866045e-28,1.2041886275118399e-27
0,Lama5,-10.968613,-2.5508668,5.409605497004193e-28,1.1652563235246747e-27
0,Jazf1,-11.016105,-1.3152372,3.195903127621695e-28,6.893291054524454e-28
0,Gpr137b,-11.022517,-1.7732725,2.976189384534747e-28,6.427934995626311e-28
0,Hgsnat,-11.025524,-0.7351126,2.878366172865407e-28,6.22494657651692e-28
0,Prmt2,-11.040788,-0.7445785,2.428946329907386e-28,5.267046720735e-28
0,Ubac2,-11.047426,-0.78272086,2.255895457196741e-28,4.898343281891719e-28
0,Slc45a3,-11.051739,-2.2895143,2.1500977055470614e-28,4.674877316886506e-28
0,Runx3,-11.065754,-0.71388024,1.8390999774828971e-28,4.0040539107077303e-28
0,Calca,-11.136169,-1.7743685,8.363957716403595e-29,1.8357698803797876e-28
0,Rasgef1b,-11.14678,-1.890185,7.424430974486354e-29,1.631765181655402e-28
0,Tfr2,-11.181903,-1.9370675,5.000583680128699e-29,1.10203080559358e-28
0,Mov10,-11.191266,-0.7132276,4.499643553397894e-29,9.929825637566509e-29
0,Zfp362,-11.199266,-0.3874931,4.111247314274588e-29,9.097466771832717e-29
0,Sytl3,-11.203749,-2.7004137,3.9083720394964317e-29,8.68408143570303e-29
0,Mcpt8,-11.206642,-3.5518353,3.7827109709943304e-29,8.416402187863929e-29
0,Pdgfa,-11.222473,-2.3044853,3.162981493548436e-29,7.047192283702696e-29
0,Ms4a6b,-11.255213,,2.1829767233216125e-29,4.890591498933226e-29
0,Cd2ap,-11.259242,-0.6773966,2.085452201583742e-29,4.678566349887731e-29
0,Ralgds,-11.261341,-1.4869097,2.0363559463854256e-29,4.574749785370028e-29
0,Igf2bp2,-11.31655,-2.1100738,1.0866397271753335e-29,2.4445626039922203e-29
0,Ccr5,-11.331927,-3.177902,9.117594313471358e-30,2.059712810090605e-29
0,4930458D05Rik,-11.352525,-0.4272656,7.205179611377457e-30,1.6299583444427105e-29
0,Ccl2,-11.370172,-2.2761002,5.887205545615393e-30,1.3336658372888502e-29
0,Tmem184b,-11.389463,-0.39273512,4.718879126435193e-30,1.0704925794514522e-29
0,Espn,-11.456872,-1.7596803,2.1721909597462806e-30,4.948446259422005e-30
0,Lrp12,-11.459369,-0.6970322,2.1104792684749637e-30,4.8146235913732645e-30
0,Ddah2,-11.503002,-1.3343191,1.2740477415308845e-30,2.914676215462757e-30
0,Smpd5,-11.537218,-0.47967854,8.565104483532237e-31,1.962231563882668e-30
0,Ccl9,-11.5584955,-1.3729123,6.686998011002e-31,1.5363046421877117e-30
0,Ahr,-11.558807,-0.7520604,6.662742869744152e-31,1.5329033949964558e-30
0,Gimap4,-11.565928,-2.9125764,6.132412174354727e-31,1.4128938276709328e-30
0,Gm14010,-11.566099,-2.7213686,6.120261698436187e-31,1.4121002097956608e-30
0,Csf1,-11.570752,-1.4882213,5.797246131964922e-31,1.3394776675280774e-30
0,2700081O15Rik,-11.573532,-0.40773448,5.612363179672783e-31,1.2986095688201503e-30
0,Thnsl1,-11.575092,-0.5140441,5.511179113857871e-31,1.2788458544602955e-30
0,Mir99ahg,-11.580228,-0.8893282,5.190806596495269e-31,1.2062304154033419e-30
0,Nme4,-11.583235,-1.1581686,5.011842118785338e-31,1.1663139048306768e-30
0,Nrip3,-11.669141,-3.0568988,1.8326372307197205e-31,4.2770325010465994e-31
0,Lhx3,-11.720946,-0.38353136,9.955389376569665e-32,2.3368511676984073e-31
0,Cd274,-11.741656,-1.3447886,7.79444440192835e-32,1.837585584291829e-31
0,Igfbp5,-11.763672,-1.8095014,6.006376862736439e-32,1.418099457257424e-31
0,Prnp,-11.776042,-2.4413643,5.187214411916446e-32,1.2264813084735387e-31
0,Serpine1,-11.804356,-2.3320262,3.7061805330465707e-32,8.788632784505172e-32
0,Ccl7,-11.829606,-2.9421542,2.7442754525247137e-32,6.536291900139626e-32
0,Srgap3,-11.836641,-1.9443563,2.523567828073062e-32,6.019451495786039e-32
0,Slc24a3,-11.878631,-2.3342645,1.5285137074195167e-32,3.6621111276727564e-32
0,Whrn,-11.900702,-1.6530557,1.1735478397552354e-32,2.8158204084067926e-32
0,Hivep3,-11.904959,-1.3526664,1.1151904033586872e-32,2.6797612359226526e-32
0,Il1r1,-12.0131645,-1.7775491,3.030250773814493e-33,7.314087433224863e-33
0,Mcoln2,-12.01566,-1.8786654,2.9401039849867835e-33,7.10707699500531e-33
0,Epb41l4b,-12.016795,-4.070369,2.9000136236260405e-33,7.020629996300654e-33
0,Atp8b5,-12.094588,-2.141032,1.1280692640217016e-33,2.747339859224024e-33
0,Ms4a4b,-12.163699,-1.8544176,4.851136197522888e-34,1.1850215229491152e-33
0,Il6st,-12.215163,-1.8760834,2.579831650517085e-34,6.330539995671274e-34
0,Pcp4l1,-12.225037,-0.72274274,2.284798229524048e-34,5.62358532365403e-34
0,Prss34,-12.238427,-5.556429,1.937507816238651e-34,4.7760451032509e-34
0,Hgf,-12.292274,-3.034938,9.966156197354067e-35,2.4641928890408986e-34
0,Lpl,-12.292842,-2.1014357,9.896433526203378e-35,2.4506893403819664e-34
0,Vangl2,-12.308786,-1.7519628,8.123545862976451e-35,2.014738744609756e-34
0,Bex6,-12.336136,-2.3861485,5.786713726273063e-35,1.4395781693274399e-34
0,Ndrg4,-12.371599,-1.572431,3.723339418579247e-35,9.291163902977752e-35
0,Cadm1,-12.391345,-2.7815456,2.9111899519276664e-35,7.298222723379714e-35
0,Pglyrp2,-12.415176,-3.150585,2.162095968628009e-35,5.4286682060598e-35
0,Wdr91,-12.424482,-0.6787264,1.9246892910575588e-35,4.84007136448893e-35
0,Tnfsf12,-12.437476,-1.4953339,1.6359229310282587e-35,4.1202903635525403e-35
0,Clec4e,-12.456541,-0.9172104,1.288387238659389e-35,3.260162404220794e-35
0,Nek6,-12.483266,-0.88898855,9.212852656366394e-36,2.334882345097858e-35
0,Gm15880,-12.4886,-2.086451,8.615661250856084e-36,2.1869487556946115e-35
0,Tnfrsf9,-12.511467,-3.5009265,6.462005400250958e-36,1.64284839486004e-35
0,Fam234b,-12.547271,-0.8006858,4.114505067178535e-36,1.0493281790823244e-35
0,Lgals1,-12.583188,-1.1863047,2.612705986807693e-36,6.684241499372362e-36
0,Ppp1r3g,-12.635616,-2.805922,1.3433693252411078e-36,3.4476978568687926e-36
0,Spata6,-12.67369,-0.761706,8.27292023474091e-37,2.1401398119218113e-36
0,Prkca,-12.67942,-2.477227,7.689787637236359e-37,1.9924657424276955e-36
0,Fcer1a,-12.727083,-2.4026873,4.181686346095934e-37,1.0887151289514615e-36
0,Clec4n,-12.757441,-2.9679682,2.833602080886374e-37,7.4011313610268906e-37
0,Rpp25,-12.8354025,-2.254642,1.0386128400928166e-37,2.7215347764629216e-37
0,Tubb3,-12.884881,-5.234296,5.475967240998312e-38,1.4372198810516605e-37
0,Cd200r4,-12.902245,-1.4868765,4.3717746008073046e-38,1.1492736470841894e-37
0,Ctse,-12.910528,-1.9503579,3.9259763558320693e-38,1.0337554625259118e-37
0,Hes1,-12.9143305,-2.6049027,3.7368211418201704e-38,9.871537283440253e-38
0,Mboat1,-12.933565,-2.2010899,2.910043512566331e-38,7.699984628682854e-38
0,Capn5,-12.971071,-1.1126267,1.78517390865561e-38,4.746806688261311e-38
0,Arg1,-12.986448,-4.9452047,1.4604893924364737e-38,3.8962397936380927e-38
0,Ackr1,-12.994335,-2.4276507,1.317473116633015e-38,3.5204965324196875e-38
0,Perp,-13.002166,-3.8843803,1.1892701969756638e-38,3.1884235694124403e-38
0,Plxna1,-13.015897,-2.8090222,9.936841759644305e-39,2.668469757308454e-38
0,Ctss,-13.063673,-2.7991152,5.31023287129328e-39,1.4331443789081032e-38
0,Cxcl3,-13.129096,-2.8898818,2.2431812250903326e-39,6.064066578494199e-39
0,Dnase2b,-13.135678,-3.3995285,2.0564108890381627e-39,5.5684448447744576e-39
0,8030423F21Rik,-13.160418,-0.43496585,1.4826473258141147e-39,4.021494920519221e-39
0,Ccdc102a,-13.2199955,-2.1520767,6.726778660917389e-40,1.8276105507551098e-39
0,Fabp4,-13.264424,-3.4037445,3.722693103918764e-40,1.0131221836503751e-39
0,Slc30a4,-13.270893,-2.6560283,3.4148828301585786e-40,9.309142773978512e-40
0,Fgf3,-13.29637,,2.429829652242101e-40,6.646178239353605e-40
0,St6gal1,-13.312087,-1.3704885,1.9690388180653995e-40,5.4040287020339725e-40
0,Hgfac,-13.327578,-2.7231872,1.6000997265398925e-40,4.398918231267298e-40
0,Il13,-13.337167,-5.1004972,1.4070659325624368e-40,3.87480635418722e-40
0,Rsad1,-13.33745,-2.1732323,1.4017223274247974e-40,3.866655807964322e-40
0,Ap5s1,-13.3728,-1.0496302,8.719544465030195e-41,2.413498485030542e-40
0,Gem,-13.391695,-2.7676253,6.761972293339824e-41,1.8748579589396914e-40
0,Pde1c,-13.435953,-1.6477399,3.7224366992076914e-41,1.0338685489922731e-40
0,Rbpms2,-13.48129,-3.2172072,2.015528712857976e-41,5.626828867909875e-41
0,Arhgdig,-13.507561,-2.4579904,1.4111997442961905e-41,3.953309128235615e-41
0,Ms4a2,-13.539506,-3.880434,9.140123388934281e-42,2.573833357092258e-41
0,Oaf,-13.565607,-2.3640683,6.404704896289259e-42,1.806683711614118e-41
0,Fam135a,-13.575367,-1.3443149,5.6062383771869104e-42,1.5842018550169284e-41
0,Camk1d,-13.591368,-1.8468884,4.5058031550743615e-42,1.2754646976493219e-41
0,Mndal,-13.617186,-2.375026,3.165346557516514e-42,8.975860343167456e-42
0,Clnk,-13.62581,-2.5227695,2.8127282236922576e-42,7.989921504078532e-42
0,Il4,-13.640506,-6.5603065,2.2996001235163643e-42,6.54377438656762e-42
0,Tgif1,-13.669444,-0.77550524,1.545719231277137e-42,4.4140080864991474e-42
0,Vegfc,-13.671089,-2.5391614,1.5111573258212423e-42,4.322922720426905e-42
0,Slco2b1,-13.676594,-2.753681,1.401044291164166e-42,4.015006784926285e-42
0,Pdgfb,-13.715178,-2.0912237,8.236466470223196e-43,2.3687142933868835e-42
0,Osbpl5,-13.7223835,-2.0105927,7.457289328679278e-43,2.1484410819036925e-42
0,Zbed5,-13.735094,-1.2455429,6.257511939523208e-43,1.8059936594139937e-42
0,Ahnak2,-13.739519,-2.163944,5.886519409262003e-43,1.7019491054942905e-42
0,Sdc3,-13.7652235,,4.126074621120988e-43,1.1993715117308678e-42
0,Scn1b,-13.768515,-2.6598551,3.942374350883365e-43,1.1480307355714216e-42
0,Mrc1,-13.768969,-2.865137,3.917683301308188e-43,1.1428925026478202e-42
0,Il7r,-13.771295,-2.6591728,3.793535786772997e-43,1.108669377683928e-42
0,Krt18,-13.788487,-4.6088247,2.989634458426645e-43,8.753045291639022e-43
0,Axl,-13.793651,-2.6225967,2.7831152410182763e-43,8.163133672570786e-43
0,Hic1,-13.830703,-1.9702348,1.6638689866419747e-43,4.8979954561402595e-43
0,Col18a1,-13.837739,-3.5783234,1.5087864221039218e-43,4.449548321186475e-43
0,Itpr3,-13.849654,-1.3815583,1.278255897611572e-43,3.7765593186265384e-43
0,Gm8113,-13.877515,-1.2178292,8.669863105834449e-44,2.5708442335765037e-43
0,Mmp14,-13.882848,-3.7923236,8.048132605756911e-44,2.390855510354892e-43
0,Gimap5,-13.945661,-2.6872256,3.3433718512098225e-44,1.000544122262423e-43
0,Rnf149,-13.971932,-1.4501976,2.3126676624166535e-44,6.946568423036689e-44
0,Txk,-14.0008135,-0.95931673,1.5409699727944036e-44,4.637204630561267e-44
0,Myct1,-14.012559,,1.3061278231900077e-44,3.9378054446360454e-44
0,Crisp1,-14.03117,-11.463042,1.0048010858181847e-44,3.034985775041146e-44
0,Avil,-14.06947,-2.6353204,5.850591070020858e-45,1.7704587155921327e-44
0,Ifi203,-14.079344,,5.0880343825242453e-45,1.5425779006456683e-44
0,Cd9,-14.091543,-1.1848997,4.281058114014284e-45,1.3003513597249379e-44
0,Smo,-14.111289,-1.8601055,3.2360947333210893e-45,9.847928062751984e-45
0,Lif,-14.128226,,2.5447413759641415e-45,7.758591187619995e-45
0,Cdkn2b,-14.18857,-5.9601912,1.0783456816760074e-45,3.3126452569668256e-45
0,Tmem158,-14.190045,-2.3216481,1.0558984297333238e-45,3.249842984871824e-45
0,4930503B20Rik,-14.191691,-2.5812562,1.0314092861319134e-45,3.18050544126609e-45
0,Arnt2,-14.260008,-2.5986636,3.8841099475984275e-46,1.204593945507581e-45
0,Lgmn,-14.333885,-2.9770606,1.3438747643148337e-46,4.183809726907217e-46
0,Cttn,-14.343985,-2.0673866,1.1618768977860647e-46,3.6311451410577975e-46
0,Phlda2,-14.3458,,1.1318630428336088e-46,3.544173466170103e-46
0,Hilpda,-14.35556,-0.58188826,9.832771393570902e-47,3.084865609356287e-46
0,Lpin1,-14.364923,-0.66085625,8.590267168616647e-47,2.7002739045535277e-46
0,Arhgef5,-14.369235,-1.907499,8.071802081538793e-47,2.542225820632218e-46
0,Ptp4a3,-14.410089,-1.2687889,4.471359634372666e-47,1.4110010363720748e-46
0,Aqp8,-14.505925,-4.7906337,1.1112954918211752e-47,3.5343554661449926e-47
0,Gimap6,-14.510521,-2.1951547,1.0392840828150113e-47,3.311824719697344e-47
0,Pdk2,-14.513131,-1.0899876,1.0004766725625024e-47,3.194435360032242e-47
0,5830418P13Rik,-14.517898,-2.0197883,9.332952692856888e-48,2.9858085340855764e-47
0,Gata3,-14.534579,-2.3241804,7.316174732934973e-48,2.3498683993704013e-47
0,Itga6,-14.608116,-1.2382576,2.4931759156789368e-48,8.039624920936849e-48
0,Slc6a9,-14.659807,-2.5386724,1.1660335525469962e-48,3.7675426737673863e-48
0,Adgre1,-14.691015,-2.0135157,7.36028986202539e-49,2.3924629571553474e-48
0,Rrad,-14.694874,-2.2400117,6.952822319660792e-49,2.2691102218289345e-48
0,Tspyl4,-14.701058,-1.0462475,6.346012133783252e-49,2.0752483227815395e-48
0,Flrt3,-14.712293,-3.1226454,5.375455038953562e-49,1.7614117319560966e-48
0,Tbc1d16,-14.789007,-1.7835078,1.724786784601417e-49,5.6746534779381316e-49
0,Eya2,-14.792696,-3.7829487,1.6328139575601852e-49,5.382976095858985e-49
0,Tmem121,-14.841323,-2.392176,7.917897596887985e-50,2.6209856943167982e-49
0,Gm13346,-14.86558,-0.4523712,5.513546461673698e-50,1.8288287036471854e-49
0,Plek,-14.873495,-1.2546862,4.898758684529875e-50,1.6282349562105447e-49
0,Neo1,-14.952479,-0.813225,1.5005706036093875e-50,5.008077199700466e-50
0,Acss1,-14.95299,-2.431653,1.48910555381113e-50,4.98006022326114e-50
0,Mast4,-14.965133,-2.6370335,1.2407653433424384e-50,4.158102039052552e-50
0,Cd200r3,-14.992255,-4.3828855,8.250394294875005e-51,2.770629305649536e-50
0,Tnfsf8,-15.009561,-1.1029727,6.356703906154886e-51,2.1391231816977647e-50
0,H2-Ob,-15.034584,-2.166277,4.3577783615747765e-51,1.4695044703688748e-50
0,Nrarp,-15.045818,-2.1263626,3.67755603035616e-51,1.2427074752578523e-50
0,Lox,-15.050188,,3.442557286281238e-51,1.1657260789870914e-50
0,Wtip,-15.093879,-1.1718112,1.7768302926639437e-51,6.054661207354867e-51
0,Kank2,-15.098872,-1.0278674,1.6472765134312182e-51,5.625015799548286e-51
0,Cd34,-15.104716,-2.6074343,1.5075402539020645e-51,5.158713695842085e-51
0,Tshz3,-15.236867,-1.0696697,2.0129444628105462e-52,6.961611766905556e-52
0,Olfm1,-15.275848,-3.669073,1.1077736285054297e-52,3.847556371382884e-52
0,Lat,-15.312049,-3.0652273,6.35304523534276e-53,2.2112960025163e-52
0,Junb,-15.316192,-0.7881216,5.96096958015331e-53,2.079288743872832e-52
0,Akr1c13,-15.325497,-2.6602201,5.165807798945728e-53,1.805806088338356e-52
0,S100a4,-15.327937,-2.0860293,4.975412634967845e-53,1.7430063269800957e-52
0,Tmem64,-15.354435,-1.9538596,3.3077939692311693e-53,1.1613077528339734e-52
0,Il6,-15.354548,,3.3020110574278607e-53,1.1613077528339734e-52
0,Arhgef25,-15.40346,-2.7320452,1.5514261338590455e-53,5.47046345460733e-53
0,Asb13,-15.407261,-0.5779808,1.4628166041788698e-53,5.169256060954525e-53
0,Hmga2,-15.472967,-3.5713212,5.28151363789008e-54,1.874532849159236e-53
0,Ccdc92,-15.476485,-2.748588,5.000549135023141e-54,1.7826133400016559e-53
0,Eya1,-15.511154,-1.3868779,2.91588608210769e-54,1.0440545750946299e-53
0,Fut10,-15.518134,-2.094823,2.6154809144727515e-54,9.385641688661068e-54
0,Gimap1,-15.523013,-1.6375467,2.4239526457219364e-54,8.71763013605539e-54
0,Ctla2b,-15.525737,-2.3836405,2.3231954131617453e-54,8.373828800329669e-54
0,Il10ra,-15.534475,-1.0586623,2.0272512700079193e-54,7.323388774950657e-54
0,Selp,-15.56381,-3.4464788,1.282320224804409e-54,4.642686171055249e-54
0,Cdh1,-15.567271,-3.5681818,1.214794289476267e-54,4.408045497831107e-54
0,Ctsc,-15.592464,-1.439347,8.191113133057856e-55,2.9856147195100776e-54
0,Plxnb2,-15.601316,-2.8103871,7.130837113545878e-55,2.6050040085971653e-54
0,Pard6g,-15.610225,-2.0512168,6.2018031508422555e-55,2.275865319155235e-54
0,Ttc26,-15.621403,-1.3210974,5.204771232555125e-55,1.9143172197742432e-54
0,Gm9958,-15.634908,-0.6117581,4.210869215817385e-55,1.552279515467227e-54
0,Cdkn1a,-15.666796,-1.4272983,2.5511993619042087e-55,9.4260714464889e-55
0,2610301B20Rik,-15.675761,-0.7999147,2.2155506894428804e-55,8.204619219809023e-55
0,Fabp5,-15.691989,-2.0328758,1.715931755812376e-55,6.3689732446857524e-55
0,Shb,-15.739368,-0.9291303,8.125091535339161e-56,3.0296318322574985e-55
0,C030037D09Rik,-15.807401,-1.128806,2.766461804070654e-56,1.0363050915017554e-55
0,Nefh,-15.816026,-2.5360632,2.4124840813050953e-56,9.057984212677928e-56
0,Dpp4,-15.893421,,7.037966035197946e-57,2.660974570883699e-56
0,Trim26,-16.002308,-0.74373,1.2312560492011444e-57,4.6770428847874856e-57
0,Tnip3,-16.02943,,7.960972789318843e-58,3.0311497333979256e-57
0,Sdc1,-16.053885,-1.7713716,5.369480977544215e-58,2.0492466224886395e-57
0,Gfi1b,-16.085037,-3.6733658,3.248611617336579e-58,1.2456851166240972e-57
0,Igfbp7,-16.105406,,2.337564874359092e-58,8.984668782489212e-58
0,Fads3,-16.115562,-3.249149,1.983483590992825e-58,7.641829892138628e-58
0,Emp1,-16.15256,-3.0536842,1.0894725024810161e-58,4.2275703325937994e-58
0,Kcne3,-16.187,-1.6951523,6.229183132360471e-59,2.4287824617040107e-58
0,S100a10,-16.299122,-1.3239044,1.0012079901306642e-59,3.9226071497389795e-59
0,Gm16140,-16.363523,-3.067037,3.483778579869739e-60,1.3715264214924068e-59
0,Itga2b,-16.38707,-4.01665,2.365738286653568e-60,9.336319953654714e-60
0,Spns2,-16.38758,,2.345950523350302e-60,9.280809143595586e-60
0,Csf2rb,-16.388432,-1.4238634,2.313336700066147e-60,9.174161680946919e-60
0,Egr1,-16.403072,-4.982242,1.8180832796488966e-60,7.245530908084792e-60
0,Ctsf,-16.455614,-1.5203978,7.64425637948484e-61,3.0766709299068015e-60
0,Osm,-16.484383,-2.8883328,4.751279263894685e-61,1.9170584492629797e-60
0,Il1rl1,-16.486198,-4.12393,4.610663781593942e-61,1.8649617590387467e-60
0,Podxl,-16.514795,,2.871331832033061e-61,1.1643250578894062e-60
0,Pkp3,-16.520527,-1.4292488,2.6110980861611834e-61,1.0614539087101353e-60
0,Faah,-16.528753,-3.2324739,2.2780507695662848e-61,9.283915447830437e-61
0,Ctla2a,-16.550373,-2.9158528,1.591159041877984e-61,6.500906715179069e-61
0,Furin,-16.682579,-1.596959,1.7547528322584318e-62,7.2055926428434845e-62
0,Slc41a3,-16.70312,-1.7077504,1.24387180996829e-62,5.120710852204483e-62
0,Krba1,-16.70329,-1.4504404,1.2403275972950412e-62,5.119112882474699e-62
0,Akr1c12,-16.751917,-3.2557206,5.483015813897644e-63,2.2687376658525455e-62
0,Fzd8,-16.807013,-2.564038,2.168240117955462e-63,9.040836687207608e-63
0,Anpep,-16.81127,-2.6760778,2.018049451683131e-63,8.436278893376387e-63
0,Cpa3,-16.858706,-3.619681,9.05518847634776e-64,3.795223697321981e-63
0,S1pr1,-16.88055,-3.9470172,6.255917634599663e-64,2.62878196977219e-63
0,Scin,-16.881289,-2.9840074,6.178233836888598e-64,2.602881891800858e-63
0,Ccl4,-16.887814,-2.591875,5.5315753850626064e-64,2.336514394419674e-63
0,Ptprcap,-16.909885,-1.9556373,3.80447355425263e-64,1.6111895835503308e-63
0,Plscr4,-16.9765,-1.9868119,1.2258240970505303e-64,5.2461390116516104e-64
0,Csrp3,-17.050264,,3.4796143272116763e-65,1.4931043488723118e-64
0,Maff,-17.124935,-1.0887847,9.67173299889121e-66,4.161154091300144e-65
0,Rab27b,-17.147404,-3.2279124,6.572292073846842e-66,2.8427353983412204e-65
0,Dexi,-17.250845,-0.7284987,1.1027643251796108e-66,4.821249960758298e-66
0,Tmtc2,-17.251242,-7.4765115,1.0952090375387315e-66,4.801159618615736e-66
0,Lrrc1,-17.323133,-1.3040472,3.147476440466971e-67,1.3872844528362572e-66
0,Ptgs2,-17.341404,-3.250173,2.290753648840421e-67,1.0151919176008642e-66
0,Slc7a5,-17.357063,-1.6467478,1.7441799422632638e-67,7.750848948906887e-67
0,Lpar6,-17.369717,-0.81071395,1.3991375110715984e-67,6.251793506771716e-67
0,Inpp4b,-17.434118,-4.2037997,4.5451283177766965e-68,2.036518820838067e-67
0,Rab38,-17.486662,-2.490947,1.8105920022859687e-68,8.157722854744003e-68
0,Cpne5,-17.567177,-1.1381389,4.395044574118872e-69,1.9857276599500866e-68
0,Lars2,-17.581589,-0.95008427,3.4088517808893854e-69,1.5575091798880515e-68
0,Smox,-17.594187,-2.5282173,2.7294951204109653e-69,1.2506330749453632e-68
0,Rras2,-17.614727,-2.7682774,1.899052935738106e-69,8.775680517855293e-69
0,Slc9a9,-17.656092,-1.3461679,9.135161837606225e-70,4.245625358337334e-69
0,Meis1,-17.765545,-3.4684381,1.306652858392354e-70,6.125407330382654e-70
0,Serpina3g,-17.793007,-2.4216335,8.006469944650371e-71,3.7642012319486675e-70
0,Gnb4,-17.802881,-3.1077538,6.712555203872519e-71,3.1650478315933794e-70
0,Dnmt3b,-17.81667,-2.6635895,5.24694767425971e-71,2.4812096582067783e-70
0,Crip1,-17.859339,-1.7861172,2.44520930116998e-71,1.1665086724993257e-70
0,Cacnb1,-17.902973,-0.96641284,1.1179286004055588e-71,5.364734289520166e-71
0,Myo1e,-17.922832,-1.1447296,7.824188179101292e-72,3.777033698363779e-71
0,Slc22a3,-17.960508,,3.9715561900996203e-72,1.9287018384256238e-71
0,Arl4c,-17.993418,-2.7339284,2.193979442426661e-72,1.0686590557405538e-71
0,F2r,-18.005447,-5.5480075,1.7656777304437196e-72,8.626293008372631e-72
0,Cd72,-18.045393,-3.3331141,8.575208312546198e-73,4.227655891474144e-72
0,Zdhhc8,-18.056742,-0.99659264,6.982465264248138e-73,3.4529142251861215e-72
0,Gzmb,-18.100262,-3.6957893,3.171554324562918e-73,1.573168536526316e-72
0,Emid1,-18.123922,-3.6473384,2.063431741774324e-73,1.0266522347110287e-72
0,Mfhas1,-18.150421,-1.6702963,1.2741963777163086e-73,6.359220075864163e-73
0,Clec4d,-18.277693,-2.0016415,1.24587302209884e-74,6.2953459247486555e-74
0,Pea15a,-18.344818,-1.864856,3.6314578883900933e-75,1.858115045731461e-74
0,Vwa5a,-18.419886,-1.3730068,9.099489302888921e-76,4.670687230786655e-75
0,Ndst2,-18.64044,-1.418646,1.5099475568996346e-77,7.875031952704846e-77
0,Cdkn1c,-18.719765,-1.826164,3.416612855727645e-78,1.79926819869813e-77
0,Ccr2,-18.734062,-3.2184613,2.612003818093814e-78,1.380022864152497e-77
0,Slc7a8,-18.801529,-2.609518,7.337147919682031e-79,3.9019193199095915e-78
0,Pigz,-18.851376,-4.6953945,2.862999774045588e-79,1.5376773620867366e-78
0,Nacc2,-18.85532,-2.140386,2.65730731338636e-79,1.4319443396387627e-78
0,Itm2c,-18.94744,-1.185162,4.636059036808886e-80,2.514945738362546e-79
0,Rasa4,-19.011415,-2.2873588,1.3720240484173948e-80,7.534603684973542e-80
0,P2rx4,-19.014875,-1.4406141,1.2844072014135805e-80,7.086083267662679e-80
0,4933415A04Rik,-19.028664,-2.1184695,9.873817128191257e-81,5.465983406800757e-80
0,Sh3bgrl2,-19.0458,-1.6769701,7.119029833592988e-81,3.995524702452535e-80
0,Socs3,-19.085178,-2.4604604,3.3533069260441053e-81,1.888563831265118e-80
0,Zfp667,-19.113493,-1.1073853,1.9497385778503155e-81,1.1019080046248124e-80
0,Slc18a2,-19.171255,,6.433792251036645e-82,3.6488150458676354e-81
0,Dennd5b,-19.225897,-1.9206364,2.2472028809023392e-82,1.2834377016984486e-81
0,Tef,-19.29915,-1.1058666,5.460004546165344e-83,3.1404706999575135e-82
0,Bmyc,-19.452068,-3.1291268,2.79912254531641e-84,1.6273035012556334e-83
0,Gpr45,-19.511362,-1.545449,8.790756254192087e-85,5.147511423934861e-84
0,Adora2b,-19.52884,-2.0730243,6.244307691734887e-85,3.669661984055792e-84
0,Fmn1,-19.571793,-1.7838999,2.690524070275742e-85,1.592711694155932e-84
0,Rnase6,-19.605951,-4.278165,1.3755846939104094e-85,8.172887815101406e-85
0,Angptl2,-19.658323,-2.4695952,4.906842055358536e-86,2.92606537271748e-85
0,P2ry1,-19.685843,-2.625294,2.851576198482718e-86,1.706736750530985e-85
0,Tspan13,-19.835468,-2.9999905,1.471374679588792e-87,8.938463409337155e-87
0,Ahnak,-19.885174,-2.6211727,5.469167416399297e-88,3.3602233141665374e-87
0,Etv5,-20.071796,-1.5819749,1.3021098149025438e-89,8.030502356547247e-89
0,Gpr183,-20.144426,-3.1974676,3.0118251829521544e-90,1.8717166462637528e-89
0,Gata2,-20.237991,-5.0229497,4.5326170615768167e-91,2.8276557207221525e-90
0,Spred1,-20.243042,-1.5365876,4.0911945548634983e-91,2.562130335130731e-90
0,Rgs1,-20.346823,-2.6708338,4.9536594950090085e-92,3.138607695665864e-91
0,Zcchc24,-20.390116,-2.7877789,2.0466123453129456e-92,1.3173036603561897e-91
0,Tubb2a,-20.442942,-1.6750371,6.942544677716898e-93,4.486377476994745e-92
0,Dst,-20.538437,-2.324291,9.765370788633066e-94,6.386867507726949e-93
0,Otub2,-20.55461,-3.789554,6.99919760850629e-94,4.596234219027207e-93
0,Mycn,-20.665766,,7.043184441210623e-95,4.662875576997401e-94
0,Ptger4,-20.785887,-1.0165416,5.808141471715363e-96,3.8768746778281144e-95
0,Dok7,-20.824131,-2.7345293,2.616325973323272e-96,1.753587077987747e-95
0,Rgs7bp,-20.838259,-2.9054172,1.9479555230981167e-96,1.3110306466660354e-95
0,Adgrg1,-20.843536,-3.3153853,1.7446466696774967e-96,1.1790903742570414e-95
0,Padi2,-20.848642,-4.2880487,1.5680817130759985e-96,1.0641960412591087e-95
0,Rundc3b,-21.009108,-1.6471283,5.4143278472341525e-98,3.6899326757200823e-97
0,Tmem9,-21.045591,-2.6357875,2.5096547283142747e-98,1.7175780461290098e-97
0,Tns1,-21.05399,-2.1018255,2.1021860786675255e-98,1.4448075506774265e-97
0,Ptger3,-21.059437,-2.6068513,1.8738980497439668e-98,1.2933883560360486e-97
0,Ercc1,-21.107893,-0.8666626,6.730600193200632e-99,4.665398937338216e-98
0,Ikzf2,-21.244356,,3.7175968259079273e-100,2.6103645245119734e-99
0,Shank3,-21.250315,-10.13215,3.274646806343942e-100,2.3093378782129886e-99
0,Fam171a2,-21.288332,-2.8870862,1.456215501918804e-100,1.0314329886953274e-99
0,Csf2rb2,-21.348194,-2.5170686,4.053067057735049e-101,2.883366126160636e-100
0,Mdga1,-21.356024,-2.16051,3.4277882453351084e-101,2.4492830545962754e-100
0,Il27ra,-21.407034,-2.754278,1.1489609445604388e-101,8.2460825313143e-101
0,Frmd4b,-21.70487,-2.3699934,1.8454650174783627e-104,1.373093696490782e-103
0,Clec10a,-21.900003,-3.455887,2.5976397733443054e-106,2.006367482078316e-105
0,Hmgn3,-21.969172,-4.593231,5.679612745095272e-107,4.407814293083507e-106
0,Bbs12,-22.045828,-1.8000551,1.0474649392754141e-107,8.287746982949862e-107
0,Itgb7,-22.188192,-4.517177,4.465876344500298e-109,3.568301197428317e-108
0,Cetn4,-22.478481,-2.3512433,6.740664268820828e-112,5.494149469360494e-111
0,Gch1,-22.535505,-1.9120922,1.8629705039049616e-112,1.541703141496861e-111
0,Epb41l1,-22.580275,-2.565871,6.772620146837354e-113,5.633430706753943e-112
0,2900026A02Rik,-22.715887,-1.5959166,3.1210239046817915e-114,2.6504192530857935e-113
0,Havcr2,-22.751747,-3.260394,1.3789785367945858e-114,1.1834408395136603e-113
0,Gpr171,-22.8027,-2.0810535,4.310763981966477e-115,3.719180414228524e-114
0,Mfge8,-23.044418,-2.151638,1.6732041140380237e-117,1.4830257229342482e-116
0,Fyn,-23.050945,-2.585895,1.439169718715665e-117,1.2896868971032093e-116
0,Arhgap12,-23.115063,-1.5267655,3.2669425632067823e-118,2.943878243067445e-117
0,Anxa6,-23.314337,-2.1983197,3.171957495888661e-120,2.9399514619036617e-119
0,Aqp9,-23.325232,-4.5243125,2.4591845512756993e-120,2.2924122656144737e-119
0,Nrip1,-23.39735,-2.5021644,4.547436243126155e-121,4.2883381315991994e-120
0,Zbtb4,-23.48008,-2.0843863,6.518036737326904e-122,6.182605606984935e-121
0,Peak1,-23.61745,-1.3960451,2.5508666290625183e-123,2.4628009954401217e-122
0,5830416I19Rik,-23.617678,-1.4562185,2.537205328309941e-123,2.4628009954401217e-122
0,Mllt6,-24.041819,-2.5236478,1.016616800440977e-127,1.0305952814470403e-126
0,C3ar1,-24.100262,-3.8262086,2.4839444445542634e-128,2.549973347510769e-127
0,Gcnt1,-24.252329,-2.0886517,6.2484748175421345e-130,6.538726551002156e-129
0,Plxdc2,-24.346804,-3.8882139,6.267403831877472e-131,6.7322708710630865e-130
0,Mrgpre,-24.699791,-3.1383145,1.0750244655659092e-134,1.2454926308199318e-133
0,Maml2,-24.708075,-2.4374776,8.757767674172177e-135,1.0219495803962067e-133
0,P2ry14,-24.837162,-3.2154121,3.559143775770664e-136,4.213818397299282e-135
0,Foxo1,-25.149977,-1.6322783,1.4140172774050212e-139,1.7375272908719276e-138
0,Phxr4,-25.205584,-2.3499663,3.4790857739607064e-140,4.374478391755245e-139
0,Rhod,-25.244963,-1.6865156,1.2864418008473132e-140,1.6429988984049934e-139
0,Bcl2,-25.264254,-3.7106016,7.897058418056023e-141,1.016589583657688e-139
0,Lat2,-25.406448,-2.1034586,2.1403090304694352e-142,2.8455583995257577e-141
0,Gm5547,-25.45377,-2.9692335,6.412629312061085e-143,8.596103094349653e-142
0,Cep170b,-25.537746,-1.5847064,7.512051301691683e-144,1.0239115303650344e-142
0,Lmna,-25.690268,-2.567004,1.5015378370315013e-145,2.155304753685925e-144
0,Rnf150,-26.149532,-2.2693787,9.976627046690602e-151,1.541151339974491e-149
0,B3gnt7,-26.246447,-3.217367,7.847412872710003e-152,1.2238945845707332e-150
0,Zfp946,-27.156578,-1.6829214,2.1173441215532374e-162,3.692830285117582e-161
0,Mdp1,-27.69823,-1.9259696,7.333322161636196e-169,1.3830986681597569e-167
0,Cnrip1,-27.739368,-2.6446347,2.341207820383984e-169,4.467575393720967e-168
0,AI504432,-29.283016,-3.6857238,1.706608449994634e-188,4.613531509818826e-187
1,Bmyc,34.01464,3.7452538,1.3534160906105088e-253,1.2913181758648502e-251
1,Nefh,33.874943,4.9965305,1.5584103750298256e-251,1.4043009046102095e-249
1,Pard6g,33.66313,3.7645361,2.0034301058319317e-248,1.6247818158296966e-246
1,Zbed5,33.278954,2.4090235,7.784653796973608e-243,5.489873242909214e-241
1,Smo,33.234028,3.9361362,3.47322047995328e-242,2.253425447393688e-240
1,Arhgdig,33.103024,,2.688503630139368e-240,1.615093662254094e-238
1,Dnmt3b,32.41705,3.22476,1.5787118449323791e-230,7.759607916607027e-229
1,Gm16140,32.34959,4.2721677,1.4058151936462296e-229,6.706565423806424e-228
1,Sox12,31.837284,2.7964993,1.974153191167347e-222,8.005191190183592e-221
1,Nme4,31.761953,2.5272758,2.1714448862788352e-221,8.590447818400659e-220
1,Epb41l4b,30.90853,,9.174168108707261e-210,3.3819319709825406e-208
1,Whrn,30.80119,3.3157055,2.5261431799441635e-208,9.105342750820963e-207
1,Dennd5b,30.499128,1.9387165,2.6761775537643147e-204,9.235659557884508e-203
1,Rpgrip1,29.808498,1.2727739,3.0315580615596703e-195,9.411120051305562e-194
1,Muc13,29.56733,3.3255413,3.9324391668551466e-192,1.181188209007231e-190
1,Lyplal1,29.301933,1.7342792,9.799436385244e-189,2.8383367530117447e-187
1,Vangl2,29.238216,3.868617,6.34032505904786e-188,1.7140012076292712e-186
1,Sox4,29.125177,4.5028887,1.7233869597991785e-186,4.508602659345593e-185
1,Bbs12,28.756311,1.2849234,7.552855816798921e-182,1.8847280207458229e-180
1,Ctnnal1,28.694681,1.7911006,4.4452256994072005e-181,1.0761426991699223e-179
1,Cd34,28.682241,3.6495798,6.354230411344133e-181,1.515670842235321e-179
1,Smad3,28.48948,2.6546292,1.581478423888697e-178,3.4664297345236036e-177
1,Gpr45,28.23587,1.4424672,2.1224159762147437e-175,4.529682517658308e-174
1,Tmem176b,28.158583,5.841498,1.8813628944671848e-174,3.912270019007402e-173
1,Fam171a2,27.733133,1.9007854,2.7838751745056546e-169,5.440295822949604e-168
1,Fut10,27.318512,2.4329388,2.556720317385165e-164,4.65955096044802e-163
1,Myl4,27.097784,6.8823686,1.045677383874112e-161,1.8237513082191505e-160
1,Mex3a,27.020323,4.735335,8.529690864823132e-161,1.4563324823940125e-159
1,1700109H08Rik,26.848307,0.95373654,8.827551131176632e-159,1.4462917105826766e-157
1,Cbx2,26.738703,1.7919616,1.6710192335313954e-157,2.657248232145023e-156
1,Tmem121,26.688337,4.079068,6.428522206395395e-157,9.930536208355552e-156
1,Scin,26.368229,2.016213,3.1721533646795776e-153,4.6353448265858335e-152
1,Spns2,26.227005,5.705758,1.307884524570504e-151,1.8608672796959278e-150
1,Cxxc5,26.14663,2.4985857,1.0764457406253229e-150,1.5051680959433393e-149
1,Tspan13,25.887323,2.0691736,9.251697228929841e-148,1.261029655909597e-146
1,Rwdd3,25.863445,1.0104854,1.717704534399908e-147,2.3217639623305425e-146
1,Gm12758,25.4607,1.3289179,5.3742896640023405e-143,7.087071410578696e-142
1,Pdgfrb,25.343658,4.790367,1.0556194081320229e-141,1.38081829031463e-140
1,Abhd6,25.308863,1.6634711,2.5515832298914745e-141,3.284657141971406e-140
1,Fam216a,25.119928,1.7188791,3.012846631625792e-139,3.7882459197651433e-138
1,Fzd8,25.077957,2.3970845,8.6536332009265e-139,1.0797071578386756e-137
1,Plod2,24.93504,2.5290356,3.103107089856257e-137,3.728325703516185e-136
1,Arhgap29,24.628195,2.505365,6.303465632982133e-134,7.355554860933108e-133
1,Zfp365,24.608187,5.459843,1.0323707560558768e-133,1.1709827736521904e-132
1,Jmy,24.564869,0.9787078,3.0002155501922284e-133,3.333116179734106e-132
1,Meis1,24.535728,2.6444368,6.142760863441401e-133,6.732133865204021e-132
1,Nrip1,24.519722,1.4644475,9.102084130022306e-133,9.908443261004149e-132
1,Cnn3,24.483797,2.9704041,2.1981485567911487e-132,2.3769313060768285e-131
1,Ephb2,24.405205,1.8421582,1.5058892223170023e-131,1.5964394239203777e-130
1,Ypel1,24.23219,1.8575675,1.0190078457070781e-129,1.0732667050239486e-128
1,Gm9958,24.20892,0.6710746,1.7920711989234045e-129,1.851426423346345e-128
1,Gm10330,24.196785,0.81625164,2.405033728350906e-129,2.468965004674158e-128
1,Sall2,24.100273,1.0754195,2.483259758071503e-128,2.5332373129509296e-127
1,Ttc26,23.995846,1.4089395,3.0727941216054396e-127,3.0390683324658676e-126
1,Cd27,23.989235,,3.6019518268817666e-127,3.519497507953148e-126
1,Rad9b,23.836966,1.0695837,1.3825011919371475e-125,1.3113549317672827e-124
1,1700112J16Rik,23.627111,1.0099546,2.0295595220430414e-123,1.8704236049737577e-122
1,Gm4890,23.605364,0.9162454,3.395019751631357e-123,3.1111423938678307e-122
1,Runx3,23.326746,1.0966526,2.3736807104126494e-120,2.0924511479833246e-119
1,Hoxa7,23.2913,1.9899155,5.43137069288835e-120,4.7363888515402716e-119
1,Bex6,23.288124,3.3237402,5.8490095080388005e-120,5.073311990395152e-119
1,Krba1,23.17961,1.4545053,7.312446664948236e-119,6.242520258182125e-118
1,Mast4,23.141987,2.3562844,1.7505998631659808e-118,1.4866350670446183e-117
1,Ptk7,22.873634,2.0485334,8.504783421758304e-116,7.0742352359446e-115
1,Lrrc49,22.8635,1.1566421,1.072758554560468e-115,8.877624364781015e-115
1,Dusp2,22.801174,1.413589,4.463782227399616e-115,3.6566943297182715e-114
1,Cpox,22.739414,1.7230092,1.8265254503533105e-114,1.4739424280960544e-113
1,Gfod2,22.71784,0.83486664,2.985232276315899e-114,2.3970528476160338e-113
1,2900026A02Rik,22.709011,0.983258,3.6495522435753315e-114,2.9160461768862993e-113
1,Ctxn1,22.692049,2.0494125,5.3677209617208654e-114,4.2678644117211983e-113
1,Sirt3,22.569921,1.0667212,8.559942112424022e-113,6.772793222610617e-112
1,Msrb3,22.477888,7.132617,6.831136620717735e-112,5.3527070525623996e-111
1,S1pr3,22.477367,2.0372446,6.91190785426954e-112,5.3899589132813434e-111
1,Ociad2,22.47219,2.9617386,7.766329642480319e-112,6.027266354116305e-111
1,Sla2,22.45923,3.4693208,1.0397340266528493e-111,7.992647351805315e-111
1,Hoxa5,22.451271,1.841267,1.2436432821713566e-111,9.470372787239157e-111
1,Tmem151b,22.329447,1.4448601,1.91281262841777e-110,1.443061434090057e-109
1,Zfp599,22.278908,1.7910151,5.918395768171968e-110,4.4237962838594155e-109
1,Rgs7bp,22.27621,1.6797149,6.285586886058587e-110,4.676707306966527e-109
1,Ak4,22.27595,1.9450136,6.322306137861753e-110,4.682548198909481e-109
1,Mef2c,22.253551,2.296278,1.0420703042326095e-109,7.648135898032999e-109
1,Shank3,22.099976,2.2706678,3.162329888352591e-108,2.2496925784683783e-107
1,Cacnb2,22.07114,1.3344654,5.986271961239161e-108,4.2400581314977814e-107
1,Gfi1b,21.99407,2.3028028,3.281893336825369e-107,2.3044290010089824e-106
1,Il1r1,21.993505,2.3792622,3.323045383919633e-107,2.3232670744472606e-106
1,Thsd1,21.991243,2.9602413,3.4928676421874764e-107,2.421124493858157e-106
1,Art4,21.880161,,4.0141936830853225e-106,2.7472667316305455e-105
1,B3gnt5,21.84193,2.4422276,9.275141637827006e-106,6.321125939729161e-105
1,Kank2,21.724455,0.9983263,1.205052949639581e-104,8.144149517980834e-104
1,Gimap6,21.547352,2.095456,5.606373278025712e-103,3.742196484344734e-102
1,Tpk1,21.404432,0.59717816,1.2149075150012988e-101,8.076147497262732e-101
1,Mex3b,21.392994,0.9706125,1.55266697309841e-101,1.0279289103533148e-100
1,Lck,21.335712,2.0037954,5.293111530734053e-101,3.490010936118144e-100
1,Snhg12,21.272125,1.3367809,2.0574091072072762e-100,1.3348470287560808e-99
1,Hes1,21.241203,1.2321501,3.975817242878872e-100,2.569233294003797e-99
1,Gm43255,21.213236,0.41765797,7.207957001416971e-100,4.602876478857609e-99
1,Sipa1l1,21.20232,1.0819774,9.090402043695776e-100,5.782208672499823e-99
1,Ddah2,21.163654,1.0430254,2.0657672513588003e-99,1.3088572194156148e-98
1,Nlgn2,21.065315,1.3439476,1.6551864892911973e-98,1.0325817252424315e-97
1,Nrarp,20.993248,1.5940521,7.559988337362853e-98,4.680267589008606e-97
1,Rab38,20.924833,1.6198393,3.181789313378318e-97,1.94749519483005e-96
1,Iqcb1,20.918657,0.6789581,3.621727370581308e-97,2.2084367650687524e-96
1,Ptprcap,20.819754,1.4315444,2.866590487930089e-96,1.7349290191875392e-95
1,Gm20498,20.811316,0.66368717,3.418363078050959e-96,2.0611839823786824e-95
1,Hmga2,20.7643,2.360569,9.104570329526342e-96,5.4493037175246226e-95
1,Fry,20.710281,0.88554496,2.7982202100671977e-95,1.668644551738601e-94
1,Thnsl1,20.67255,0.7729956,6.119580560761283e-95,3.60943987983811e-94
1,Rem2,20.653261,2.023993,9.124787996309025e-95,5.362465989135232e-94
1,Tcf4,20.643257,1.2901292,1.1223733242012066e-94,6.548523495878983e-94
1,Ppm1l,20.575583,2.1574004,4.542447830616912e-94,2.6408065882654595e-93
1,Gimap4,20.56745,3.4606323,5.371850810069408e-94,3.1118364335473495e-93
1,Ak1,20.54718,2.638642,8.156427765647522e-94,4.658354167563479e-93
1,H2-Q7,20.53261,2.0774176,1.1009773675080685e-93,6.26591329858978e-93
1,5430416N02Rik,20.412352,0.910374,1.2988190105550622e-92,7.340363885436624e-92
1,Arhgap35,20.360638,0.6019132,3.736823898157361e-92,2.1045584593094584e-91
1,Sv2a,20.315884,0.68758696,9.305963594751308e-92,5.187035378242824e-91
1,Epha2,20.243816,2.669234,4.0274802784198385e-91,2.214431529354908e-90
1,Bcl2,20.214024,1.1852639,7.369014935765717e-91,4.038021022233782e-90
1,Mboat2,20.194582,1.5095154,1.0924883140699437e-90,5.966383991318009e-90
1,Gm37214,20.17166,1.0321515,1.7370774039807077e-90,9.454830702203718e-90
1,Mov10,20.097809,0.94958264,7.7124393549289235e-90,4.156005526144423e-89
1,Zdhhc8,20.036613,0.72629106,2.641366766048754e-89,1.4093081889904863e-88
1,Ctr9,19.940016,0.6775639,1.830082057734972e-88,9.669032891355454e-88
1,Tfr2,19.876472,2.0760982,6.505047456477417e-88,3.392664621995617e-87
1,Adgrg1,19.705109,1.6146061,1.9492390595872216e-86,1.0005271375476183e-85
1,Prickle1,19.66653,1.0984703,4.1738467562289784e-86,2.1289243517620762e-85
1,Mylk,19.666182,2.2339952,4.202579582840689e-86,2.1368602142218172e-85
1,Dpp4,19.659527,2.976538,4.791679563205129e-86,2.4287825785995996e-85
1,Cul7,19.634605,0.87023425,7.82856893510425e-86,3.9434592586146256e-85
1,Zfpm1,19.583763,3.6126547,2.1271337810781224e-85,1.0518935953989984e-84
1,Gm5111,19.580326,2.909658,2.2755760216277556e-85,1.1218797285958115e-84
1,Phlda2,19.373886,,1.2820662055238741e-83,6.1890219802372734e-83
1,Tmem176a,19.355293,2.861273,1.8394761379024578e-83,8.853502361061681e-83
1,Arhgef5,19.34555,1.6141982,2.22221136475333e-83,1.0632527532831568e-82
1,Tmem191c,19.277004,1.1872618,8.379024024836433e-83,3.9623256467302314e-82
1,5830416I19Rik,19.273613,0.74270844,8.946813661109433e-83,4.218526673930087e-82
1,Gatad2b,19.094854,0.6137286,2.786300639274496e-81,1.2839146695747822e-80
1,Enc1,19.0842,1.1257104,3.416733365122889e-81,1.5699551043142565e-80
1,Rab26os,18.993864,0.6036373,1.9169168283263285e-80,8.709353208810378e-80
1,Il27ra,18.908226,0.91854376,9.758561436867946e-80,4.42133705324017e-79
1,C030037D09Rik,18.893177,0.7505052,1.2979445392829124e-79,5.847961229769122e-79
1,Shb,18.878998,0.8473475,1.697761166418178e-79,7.628167900083891e-79
1,Amigo1,18.807756,0.8032122,6.524135073968089e-79,2.899218380815408e-78
1,Ccdc102a,18.801928,1.9186182,7.28205391259651e-79,3.227183455254519e-78
1,Ptp4a3,18.2627,1.0711657,1.6398118282504048e-74,6.999407330058307e-74
1,1810044D09Rik,18.106731,0.6149658,2.8199882616979084e-73,1.1942613473822474e-72
1,Clnk,17.959682,1.5887148,4.031130554539361e-72,1.685178803985269e-71
1,Cd96,17.834116,4.074357,3.8407131958800924e-71,1.589193062172834e-70
1,2410018L13Rik,17.764353,0.6067744,1.3346894627565826e-70,5.4668341126039823e-70
1,2610301B20Rik,17.663254,0.5188439,8.046490909403264e-70,3.2792483052894705e-69
1,Vldlr,17.61017,3.3311722,2.0582579343549425e-69,8.346235923809292e-69
1,Gm8113,17.481909,0.70461804,1.96800463836564e-68,7.901246345121456e-68
1,Rsad1,17.34882,1.626588,2.013402220950058e-67,7.984690470369178e-67
1,Ackr1,17.32842,1.05587,2.8710376642822575e-67,1.1330469808919275e-66
1,Gata3,17.323202,1.6675159,3.143696839975904e-67,1.2376398724371155e-66
1,Pcsk9,17.322811,1.4905225,3.1651574285919455e-67,1.2430715131177083e-66
1,Tcf7,17.163233,,5.004787881164149e-66,1.9420492687196767e-65
1,Rras2,17.03245,1.0274847,4.718704428342018e-65,1.813682128618662e-64
1,Acp6,17.019815,0.490347,5.855566921599853e-65,2.245326134003537e-64
1,Cldn11,16.988173,2.9954414,1.0046957914551852e-64,3.84343531542526e-64
1,Acss1,16.954205,1.5046331,1.7916798425664216e-64,6.837893422688791e-64
1,Car2,16.709513,3.3058875,1.1174585332833994e-62,4.157150782077233e-62
1,Agrn,16.665367,0.6390154,2.3404921611950775e-62,8.647558736807326e-62
1,Exoc3l,16.664627,0.90589106,2.369614144627677e-62,8.698896521828589e-62
1,Stxbp6,16.654799,4.76703,2.792868262153916e-62,1.0225806594161742e-61
1,Bbs2,16.633247,0.5279164,4.003017058237026e-62,1.4590772288675184e-61
1,Gmpr,16.610695,1.8263185,5.831308827163986e-62,2.11596933280984e-61
1,Fgf11,16.604889,0.9521295,6.423860070712538e-62,2.32060156674738e-61
1,Mirg,16.602518,2.0404387,6.682672919103363e-62,2.4087323277301454e-61
1,Rian,16.564375,2.087228,1.260827674744712e-61,4.534506626243732e-61
1,Tbc1d16,16.501049,0.6832311,3.605729627871429e-61,1.2853831772324082e-60
1,Eme2,16.496962,0.4376284,3.858290012982509e-61,1.372400526547726e-60
1,Dlk1,16.467125,2.325487,6.320417899424514e-61,2.2286343114927307e-60
1,Tgfbr3,16.252224,3.0424626,2.154050095066117e-59,7.513697320854285e-59
1,Tbxa2r,16.162802,4.1695004,9.227014560606747e-59,3.170808817225454e-58
1,Atp1b2,16.157713,,1.0021000137171922e-58,3.4291270511588305e-58
1,Rabggta,16.077295,0.52918905,3.681068186098326e-58,1.2543471844225809e-57
1,Tmem9,15.917327,0.2578617,4.8047279586844734e-57,1.6202221931364274e-56
1,Gzmc,15.916761,2.446246,4.848335060590396e-57,1.6315351593936976e-56
1,Emid1,15.9063225,0.6135403,5.728060264181139e-57,1.9235846270190076e-56
1,Hid1,15.901712,1.6670259,6.16560704394611e-57,2.066242691173676e-56
1,2610307P16Rik,15.850999,1.7102313,1.383629675415769e-56,4.6177928673341095e-56
1,Zfp799,15.788848,0.4841973,3.71301909017696e-56,1.2290850947483734e-55
1,Nwd1,15.755488,0.6273602,6.297119632126229e-56,2.0802297440547337e-55
1,Sapcd1,15.587691,1.365905,8.826626480013542e-55,2.863357630116393e-54
1,Tph1,15.582907,0.62105894,9.512830219341163e-55,3.0798025181180374e-54
1,Ccdc62,15.579645,0.87677234,1.0010906042796985e-54,3.234599522194564e-54
1,Fgf3,15.574818,4.68197,1.0796105635813503e-54,3.481368457512823e-54
1,Dab2ip,15.541719,0.8216292,1.810609499984988e-54,5.815462592030992e-54
1,Gata2,15.524756,-0.2616464,2.358974608187351e-54,7.546857622248291e-54
1,Car1,15.462127,,6.25008191495287e-54,1.991676398045885e-53
1,Esm1,15.421504,,1.1734010727524813e-53,3.7245724853317504e-53
1,Srgap3,15.420373,1.7418423,1.1941295682716258e-53,3.782965155735502e-53
1,Tmem108,15.387448,2.3392715,1.9871499521530795e-53,6.282957548522992e-53
1,Psd3,15.351045,1.1648202,3.485285304200887e-53,1.0998312769287624e-52
1,Podxl,15.252141,2.543809,1.5932199802982217e-52,4.998458042637748e-52
1,Adgrl4,15.224436,1.889873,2.4344955279164955e-52,7.608384867592593e-52
1,Gm17590,15.16659,,5.885629253254101e-52,1.828829626202711e-51
1,Ccdc8,15.150628,0.8410445,7.504626086926221e-52,2.3229968536248722e-51
1,Cpne5,14.914807,0.66380835,2.640375163825139e-50,8.020015947049391e-50
1,Ppp2r3a,14.90637,0.705958,2.99604413881679e-50,9.083333818992211e-50
1,Serpina3f,14.866878,2.9857912,5.407693155157892e-50,1.6333851578521602e-49
1,Plac8,14.831301,1.3675919,9.193440157729068e-50,2.771702590304191e-49
1,Rabgap1l,14.75223,1.3776865,2.976648691707932e-49,8.924443951848919e-49
1,Lrrc1,14.749055,0.37398186,3.1200366678167142e-49,9.337083902580648e-49
1,Camk2b,14.707562,0.52590275,5.764690841709577e-49,1.7219757910226398e-48
1,Etv5,14.702995,0.34988555,6.167016562426801e-49,1.8387685412235792e-48
1,Egln3,14.676595,0.9668829,9.104897308573514e-49,2.699843406673901e-48
1,Ghr,14.650521,0.881707,1.3368682668950706e-48,3.956934906758767e-48
1,Mllt3,14.64615,0.6914315,1.425687767893976e-48,4.2121412741785593e-48
1,Nlrp6,14.533633,,7.417975584502128e-48,2.1640209349033185e-47
1,Socs2,14.491227,0.5839772,1.3766165047852945e-47,4.0087468056763873e-47
1,Hmgn3,14.434424,0.3483072,3.1425645606127213e-47,9.085988800915925e-47
1,Gimap1os,14.394019,,5.641927140680462e-47,1.6225542237914379e-46
1,Kcnq3,14.392149,0.5641633,5.796605495144229e-47,1.6640874536502545e-46
1,Ccdc92,14.215045,1.5891392,7.390398748287337e-46,2.0811157586323022e-45
1,Myct1,14.207782,3.0989466,8.198166993815743e-46,2.30458004574855e-45
1,Stau2,14.183817,0.46934798,1.1539563846067097e-45,3.238265148498414e-45
1,Itga6,14.178902,0.63033277,1.2376781896639866e-45,3.467209021822084e-45
1,Ssbp3,14.151327,0.48544478,1.83265151304789e-45,5.125104748558065e-45
1,Clec2h,14.147891,0.4087612,1.9244146861886144e-45,5.3724623425093503e-45
1,Slc7a5,14.123688,0.65913016,2.7140983383715476e-45,7.538129289107278e-45
1,Ptger3,14.030982,-0.15234135,1.0074740037853208e-44,2.788605519009881e-44
1,Gimap1,14.030199,0.7283232,1.0186576175892342e-44,2.814757505502109e-44
1,Ermap,14.006712,,1.4181975501783454e-44,3.9121027659681567e-44
1,Arrdc3,14.003624,0.44749987,1.481201028651925e-44,4.0789610670176946e-44
1,Frs3,14.002406,0.45049283,1.5068063119852294e-44,4.1424404034576986e-44
1,Kbtbd11,13.997144,2.213545,1.6226180196711186e-44,4.453276527760667e-44
1,Egfl7,13.965437,0.9690991,2.533456982660296e-44,6.941329773437499e-44
1,Hdac9,13.93012,0.8921655,4.1565201516546305e-44,1.1369098964559547e-43
1,Krt18,13.905851,2.0000882,5.836802366864734e-44,1.5911417544629578e-43
1,Otub2,13.8757105,-0.5404196,8.890741056281252e-44,2.419594294175871e-43
1,Nkx2-3,13.854964,1.8092388,1.1871559148756438e-43,3.225405182459454e-43
1,Cox6a2,13.800294,,2.5381718683567406e-43,6.872979583430106e-43
1,Wtip,13.767978,0.72406423,3.971743886477198e-43,1.0719082502272904e-42
1,Thy1,13.762237,1.0895249,4.300128898060838e-43,1.1586061582482855e-42
1,Gm13346,13.715025,0.3380327,8.253793020807003e-43,2.2019164933797628e-42
1,Pik3ip1,13.627191,0.86990505,2.7600302494613182e-42,7.314982131742251e-42
1,Gzma,13.623928,,2.88615452028915e-42,7.636774277176184e-42
1,Car9,13.622058,0.36349243,2.961034457768516e-42,7.80942746422851e-42
1,Rhobtb2,13.517109,0.3929571,1.2395178324044575e-41,3.242738587354887e-41
1,Jakmip1,13.460481,1.4851187,2.6717179799557377e-41,6.944754108154178e-41
1,Cx3cl1,13.379018,3.11885,8.01998965383583e-41,2.0780228783581015e-40
1,9330020H09Rik,13.345702,0.3808451,1.2548248995297854e-40,3.230676169900495e-40
1,Tle6,13.27246,0.514737,3.3442100663887027e-40,8.542218468791301e-40
1,Cetn4,13.267197,0.46647236,3.587507218376664e-40,9.14927155378451e-40
1,1700016F12Rik,13.224226,,6.358874465308907e-40,1.616629213594208e-39
1,Igfbp5,13.223095,0.30876938,6.455223107777364e-40,1.638555849892783e-39
1,Faah,13.098052,-0.82383937,3.3781806865867655e-39,8.508399182676606e-39
1,Clec10a,13.036726,0.63103396,7.5635487781501e-39,1.8903044866193315e-38
1,Sox5,13.014979,0.69613683,1.0056901209768045e-38,2.509583655729811e-38
1,Nrgn,12.986535,2.2403102,1.45883438499355e-38,3.623628441745082e-38
1,Cyp2j6,12.899766,1.0096422,4.514651822885446e-38,1.1145761425753718e-37
1,Lat,12.875845,0.12923175,6.156172559616228e-38,1.5083552706491724e-37
1,Evpl,12.850141,1.1689324,8.585432817121481e-38,2.0972247032185304e-37
1,Fam43a,12.835831,0.87153065,1.032885826015602e-37,2.515526741437397e-37
1,Sgsm1,12.795513,0.70358676,1.7370193463618277e-37,4.211428071448258e-37
1,D5Ertd605e,12.767939,0.52098626,2.4762732254599683e-37,5.968076035209611e-37
1,Gcsam,12.7093525,2.2010233,5.246688605429986e-37,1.2607598397048055e-36
1,Ttc3,12.662771,0.4168028,9.508226275692998e-37,2.2814116892269292e-36
1,Mycn,12.641068,0.7704868,1.2533914408393934e-36,3.002955564315356e-36
1,Tbc1d4,12.622889,0.7898739,1.5792124450317574e-36,3.772433852491179e-36
1,Il2rb,12.561976,0.90318644,3.416914479279014e-36,8.114546537907117e-36
1,Bcl11a,12.554952,1.3099695,3.734085726459651e-36,8.854805626195255e-36
1,Cpa3,12.502499,-1.091478,7.234093665769272e-36,1.712948894288724e-35
1,Il2ra,12.397463,2.9988856,2.697294622807467e-35,6.359028892723418e-35
1,F2r,12.336877,-0.20849769,5.733719196913288e-35,1.3478394981729499e-34
1,Ccnd2,12.253587,0.83094984,1.6072599736997369e-34,3.7189381987745697e-34
1,Rbp1,12.235016,2.972501,2.020660424747855e-34,4.66881938595587e-34
1,Snn,12.169689,1.7800262,4.507981327937606e-34,1.0371554204134463e-33
1,Dntt,12.106537,,9.752582248253713e-34,2.237438247053398e-33
1,Wdr59,11.93961,0.31531888,7.356770908835109e-33,1.6735879963717455e-32
1,Slc6a9,11.887939,-0.72562385,1.367382300719155e-32,3.097617446601214e-32
1,Col1a2,11.876588,4.4481273,1.5663134631568292e-32,3.5433199961511533e-32
1,Gm43920,11.875718,0.19304222,1.5826926919740521e-32,3.5753865548494603e-32
1,Itga2b,11.833051,0.2909593,2.633902939442609e-32,5.941850581051338e-32
1,Cttn,11.787427,1.1807595,4.531764752180798e-32,1.0194899345405346e-31
1,Tie1,11.754937,1.0843419,6.661017160814862e-32,1.494352674251965e-31
1,Il1rl1,11.749848,-0.60565,7.07454857095999e-32,1.5849333953172798e-31
1,Klhl30,11.724927,5.8894978,9.498290899483826e-32,2.1220699502703535e-31
1,Atp8b5,11.680781,0.1427933,1.598196308834001e-31,3.5462030272623116e-31
1,Samd14,11.599667,2.9978666,4.136873339509452e-31,9.141701030905083e-31
1,Xcl1,11.5537815,3.1633592,7.064264680041237e-31,1.5568257216069138e-30
1,Gm45051,11.542821,0.5648558,8.02496304254834e-31,1.7637520399747165e-30
1,Rundc3b,11.444004,0.51380473,2.519812213704013e-30,5.523155960307985e-30
1,Ctla2a,11.442961,-0.12888165,2.5503214010977783e-30,5.582484902268012e-30
1,Gm4707,11.435001,0.26363492,2.7953317086007735e-30,6.102325748789306e-30
1,Uchl1,11.415081,1.0953255,3.515754800467739e-30,7.664723503170259e-30
1,Slc18a2,11.405209,0.69395006,3.9383373878099596e-30,8.574474151715106e-30
1,Mdga1,11.362845,0.6267768,6.402441019183452e-30,1.388336809240048e-29
1,Fads3,11.35841,0.7777117,6.73597966072293e-30,1.4587128183835236e-29
1,Foxn3,11.322788,0.5769205,1.0120066199320239e-29,2.1828121509704028e-29
1,Camk2a,11.317874,1.0769855,1.0703644169939092e-29,2.3056189699390712e-29
1,Pcp4l1,11.308958,0.49869975,1.1848866247998705e-29,2.5489205642246554e-29
1,Mecom,11.287646,1.8275604,1.5102734701838548e-29,3.244587508130083e-29
1,Meg3,11.286777,1.82574,1.5252906584479048e-29,3.272515142860452e-29
1,Rfx2,11.206183,0.56868225,3.802387106319049e-29,8.115094587433549e-29
1,Eno3,11.169301,0.3663186,5.763265541779693e-29,1.2251660168763645e-28
1,Eomes,11.154513,,6.806428554829188e-29,1.4450297272163539e-28
1,Slc45a3,11.108498,0.21418896,1.140626488563185e-28,2.412120162254871e-28
1,Rnf122,11.018945,1.4842819,3.0966763277265885e-28,6.514667968317155e-28
1,Gm11772,11.017205,0.8407094,3.1570979921463744e-28,6.624596304348537e-28
1,Lgalsl,11.007549,1.8564091,3.5143202367270333e-28,7.355132159962901e-28
1,Ccz1,10.97406,0.2798007,5.093292268710667e-28,1.0632329549354829e-27
1,Fbxo44,10.932437,0.31669188,8.065300228554331e-28,1.6793218190905167e-27
1,Slc17a8,10.930088,0.1990736,8.276795507749116e-28,1.7211490145601366e-27
1,Gzmb,10.867501,-0.04024047,1.646481741395954e-27,3.415081054404396e-27
1,Il12a,10.8511915,1.2512555,1.968425000552085e-27,4.077631354911216e-27
1,Prkca,10.841231,0.64652306,2.194962046621724e-27,4.535322853019664e-27
1,Rab27b,10.823225,0.33598968,2.672052985336371e-27,5.507077436106218e-27
1,Pafah1b3,10.803392,0.37367147,3.31716504228782e-27,6.810685694418789e-27
1,Ccnd1,10.792954,0.7304595,3.7164788319240566e-27,7.620895910721644e-27
1,Tmem64,10.78543,-0.47335994,4.0335383603701066e-27,8.250188172156763e-27
1,Ccdc171,10.722191,0.27974156,8.008383824208446e-27,1.631859115937952e-26
1,Slc22a3,10.628767,0.46307707,2.1898829093925315e-26,4.439987598793358e-26
1,Serpine1,10.608021,0.9041857,2.734806678505832e-26,5.537898167960624e-26
1,Pmepa1,10.596495,1.6631163,3.093576376353846e-26,6.256584641453789e-26
1,Inpp4b,10.596234,-0.45842102,3.102217730748267e-26,6.266248019020783e-26
1,Tnfrsf8,10.545347,0.769124,5.337542403173891e-26,1.0768027087000062e-25
1,Serpina3g,10.515032,0.41168872,7.365558264374344e-26,1.482250062632157e-25
1,Rrad,10.505898,0.6786161,8.114616505923272e-26,1.6309675306824716e-25
1,Spag1,10.505333,0.20755751,8.163392498583476e-26,1.6387404248394058e-25
1,Azin2,10.494721,0.8989109,9.134723475499062e-26,1.8292001823777134e-25
1,Arpp21,10.444487,1.8142632,1.5529391842941893e-25,3.102053395228048e-25
1,Ckap2l,10.4422245,0.772932,1.590393293519318e-25,3.172961773786389e-25
1,BC064078,10.373897,0.8193155,3.2595556212009584e-25,6.479165707828376e-25
1,Gm15856,10.344452,1.2385092,4.43446795804657e-25,8.793040376468872e-25
1,5830418P13Rik,10.25168,0.24637127,1.1630331129275612e-24,2.2949388189397862e-24
1,Tmem158,10.251463,1.142259,1.165653113417207e-24,2.297313912469878e-24
1,Arhgef25,10.237806,-0.8030808,1.3424550169173563e-24,2.6361525876996997e-24
1,Prelid2,10.236023,0.5122078,1.3674200039363677e-24,2.6819289557252578e-24
1,Hbb-bt,10.234718,2.5508258,1.385977948044449e-24,2.7150437581257205e-24
1,Hbb-bs,10.217756,7.5679464,1.6511888016421898e-24,3.230673385118977e-24
1,Trp53i11,10.167304,1.4837155,2.7748299373406434e-24,5.4095843249597644e-24
1,Dkkl1,10.148559,0.81221116,3.362944944361772e-24,6.54825534184249e-24
1,Igha,10.146166,,3.4463724557539254e-24,6.702657222101758e-24
1,Slc30a4,10.116069,0.6754832,4.688708576854924e-24,9.053672990069864e-24
1,Plpp1,10.0957575,0.94770306,5.7683962956703154e-24,1.1112041320163006e-23
1,Snap47,10.086842,0.6115304,6.316948446852823e-24,1.2154318363932715e-23
1,Macrod1,10.056745,0.37658176,8.578870423656372e-24,1.648688131181355e-23
1,Hic1,10.012555,0.32962325,1.3424009513042505e-23,2.5767743704325374e-23
1,Pou2f2,9.982632,0.74143535,1.8158562846948296e-23,3.481464413445642e-23
1,Tmtc2,9.943314,-0.92501265,2.697028831206715e-23,5.164794290693379e-23
1,Gimap5,9.910389,0.809168,3.751811141372892e-23,7.150925583204266e-23
1,Akr1c12,9.894689,-0.6191639,4.3897565563002214e-23,8.347227590057397e-23
1,Selp,9.890643,1.5269238,4.5708045553798e-23,8.681317317126505e-23
1,Flt3,9.85959,1.2575477,6.23037191135928e-23,1.1805681355402748e-22
1,Slco2b1,9.85437,0.19516206,6.562689931579184e-23,1.2420867058368071e-22
1,Oaf,9.835233,-0.5689834,7.938357853894234e-23,1.495472292568693e-22
1,Lhx3,9.827839,0.23483378,8.543207930109188e-23,1.607550262486903e-22
1,Gnai1,9.798873,0.24507552,1.138490632090741e-22,2.132369290128386e-22
1,Col4a1,9.798481,1.5119189,1.1429105463901443e-22,2.138178669255841e-22
1,Igfbp7,9.789957,-0.91777784,1.2434922441502695e-22,2.3209947295877296e-22
1,Ctsg,9.785216,0.754652,1.3031691545258144e-22,2.4295866306216904e-22
1,Gnb4,9.783693,0.2034904,1.3229262123734117e-22,2.4635893415266056e-22
1,Mt1,9.7782135,0.5223708,1.396538001848502e-22,2.597688806190677e-22
1,Trib3,9.7542925,0.43801612,1.7682990251328373e-22,3.285430720235352e-22
1,Calca,9.752987,0.057700228,1.7911819359920263e-22,3.324138558557284e-22
1,Fcer1a,9.694619,0.01108285,3.178202253317053e-22,5.884753487306233e-22
1,Ppp3cc,9.665348,0.82541555,4.231770661204941e-22,7.817690219219151e-22
1,P4ha2,9.622464,0.100505486,6.427263435532775e-22,1.1819752032238278e-21
1,Cma1,9.605241,0.24044262,7.598007164069311e-22,1.3925387141379008e-21
1,Kcnb1,9.595216,0.41355544,8.374177404482152e-22,1.532301202138291e-21
1,Ehd3,9.579188,3.8450646,9.781047491993052e-22,1.786583224325758e-21
1,Tslp,9.519733,0.32137555,1.7362428171633644e-21,3.1607024123894242e-21
1,Fyn,9.502553,0.11836839,2.0480572489784093e-21,3.724157912380022e-21
1,1700025G04Rik,9.462453,0.47636825,3.0080346722596836e-21,5.4514326686091696e-21
1,Gpr65,9.407782,0.49215677,5.067183549497887e-21,9.152529751988388e-21
1,Tubb3,9.406825,1.56907,5.113510085429996e-21,9.225932545681263e-21
1,Slc14a1,9.4055195,4.4671946,5.177358393768023e-21,9.33075034965748e-21
1,Gm16754,9.4012575,0.484914,5.39147462226493e-21,9.692364845284667e-21
1,Wdpcp,9.401171,0.24520217,5.395934312757123e-21,9.692364845284667e-21
1,Ikzf2,9.349762,0.13718627,8.784547864704468e-21,1.570952220126863e-20
1,Padi2,9.337235,-0.7522409,9.888207821910677e-21,1.7644304826335663e-20
1,Angptl2,9.296439,-0.41788453,1.4522830996780888e-20,2.582898232102917e-20
1,Rbpms2,9.294308,1.6138545,1.4816719160452766e-20,2.632280227629177e-20
1,Vmac,9.283608,0.32106754,1.6383397129794925e-20,2.904248103227035e-20
1,Hba-a2,9.259122,,2.0612062088237807e-20,3.641913366788859e-20
1,Hs3st1,9.189576,1.6891676,3.943926140162045e-20,6.900807119032187e-20
1,Zmpste24,9.079581,-0.025051035,1.0899294004989823e-19,1.8968513815550957e-19
1,Avil,9.056182,-0.5347844,1.3509617608383163e-19,2.34108971803392e-19
1,2610037D02Rik,9.0216055,0.2151603,1.853531343381127e-19,3.201733587821287e-19
1,Hba-a1,9.011993,,2.0234489023770525e-19,3.487815217487332e-19
1,Jade2,9.0096445,0.46348897,2.0672539692012926e-19,3.5595392123614613e-19
1,Ankrd37,8.998772,0.3119697,2.2825794565526243e-19,3.926133487304726e-19
1,Mpo,8.987463,0.2992965,2.530028516505985e-19,4.342546300288579e-19
1,Bst2,8.899476,0.37935168,5.611085451722131e-19,9.580190108098207e-19
1,Il4,8.892735,-1.056413,5.962301710796797e-19,1.0169141298540907e-18
1,Tmem215,8.883406,0.77711177,6.484408899440387e-19,1.1048016003038139e-18
1,4930503B20Rik,8.880861,-0.68471956,6.634475229599261e-19,1.1291835070734524e-18
1,Zfp362,8.83454,0.20490286,1.0051026090329844e-18,1.7017499288637796e-18
1,Itpr3,8.82432,-0.5157026,1.101270026116492e-18,1.8626277188331074e-18
1,Cd200r3,8.789873,-1.132346,1.497287739185369e-18,2.5271599510496033e-18
1,Adpgk,8.743466,-0.15862846,2.260659576878159e-18,3.807673762924583e-18
1,Casp12,8.705409,2.9458256,3.1643041970162975e-18,5.32417158460626e-18
1,Engase,8.695537,0.8350558,3.4519497911964085e-18,5.796131015859808e-18
1,8030423F21Rik,8.68749,0.20556062,3.7053437263481055e-18,6.202340066188469e-18
1,Mylk3,8.6786175,3.7436895,4.00608247361601e-18,6.6919317942380724e-18
1,2700081O15Rik,8.644432,0.2139797,5.407365257893738e-18,8.995637382875531e-18
1,Fam234b,8.626164,0.33578527,6.344361394739759e-18,1.0532808784306949e-17
1,Perp,8.615422,-0.98088926,6.968450037877858e-18,1.1557081760161437e-17
1,Fchsd2,8.611116,0.38916063,7.235267645344838e-18,1.1975106245662578e-17
1,Ctla2b,8.592631,0.025551086,8.499982861154527e-18,1.405399816594561e-17
1,Kit,8.488596,0.23537412,2.0914904833591433e-17,3.444058440617797e-17
1,Espn,8.468633,-0.1479921,2.4829119828914083e-17,4.0803274936675424e-17
1,Col18a1,8.443885,0.45239025,3.069622121418086e-17,5.0343044296664666e-17
1,Lax1,8.4378395,0.70673406,3.232583288642027e-17,5.296212216340776e-17
1,Myl10,8.419811,0.7316748,3.77091797907544e-17,6.171976752835886e-17
1,Aqp1,8.402044,,4.387728964659497e-17,7.159855513760266e-17
1,Sytl3,8.4004345,-0.9343508,4.448281910728494e-17,7.25137010975037e-17
1,Mad1l1,8.396086,0.24675396,4.616093683676055e-17,7.509833455288426e-17
1,Ddc,8.392388,0.12949146,4.7636320016483205e-17,7.742095297268113e-17
1,Tshz3,8.356333,0.015582106,6.469805753895321e-17,1.049402493281821e-16
1,Trim46,8.344633,0.32665482,7.143533634883934e-17,1.157523631946228e-16
1,Mn1,8.33824,,7.540469542573141e-17,1.2190876571538763e-16
1,Mcpt8,8.338153,-1.2571119,7.546017310619554e-17,1.2190876571538763e-16
1,Cd69,8.293094,0.01959344,1.1034046383605919e-16,1.7790480352096221e-16
1,Cep170b,8.209022,0.3008774,2.229989248210172e-16,3.591899265736742e-16
1,Top2a,8.181142,0.6693144,2.8116632380359113e-16,4.524323186601436e-16
1,Pan3,8.083848,0.18922408,6.275472189470378e-16,1.007803553596134e-15
1,Tshz1,8.030351,0.26299992,9.71942137546724e-16,1.5547240109475212e-15
1,Spred1,7.9839873,-0.19011015,1.4168073507978318e-15,2.2618715777500815e-15
1,Zfp667,7.9592395,0.16277856,1.7309984050026362e-15,2.7553281775409968e-15
1,Spry1,7.9151807,1.9522722,2.468938521234793e-15,3.9184131912356496e-15
1,Tpsb2,7.914659,0.08012949,2.479317304291833e-15,3.931038775719798e-15
1,Rab11fip3,7.836545,0.25886968,4.631119342625967e-15,7.314192379493007e-15
1,Ifi203,7.8032293,0.49310368,6.0342753337861166e-15,9.521006411868755e-15
1,St3gal5,7.7783947,0.35327798,7.345061098288474e-15,1.1577929155902726e-14
1,Il21r,7.771001,0.71815777,7.786838571095143e-15,1.2262380740112933e-14
1,Epb41l3,7.7498198,4.14592,9.20231654566546e-15,1.4477359298806375e-14
1,Osm,7.728334,-0.8946382,1.0896317146858322e-14,1.7109222083450336e-14
1,Rab6b,7.716417,0.25823423,1.196455873772625e-14,1.8768389045059938e-14
1,Gpr171,7.7030644,0.307573,1.3284136006190758e-14,2.0818230533373344e-14
1,Bnip3,7.598463,0.43906623,2.996680746839912e-14,4.651307341028074e-14
1,Prtn3,7.585328,0.17958121,3.316464143444641e-14,5.137826972939072e-14
1,Ly6d,7.5773687,,3.526328606646829e-14,5.457733778607974e-14
1,Il6,7.4813795,-1.1833072,7.354650818710275e-14,1.1275277531141839e-13
1,Ddt,7.446063,0.33266044,9.616696501907502e-14,1.4715360118956573e-13
1,Fam135a,7.385303,0.20934372,1.5210675260119885e-13,2.323137031253715e-13
1,Vegfc,7.3593807,-0.60279197,1.847651268836645e-13,2.816626276365637e-13
1,Gem,7.324021,-0.9065924,2.406491848524406e-13,3.661660204790419e-13
1,Kmo,7.320846,0.7899955,2.464126905886896e-13,3.745842400514101e-13
1,Csrp3,7.304362,0.71491605,2.785855086271311e-13,4.2309522003109234e-13
1,Rgs18,7.289096,0.47940296,3.120420384044159e-13,4.734632238465506e-13
1,Fgd5,7.269263,1.3181448,3.614542833589659e-13,5.474125561234759e-13
1,Pde1c,7.2372518,-0.46441546,4.578672620578728e-13,6.921348546671664e-13
1,Serpine2,7.229075,2.1429589,4.862942032813281e-13,7.344219718084861e-13
1,Ms4a2,7.208677,-0.4838796,5.649816071252552e-13,8.516730174323085e-13
1,Tnfrsf9,7.1480036,0.7027989,8.804888002129074e-13,1.3260471995778418e-12
1,Sdc1,7.127692,-0.40262872,1.0206551008715238e-12,1.5357166731109571e-12
1,Tsc22d1,7.1241913,0.44574723,1.0469359046202285e-12,1.5737998492066826e-12
1,Gm10735,7.094746,0.1480501,1.2958896009956928e-12,1.9462341970509386e-12
1,Agap1,7.087983,0.1484712,1.360805500675311e-12,2.04183767076351e-12
1,Gm10797,7.0693245,0.12755994,1.5568965114474397e-12,2.3231703234293903e-12
1,Aqp9,7.021221,-1.0192906,2.1993760507543083e-12,3.2788492227237943e-12
1,Prss34,7.000475,-1.4308316,2.550966009709689e-12,3.7890722232134755e-12
1,Rasal1,6.989384,1.6488191,2.7609582464345884e-12,4.097231725267065e-12
1,Cmtm8,6.9830775,0.24775648,2.8878307828894466e-12,4.281591891998796e-12
1,Klrb1f,6.9310594,0.44012958,4.1770014033556145e-12,6.1760221296652754e-12
1,Il17re,6.894047,1.2936151,5.422716456673735e-12,7.99604190247709e-12
1,Ctse,6.8338523,-0.78376955,8.266420281228394e-12,1.2123086524550141e-11
1,Eya2,6.824675,-1.0006744,8.81245201139517e-12,1.2900538955309536e-11
1,Ttc39b,6.8059297,0.18773195,1.0039885110815645e-11,1.4684124120597816e-11
1,D630039A03Rik,6.8009715,1.0470544,1.0391612303818481e-11,1.5184860501615837e-11
1,2200002D01Rik,6.7760496,1.0821247,1.2350622402290365e-11,1.8015026561614184e-11
1,Gprin3,6.7321215,0.2879064,1.6720690052844365e-11,2.434556487047896e-11
1,Slc2a4rg-ps,6.705025,0.12363359,2.0137156559994067e-11,2.921508760313987e-11
1,Dnase2b,6.6930647,-1.2526774,2.1854460795843263e-11,3.167822646189256e-11
1,Samsn1,6.6875844,0.25918117,2.2688429069364832e-11,3.285770709866942e-11
1,Slc24a3,6.685801,-0.7109276,2.296645853753245e-11,3.3230683093557214e-11
1,Gimap8,6.681974,0.8742962,2.3574514582303422e-11,3.408009149063828e-11
1,Zbtb5,6.671144,0.1578405,2.5381700494900667e-11,3.662732936185844e-11
1,Akr1c18,6.6510067,-1.5591465,2.910951452660698e-11,4.1969451166361354e-11
1,Ifi47,6.6417427,0.45989037,3.099960241307355e-11,4.4654844683841296e-11
1,Casq2,6.6086006,0.21446592,3.8796948693697954e-11,5.5837312139465906e-11
1,Bfsp2,6.6065564,-0.5432116,3.933620286576101e-11,5.651312758925098e-11
1,Tpsab1,6.5705876,0.082145944,5.01170695324179e-11,7.187434728698659e-11
1,Tpsg1,6.5532775,-0.17036176,5.6287832502021913e-11,8.051046236179855e-11
1,Atp13a4,6.5495806,0.15728705,5.7698960536666586e-11,8.245613567442573e-11
1,Cnrip1,6.4507203,0.06548477,1.1131977489279727e-10,1.583865569088747e-10
1,Cd55,6.4241896,-0.5741179,1.3257401871724574e-10,1.8829689873850488e-10
1,Slc35d3,6.410837,3.186012,1.4472284708389174e-10,2.0537222919516396e-10
1,Mcpt4,6.362429,0.097539715,1.9858777552430613e-10,2.813182287339952e-10
1,Eya1,6.2806616,-0.17106517,3.3713485637574247e-10,4.767504246220177e-10
1,Akr1c13,6.2724414,-0.44064072,3.554298822530108e-10,5.021840322424944e-10
1,Hdc,6.2465196,-1.1268487,4.196993949480639e-10,5.919586248745736e-10
1,Car8,6.2393866,-0.22044773,4.392897910442563e-10,6.190512954594124e-10
1,Ppp1r3g,6.2349067,-0.33009607,4.520468542433331e-10,6.364756923460819e-10
1,Cd2ap,6.175017,0.259088,6.615646885635665e-10,9.290544803897012e-10
1,Sema4c,6.1166487,-0.6907755,9.556365112878327e-10,1.3373963945719282e-09
1,Gm12289,6.1135173,0.14742082,9.745880508093115e-10,1.3603974340901061e-09
1,Gbp3,6.087943,0.37746474,1.1437037799301605e-09,1.5937178101775948e-09
1,Pcp4,5.947112,1.4783338,2.7291436706604218e-09,3.777023066391813e-09
1,Tap1,5.940632,0.13775656,2.839258536562418e-09,3.9193849755780786e-09
1,Gadd45a,5.940327,0.21716955,2.8445367444531224e-09,3.923332142434493e-09
1,1700086P04Rik,5.884482,0.21129492,3.993027421189688e-09,5.4933761468784345e-09
1,4933415A04Rik,5.8481216,1.0667351,4.971550877528996e-09,6.82221279471407e-09
1,Trp53cor1,5.81585,0.47465783,6.032668272510775e-09,8.271333844473777e-09
1,4930458D05Rik,5.7712255,0.08544841,7.869704615673935e-09,1.0753715995470196e-08
1,Prnp,5.7533064,0.9438752,8.751468398749297e-09,1.1948553655531447e-08
1,Tox,5.7306466,0.28297928,1.0004864665793389e-08,1.3648351966288375e-08
1,Tnip3,5.726297,0.2975455,1.0264642213220604e-08,1.3967491333761595e-08
1,Mndal,5.708247,0.019379696,1.1414544648143571e-08,1.5493214576810773e-08
1,Spire2,5.7012014,-0.32231277,1.1896593659530268e-08,1.613400912688804e-08
1,Gm20257,5.6628404,0.1746445,1.4888760068912766e-08,2.0175078389119887e-08
1,Taco1,5.573723,0.14041273,2.493523910913838e-08,3.36480514434463e-08
1,Tspyl4,5.565981,0.16132571,2.6068163965039878e-08,3.511840693629126e-08
1,Elane,5.5575433,-0.32161245,2.735980950767832e-08,3.682789296386244e-08
1,Il12rb1,5.526272,-0.27380717,3.2710745803021885e-08,4.399405447139428e-08
1,H2-Ob,5.520748,0.45057923,3.3755950998605204e-08,4.5362181043693157e-08
1,Glyctk,5.4856057,0.20354423,4.1205551212542355e-08,5.5235871129540244e-08
1,Nrip3,5.41432,-1.195393,6.152201868219797e-08,8.199565678103952e-08
1,Lars2,5.3881373,0.06986876,7.119170468409968e-08,9.472760049024584e-08
1,Jazf1,5.3695655,-0.7717205,7.892653502623365e-08,1.0484753465401392e-07
1,Zeb1,5.3340535,0.26775903,9.604428377456963e-08,1.2717047206722605e-07
1,Ccdc30,5.289277,0.14028603,1.228007518278127e-07,1.6233318619780945e-07
1,Serpinb9,5.285232,0.22706722,1.2554540941539656e-07,1.6582626553075995e-07
1,Rprm,5.2079883,-0.1802933,1.9089903996962369e-07,2.515339096919006e-07
1,Serpinb6b,5.1938095,1.4298999,2.0603404882807118e-07,2.7125586623306127e-07
1,Zfp236,5.1724544,0.09436271,2.3103907767860957e-07,3.03192058248143e-07
1,Desi1,5.1559267,-0.2019505,2.523794495702138e-07,3.3066192827373726e-07
1,Ndrg2,5.1477065,0.17297478,2.636905032173733e-07,3.446462499746813e-07
1,Zfp532,5.127091,0.88111657,2.9425360493169715e-07,3.842828882441327e-07
1,Sema6d,5.102865,0.6051915,3.3454951671963213e-07,4.3655616743301955e-07
1,Acadm,5.089556,0.2517262,3.5890257179502944e-07,4.6758230638677733e-07
1,Npr2,5.071202,-1.3141572,3.953108791192761e-07,5.146021235405022e-07
1,Dnajc28,5.0602636,0.17197984,4.186775598319638e-07,5.441466362559657e-07
1,H2-Aa,5.0523696,-1.7724732,4.363626276347216e-07,5.666774876089019e-07
1,Hgfac,5.033537,-0.71444917,4.815121506070425e-07,6.248101666276983e-07
1,Lif,4.96584,-1.5067388,6.840445601998798e-07,8.861983040289177e-07
1,Ifi27,4.951161,0.15760437,7.377215554244705e-07,9.542140055011892e-07
1,Osbpl5,4.8828764,-0.8622849,1.04549452833174e-06,1.3458667658365735e-06
1,Dst,4.836469,-0.6315659,1.3216584616559946e-06,1.6986767233011277e-06
1,Trdc,4.8216815,,1.4235322435637415e-06,1.8281625487414005e-06
1,Cacnb1,4.806937,0.19600414,1.5326015474888699e-06,1.963570071111333e-06
1,Marcksl1,4.770229,0.21279761,1.8401673673248882e-06,2.35576280173715e-06
1,Slc2a3,4.758355,0.45243198,1.9517682827363e-06,2.496662582490756e-06
1,Pglyrp2,4.7562675,-0.06533889,1.9720509865107003e-06,2.520619937053078e-06
1,Lama5,4.7448287,-1.2129192,2.0868275062165687e-06,2.6652237914041532e-06
1,Gm7694,4.714949,0.10701774,2.4177135408062125e-06,3.080543097555127e-06
1,Tmem42,4.7095995,0.10795204,2.482042840248053e-06,3.1575478328488953e-06
1,Mboat1,4.694159,-0.98607206,2.6770551153399356e-06,3.4029650447346204e-06
1,Mt2,4.65632,0.2769497,3.2191134276726927e-06,4.085604052961743e-06
1,Stk39,4.607129,-0.039446067,4.082662805947972e-06,5.165428292704844e-06
1,Rbms3,4.594342,0.10525432,4.341164378078105e-06,5.4839319480083225e-06
1,Wnt16,4.515924,0.07661147,6.304129384328864e-06,7.938895855109797e-06
1,Fez1,4.439854,-0.83941895,9.001981516262533e-06,1.1310003113383292e-05
1,Nat8l,4.388663,-0.05330192,1.140497775826188e-05,1.430694038971444e-05
1,Lox,4.3614793,0.24295382,1.2918592282490152e-05,1.618066153065562e-05
1,Jam3,4.3112884,0.33103028,1.623061386766541e-05,2.0282015172074954e-05
1,Pacsin1,4.2884545,,1.799207828087193e-05,2.2448577670441747e-05
1,Grm6,4.2306952,-1.4193946,2.3297005201926896e-05,2.89339528618112e-05
1,Creb3l2,4.228042,-0.6200491,2.357335513666846e-05,2.9232402164890095e-05
1,H2-Eb1,4.19651,-1.7058154,2.710599303679567e-05,3.3587410775922516e-05
1,Myrip,4.1549735,0.12076248,3.2532509751981504e-05,4.018867541333892e-05
1,Gm10369,4.1421432,0.04845442,3.440755409714852e-05,4.244034429321285e-05
1,Paqr5,4.0776424,0.9184938,4.549461988203469e-05,5.590323746110626e-05
1,Alox8,4.0569835,-1.1797758,4.97106234322743e-05,6.099140030797951e-05
1,Ctnnd2,4.047937,0.545776,5.1671101536577046e-05,6.334884859586392e-05
1,Jchain,4.0339317,,5.4851210822776805e-05,6.714616147512754e-05
1,C8g,4.0059657,0.10912093,6.176458761548901e-05,7.549522314417722e-05
1,Ephx2,4.00079,2.7646985,6.31313390912187e-05,7.71077048237626e-05
1,Il13,3.90106,-1.3083873,9.577236003938352e-05,0.00011671132079930886
1,Sell,3.8487377,-0.04803179,0.00011872802352829793,0.00014436046039197845
1,Egr1,3.8330367,0.17775403,0.0001265710579413256,0.00015378146515417987
1,Gp5,3.81577,3.1859846,0.00013575897451547785,0.00016482115019768342
1,Cobl,3.808637,-0.8611372,0.00013973491575919507,0.00016939464376787325
1,L3mbtl3,3.773625,0.09403081,0.00016089257733086513,0.00019475206002288303
1,Bach2,3.7399178,0.29631603,0.0001840805164099735,0.00022265368949811858
1,Plscr2,3.7052102,1.2481216,0.00021121558107719678,0.0002550943205563762
1,Rpp25,3.693467,-1.0892557,0.00022121729115438853,0.0002669750344140016
1,Fabp5,3.664283,-0.29197192,0.00024803245121250234,0.00029889200287271827
1,Irf6,3.63897,-0.007967159,0.0002737307771854961,0.00032937041587156873
1,Prss30,3.627705,0.6249545,0.00028595153184815157,0.0003438201517106759
1,Asb13,3.5786448,0.06613251,0.0003453804964850945,0.000414968270591721
1,S1pr1,3.544894,-0.4713133,0.0003927709276817626,0.0004712089088016412
1,Pkp1,3.4865263,-0.96726555,0.0004893375672455682,0.0005848972248137889
1,Ccdc173,3.461648,0.12380803,0.0005368788241578858,0.0006407781109522375
1,Plxnb2,3.4219823,-0.4795179,0.0006216638773204361,0.0007397936970020157
1,9330151L19Rik,3.395821,0.11261264,0.0006842308977974703,0.0008136528711345284
1,4933406C10Rik,3.3914933,-0.15748034,0.0006951283080988071,0.0008254012560294767
1,Il18r1,3.3881445,-0.74424845,0.0007036719560745036,0.0008349348301044952
1,Fscn1,3.3431726,1.531034,0.0008282641182401963,0.0009806163502084659
1,Lrrc56,3.2403545,0.06206011,0.001193812025079464,0.0014082640761301022
1,Slx4ip,3.2370055,0.05328675,0.0012079109688686908,0.0014238601682449246
1,Cd59a,3.21465,1.7901509,0.0013060368232545789,0.0015384108404639992
1,Ufsp1,3.1549773,2.359072,0.0016051062908826294,0.0018879495314079947
1,Ubac2,3.1476703,-0.06604419,0.001645771664317253,0.0019329772914718206
1,Cd79b,3.1343615,0.15938918,0.0017222856874655385,0.002021380162857528
1,Ighm,3.1123104,0.48423603,0.0018562922457573416,0.0021770831689214808
1,Smim5,3.0962179,0.29462057,0.0019600628019731795,0.0022971256248558508
1,Serpinb9b,3.0876062,-0.01535004,0.0020177564674706363,0.002363033205947561
1,Gp9,3.059988,3.087368,0.002213458463682867,0.002588485672742329
1,Dhx58,3.0402856,0.15966848,0.002363539161105839,0.002758029150585375
1,Muc20,3.002925,-1.5737455,0.002673984091805534,0.003115806175940069
1,Ly86,3.001794,-0.35165554,0.002683936650620558,0.00312515811005495
1,Ear1,2.9695656,0.06344026,0.002982211397494753,0.003467488807696408
1,Golim4,2.9268553,-0.21362554,0.0034240821695195557,0.0039727190836628895
1,Rps6kl1,2.9265943,-0.35201156,0.0034269561975785907,0.003973211545727287
1,Clca3a1,2.9079356,3.1156433,0.0036382315652545745,0.004212142468838629
1,Pbx1,2.866878,0.48544613,0.004145426868749244,0.00479250347905294
1,Gnaz,2.802334,-0.16626489,0.00507342999046548,0.005857013127782925
1,Ccr7,2.8018122,1.2586627,0.005081644595743517,0.005862323993098139
1,Ccr9,2.7751944,3.499553,0.005516873024886673,0.006355375032930528
1,Ptp4a2,2.7683659,0.064504094,0.005633816445109559,0.006485486354838684
1,Lynx1,2.7671916,0.14391503,0.0056541516094807025,0.006504279369204042
1,Sucnr1,2.7589278,-1.2986354,0.005799133288067746,0.006661610618446093
1,Id3,2.646498,0.19462357,0.00813300172243481,0.009316192650981117
1,Txk,2.6113553,-0.47904715,0.009018413321060082,0.010315843728321195
1,Mgl2,2.5819974,0.03024426,0.009823032241430272,0.0111888752075842
1,Smad7,2.571037,0.045615565,0.010139445985819544,0.011541179922104773
1,Ercc1,2.5551186,0.065496325,0.010615162471891738,0.012057278381938655
1,Dbp,2.539722,0.0458079,0.011094061620689705,0.01258361395018091
1,Cd7,2.528066,1.9569894,0.011469285363653634,0.012991048086484772
1,Tnfsf10,2.510538,,0.012054733674931978,0.01363513111627592
1,Ugcg,2.4887044,0.08525016,0.012820950489427638,0.014481602850871609
1,Cdkn2b,2.478266,-1.208526,0.013202265899253452,0.014901931307299304
1,Il6st,2.4415143,-0.3615994,0.014625810186094693,0.01649726294982308
1,Runx2,2.3933673,0.065186605,0.016694520669332562,0.01879147295326677
1,Rnf144a,2.365401,-0.6665123,0.01801055213118677,0.020258748652416742
1,Epx,2.3395226,0.05088345,0.019308400964146488,0.02168852241263546
1,Esam,2.3371305,2.4430466,0.01943239861421465,0.021812699344121913
1,Hao1,2.333738,-1.3350182,0.01960944261355238,0.021996207412988907
1,Chga,2.2552328,-0.7399424,0.024118722400274926,0.026979701884997192
1,Atoh8,2.247317,2.4831817,0.02461977544923636,0.02752121004732004
1,Dand5,2.227049,0.11033868,0.025943989106144,0.028981508491849564
1,Prg3,2.2166543,0.073895134,0.026646726121311623,0.02974603562888331
1,Serpinh1,2.2105653,0.37135553,0.027065959757509625,0.030193250843659293
1,Gm21190,2.202519,-0.49589097,0.027628670786209446,0.030799796574042422
1,Nsg2,2.1902103,-3.5892808,0.0285089825378917,0.031759319832733744
1,Dexi,2.1846867,0.023252096,0.028911822857930484,0.032185982618780536
1,Gm37867,2.1522844,1.1668549,0.03137497069666003,0.03485630306163189
1,Ltf,2.1170113,-0.86027294,0.03425889084453916,0.03803416902795518
1,Pxdc1,2.1037023,0.28650832,0.03540441961832731,0.03927904830432757
1,R74862,2.076519,-0.24346067,0.037845968557762316,0.04193043784200169
1,Crip1,2.0418115,-0.6663817,0.04117023515451708,0.04555124244244659
1,Cxcl5,2.0108442,3.5128393,0.044341905392271216,0.04902697378750096
1,Pex11g,2.0001884,0.08901102,0.045479917783545626,0.05025097182895845
1,Plxdc2,1.9994925,-0.69235927,0.0455550854907696,0.0502997608346006
1,Ing1,1.9733531,0.059414655,0.04845534325183246,0.053445727635814844
1,Gfi1,1.9732226,-0.3713027,0.048470200587104585,0.053445727635814844
1,H2-Ab1,1.9660028,-1.6628413,0.049298289791443614,0.05432189269138692
1,Lemd1,1.9182472,0.058959957,0.05507967268286787,0.06048695266866059
1,Sh3bp4,1.8780595,-0.34912628,0.06037303083293763,0.0662103150852095
1,Zfp329,1.8481796,0.06053661,0.06457636345998864,0.07077220373790648
1,Spib,1.7838966,0.47537568,0.07444046543604947,0.08141769044994757
1,Ighd,1.7503633,1.9620028,0.08005563804968481,0.08744124236807324
1,Pls1,1.7120893,2.6410325,0.08688021396570828,0.09438694377252432
1,Otulin,1.7082185,0.05829588,0.08759582620085996,0.09510068948982252
1,St8sia1,1.6924739,0.03303956,0.0905556625058997,0.09824835089268852
1,Aqp8,1.6847321,-0.35080466,0.09204027961462952,0.09979233525062103
1,Hrc,1.6668781,-1.1613362,0.09553865023361413,0.10351615943815773
1,Gm43549,1.6539389,0.050001156,0.09813993909156947,0.10626367236750713
1,Nr4a1,1.5741723,-0.045874134,0.1154476309141683,0.12492065199651833
1,Hilpda,1.5723021,-0.08012997,0.11588051791449172,0.12530546670487036
1,Per2,1.5494682,-0.48197162,0.12126923339503366,0.13095785390595513
1,Snca,1.5274606,3.6786711,0.1266465351373082,0.1366737724502421
1,Sh3rf1,1.3948497,0.14479263,0.16306117795040065,0.17469301891383743
1,Cacna2d4,1.3886737,-0.13001333,0.16493201694731696,0.17653499725809557
1,Krt83,1.3884561,-0.76770914,0.16499818486021756,0.17653499725809557
1,Gm10419,1.3853246,2.1236892,0.16595321983571654,0.17743976438598036
1,H2-DMa,1.3815843,-1.1376314,0.16709939839998378,0.1785475785275189
1,Skap1,1.2924666,-1.5893791,0.1961956050793705,0.20908624930271943
1,Slc6a5,1.2797666,0.068649456,0.2006272416466377,0.21366867101171788
1,Kcne3,1.2348381,-0.39761418,0.21689077574573834,0.23068645131776236
1,Ahr,1.166097,-0.09849902,0.24357522212490645,0.2577162493715579
1,Bcl3,1.1359345,-0.1012893,0.2559839938734164,0.2704925329398576
1,Trac,1.1236259,,0.2611717731088712,0.27579467186366474
1,Cdh17,1.0979649,-1.7343076,0.2722198288022799,0.28708749175376985
1,Mmp14,1.0820899,-1.5388775,0.27921260886029453,0.29427085872085623
1,Klrd1,1.0441202,1.1462345,0.2964297573104895,0.31221367945299605
1,Foxo1,1.0114133,-0.08868199,0.3118186381424708,0.32799599939499846
1,H1f0,1.0071945,0.049107093,0.3138413163477701,0.32969599424616786
1,Dusp6,1.0018666,-0.99055785,0.3164080366232169,0.33196237736277995
1,Mdp1,0.94852215,-0.2991032,0.34286371238148594,0.3583279262131251
1,Pde11a,0.94721735,0.06488654,0.3435280449142216,0.35879104240236154
1,Dnajc18,0.94243306,0.051434282,0.3459709589802853,0.361109971342357
1,Ccl22,0.9055073,-0.09031065,0.3651966814640505,0.37995446910499675
1,Tnfsf8,0.897809,-0.13590668,0.36928737378268783,0.3837182064545289
1,Asb2,0.88789254,-1.7094728,0.37459854412548677,0.3889877327602686
1,Ifit1bl2,0.87319183,-0.82543665,0.3825585144191933,0.3969993028713574
1,Prg2,0.7875972,-0.16425605,0.4309323677661442,0.44605762636674273
1,Camp,0.7360577,-1.0163302,0.46169558635339003,0.4772914219663471
1,Timp3,0.7292293,1.4962466,0.4658614364501341,0.4812912419886099
1,Boll,0.68034285,-0.0002913712,0.49628738770946723,0.5117470711155473
1,Cadm1,0.6678168,-1.5396031,0.5042505308064799,0.5192980069638796
1,B230208H11Rik,0.64589626,-0.6532092,0.5183465626254995,0.5334759673721828
1,Grap,0.643939,0.20464882,0.5196149695315371,0.5344422831833564
1,Pdgfb,0.5951396,0.4219925,0.551750141930756,0.5660586528853171
1,Ptgs2,0.5910513,0.095972,0.5544860732964876,0.5685059487274986
1,Pde4b,0.53577137,0.14150217,0.5921165734189482,0.6059388530508101
1,Lca5l,0.49915007,0.10409911,0.6176736688974794,0.6316717738826193
1,Cp,0.49862814,-0.09616728,0.6180413718567921,0.6316717738826193
1,Ctss,0.46448597,-2.4284363,0.6422996154022835,0.6556387515308394
1,Irgm1,0.44839346,-0.12678674,0.6538692567709516,0.6670288896116249
1,Phlpp1,0.4371722,-0.5475293,0.6619864605488581,0.6748145937052219
1,Zfp358,0.4366938,0.009269027,0.6623334359918085,0.6748145937052219
1,Mrc1,0.39668003,-2.154161,0.6916034401296769,0.7033108337870444
1,Cdkn1a,0.33718127,0.08196348,0.7359802528936962,0.7470337735879694
1,Cacnb3,0.3357895,0.04272189,0.7370296158919583,0.7476310425120427
1,Mpl,0.30256066,2.468585,0.762224697275504,0.7727052868630422
1,Zfp946,0.24327938,-0.07781879,0.8077889708192294,0.8173635125819028
1,Zfhx2,0.21252967,0.09273213,0.8316938303096566,0.8410270528443036
1,Oasl1,0.2008735,-0.6359407,0.8407974989201202,0.8491740617985274
1,Parp9,0.13545966,-0.1060712,0.8922484504300787,0.8972268980766197
1,Gpr18,0.13054493,-0.48264056,0.8961353068428534,0.9005771175335242
1,Chil1,0.116322644,-0.85930943,0.907396838138736,0.9107658858050927
1,Mcam,0.10627571,-0.84656584,0.9153636029526911,0.9181940408096877
1,Nt5e,0.0723075,-0.18463285,0.9423571988511676,0.94410338266621
1,Amer2,0.0034142185,-0.65443057,0.9972758529533857,0.997891075564708
1,Slc25a29,-0.0024573675,-0.43165058,0.9980393063407046,0.9980393063407046
1,Irf8,-0.030249542,-0.1747029,0.9758680376214528,0.977072812976541
1,Retnlg,-0.096533224,-0.8362374,0.9230970863244128,0.9253791557590838
1,Ntng1,-0.11693155,0.2811414,0.9069142949920516,0.9107658858050927
1,Arntl,-0.14176619,-0.011741643,0.8872646933916396,0.8927688167997764
1,Fbxl21,-0.16085972,-0.213928,0.8722038917169668,0.8781593496988951
1,Epb41l1,-0.17008027,-0.33841124,0.8649470017642102,0.8713938117152479
1,Phyhipl,-0.17403816,-0.048040573,0.8618354692585716,0.8687987141935383
1,Nos1ap,-0.18508545,0.025488313,0.8531620177296082,0.8605900452471545
1,Sema4b,-0.18521592,0.21434505,0.8530596792378533,0.8605900452471545
1,Sec22a,-0.21161632,0.019882735,0.8324063794599967,0.8412231448499157
1,Ear6,-0.25711024,-0.6702639,0.7970936763443117,0.8070449082587227
1,0610009L18Rik,-0.2739856,0.07572531,0.784095680914768,0.7943805087094027
1,Ptprn,-0.3781954,0.4390218,0.7052854492841585,0.7163262359041359
1,P2ry1,-0.38511083,-0.6650879,0.7001553159947163,0.7115613549770864
1,R3hdm4,-0.42107973,-0.23493285,0.6736968723363009,0.6855309453760854
1,Cds1,-0.4282996,-0.6052006,0.6684330152550089,0.6806016012201033
1,1700047M11Rik,-0.49136478,-0.8159776,0.6231684713096196,0.6365108693099515
1,Olfm1,-0.54177344,-1.4337198,0.587974595395647,0.6020800465478153
1,Tspan9,-0.5512115,1.8853486,0.581488722317236,0.595814723688286
1,Crisp1,-0.6209311,-1.7906631,0.5346449487812639,0.5488570296982341
1,Mcoln2,-0.63210887,-1.4337534,0.5273157371381663,0.5416758237100099
1,Rnf150,-0.6422863,0.06880426,0.52068731452402,0.5352058454739926
1,Tmem216,-0.67738533,-0.89224935,0.4981615053636439,0.5133532158194603
1,Cldn1,-0.69117266,-0.85430664,0.48945702940930724,0.5050250010826313
1,Cd74,-0.72092205,-2.0753155,0.47095747456817305,0.4862463550283747
1,Epsti1,-0.77437526,-0.27209803,0.4387089257494705,0.45381752395767927
1,Irf9,-0.8239575,-0.11961676,0.4099636978711392,0.4246239578205541
1,Kdm5b,-0.84113735,-0.043152392,0.4002709974628499,0.4148495577538291
1,Mctp2,-0.8558163,-0.4503808,0.392099393434271,0.4066401637790202
1,Itsn1,-0.9030282,0.061134506,0.36651092311835387,0.3810773828833141
1,Trim24,-0.90742105,-0.5214252,0.3641841945020492,0.37914426410932206
1,Ndst2,-0.91442347,-0.3048422,0.36049439157978036,0.37554393265408076
1,Ralgps1,-0.9210779,0.04104207,0.35700975704000926,0.3721528444208837
1,4933427D06Rik,-0.9396495,-0.45460892,0.34739737122892633,0.3623656180921662
1,Cdkn2a,-0.9538283,-0.4666974,0.3401705597936602,0.3557425196552655
1,Rasgef1b,-0.9539588,-0.19101343,0.34010450597738506,0.3557425196552655
1,Plxna1,-0.98016346,-2.1922963,0.32700544045613045,0.3424162843252702
1,Hgf,-0.9891883,-1.5834765,0.32257102133660953,0.33799108308009085
1,Smox,-1.000453,0.15866168,0.31709130899674187,0.33246419081623485
1,Tgif1,-1.0032367,-0.13815422,0.31574671078843364,0.3314829546270805
1,Ccl24,-1.0076294,-0.30100095,0.31363239463001635,0.32969004801677676
1,Rab37,-1.030072,-0.2086592,0.3029762371517788,0.3189016590916192
1,Treml1,-1.1062721,2.481885,0.2686087731095316,0.28346351983322066
1,Smpd5,-1.16464,-0.32666317,0.24416474737857585,0.2581715907744785
1,Lad1,-1.1670756,-1.1563975,0.24317983416027855,0.25746585574932884
1,Ceacam10,-1.1743389,-0.92801976,0.24025927374243305,0.25453987067944245
1,Ccl5,-1.1900835,-1.0694981,0.23401356096075043,0.24808496462636417
1,Zfp773,-1.1953244,-0.76238257,0.2319602830341153,0.2460690510669294
1,Csf2,-1.2020441,-1.611663,0.22934641389186627,0.24345542102919315
1,9330175E14Rik,-1.2055236,-0.29673544,0.22800122061160888,0.24218597238508816
1,Ephx1,-1.2066544,-0.8044188,0.2275652455093664,0.24188127668164636
1,Lgmn,-1.2678059,-2.2153,0.20486726076875672,0.21804113974207573
1,Fmnl2,-1.302731,-0.007373322,0.1926666134683963,0.20546038596038055
1,Rnf149,-1.3361773,-0.9833347,0.18149132938905221,0.19367035280858072
1,Papss2,-1.3722767,-0.22967933,0.1699773223850467,0.1815031052722487
1,Ifi44,-1.3954586,,0.16287759918745714,0.1746116760621649
1,Ms4a6c,-1.3998514,-1.2110289,0.16155782553287834,0.17331137104122266
1,Daxx,-1.4000254,-0.065928966,0.16150572398796637,0.17331137104122266
1,Adam23,-1.4006778,0.0511885,0.16131045619043705,0.17327520525886683
1,Gm16201,-1.4078107,-0.48859188,0.15918714600020845,0.17110772088292783
1,Rgs1,-1.4826626,-0.75917673,0.13816410249033517,0.14860886885896793
1,Capn5,-1.4839238,0.31174037,0.1378291359700582,0.1483469532471363
1,Ly6a,-1.492231,-0.64538765,0.1356385952426805,0.14608618956416183
1,Gpr183,-1.5170221,-0.24825098,0.12926109099869312,0.13930995986703007
1,Helz2,-1.5265472,-0.116737165,0.1268736523117863,0.13682783513943975
1,Ltbp1,-1.5612983,1.9102417,0.11845339342974733,0.12800226791675562
1,Itk,-1.7163951,-1.0294353,0.08608974836696481,0.09359086585202207
1,Pltp,-1.716917,-1.2453452,0.08599433042965911,0.09354983498115833
1,Gstt1,-1.7351407,0.9815144,0.08271588565991203,0.09004373593313914
1,0610009E02Rik,-1.7430999,-0.009697871,0.08131615419233972,0.08857945070515448
1,Abca5,-1.7441438,-0.3587396,0.08113401717498378,0.08844044076466646
1,Apol7c,-1.746188,,0.08077829147782557,0.08811189561333764
1,Fah,-1.7470578,-0.8358381,0.08062730345843867,0.08800638372112216
1,Rgs11,-1.774502,-0.109425284,0.07598013818715797,0.08304567664391525
1,Rtp4,-1.8130805,-0.75350773,0.0698193944229353,0.07641501872739613
1,Gm14010,-1.8145158,-1.4986469,0.06959834424152536,0.07622452016188665
1,AI480526,-1.9169859,0.13948743,0.0552397222147865,0.06062167079322307
1,Kank3,-1.9316866,-0.014853314,0.05339819746411119,0.05868013298562896
1,Ap5s1,-1.9382976,-0.61197704,0.05258692637513852,0.05782779293591503
1,Slc39a4,-1.9444301,-0.117094606,0.0518436028560309,0.05704906637210456
1,Mmrn1,-1.9612185,1.6095129,0.049853537126590894,0.05489642716858821
1,Sulf2,-2.0626013,-1.1245232,0.039150529512605114,0.04334618352863174
1,Col9a2,-2.077389,-0.8287158,0.03776567596562816,0.041870079573649265
1,Cxcl3,-2.1676373,-0.0068211975,0.030186286087509163,0.0335587087278546
1,Fabp4,-2.177119,-2.3203027,0.029471695675979563,0.0327867560949512
1,Bace2,-2.2617133,-1.6651216,0.023715125229044523,0.02654653769600429
1,Gm13546,-2.2851126,-0.4080572,0.02230622537612574,0.024986669585687814
1,Serpinc1,-2.2999873,0.109842904,0.021448939633270974,0.024042971724371472
1,Usp18,-2.3505263,-1.2082236,0.018746876070397975,0.021072372131798692
1,P2rx1,-2.3997607,-0.67845637,0.016405789777341667,0.018479299318644574
1,Itgae,-2.4218118,-0.123615526,0.01544334455590096,0.017407300117909214
1,Chd3,-2.5049274,-0.15728764,0.012247652907489788,0.013843688512856053
1,Satb1,-2.5113645,-0.48290935,0.012026547965515439,0.01361274305657086
1,Cyp4f16,-2.5308495,-0.4458691,0.011378670255794062,0.012897416600208223
1,Gp6,-2.5534225,1.9460009,0.010667005862053202,0.012107686149930226
1,Siglech,-2.5617297,-0.15633805,0.010415238389907534,0.011838484000301346
1,Susd2,-2.5655787,-0.10744918,0.010300384742562228,0.011716145899323935
1,Als2cl,-2.5864773,0.08028783,0.009696258179276145,0.011052235254241677
1,D730003I15Rik,-2.587347,-0.10892616,0.00967181162691765,0.011032122685555857
1,Mmp9,-2.596698,-1.0180998,0.009412460653863475,0.010743850232629526
1,Src,-2.5987422,1.6429532,0.009356598483223401,0.010687607563231236
1,Mllt6,-2.6067016,-0.80049664,0.009141900002612375,0.010449726430047409
1,Lyve1,-2.6124861,-0.78718764,0.008988633059605787,0.010289035160677902
1,Mgst2,-2.706562,-0.8903404,0.006798388191225616,0.007792922718139894
1,Ciita,-2.712042,-2.1417372,0.00668700851380116,0.007670670303667243
1,Itgb7,-2.7168264,-1.1307148,0.006591116411312012,0.007566023226573308
1,Igtp,-2.7629292,-0.2983868,0.005728518209447898,0.0065851570061831975
1,Ms4a6d,-2.7911563,-1.7793527,0.0052520094408698755,0.006054555304257952
1,Fgfr1,-2.8368678,-1.6525877,0.004555847955529109,0.005263237452897589
1,Alox5,-2.8808393,-0.2699198,0.003966176770883247,0.004588544024516852
1,Nr4a3,-2.912546,-1.7492691,0.0035849543452094223,0.004153425677092631
1,Wdr91,-2.9416864,-0.41150558,0.0032643028637586277,0.0037900495669409406
1,Ccl17,-2.967043,-0.7618588,0.0030067892043712094,0.003493561668689185
1,Ms4a4b,-2.98531,-0.486903,0.0028329093691723106,0.0032962546605433914
1,Ankrd22,-3.024106,-1.0170768,0.002493689648539321,0.002907810646966771
1,Fcrl1,-3.044461,-0.48947638,0.0023309770092363614,0.0027219904312320935
1,Sik1,-3.0451133,-0.1549082,0.002325926444998214,0.002718049491201083
1,Rhoj,-3.0724707,-0.3903912,0.002122947618863848,0.0024844307632014154
1,Rhou,-3.1538029,-1.0515153,0.0016115787943531508,0.0018941889887252252
1,AI504432,-3.210866,-0.094776966,0.0013233561093940608,0.0015576804132345185
1,Igf2bp2,-3.2744966,-1.9079732,0.0010585040015189428,0.0012495585811235265
1,Pnpla1,-3.2748446,-0.06792302,0.0010572011937411945,0.0012489295966847905
1,Lipg,-3.3180335,-0.92459923,0.000906536571803678,0.0010717218071906456
1,B3gnt7,-3.3281238,-0.57494295,0.0008743300703510565,0.0010344007105101485
1,Isg15,-3.346217,-1.1470731,0.0008192226480394498,0.0009706202594010135
1,Gfra1,-3.3546546,-0.26516488,0.0007946411909764733,0.0009421842191256138
1,Fam167a,-3.3929286,-0.86490124,0.0006914963407240318,0.0008216901572559558
1,Insl6,-3.429876,-0.5440846,0.0006038566912849915,0.0007191303621617153
1,Amigo2,-3.4459906,-1.9197251,0.0005689704785746577,0.0006780823778457713
1,Lpl,-3.45308,-1.6123626,0.0005542249389083215,0.0006609947433156599
1,Gm26511,-3.4783928,-0.07683955,0.0005044299641946414,0.0006024929321971342
1,Dab2,-3.519581,-1.7897807,0.00043222904685753,0.0005170173407101134
1,Klhl6,-3.5228865,-0.04205445,0.00042687416312752206,0.0005109888506220227
1,Ppp1r42,-3.5231473,-1.0754236,0.0004264540581993976,0.000510862985523946
1,Gbp7,-3.535456,-0.28591946,0.00040707199940661883,0.000488005013331512
1,Arid4b,-3.5681195,-0.046340566,0.0003595526091418421,0.00043167604147155284
1,Ccr2,-3.6499736,-0.72794425,0.00026226716279845267,0.0003158109413950187
1,Ms4a6b,-3.6805494,-1.4019059,0.00023273192791912047,0.00028066259262811405
1,Gm5547,-3.71691,-0.2728264,0.0002016744194159586,0.00024375253971138961
1,Ifnlr1,-3.7830195,-0.9145404,0.0001549372761161568,0.00018768354134459023
1,Il4i1,-3.8104203,,0.00013873077351907282,0.0001683031523170801
1,Flt1,-3.8830974,-0.37417582,0.00010313422424093732,0.00012549415732843235
1,Ccdc189,-3.891448,0.12781969,9.964769917532627e-05,0.0001213427688156
1,Klhl20,-3.9488592,-0.09703454,7.852452543039782e-05,9.576449642714681e-05
1,Crispld2,-3.9489462,-0.8254043,7.849599987797927e-05,9.576449642714681e-05
1,Pkp3,-4.0064006,-0.5267644,6.165101955616553e-05,7.54132380996233e-05
1,Scml4,-4.0439787,-0.23216113,5.2551655701443715e-05,6.437974739255415e-05
1,Cd200r2,-4.0597234,-0.8884789,4.913087591844498e-05,6.032572349713683e-05
1,Arnt2,-4.089386,-1.3096398,4.32516927304771e-05,5.3187449286454785e-05
1,H2-M2,-4.114394,-2.0639722,3.881971862531975e-05,4.7773583922813834e-05
1,Epha10,-4.120788,-0.08839906,3.775788717803834e-05,4.6502120731038864e-05
1,Cnp,-4.1307044,-0.053858373,3.6165340239556984e-05,4.457460628310139e-05
1,Itgb2l,-4.1487107,-1.2532994,3.343532028164446e-05,4.127251864294316e-05
1,Tst,-4.160497,-0.5726125,3.175554490430546e-05,3.925876054480446e-05
1,Hivep3,-4.172675,-0.19172664,3.010437514579262e-05,3.724584018800582e-05
1,Ccr5,-4.1912036,-2.045805,2.7747867894607073e-05,3.4356520400803567e-05
1,Trpm2,-4.229956,-0.76676345,2.337370932939891e-05,2.9007005763033688e-05
1,Dach1,-4.234523,-0.8545328,2.2903762564111317e-05,2.846735852796058e-05
1,Fstl1,-4.2474837,-2.0258942,2.1618488200714e-05,2.689048148892493e-05
1,Igf2bp3,-4.257726,-0.6791174,2.065165107291924e-05,2.570758099790868e-05
1,Tubb2a,-4.2583137,-0.30963895,2.0597493800531016e-05,2.5659857868249852e-05
1,Mmp12,-4.269317,-2.3250606,1.9607217037212662e-05,2.4444970049468823e-05
1,Psg16,-4.294369,-0.6934123,1.7519056420934913e-05,2.187521902598647e-05
1,Vcan,-4.3365145,-1.3146591,1.4475998032775409e-05,1.8103368395652826e-05
1,Tesc,-4.3465614,1.3908637,1.3828842465461042e-05,1.730739388810016e-05
1,Clec4n,-4.3716135,-2.679865,1.2333177188501429e-05,1.5459361205370415e-05
1,Gch1,-4.399797,-0.445279,1.0835218910426706e-05,1.3602728384452103e-05
1,P2rx5,-4.467777,-1.4605978,7.903666254571125e-06,9.937788112336717e-06
1,F2rl2,-4.4719524,-0.27717528,7.750872887508109e-06,9.753231825863578e-06
1,Scel,-4.5181856,-2.002884,6.237180776305749e-06,7.860689369982847e-06
1,Ccno,-4.530929,-1.076868,5.872484799201599e-06,7.406819863378688e-06
1,Gpr4,-4.5333214,-0.06722248,5.8063412168253584e-06,7.329093738280725e-06
1,Acox2,-4.6030846,-1.1203276,4.162795040287826e-06,5.262707369716955e-06
1,Ptger4,-4.6125226,-0.3181845,3.97811668391131e-06,5.037084513117989e-06
1,Mogat2,-4.624483,-1.1615202,3.7553382151673476e-06,4.758717644532373e-06
1,Col5a1,-4.6320076,-0.54557854,3.6213727283365054e-06,4.592546180892738e-06
1,Hk1os,-4.6635833,-0.1528044,3.1075008914615625e-06,3.947037154229174e-06
1,Trim30a,-4.7129917,-0.547635,2.441060736139013e-06,3.107849697030988e-06
1,Col1a1,-4.732085,-0.9883549,2.222249993428407e-06,2.833718151997544e-06
1,Klf4,-4.7332163,-1.5197104,2.2098997520910367e-06,2.820186780402566e-06
1,Noct,-4.8122435,-0.31030527,1.4924549701719464e-06,1.913645819461579e-06
1,Parp12,-4.8177233,-0.59422123,1.4520542984687381e-06,1.863316512750232e-06
1,Ifitm6,-4.8474293,-1.1296818,1.2507156062753844e-06,1.6087713825366167e-06
1,Gp1bb,-4.89114,1.5133294,1.0025360525113392e-06,1.2915913242044417e-06
1,Slc41a3,-4.9116254,-0.6906432,9.032451707734472e-07,1.1645975095346036e-06
1,1700030N03Rik,-4.9208894,-0.16494241,8.615180631970099e-07,1.11168042840537e-06
1,Irf4,-4.9261084,-1.6988757,8.388339191530798e-07,1.0832711917725282e-06
1,Sdc3,-4.949247,-2.1244712,7.450115546039007e-07,9.62875491288866e-07
1,Wfdc17,-4.953031,-2.576007,7.30663663579368e-07,9.458391558864603e-07
1,Casp6,-5.0178795,-0.85283834,5.224497995305145e-07,6.773889487118262e-07
1,G0s2,-5.0686793,-1.182199,4.0058530283747367e-07,5.210500089834661e-07
1,Cyp11a1,-5.1021256,-1.0677855,3.3585955133479147e-07,4.379133378336268e-07
1,Oasl2,-5.1484027,-1.2115556,2.627142900789499e-07,3.436472407323038e-07
1,Lpar6,-5.154013,-0.17497818,2.549700898888487e-07,3.337865099271288e-07
1,Csf1r,-5.1614504,-1.4731418,2.450437364431158e-07,3.2131038036437654e-07
1,Ldhc,-5.185372,-0.41274664,2.155844113165651e-07,2.831400122716345e-07
1,Arhgap12,-5.187503,-0.546989,2.1313259677363412e-07,2.8014673579160014e-07
1,Tbc1d9,-5.1887207,-2.1510677,2.1174368123276513e-07,2.785468377611882e-07
1,Itgax,-5.246306,-2.046208,1.551792899455773e-07,2.0463480348920844e-07
1,Lcn4,-5.2539606,-0.09086323,1.4886276640002706e-07,1.9646493661582092e-07
1,Fam214a,-5.327899,-0.055426832,9.935531133364753e-08,1.3144723897485833e-07
1,Mmp8,-5.361041,-2.0117,8.274377873499334e-08,1.0964902704914967e-07
1,Plscr4,-5.364738,0.10699035,8.106688159236035e-08,1.0751470314211651e-07
1,Phlda1,-5.3675647,-0.3304533,7.980680112306795e-08,1.0593014027955499e-07
1,Fbxo10,-5.387441,-0.7261298,7.146780861962958e-08,9.501703736150753e-08
1,Peak1,-5.39701,-0.3476175,6.776068706444532e-08,9.023631725659303e-08
1,Jun,-5.427542,-0.96501416,5.71354082495799e-08,7.621186856975212e-08
1,Cebpe,-5.4344573,-1.1191572,5.4963402580172176e-08,7.337501151032039e-08
1,Adtrp,-5.438111,-0.5123905,5.3848453182657066e-08,7.194579164931612e-08
1,S100a4,-5.456204,-1.6211375,4.8642081791504944e-08,6.504324539638995e-08
1,Slfn8,-5.4766026,-0.9430758,4.3356987759723545e-08,5.8023955566230685e-08
1,Cd177,-5.479212,-1.234162,4.272242030143292e-08,5.722193701810421e-08
1,Lrrk2,-5.5165725,-0.910668,3.456745390473989e-08,4.637585627252945e-08
1,Mrgpre,-5.5195737,-0.68949455,3.398229930082605e-08,4.562855088240054e-08
1,Gm11714,-5.572766,-0.6283225,2.5072631594749167e-08,3.380532705459946e-08
1,Emp1,-5.5889454,-2.0189567,2.2845272186400533e-08,3.0853481670559254e-08
1,Plpp6,-5.592425,-0.48472136,2.239200302055349e-08,3.0266524082781466e-08
1,Thbs1,-5.5946865,0.25725657,2.2102072319821193e-08,2.989955071121766e-08
1,Cdh1,-5.6176076,-1.6067661,1.936197437508899e-08,2.6214626407674744e-08
1,Dmkn,-5.7167287,-0.657076,1.0859438380653745e-08,1.4752101384774182e-08
1,Ocstamp,-5.722644,-0.37633267,1.0487911510454556e-08,1.4259339874230754e-08
1,1810021B22Rik,-5.729646,-0.6627923,1.006404162666497e-08,1.3706024784593267e-08
1,Asprv1,-5.729733,-1.1582104,1.0058882327901386e-08,1.3706024784593267e-08
1,Tef,-5.7910585,-0.44241977,6.994421752296187e-09,9.565726882145376e-09
1,Chit1,-5.809065,-1.2860539,6.282281935755928e-09,8.599039071557902e-09
1,1500026H17Rik,-5.8147187,-0.34800148,6.0735898548239555e-09,8.320407723415925e-09
1,Pdgfa,-5.8606043,-1.8162454,4.6118616452782115e-09,6.333987797325368e-09
1,Mir99ahg,-5.870912,-0.4849647,4.334041621214406e-09,5.957470770855735e-09
1,Rps27rt,-5.92193,-0.3856781,3.1818582351924706e-09,4.3811324766402265e-09
1,Ctsc,-5.9324985,-0.73825896,2.983591811781453e-09,4.1116277983938124e-09
1,Pde2a,-5.9422407,-1.1008846,2.811517484339454e-09,3.8843963880737604e-09
1,Clec4d,-5.946329,-1.2343078,2.742221956885571e-09,3.791887480024208e-09
1,Anxa6,-5.9766006,-0.87412065,2.2784187638613617e-09,3.1559310290206055e-09
1,Cdkn1c,-5.982646,-0.54387534,2.1954135435981517e-09,3.0435562117232493e-09
1,Alox12,-6.0092206,0.9601912,1.864174152499582e-09,2.586561570020806e-09
1,Lztfl1,-6.0422754,-0.54009724,1.5195581817884921e-09,2.110208365463129e-09
1,Tnfrsf11a,-6.053366,-1.6723763,1.4184993960067747e-09,1.971556144235637e-09
1,Clec4a3,-6.0728946,-2.5940456,1.2562490379131643e-09,1.7475436873886384e-09
1,Specc1,-6.080332,-0.79218495,1.1993398748004241e-09,1.6698105381341529e-09
1,Itgb3,-6.087943,-0.046812676,1.1437037799301605e-09,1.5937178101775948e-09
1,9830107B12Rik,-6.114735,-1.0700294,9.67174854446347e-10,1.351212415083527e-09
1,Gstt3,-6.1164746,-0.2129289,9.56679880071267e-10,1.3377023840306852e-09
1,Mirt1,-6.121085,-0.6336866,9.294023930659951e-10,1.301805424484494e-09
1,Clec4a1,-6.122564,-2.5967484,9.208147804374385e-10,1.2908915936642396e-09
1,F730016J06Rik,-6.1535745,-1.1467408,7.57557374000083e-10,1.0629394988132652e-09
1,Cd83,-6.1966763,,5.76679108784234e-10,8.105489726586028e-10
1,Fmn1,-6.2152042,-1.1205169,5.125786053713606e-10,7.210776217800059e-10
1,Rras,-6.265178,-0.883973,3.7239931930433355e-10,5.257020852146467e-10
1,Il18,-6.297972,-1.8296521,3.0156480194285563e-10,4.268220844252285e-10
1,Gpr132,-6.3823056,-0.65834796,1.7444156209864354e-10,2.473288581503495e-10
1,Alox15,-6.444979,-1.2632725,1.156162670402852e-10,1.6435546462694356e-10
1,Gcnt1,-6.494518,-0.7269784,8.32996727198467e-11,1.1862341453168685e-10
1,Ifih1,-6.5046086,-0.33884174,7.789601599703603e-11,1.1102578026994063e-10
1,Maml2,-6.5071745,-0.47165686,7.657742814197896e-11,1.0924238209875979e-10
1,Rnase6,-6.545579,-0.612899,5.926529917859633e-11,8.461999583422821e-11
1,Procr,-6.560584,-1.2545604,5.359737494553097e-11,7.672986951602049e-11
1,Isg20,-6.565542,-0.28020346,5.184378349278265e-11,7.428499719548892e-11
1,Pgm2l1,-6.604338,-0.03875253,3.9929648706998826e-11,5.7314947082081494e-11
1,Ptpro,-6.6081223,-2.3085482,3.892250501547517e-11,5.59683538431744e-11
1,Slc40a1,-6.6767545,-1.1973162,2.4429143875917073e-11,3.5284124102170515e-11
1,Sgms2,-6.706243,-0.8541154,1.9969901087049238e-11,2.8998370244578213e-11
1,Dusp10,-6.7290335,-1.039853,1.707937358996608e-11,2.4823247278606617e-11
1,Sema7a,-6.730817,-0.4393821,1.6871337463518645e-11,2.4542878355002012e-11
1,Glb1,-6.7684383,-1.1000262,1.3017982323436554e-11,1.897139921708364e-11
1,Clic5,-6.782182,-0.4871815,1.1837402926137994e-11,1.728196898847509e-11
1,Trem1,-6.833026,-0.61425674,8.314198783922726e-12,1.2182141307608547e-11
1,E330020D12Rik,-6.8346786,-0.48920566,8.21891083760993e-12,1.2064319799641e-11
1,Cd36,-6.838897,-1.9943526,7.980501339579382e-12,1.1724975699997968e-11
1,Clec1b,-6.845987,1.3664641,7.595048434214844e-12,1.1168783826198076e-11
1,Arg1,-6.8592086,-2.404206,6.924299994617376e-12,1.0191664783366046e-11
1,Ppbp,-6.8770843,1.1088942,6.108989655363978e-12,8.999801290645207e-12
1,Phxr4,-6.898266,-0.79427135,5.264123662286649e-12,7.769252575276564e-12
1,Havcr2,-6.911966,-1.210046,4.779823403804019e-12,7.0609048824864465e-12
1,Cd72,-6.9324946,-1.1178577,4.134826562110294e-12,6.1192414997654165e-12
1,Ccl9,-6.966376,-0.76756513,3.252091316759123e-12,4.817253073774701e-12
1,Spsb1,-7.012827,-1.0315013,2.3355045398582742e-12,3.4722166486252254e-12
1,Serpinb2,-7.013914,0.5394059,2.3174160621817158e-12,3.4484851861089383e-12
1,Rassf4,-7.0192637,-0.7900235,2.2304027510710384e-12,3.3220507458560368e-12
1,Rsad2,-7.0714555,,1.5331674354236001e-12,2.289868858431933e-12
1,Ncoa7,-7.081285,-0.25159755,1.4282364296619662e-12,2.135114736324156e-12
1,H2-DMb2,-7.08172,-0.83187836,1.4237600014951536e-12,2.130386275299944e-12
1,1700102P08Rik,-7.0858083,-0.19030292,1.382348834734031e-12,2.070332234477007e-12
1,Parvb,-7.086417,0.7848405,1.3762831969272885e-12,2.0631528146174327e-12
1,Pdcd1lg2,-7.219985,-1.5255171,5.199327449058469e-13,7.844938718486361e-13
1,Map3k14,-7.243689,-0.33797607,4.3664236177273067e-13,6.606659615628444e-13
1,Phf11c,-7.2840505,-0.24175313,3.2394337302267953e-13,4.910618234044731e-13
1,Pld4,-7.3420706,-1.3111677,2.1031441286193654e-13,3.20309838180339e-13
1,Gm26871,-7.373212,-0.6741098,1.6656561200245716e-13,2.5415750015802964e-13
1,Cxcl10,-7.4278393,,1.1038599855087352e-13,1.6875220513620815e-13
1,Ctsf,-7.469375,-0.52481776,8.057643958419646e-14,1.234135835746616e-13
1,Igf2r,-7.4816837,-1.9149096,7.337628888170528e-14,1.1259824083834055e-13
1,Gbp5,-7.4847717,-1.8290693,7.16715160854522e-14,1.1008636277519266e-13
1,Tns1,-7.4857287,-1.1401727,7.115122233448389e-14,1.0939078921946243e-13
1,Cystm1,-7.4959064,-0.74105984,6.584189154264589e-14,1.0132404941382508e-13
1,Cxcl16,-7.49782,-2.3371558,6.488799451912042e-14,9.995092792973723e-14
1,Rgl1,-7.529048,-2.0899208,5.111159720854047e-14,7.880514322457476e-14
1,Tpd52,-7.546641,-0.64141643,4.4662749496103074e-14,6.892766858485175e-14
1,Fam102a,-7.5594063,-0.77685535,4.049133598187916e-14,6.254947329772191e-14
1,Slpi,-7.572498,-1.1090763,3.6611562141056904e-14,5.661006081295929e-14
1,Pdk2,-7.5945487,-0.28894004,3.0886674670769905e-14,4.789501559845964e-14
1,F11r,-7.61573,-0.35923457,2.6220528283141456e-14,4.0737257543348125e-14
1,Ms4a7,-7.6223845,-2.6853437,2.490319898105099e-14,3.872769774426146e-14
1,Atp6v0d2,-7.6228194,-2.322118,2.4819402540550466e-14,3.8634425067920205e-14
1,Vcam1,-7.6330404,-0.57992834,2.2928115990555298e-14,3.5724691773948795e-14
1,Spp1,-7.6668997,-0.7655332,1.7620333886935553e-14,2.7480943812124487e-14
1,Mfge8,-7.6768813,-1.1488388,1.630081121528584e-14,2.544746466909878e-14
1,Rragd,-7.680883,-1.0426558,1.5799590462814672e-14,2.4688762746325048e-14
1,Maff,-7.685406,-0.40787715,1.525123666966663e-14,2.38548754852452e-14
1,Iigp1,-7.693061,2.134106,1.4365601927935972e-14,2.249131884856385e-14
1,Ctsk,-7.745949,-2.5453837,9.487078519754674e-15,1.491089278976946e-14
1,Zfp658,-7.8759937,-0.5873933,3.3804582811497754e-15,5.344155294371282e-15
1,Csf2rb2,-7.8773417,-1.3874164,3.3441922922498526e-15,5.2919803883212294e-15
1,Gm10642,-7.9021764,-0.24147539,2.7407512281848452e-15,4.341307121206855e-15
1,Tgfbi,-7.9420595,-2.039561,1.9885116258636388e-15,3.15902630475105e-15
1,Tspyl1,-7.947105,-0.16615461,1.909206954632073e-15,3.036013412169826e-15
1,Ccl4,-7.9675903,-1.713442,1.6179830771018678e-15,2.577965177857789e-15
1,Dcstamp,-7.9767675,-2.2235487,1.5021563307785324e-15,2.3957694872397047e-15
1,Chrnb1,-8.001254,-0.35092282,1.2315843682480358e-15,1.968108221968782e-15
1,Il6ra,-8.031091,-0.85440326,9.66101659330699e-16,1.5469070991455024e-15
1,Olfml2b,-8.04914,-0.94761443,8.337779657626948e-16,1.3363516407777577e-15
1,Myof,-8.051141,-2.5047905,8.202588190432085e-16,1.3159839807003801e-15
1,Nfkbiz,-8.159657,-0.3419809,3.3597912101634793e-16,5.400972589578953e-16
1,Acvr2a,-8.303837,-0.5241798,1.0080241346219503e-16,1.6268807426435855e-16
1,Tcf7l2,-8.340762,-1.0795531,7.38132240423644e-17,1.194860772422306e-16
1,Rab11fip4,-8.38469,-0.92626244,5.085946900474721e-17,8.257663536106104e-17
1,Tifa,-8.397738,-0.51859856,4.551602120183235e-17,7.412348031061454e-17
1,Tnfrsf18,-8.414527,-0.7712973,3.944844809225e-17,6.443643787072457e-17
1,Ppp1r16b,-8.416266,-0.38524452,3.8867286349878103e-17,6.355114764062731e-17
1,Nqo1,-8.462456,0.15883116,2.6180403207900002e-17,4.2980378545762954e-17
1,Lpin1,-8.469676,-0.3514104,2.4607633439360136e-17,4.0480305718704e-17
1,Lrpap1,-8.5320015,-1.456493,1.438366951223438e-17,2.3709666614679028e-17
1,Slamf7,-8.547268,-2.7813454,1.2603627428768437e-17,2.0796626337194716e-17
1,Ms4a4c,-8.554836,-2.6414309,1.180365827578104e-17,1.949647018667703e-17
1,Pygm,-8.613421,-0.8313944,7.091195704068518e-18,1.1748640890703917e-17
1,Slc7a8,-8.633429,-1.1792464,5.954007997922032e-18,9.894878045726984e-18
1,Clec7a,-8.647607,-2.4434412,5.259062623483908e-18,8.75790510810154e-18
1,Ccl3,-8.651739,-1.235777,5.072064294477204e-18,8.455178094185021e-18
1,Dpep2,-8.655522,-2.4846137,4.906579346243594e-18,8.187728086015544e-18
1,Mmaa,-8.682706,-0.38798392,3.864625922872277e-18,6.4622920071122e-18
1,Socs3,-8.687533,-1.4064242,3.703925852503801e-18,6.202340066188469e-18
1,Frmd4b,-8.688186,-0.6164435,3.682721910061774e-18,6.1772233072597696e-18
1,Bhlhe41,-8.703191,-1.9368556,3.226794361231798e-18,5.423689589552307e-18
1,Btg2,-8.744423,-0.23386727,2.2415850506937307e-18,3.779470844308972e-18
1,Mx1,-8.794092,,1.442092420996957e-18,2.4365353196427752e-18
1,Npy,-8.838238,-2.576782,9.724018663209084e-19,1.6481043126149565e-18
1,Arl5c,-8.844283,-1.2010684,9.2117633679578e-19,1.5629163371158528e-18
1,Glt28d2,-8.87512,-1.0373293,6.985805290487994e-19,1.186489652478694e-18
1,Plk2,-8.878774,-1.5495425,6.760164562353936e-19,1.1493696981276817e-18
1,Plekhm3,-8.936924,-1.7004299,4.0015382071981186e-19,6.839299232956111e-19
1,Zfp526,-8.9402075,-0.15264773,3.884398801304325e-19,6.64609161995318e-19
1,H2-DMb1,-8.952538,-1.2401451,3.474014017282474e-19,5.950211970466919e-19
1,Mx2,-8.972154,,2.907730895458195e-19,4.985559738301472e-19
1,Ctsl,-8.990812,-1.416953,2.454105367035633e-19,4.2166937556480897e-19
1,Adora2b,-9.020996,-1.24784,1.8638639070539937e-19,3.2161566566399766e-19
1,Socs1,-9.044874,-0.95521474,1.4983776563625527e-19,2.5910112565245847e-19
1,Rasa4,-9.047832,-1.4267579,1.4583543204120313e-19,2.524493818258607e-19
1,Dok7,-9.056356,-1.2500653,1.348809620086766e-19,2.339860110995438e-19
1,F13a1,-9.059879,-1.4109932,1.3059505296307148e-19,2.267935502206659e-19
1,Tppp3,-9.07271,-2.409299,1.1609322565545888e-19,2.0182552198623187e-19
1,Tmem106a,-9.111157,-2.2520263,8.150745866396537e-20,1.4200332755419101e-19
1,Ccl2,-9.11816,-1.5840431,7.641042696440042e-20,1.3326635756586827e-19
1,Creb3l1,-9.133904,-0.5858677,6.6072181308304e-20,1.1535961042203346e-19
1,Lmna,-9.166481,-0.9515007,4.8871155499579473e-20,8.54191963581012e-20
1,Ttc30b,-9.213672,-0.20492998,3.151571404588738e-20,5.520355095294745e-20
1,Cd28,-9.216803,-0.60890806,3.060907087058093e-20,5.36734194076565e-20
1,Cd40,-9.219848,,2.9752347885508654e-20,5.222760635313316e-20
1,Herc6,-9.220587,-0.5034658,2.954789046115364e-20,5.1924895263262406e-20
1,Spint1,-9.227415,-1.182243,2.7724126021569136e-20,4.8772811721242015e-20
1,Msra,-9.240463,-0.8500106,2.4543257251435836e-20,4.3223847189825114e-20
1,N4bp3,-9.246204,-0.74501836,2.3260644299594008e-20,4.1009527232545086e-20
1,Steap4,-9.252163,-1.9287161,2.1999526650890086e-20,3.8828326689601434e-20
1,Rap1gap2,-9.265385,-0.80169487,1.9437524395898317e-20,3.438131359885177e-20
1,Gng11,-9.271082,0.20669839,1.8426639798927968e-20,3.262883160901874e-20
1,Traf1,-9.293046,-1.7151233,1.4993415035811612e-20,2.6607570227665682e-20
1,Rhod,-9.298092,-0.32269233,1.429889271189698e-20,2.545862127189561e-20
1,Eepd1,-9.312618,-0.9023871,1.2471906761208864e-20,2.2230145897451404e-20
1,Adam19,-9.337845,-0.75540805,9.831518980992814e-21,1.756247113124487e-20
1,Il1b,-9.352241,0.25787574,8.581019078633978e-21,1.536248669486127e-20
1,Gm15880,-9.372465,-1.4454232,7.085792109001219e-21,1.2699618564419862e-20
1,Pdlim7,-9.396778,-0.31064183,5.625957055153726e-21,1.0094360999401929e-20
1,Fam160a1,-9.402867,-1.1734842,5.309624826891229e-21,9.558503295469004e-21
1,Cmpk2,-9.439923,-1.018568,3.730530970460506e-21,6.74573158761086e-21
1,Camk1d,-9.449622,-1.778898,3.400562057651169e-21,6.1559281891854875e-21
1,Pkib,-9.466324,-0.66108716,2.898666838282377e-21,5.259102473930666e-21
1,Xaf1,-9.482547,-1.2020252,2.481520038417137e-21,4.507307393407163e-21
1,Hsd11b1,-9.528911,-1.19461,1.5894288104526608e-21,2.8966893601732764e-21
1,Zfp503,-9.545829,-1.2538916,1.350231808836814e-21,2.4635275522309475e-21
1,Egr2,-9.59515,-2.4370816,8.3794769808672255e-22,1.532301202138291e-21
1,Cxcr2,-9.619376,-1.3578417,6.623161501070982e-22,1.2152452437485444e-21
1,Zbtb4,-9.621899,-1.0232464,6.462698188932442e-22,1.1871456922365141e-21
1,Dio2,-9.625856,-0.9793987,6.218656547609818e-22,1.1449104336235103e-21
1,P2ry12,-9.650908,-1.6833278,4.872202615555411e-22,8.980355275489632e-22
1,Slc9a9,-9.652649,-0.38512036,4.790228257826853e-22,8.839306296012691e-22
1,H2-Oa,-9.680441,-0.7285437,3.651387232311692e-22,6.75319280594021e-22
1,P2ry13,-9.699774,-1.611743,3.0216895248482507e-22,5.601349039204415e-22
1,Dapk2,-9.796089,-0.6776116,1.170292594569951e-22,2.1868831663507608e-22
1,Rap1b,-9.802961,-0.054264374,1.093326396398964e-22,2.050144988392046e-22
1,Ifit1bl1,-9.810573,-1.6299019,1.0139175850777461e-22,1.903442503467713e-22
1,Lcn2,-9.826882,-1.6335448,8.624744512392107e-23,1.621012236280417e-22
1,Naaa,-9.839539,-1.9126767,7.605861761263044e-23,1.4345009042754254e-22
1,Klf5,-9.840626,-1.126086,7.5241021083249e-23,1.420732668184283e-22
1,Oas2,-9.851109,-1.2559748,6.779238021904486e-23,1.2815762321129457e-22
1,Clec4b2,-9.879988,-1.2448872,5.083919569522197e-23,9.644581920192986e-23
1,Haao,-9.904736,-0.29164279,3.97020151231851e-23,7.558294428381012e-23
1,Bmf,-9.937051,-0.9072811,2.8720448460181984e-23,5.480537341460609e-23
1,Gdf15,-9.942226,-1.5905869,2.726637226828243e-23,5.2091938538461844e-23
1,Eps8,-9.942226,-1.3587036,2.726637226828243e-23,5.2091938538461844e-23
1,6430548M08Rik,-10.106587,-1.1406095,5.165222597018284e-24,9.961939420170817e-24
1,Il1a,-10.127203,-0.6059777,4.184472450620666e-24,8.089647574382264e-24
1,Mcoln3,-10.1285515,-2.3483918,4.12718126860115e-24,7.988410522280508e-24
1,Efna5,-10.1299,,4.070667149855697e-24,7.88843741584939e-24
1,Irf7,-10.13364,-1.7513169,3.9178676540563036e-24,7.601413079999192e-24
1,Ppp1r3d,-10.141948,-0.67481434,3.598534141183071e-24,6.99020643951969e-24
1,Plbd1,-10.179439,-1.5890903,2.4497078725179625e-24,4.781499601954434e-24
1,Gadd45g,-10.1856365,-0.28605863,2.298512428451764e-24,4.491791757769592e-24
1,Aldoc,-10.238633,-0.60530496,1.3310395122254521e-24,2.616904350096586e-24
1,Dennd1a,-10.242112,-1.149546,1.2840198784910477e-24,2.527524566641358e-24
1,Fcer2a,-10.264338,-0.50283915,1.0201902530371246e-24,2.0155281247578757e-24
1,Ifitm10,-10.291608,-0.853189,7.68819490751985e-25,1.520762456097219e-24
1,Sdc4,-10.333448,-2.140751,4.973980947392481e-25,9.850790105824914e-25
1,Prr15,-10.363807,-1.2395972,3.6225307146696056e-25,7.191854123860588e-25
1,Nacc2,-10.422,-0.29496685,1.967706456193522e-25,3.916098002387598e-25
1,Scn1b,-10.430873,-0.054019958,1.7923414468387433e-25,3.5714715316614763e-25
1,Hp,-10.474062,-0.84733874,1.136591656305745e-25,2.27318331261149e-25
1,Smim3,-10.496809,-0.31792107,8.934996195468549e-26,1.7914170369653878e-25
1,C1qb,-10.518947,-3.1549926,7.065907709215436e-26,1.4237145719686258e-25
1,Mafb,-10.674217,-2.4765537,1.3438495057834995e-26,2.728064954168756e-26
1,Trafd1,-10.682873,-0.59070134,1.2242359454487018e-26,2.4883592775912212e-26
1,AA467197,-10.721581,-1.2171904,8.061288657386267e-27,1.6405784444517596e-26
1,Axl,-10.724061,-1.596761,7.848033463061361e-27,1.60119626126862e-26
1,Lat2,-10.768555,-0.8319467,4.845496716457468e-27,9.89848321674309e-27
1,Igf1,-10.785647,-2.3781645,4.02400902703834e-27,8.241089194262864e-27
1,Samd10,-10.805654,-0.57095915,3.2364226652990386e-27,6.653330244759241e-27
1,Trem2,-10.815483,-1.9149507,2.9075538529812016e-27,5.9848380070247575e-27
1,Tinagl1,-10.82466,-0.64773095,2.630519364496757e-27,5.428374566429695e-27
1,Ralgds,-10.846451,-1.6413819,2.0732040632222363e-27,4.2892053450847795e-27
1,2610035D17Rik,-10.870459,-0.42022362,1.5939697577907527e-27,3.310395578920104e-27
1,Serpinb1a,-10.957924,-0.6803276,6.087999251829494e-28,1.2692461165125245e-27
1,Pglyrp1,-11.005114,-1.1909552,3.610589844994351e-28,7.546877227552625e-28
1,Msr1,-11.015944,-2.7097793,3.201633578875523e-28,6.709366492165502e-28
1,Cd86,-11.018249,-1.852074,3.1207060997126506e-28,6.556716701727874e-28
1,Oas3,-11.023294,-0.97922534,2.9505942314422827e-28,6.215407588830367e-28
1,Parp14,-11.024338,-0.8016265,2.916564317297411e-28,6.151713033363329e-28
1,Zfp467,-11.077574,-0.95729685,1.6118125044804312e-28,3.404114430035494e-28
1,Cd22,-11.11002,-1.4719201,1.1213480276841976e-28,2.3744471291171915e-28
1,Ifi204,-11.128026,-1.664189,9.164259855192386e-29,1.943062677793732e-28
1,Enpp5,-11.200442,-0.62734336,4.0570376142513936e-29,8.635846470230657e-29
1,Ccl7,-11.206053,-2.1205559,3.8079945714515295e-29,8.116382647693011e-29
1,Ankrd33b,-11.218905,-0.5020265,3.293228585579156e-29,7.037703248760726e-29
1,Pnkp,-11.255505,-0.75461704,2.1757738380740703e-29,4.655811563794383e-29
1,Ifi27l2a,-11.27525,-1.8688257,1.738830679349158e-29,3.72573759828842e-29
1,Ccng2,-11.343274,-0.5637618,8.009105330706276e-30,1.7297961180300372e-29
1,Itm2c,-11.350994,-0.7135413,7.332440914775936e-30,1.5857625551688757e-29
1,Zfp963,-11.38281,-0.16896863,5.093218206183466e-30,1.1059169920253791e-29
1,Tcp11l2,-11.400033,-0.85133743,4.179628250089173e-30,9.087609948585307e-30
1,Dtx3l,-11.435827,-0.51841986,2.768843379891608e-30,6.0526468493048354e-30
1,Serpinb10,-11.468534,-0.47863057,1.8984737136913382e-30,4.1668800590085935e-30
1,Zfp36l1,-11.552715,-0.83586264,7.152420203339499e-31,1.5741147313184082e-30
1,Ctsh,-11.570526,-1.793607,5.8125219302669795e-31,1.2827089212099375e-30
1,Oas1b,-11.609409,-0.6627304,3.691584385840089e-31,8.168826567302351e-31
1,Klf2,-11.641942,-0.946832,2.5220699146118153e-31,5.588521040301044e-31
1,Pf4,-11.687914,0.5748441,1.4695124611948287e-31,3.2651359069287836e-31
1,Asah2,-11.706486,-0.6605785,1.180726065071332e-31,2.6270750034920444e-31
1,Atf3,-11.715054,-2.458069,1.0672320033510208e-31,2.3778163591144996e-31
1,Mmp13,-11.722447,-3.2024958,9.780442495463549e-32,2.1821014756041095e-31
1,Slc6a4,-11.736627,-0.12929948,8.272048641120586e-32,1.8506569511582882e-31
1,Il18rap,-11.758591,-0.9461582,6.379012209425304e-32,1.4330689478792026e-31
1,Fpr2,-11.816785,-1.6535094,3.196872569962477e-32,7.201843483998803e-32
1,N4bp2l1,-11.899683,-0.57841116,1.1879786655054962e-32,2.694966986643238e-32
1,Cpq,-11.937391,-0.459575,7.55557590765138e-33,1.7164067398053973e-32
1,Pigz,-11.944676,-1.541006,6.921913040915923e-33,1.5768740101637115e-32
1,Ifit1,-11.958747,,5.843731640698677e-33,1.3331269650088965e-32
1,F3,-11.989235,-0.63575387,4.046230009535015e-33,9.243640951360273e-33
1,Oas1g,-12.042688,-0.70682454,2.119341158687448e-33,4.848478645121355e-33
1,Cdc42ep2,-12.103753,-2.0466173,1.008908844177627e-33,2.3113702616611738e-33
1,Rab7b,-12.164905,-1.7602526,4.780040283867418e-34,1.098190558134979e-33
1,Tgm2,-12.213878,-2.1470165,2.620926668713591e-34,6.038555478200916e-34
1,Edn1,-12.226839,,2.234669260156318e-34,5.155950981470196e-34
1,Sirpb1c,-12.2540655,-2.584289,1.5978033288992416e-34,3.702338570677957e-34
1,Clec4e,-12.262286,-0.759262,1.4436908263076624e-34,3.350023634150255e-34
1,P2ry14,-12.267505,-1.3677195,1.3536031760282081e-34,3.1454790136357503e-34
1,4930481A15Rik,-12.269071,-0.21061772,1.3276824756076858e-34,3.0896714138244855e-34
1,Sgsm2,-12.272224,-0.38240644,1.276968257640156e-34,2.9759231521441564e-34
1,Saa3,-12.272637,-2.0576227,1.270467181281707e-34,2.965032759768243e-34
1,Dennd2a,-12.297385,-1.3800815,9.355421756537069e-35,2.186526525807367e-34
1,Fcnb,-12.317435,-1.5951148,7.297847936650912e-35,1.7080965877702421e-34
1,Neo1,-12.33044,-0.73729485,6.210686199712556e-35,1.4557417653083476e-34
1,Maf,-12.333745,-2.4133089,5.961029555791382e-35,1.399246011504142e-34
1,Bmpr1a,-12.372584,-0.7309612,3.6779253818194885e-35,8.658338126721641e-35
1,Sirpb1b,-12.417295,-2.7505898,2.105591544953755e-35,4.971280183282374e-35
1,Ppfibp2,-12.456352,-0.6915756,1.29143151693885e-35,3.0535013418000216e-35
1,Agl,-12.572871,-0.8751155,2.9771274717421365e-36,7.080499646870595e-36
1,Il1r2,-12.582178,-1.1011933,2.6462988396402516e-36,6.302932038027148e-36
1,Lgals1,-12.595053,-0.76496756,2.2481014399203438e-36,5.362383140515879e-36
1,Gja5,-12.630935,-1.1533611,1.4257493524399476e-36,3.4108634950701995e-36
1,Acpp,-12.7240095,-1.1967394,4.349527370248617e-37,1.0467260229292667e-36
1,Cyp4f18,-12.770765,-1.4005635,2.387952290181104e-37,5.763777700407367e-37
1,Kdr,-12.78229,-2.68328,2.059135708009345e-37,4.977523276290846e-37
1,Eps8l1,-12.785031,-0.38434815,1.987835520592424e-37,4.812342111046137e-37
1,Myo1e,-12.810996,-0.85525036,1.4229543692134251e-37,3.4551377048864903e-37
1,Spred3,-12.830264,-0.46546,1.1098541877100275e-37,2.6989257758105917e-37
1,Klhl24,-12.843268,-0.39810488,9.382790298070194e-38,2.2885542651834366e-37
1,A530064D06Rik,-12.8501835,-1.4006865,8.58060710089313e-38,2.0972247032185304e-37
1,Cd300ld,-12.881064,-2.0938573,5.753680034462709e-38,1.411871258078444e-37
1,Syne1,-12.88811,-1.113186,5.251509981871886e-38,1.2905983622115453e-37
1,Gm19705,-12.889241,-1.0719144,5.175076467627903e-38,1.273744162441951e-37
1,Vwf,-12.891893,-0.36817062,5.000064974551569e-38,1.232538812875782e-37
1,Ahnak,-12.918251,-2.0917535,3.551232356385206e-38,8.780638539720737e-38
1,Fam110c,-12.940302,-0.772482,2.6658011687140485e-38,6.601419077334637e-38
1,Sorl1,-12.979576,-1.0858806,1.5976208883410967e-38,3.962295230717521e-38
1,Acrbp,-13.005238,-0.36984304,1.1424384916251558e-38,2.8420785788589e-38
1,Map10,-13.010935,-0.3697185,1.0603690278551562e-38,2.641963998742033e-38
1,Sh3bgrl2,-13.037857,-0.87554103,7.452219197162546e-39,1.8653548669440815e-38
1,Tob1,-13.055711,-0.70678234,5.89569323911304e-39,1.4780238692181376e-38
1,Tmem40,-13.062344,-0.3166273,5.4038040963420026e-39,1.3568065393601745e-38
1,Phf11b,-13.090919,,3.710910918067739e-39,9.331934122644764e-39
1,Slc15a3,-13.127323,-2.2227201,2.2963239096474713e-39,5.792593128224259e-39
1,Cish,-13.155985,-0.70355,1.572216640369576e-39,3.972173505731234e-39
1,Ube2l6,-13.168641,-0.5994333,1.3296908922493737e-39,3.364678045598259e-39
1,Fbxl5,-13.209221,-0.98092407,7.762412479785961e-40,1.9672864128457546e-39
1,Bcl2a1b,-13.24271,-2.1410277,4.972160371881069e-40,1.2660665813486803e-39
1,Napsa,-13.3100815,-0.5946697,2.022615902993041e-40,5.17457885592226e-40
1,Mcemp1,-13.31978,-1.4615533,1.7762952105151505e-40,4.551581092346879e-40
1,Dok4,-13.325238,-0.3240831,1.6510394178211492e-40,4.237319518522e-40
1,C130026I21Rik,-13.338135,-1.226568,1.388919805500602e-40,3.570250276579994e-40
1,Arfgef2,-13.347964,-0.60406137,1.2173088982329943e-40,3.139070004664415e-40
1,St6gal1,-13.358315,-0.9698546,1.0593466153529773e-40,2.736083137105938e-40
1,Ndrg4,-13.372451,-1.0260196,8.760628327125492e-41,2.2663060839868498e-40
1,Mmp19,-13.455305,-1.0914724,2.8655379442890133e-41,7.436644073018847e-41
1,1600010M07Rik,-13.480705,-1.2175881,2.031556851479302e-41,5.289221850881907e-41
1,C3ar1,-13.486577,-2.0344462,1.876111463379122e-41,4.892367835371279e-41
1,Pdpn,-13.493579,-2.5040908,1.7061249362478079e-41,4.456255469555466e-41
1,AW112010,-13.535463,-2.0000257,9.657179943612508e-42,2.530524372946605e-41
1,Gm4951,-13.563038,,6.633094806695275e-42,1.7409190576795688e-41
1,Slc7a11,-13.57813,-0.855383,5.398719621420741e-42,1.419242013929407e-41
1,Anpep,-13.621232,-1.9773234,2.9947335213459366e-42,7.885483395492061e-42
1,Bcl6,-13.622841,-1.3310215,2.929457058418495e-42,7.738728581033875e-42
1,Gabbr1,-13.643892,-1.0078788,2.19525232478345e-42,5.827658381012693e-42
1,Psap,-13.667769,-1.7223341,1.5816929289376515e-42,4.205747427437493e-42
1,Rap2b,-13.692126,-1.0364939,1.1314977333871355e-42,3.013611368725671e-42
1,Stfa2,-13.72044,-2.2087336,7.65992318715105e-43,2.0468526210146628e-42
1,Nyap1,-13.72231,-0.17044243,7.46484919851889e-43,1.9980173927388846e-42
1,Pgf,-13.740012,-2.1314728,5.846620945921894e-43,1.5674742436835225e-42
1,Mpeg1,-13.746492,-2.2939005,5.3459227989523814e-43,1.4356103940233053e-42
1,Pknox2,-13.757061,-1.1805284,4.619253057484106e-43,1.242525449293403e-42
1,Prkcb,-13.778112,-0.88614726,3.4518215266376e-43,9.331424193676978e-43
1,Zc3h6,-13.844657,-0.31596494,1.3703409255466927e-43,3.716877895044708e-43
1,Ulk1,-13.928707,-0.38671818,4.239597455352835e-44,1.1576813253505554e-43
1,Ets1,-14.089915,-1.2717142,4.380891453724933e-45,1.21466768169946e-44
1,I830077J02Rik,-14.127928,-0.24301933,2.555532891080732e-45,7.109904544310373e-45
1,Gria2,-14.146717,-1.6931576,1.9568136910596127e-45,5.453525441406686e-45
1,Plxnc1,-14.234269,-0.9593199,5.614701094493985e-46,1.5838339435250858e-45
1,Ggt5,-14.24275,-1.497395,4.9730785539075424e-46,1.4052845669752673e-45
1,Fpr1,-14.280416,-2.2237167,2.89869004127808e-46,8.205366923129225e-46
1,Arg2,-14.286548,-1.9288461,2.6544556024120367e-46,7.527145082364202e-46
1,Relb,-14.289593,-1.1033568,2.5409248797524203e-46,7.217828642659239e-46
1,Shtn1,-14.296943,-1.5482808,2.286353516770077e-46,6.506079656493097e-46
1,Slfn5,-14.312121,-4.06276,1.8381814101741635e-46,5.239947710549197e-46
1,Klhdc4,-14.331085,-1.1767291,1.3991766778552927e-46,3.995536217396628e-46
1,F5,-14.343741,-0.60955787,1.1659633998365974e-46,3.3354367452115717e-46
1,Ffar2,-14.385973,-0.9809714,6.338011377298247e-47,1.8162993734943033e-46
1,Gpnmb,-14.408416,-2.7287817,4.580974697560007e-47,1.3197763693503253e-46
1,Entpd3,-14.430076,-1.7523203,3.347146726335955e-47,9.6602704450479e-47
1,Tlr3,-14.437818,-3.1052227,2.991671535041199e-47,8.6651629104229e-47
1,Map6,-14.485877,-1.1631699,1.488104872672841e-47,4.317900006217081e-47
1,Zcchc24,-14.487704,-1.4991611,1.449060251096844e-47,4.2121428804284607e-47
1,Abcg1,-14.534286,-2.1168082,7.347644476661968e-48,2.1473656470532815e-47
1,Calcoco1,-14.56373,-0.47470263,4.7778004949200433e-48,1.398843394000056e-47
1,Tiam1,-14.585868,-0.8343013,3.454983359219237e-48,1.0133784825775051e-47
1,Pcmtd2,-14.626013,-0.34644234,1.9169776020679815e-48,5.632858098830192e-48
1,Evl,-14.6377125,-1.4239814,1.6140868579263275e-48,4.7514498794128916e-48
1,Adgre5,-14.645584,-0.97090787,1.4375978259832503e-48,4.2396066795360584e-48
1,Chil3,-14.683902,-1.6451212,8.174770586259953e-49,2.428475804196638e-48
1,S1pr4,-14.696471,-0.7338894,6.790712149393915e-49,2.0210156158379688e-48
1,Gda,-14.788068,-1.1404887,1.7490181414128874e-49,5.2535322692068576e-49
1,Tnfsf15,-14.792418,-2.2735643,1.639572578892211e-49,4.9339271298017934e-49
1,Chst15,-14.887929,-0.9996528,3.948122100402991e-50,1.1947488893383678e-49
1,Mfhas1,-14.921593,-1.3600439,2.3851238477006e-50,7.258294335779312e-50
1,Vipr1,-14.97061,-1.17016,1.1426945248517662e-50,3.48392954757437e-50
1,Slc37a2,-15.004143,-1.9455163,6.897647065339258e-51,2.106964885118696e-50
1,Ltb,-15.005969,-1.1364652,6.71034050191443e-51,2.0536174139821143e-50
1,Ahnak2,-15.025932,-2.09406,4.9657404599059836e-51,1.5225767534910217e-50
1,Hip1,-15.059727,-1.27887,2.980152002446101e-51,9.154936643877985e-51
1,Il1f9,-15.0598135,-1.2407094,2.9762335281176487e-51,9.154936643877985e-51
1,Rora,-15.091955,-1.4864526,1.8293915932306445e-51,5.641203734258755e-51
1,Junb,-15.099654,-0.689994,1.6278592450744888e-51,5.0293098962110876e-51
1,Gm5431,-15.15763,-1.4032936,6.745975293248789e-52,2.092155243910045e-51
1,Irgm2,-15.21926,-0.8176247,2.634939808192145e-52,8.203209921089558e-52
1,Padi4,-15.221392,-0.7514896,2.550487264032804e-52,7.955558350502324e-52
1,Trim21,-15.228394,-0.42254382,2.291524773334488e-52,7.1753922439161e-52
1,Mgst1,-15.268756,-0.9267453,1.2350780120447296e-52,3.8823576270088206e-52
1,AW554918,-15.2940035,-0.24477886,8.38344866279263e-53,2.6403793652523583e-52
1,Mdfic,-15.431507,-1.5135617,1.0049573899886466e-53,3.1961586011011467e-53
1,Sh3bp5,-15.476653,-1.2223682,4.987543011576445e-54,1.59247928440492e-53
1,Serpinb8,-15.52928,-2.0472374,2.1983449610716033e-54,7.046868630154427e-54
1,P2rx4,-15.550243,-1.0027609,1.5850171253514443e-54,5.1009876534127833e-54
1,Trp53inp1,-15.5937805,-0.45024988,8.024125381875081e-55,2.6082427593990748e-54
1,Themis2,-15.605915,-0.70310694,6.635161340094558e-55,2.161090701532806e-54
1,Sp140,-15.610656,-1.0572137,6.1600600455224234e-55,2.0103857935286458e-54
1,Atp1b1,-15.63014,-1.0741976,4.53799910501879e-55,1.4839989008750963e-54
1,Ube2h,-15.648408,-0.49773154,3.406353758231347e-55,1.1161829890608575e-54
1,Nfkbia,-15.649234,-1.1502626,3.3624111391626924e-55,1.1040143456926896e-54
1,Fcgr4,-15.674678,-1.1766412,2.253650057712229e-55,7.41464582882198e-55
1,Slc27a4,-15.68429,-0.95521253,1.93717697515018e-55,6.3863842554747804e-55
1,Ndst1,-15.806027,-0.7151838,2.827432694478269e-56,9.37851908066207e-56
1,Trim26,-15.830818,-0.65107024,1.9072404602496753e-56,6.339229562551175e-56
1,H2-T22,-15.8457365,-0.4582508,1.504475935314871e-56,5.010800753759181e-56
1,Tcte2,-15.885663,-0.53417563,7.965075026235462e-57,2.663783854134829e-56
1,Trim34a,-15.952295,-0.66284454,2.7461654320113537e-57,9.279750689005032e-57
1,Fcgr1,-15.984132,-1.4226137,1.6484680085298236e-57,5.58207747356028e-57
1,Furin,-16.00914,-1.4849614,1.1032290609949654e-57,3.7435931735017444e-57
1,Lrp1,-16.056026,-2.0840454,5.1873628694388694e-58,1.7639208751005965e-57
1,Trim30b,-16.078903,-1.2325679,3.58669072708538e-58,1.224760496701576e-57
1,Lsp1,-16.1588,-1.7355667,9.845817518960682e-59,3.376303597411042e-58
1,Nfkb2,-16.16415,-0.69719344,9.02735761040027e-59,3.108784298103872e-58
1,Osgin1,-16.208904,-0.802506,4.3627167225108175e-59,1.5056013880664992e-58
1,Itgal,-16.211775,-0.6703353,4.163626963666631e-59,1.439957981890677e-58
1,Batf2,-16.227781,,3.2084928950799207e-59,1.1120033067990667e-58
1,Cd9,-16.236784,-0.9861793,2.7707276320106664e-59,9.623383766855034e-59
1,Nod2,-16.241655,-1.4161828,2.559231622277963e-59,8.90788345780012e-59
1,Ifit2,-16.281755,,1.3299650435191697e-59,4.649145044370891e-59
1,Vwa5a,-16.35091,-1.0983531,4.28528502234351e-60,1.5012380791017652e-59
1,Anxa4,-16.35639,-1.622418,3.9166394892830196e-60,1.3750626085751208e-59
1,Lrg1,-16.368568,-1.6572376,3.2066642115192846e-60,1.1282449785432277e-59
1,Cyp4v3,-16.468603,-1.765096,6.1678110490696406e-61,2.1795619872747184e-60
1,Slfn1,-16.470387,-2.7186959,5.988660342900012e-61,2.120874907463716e-60
1,Irs2,-16.480867,-0.038654327,5.0356407359811216e-61,1.7872667995101484e-60
1,Pea15a,-16.50977,-1.6099156,3.120726926956151e-61,1.114938122361867e-60
1,Dhrs9,-16.517141,-1.8110548,2.7618033656396206e-61,9.888841189994403e-61
1,Kcnn3,-16.518055,-1.7094747,2.720300857692517e-61,9.761787591100138e-61
1,Nrp2,-16.606434,-1.8746238,6.2606722880019875e-62,2.2666987614150054e-61
1,Csf2rb,-16.622656,-1.4308033,4.776847183610802e-62,1.7372300743983676e-61
1,Gcnt2,-16.645926,-0.713,3.239213443246674e-62,1.183334280393267e-61
1,Pvr,-16.664606,-0.4787833,2.3704761175389864e-62,8.698896521828589e-62
1,S100a10,-16.664627,-0.9880665,2.369614144627677e-62,8.698896521828589e-62
1,Tbc1d8,-16.66689,-1.003616,2.281653293516301e-62,8.449410141743014e-62
1,Tac4,-16.705597,-1.0035307,1.193260503234828e-62,4.428989785461992e-62
1,Hcar2,-16.719732,-1.5940524,9.413983562531253e-63,3.510225595040389e-62
1,Flrt3,-16.729258,-2.4454546,8.023137524733218e-63,2.9985090011790965e-62
1,Veph1,-16.75566,-0.30864036,5.148762061124847e-63,1.9287048644675525e-62
1,Il1rn,-16.77684,-1.5102956,3.6051828194803693e-63,1.3536126234252683e-62
1,Arl4c,-16.829336,-2.020994,1.4876081699281356e-63,5.598376917919806e-63
1,Il7r,-16.845081,-2.4655592,1.1401350170950517e-63,4.3006953435538926e-63
1,Klra17,-16.881659,-1.6368574,6.139557230219024e-64,2.3212964632669595e-63
1,Tnfaip3,-16.887182,-0.64411825,5.591034171772036e-64,2.1188451931341692e-63
1,Cfb,-16.922281,-4.960089,3.082566300017067e-64,1.1709420465170218e-63
1,Abtb2,-16.950552,-1.0163969,1.906562777966307e-64,7.259260154604107e-64
1,Tnfrsf1b,-17.03419,-1.2169957,4.580460175480692e-65,1.7647283621448177e-64
1,Plek,-17.073376,-1.013673,2.34251163223037e-65,9.046556827327762e-65
1,Zfp36,-17.117456,-0.9719045,1.0997577466543802e-65,4.257296098027219e-65
1,Igfbp6,-17.197855,-1.051955,2.7554820740841014e-66,1.071796624499859e-65
1,Jund,-17.249784,-0.6021011,1.1231627276883702e-66,4.379254673823405e-66
1,Pag1,-17.287668,-0.8262862,5.8262297467765353e-67,2.277143288981094e-66
1,Rab2b,-17.295193,-0.4399445,5.113230523410493e-67,2.0032994949207296e-66
1,Slc39a2,-17.334076,-1.3459496,2.602197972680762e-67,1.0294549052898039e-66
1,Samd9l,-17.390747,-0.7629429,9.696275271093436e-68,3.854744727870969e-67
1,Map3k8,-17.409405,-1.1045371,7.000737281320793e-68,2.789974415307697e-67
1,Ifit3,-17.436632,,4.349628834326707e-68,1.737708859428059e-67
1,Cxcl2,-17.473776,-2.1736178,2.269668724624778e-68,9.089883139114543e-68
1,Tnks1bp1,-17.527859,-0.7886666,8.781411885589555e-69,3.5343548581702874e-68
1,Tnni2,-17.568111,-1.162349,4.3232142939305613e-69,1.744341687750092e-68
1,Nos2,-17.604994,-3.35053,2.2553011436955052e-69,9.122440037591295e-69
1,Sytl1,-17.634048,-1.0360614,1.3495033729399989e-69,5.485951054908968e-69
1,Wfdc21,-17.74152,-1.9184319,2.0044033284054672e-70,8.189275059631405e-70
1,Stfa3,-17.810326,-2.0507333,5.8766657559707435e-71,2.4131523686543154e-70
1,2900089D17Rik,-17.818459,-1.2761993,5.081706879210592e-71,2.0920123243856802e-70
1,Cd68,-17.824331,-2.2095253,4.575335013406276e-71,1.8883443744898166e-70
1,Cd38,-17.881067,-1.1685919,1.6563466028692506e-71,6.8710848845368914e-71
1,Camk1,-17.907381,-1.0036528,1.0328220540801987e-71,4.2954804403027754e-71
1,Bst1,-17.92219,-2.0718768,7.914926300126702e-72,3.300259758047689e-71
1,Gstm1,-17.9629,-1.3370999,3.8040275074870493e-72,1.5943495134739002e-71
1,Stk17b,-17.973991,-1.0033827,3.114793749810144e-72,1.3088589280290294e-71
1,Serpinb6a,-17.974773,-0.6319149,3.0711371404071044e-72,1.2938660887637204e-71
1,F7,-18.013092,-1.7668093,1.5379466956140606e-72,6.496222761161475e-72
1,Dok2,-18.109343,-0.2776053,2.6894450021896692e-73,1.1419580611391737e-72
1,Cd200r4,-18.15788,-1.5062256,1.1123744542324592e-73,4.735620379960758e-73
1,Ifit3b,-18.265135,,1.5682572155922027e-74,6.7116443369143876e-74
1,Trp53inp2,-18.291492,-1.1337621,9.673178355050731e-75,4.150765950236054e-74
1,Csf1,-18.306454,-1.7430773,7.350445423007445e-75,3.1624462801374207e-74
1,Mxd4,-18.386133,-0.7310177,1.6965859624499259e-75,7.318783061419628e-75
1,Ddhd1,-18.390394,-1.5167367,1.568328743497248e-75,6.78354459187343e-75
1,Penk,-18.413969,-1.1803234,1.0150483834270786e-75,4.4021617056650305e-75
1,Rpl3l,-18.420883,-1.2282434,8.933281226564784e-76,3.8846600936965363e-75
1,Gm11696,-18.466116,-0.27056232,3.869368604906374e-76,1.6871279239672416e-75
1,C030014I23Rik,-18.577503,-0.5435899,4.887220918241899e-77,2.1366771777327118e-76
1,Ear2,-18.616974,-1.1866875,2.340766822807552e-77,1.0261415639442836e-76
1,Trim30d,-18.672014,-1.6969403,8.363881627885195e-78,3.676481300929482e-77
1,Ampd3,-18.691456,-1.256101,5.81062059276758e-78,2.5610941851817976e-77
1,Gal,-18.743126,-1.518186,2.2030015246948215e-78,9.736426357098095e-78
1,Rab15,-18.865646,-1.4829589,2.1858509900590938e-79,9.740248093065522e-79
1,Nmb,-18.865864,-0.7775972,2.1768765967307936e-79,9.726980275199304e-79
1,Pygl,-18.873562,-1.3040123,1.881784714011368e-79,8.431643110846517e-79
1,Tusc1,-18.900267,-1.0787789,1.134784133044529e-79,5.1270748295215206e-79
1,Oas1c,-19.006824,-0.4593683,1.497469261855983e-80,6.822739164973046e-80
1,C3,-19.007782,-1.4910605,1.4704070975919181e-80,6.7183107388565946e-80
1,Adam8,-19.027788,-1.5829469,1.0040144034778956e-80,4.60031458316708e-80
1,Gpr137b,-19.096987,-2.291618,2.6748870624444734e-81,1.23608741176209e-80
1,Pdzk1ip1,-19.115993,-0.717586,1.8584995606174667e-81,8.612817963775802e-81
1,Atf5,-19.11658,-1.2173924,1.8376997116863173e-81,8.540827886404603e-81
1,Ly6i,-19.151918,-1.5126977,9.328665226200151e-82,4.348015803705932e-81
1,Ier3,-19.15979,-0.8885067,8.019555879724413e-82,3.7486223737501435e-81
1,Itpr2,-19.159855,-0.8689895,8.009510700290433e-82,3.7486223737501435e-81
1,Fgr,-19.163269,-1.9175236,7.500957548477966e-82,3.5265371430815255e-81
1,Gbp2,-19.288748,-2.597216,6.677098526705415e-83,3.1667408802094105e-82
1,Acod1,-19.302578,-3.1963475,5.109467442373732e-83,2.4303683846129597e-82
1,Hcst,-19.30745,-0.782894,4.649709720554943e-83,2.2181850490412108e-82
1,Gpcpd1,-19.352552,-1.1479882,1.9399318150692178e-83,9.309376935036305e-83
1,Slc23a2,-19.374733,-1.1614234,1.2611168954683694e-83,6.106064490894613e-83
1,Tmcc1,-19.41401,-0.85555804,5.875941970211443e-84,2.8535263100847186e-83
1,Timp2,-19.424055,-2.391661,4.831949156168736e-84,2.353580039431138e-83
1,A330023F24Rik,-19.490034,-0.79164046,1.3339116680593062e-84,6.516881703590949e-84
1,Cpne8,-19.513739,-0.6964094,8.391528133960644e-85,4.1121023061281464e-84
1,Neil2,-19.576021,-1.1730845,2.476267282597783e-85,1.2171228885980617e-84
1,Apobec1,-19.594244,-1.4787502,1.731371266347859e-85,8.5880250581536e-85
1,Rassf3,-19.60964,-0.78335565,1.2793203543607055e-85,6.365207407279339e-85
1,Atp6v1g2,-19.612337,-0.6281789,1.2132583099776786e-85,6.055092242411677e-85
1,Lipa,-19.614946,-1.311826,1.152569215758114e-85,5.7699607035792e-85
1,Marcks,-19.61586,-2.2515905,1.1320513532125547e-85,5.68479038672063e-85
1,Cib2,-19.646393,-1.3470266,6.2070558158042455e-86,3.1364001661166624e-85
1,Ecm1,-19.66666,-1.1606882,4.163122534929276e-86,2.1289243517620762e-85
1,Aif1,-19.734554,-2.0770717,1.0890488444210081e-86,5.607737224288493e-86
1,Prmt2,-19.77087,-0.8022244,5.305289204259737e-87,2.7405028946844882e-86
1,Cd14,-19.775568,-1.2685698,4.833581969901183e-87,2.5048146821660443e-86
1,Il10ra,-19.844244,-1.1541362,1.2357488772886648e-87,6.424309868468636e-87
1,Pla2g7,-19.890738,-2.8173625,4.894976135691901e-88,2.5611778361587947e-87
1,Spata6,-19.91144,-0.99673015,3.238682067216059e-88,1.7000460559949669e-87
1,Plekhg1,-19.930752,-1.5412264,2.202307673928256e-88,1.1597867036076726e-87
1,Trib1,-19.985596,-1.0911299,7.350373601117243e-89,3.8961784251673753e-88
1,Tmem241,-20.014694,-0.32562128,4.1015290467648654e-89,2.1812065947057745e-88
1,Mapkbp1,-20.040092,-0.42281327,2.4630516575556955e-89,1.3185048807113328e-88
1,Tnfsf12,-20.097157,-1.8050467,7.81447978765001e-90,4.197048415751098e-89
1,Stat2,-20.165659,-0.9041011,1.961194681016149e-90,1.0603525908693978e-89
1,Sirpa,-20.165789,-1.6249118,1.956028539646914e-90,1.0603525908693978e-89
1,Fos,-20.244642,-1.223731,3.9605031073421326e-91,2.1850122585404555e-90
1,Oit3,-20.296747,-1.0709603,1.3738412489446348e-91,7.605360088014326e-91
1,Adgre1,-20.305706,-2.2598863,1.14485781011206e-91,6.359449890416991e-91
1,Mreg,-20.3238,-1.4083937,7.92023274572886e-92,4.4298681081283485e-91
1,Parp6,-20.351461,-0.47850198,4.506377583191461e-92,2.529184927313685e-91
1,Cd300lb,-20.462238,-1.0763121,4.6742144603477245e-93,2.6509006484909124e-92
1,Lyz1,-20.547356,-1.827422,8.127254801115287e-94,4.658094447847702e-93
1,Sertad1,-20.548225,-0.7108213,7.982944055789979e-94,4.591608247691967e-93
1,A830082K12Rik,-20.561316,-0.904777,6.095686182076695e-94,3.518577575561708e-93
1,Mxd1,-20.649303,-1.2999207,9.903822659813737e-95,5.799278106215842e-94
1,Tmem184b,-20.673702,-0.54111356,5.975159702213896e-95,3.5371200864930433e-94
1,Ccpg1,-20.677574,-0.96827936,5.514556287431399e-95,3.2764140286497175e-94
1,Cd300c2,-20.790396,-2.1891358,5.287375075056594e-96,3.176341619163628e-95
1,Cnn2,-20.837585,-0.93574727,1.9755554408314343e-96,1.200131432594976e-95
1,Abtb1,-20.93066,-0.87481457,2.8156626493727133e-97,1.7299260671524775e-96
1,Gm14966,-20.959192,-0.38078856,1.5468956804622677e-97,9.540170318288205e-97
1,Lrp12,-21.00773,-1.0904051,5.573525669448841e-98,3.463700626760928e-97
1,Gm12708,-21.097414,-1.0204017,8.40068485658939e-99,5.2609694352849385e-98
1,Sgk1,-21.122423,-1.8980861,4.949092079823231e-99,3.111405950958636e-98
1,Rnase4,-21.13534,-1.6331836,3.764681943011334e-99,2.3759977087799154e-98
1,Ccdc80,-21.214998,-1.1579832,6.943005373130157e-100,4.451207397319017e-99
1,Pla1a,-21.228764,-1.6508904,5.180786340069877e-100,3.3346172395211667e-99
1,Hgsnat,-21.272692,-1.0910363,2.0327576867698204e-100,1.3241497863215457e-99
1,Nek6,-21.301136,-1.2790248,1.1080101482721345e-100,7.246743792328235e-100
1,Cdkn1b,-21.31253,-0.6974844,8.686952246857742e-101,5.704549208260428e-100
1,Slfn4,-21.59463,-2.7591393,2.017596398189146e-103,1.3522898172986755e-102
1,Tlr2,-21.630857,-1.4922632,9.205453475751004e-104,6.195537567497149e-103
1,Klra2,-21.730154,-1.5676471,1.0644610294752214e-104,7.224082802547318e-104
1,Kcp,-21.938616,-0.58747566,1.1123426377356195e-106,7.644998976301588e-106
1,Cmklr1,-21.953318,-2.1214316,8.0507473330202e-107,5.55672858474841e-106
1,Ly6c2,-21.991678,-1.52732,3.4595501965591284e-107,2.4083220681626207e-106
1,Gpr55,-22.027386,-1.0380696,1.573980423172025e-107,1.1099983679934887e-106
1,C5ar1,-22.137772,-1.4423354,1.3683569529808096e-108,9.777422809404727e-108
1,Ceacam1,-22.143774,-1.4780098,1.1977566466442441e-108,8.596288853349397e-108
1,Ier5,-22.148167,-0.89937055,1.086508787880977e-108,7.83252112863531e-108
1,Nectin4,-22.185484,-1.8172891,4.743021263765107e-109,3.4344555758156264e-108
1,Cd274,-22.22128,-1.8046125,2.1389182269353313e-109,1.555751284344891e-108
1,Ddx58,-22.237762,-0.9697968,1.4816134602066832e-109,1.0825121767816398e-108
1,Acvrl1,-22.257292,-1.0201616,9.586755724272262e-110,7.06805353853164e-109
1,Irak2,-22.280952,-1.3072442,5.654376320530732e-110,4.24601777402817e-109
1,Acox3,-22.354803,-1.0694056,1.0842896056306686e-110,8.218307197817498e-110
1,Ccr1,-22.453445,-1.6424406,1.1842651381421803e-111,9.060745538050077e-111
1,Dhrs3,-22.465754,-0.74737054,8.977449080008687e-112,6.934010670368614e-111
1,Clec4a2,-22.555437,-1.7237688,1.1875930102916625e-112,9.350853702393575e-112
1,Pld3,-22.741066,-1.7776853,1.7590243919043188e-114,1.4265687818344027e-113
1,Tmem71,-22.776817,-1.1176986,7.78434521743535e-115,6.3448281118995664e-114
1,Pilra,-22.823965,-1.3622426,2.6514122427824863e-115,2.18304094304223e-114
1,Phf1,-22.882898,-1.036077,6.877668940263282e-116,5.750298464488166e-115
1,Gadd45b,-22.900251,-0.8469014,4.619418188593923e-116,3.8822260631602813e-115
1,Amn1,-23.125113,-0.34997854,2.588484511972354e-118,2.186730145009978e-117
1,Crebrf,-23.23541,-0.85457975,1.9980288515906963e-119,1.7147104747513807e-118
1,Tecpr1,-23.285732,-1.6988794,6.1847091962277265e-120,5.335956551213497e-119
1,Stat1,-23.306978,-0.8143867,3.7667275960542505e-120,3.3025038707026995e-119
1,Dusp1,-23.406425,-1.0794337,3.675867124854126e-121,3.258063648367974e-120
1,Tspan17,-23.481974,-0.9901018,6.233929982546739e-122,5.55573320422572e-121
1,Hmox1,-23.484322,-1.4694422,5.898829636318312e-122,5.286133519396852e-121
1,Bcl2l11,-23.494848,-1.2745657,4.6046704525361783e-122,4.149319707785379e-121
1,Lilra6,-23.572178,-2.2407837,7.437335709466872e-123,6.739306436176126e-122
1,Notch2,-23.586357,-0.58738226,5.320609857980781e-123,4.848331005418442e-122
1,Tmem86a,-23.667038,-1.5154179,7.881905993835665e-124,7.305400869715113e-123
1,Prdx5,-23.819613,-1.3955948,2.0920226937073737e-125,1.9501498903410114e-124
1,Il27,-23.825657,-1.7382718,1.810960489918146e-125,1.6979063090446433e-124
1,Mitf,-23.834095,-1.0961881,1.480582344852845e-125,1.3962235833437875e-124
1,Trim12a,-23.851274,-0.6787713,9.822634451089058e-126,9.37194887039203e-125
1,Card11,-23.933434,-1.4175446,1.3747852312096703e-126,1.3194684290071508e-125
1,Cd84,-23.943611,-1.5600767,1.0770669356551443e-126,1.039882481924193e-125
1,Igsf6,-23.94635,-1.211053,1.0085528695794597e-126,9.795645236274752e-126
1,Ndrg1,-23.990713,-0.9117279,3.476196695453511e-127,3.417206690924603e-126
1,Arhgef3,-24.005024,-0.89886177,2.464410222369211e-127,2.4523149574741477e-126
1,Fam20c,-24.014027,-2.0084527,1.984602619799292e-127,1.9870527464904024e-126
1,Msrb1,-24.027596,-1.5083741,1.431747891919953e-127,1.4424193047789837e-126
1,Upp1,-24.052605,-1.6882839,7.839969359972513e-128,7.947768938672136e-127
1,Ccl6,-24.20918,-2.4945462,1.780766204262844e-129,1.851426423346345e-128
1,Cyp4a12a,-24.218445,-1.9498152,1.4223981063179039e-129,1.4884707925468645e-128
1,Tarm1,-24.44613,-1.6715546,5.532424518951431e-132,5.903679322196856e-131
1,Chd2,-24.447437,-0.3906262,5.3584505939411186e-132,5.755898585014897e-131
1,Irf1,-24.54373,-1.1473656,5.045838404936217e-133,5.5675849610928863e-132
1,Prox2,-24.573523,-0.45373788,2.4246395381342267e-133,2.7122519523129073e-132
1,Cst3,-24.591269,-1.243863,1.5663418952585886e-133,1.764310107020438e-132
1,A930007I19Rik,-24.611668,-1.5970972,9.475152199598228e-134,1.0823025963203046e-132
1,Pirb,-24.625715,-2.065293,6.700974426338091e-134,7.708496822354882e-133
1,E130102H24Rik,-24.626846,-0.94092065,6.516641879177702e-134,7.549995091447308e-133
1,Myadm,-24.800993,-1.5419495,8.746497491708228e-136,1.0280303573587497e-134
1,Hacd4,-24.840876,-1.1849484,3.2449860899118053e-136,3.84187404221675e-135
1,Litaf,-24.92508,-1.4328827,3.979293443457821e-137,4.745892621535725e-136
1,Sh2d3c,-24.93717,-1.0373951,2.942253157168892e-137,3.561443746961152e-136
1,Ypel3,-24.999344,-1.1918514,6.214671138727405e-138,7.579095178207406e-137
1,Rxra,-25.047903,-1.8050883,1.8401119104847618e-138,2.2611072112168816e-137
1,Rara,-25.06478,-1.300119,1.2048076092561692e-138,1.4917541543614555e-137
1,Nrp1,-25.289421,-1.1395854,4.1759118987602384e-141,5.291663359210239e-140
1,Dock10,-25.306862,-1.0109212,2.684316152913867e-141,3.428315590571884e-140
1,Ptms,-25.33322,-1.6029333,1.3757933321208017e-141,1.7852294277599522e-140
1,Lilr4b,-25.646893,-1.6737205,4.579343242306053e-145,6.088274376246246e-144
1,Tnf,-25.748144,-1.0852646,3.381370045459563e-146,4.532712573335051e-145
1,Cd33,-26.047552,-1.5509514,1.4340485926000927e-149,1.9712091671163985e-148
1,Zbp1,-26.139757,-1.7729683,1.2886316764186742e-150,1.78646203346247e-149
1,Rasgrp4,-26.146978,-1.1790955,1.0666828494729904e-150,1.5044865929088612e-149
1,Smpdl3a,-26.247969,-1.3599039,7.539558070054735e-152,1.0822268309406e-150
1,F10,-26.335217,-1.6935561,7.58040058975769e-153,1.0978044425524083e-151
1,Cd52,-26.398891,-1.9311724,1.4109452564428596e-153,2.080502914500289e-152
1,Gm2a,-26.414722,-1.3445166,9.283019203614925e-154,1.3813813897489365e-152
1,Tbc1d20,-26.462173,-0.93898135,2.642864401531255e-154,3.969190795633051e-153
1,Neat1,-26.47583,-1.2843056,1.8401829520272914e-154,2.789510979615203e-153
1,Ptafr,-26.680466,-1.8395529,7.933591405826905e-157,1.2139891754954e-155
1,Tmcc3,-26.691948,-1.4394997,5.837251430492737e-157,9.103867134864635e-156
1,Sp100,-26.701344,-1.1061387,4.540814831919231e-157,7.150681220750478e-156
1,Dnajb5,-26.741705,-0.6382404,1.5419897215975846e-157,2.4763438895359227e-156
1,Mfsd9,-26.7698,-0.51433307,7.263523847584417e-158,1.1781435680781926e-156
1,Tmem140,-26.905804,-1.6156265,1.8782977478893373e-159,3.1087744357923518e-158
1,Nabp1,-26.931465,-1.4985375,9.404996398144923e-160,1.5726705317310375e-158
1,Fgl2,-26.934292,-0.9606211,8.714563008331844e-160,1.4723980416160679e-158
1,Map1lc3a,-27.052029,-1.1441538,3.615243815891307e-161,6.238218584442234e-160
1,Lst1,-27.187206,-1.575318,9.201909486648971e-163,1.6223366507983294e-161
1,B4galt5,-27.244965,-1.1261723,1.9065976452484632e-163,3.398353165486821e-162
1,Znfx1,-27.300657,-1.1510788,4.1660230406228585e-164,7.508099302100307e-163
1,Mir142hg,-27.361265,-0.5373736,7.931684085566445e-165,1.4619535894078153e-163
1,Cd93,-27.377836,-1.3104266,5.036557785283404e-165,9.389996238769748e-164
1,Btg1,-27.405802,-1.5849277,2.338853706844175e-165,4.411186875001456e-164
1,Cyth1,-27.481003,-0.81422883,2.9617336942027605e-166,5.65168476705515e-165
1,Zbtb20,-27.59752,-0.62455446,1.1916158361660903e-167,2.3009534360254746e-166
1,Grina,-27.819336,-1.4287874,2.531779801132691e-170,5.007983948094176e-169
1,Vsir,-27.949816,-1.3143654,6.626352276117187e-172,1.3269065915879107e-170
1,2310001H17Rik,-28.02832,-0.8318894,7.341565486247133e-173,1.4885024023366063e-171
1,Capg,-28.060898,-1.7394321,2.941148605990262e-173,6.038662074577474e-172
1,Itgb2,-28.209906,-2.12107,4.4206777114279405e-175,9.312128893423533e-174
1,Iqsec1,-28.369482,-0.7982633,4.8136778393604645e-177,1.0410380607256898e-175
1,Ctsa,-28.510836,-1.5722392,8.598363165424575e-179,1.9104856238792686e-177
1,Slc31a2,-28.540018,-1.5505935,3.73619010306168e-179,8.41680603773062e-178
1,Usp35,-28.56481,-1.2272338,1.8392415699395532e-179,4.2017603189323313e-178
1,Pi16,-28.640488,-1.3562604,2.1058123930520956e-180,4.87946814504357e-179
1,Slc25a35,-28.658669,-0.507085,1.2500881521432287e-180,2.9386130185164014e-179
1,Gm26740,-28.74883,-1.1347051,9.367802618456822e-182,2.302208461687419e-180
1,Ftl1,-28.825205,-1.2198298,1.0367065691802305e-182,2.627403211266147e-181
1,Txnip,-29.018835,-0.84215367,3.80722453616387e-185,9.802092377234598e-184
1,Slfn2,-29.146576,-1.541842,9.231992468239696e-187,2.4548019317188175e-185
1,Bri3,-29.25396,-1.3680296,3.9985286505316576e-188,1.0992565205359913e-186
1,AB124611,-29.291452,-1.2929205,1.3326651609448588e-188,3.726867053538898e-187
1,Dennd1c,-29.296062,-1.0155911,1.1641268342010817e-188,3.312655658024833e-187
1,Cdk18,-29.56272,-1.2569557,4.507391393953574e-192,1.3292706983623084e-190
1,Gm20559,-29.808022,-1.230412,3.0751502017212994e-195,9.411120051305562e-194
1,Id2,-29.80863,-1.4882939,3.019776793771956e-195,9.411120051305562e-194
1,Itgam,-29.816545,-2.1907914,2.384354572834893e-195,7.734846234276392e-194
1,Anxa1,-30.265614,-1.9005498,3.251276233857237e-201,1.0762387859829467e-199
1,Vim,-30.488169,-1.9028611,3.739558304877978e-204,1.2636590771900168e-202
1,Lgals3,-30.586853,-2.4736211,1.8307006036761315e-205,6.455209519918881e-204
1,9930111J21Rik2,-31.167706,-1.0395448,2.919678741436413e-213,1.101329981072061e-211
1,Fcer1g,-31.679838,-1.6097906,2.945149735796371e-220,1.1373887789194556e-218
1,Tmem154,-31.890303,-1.6036364,3.638972886539822e-223,1.5134394928122028e-221
1,Ctsb,-31.954454,-2.1009026,4.685065653838204e-224,1.9997832869804123e-222
1,Mgll,-31.995077,-1.2871349,1.2766140577684618e-224,5.5964000045957974e-223
1,Myo1f,-32.300964,-1.7041402,6.779811981840779e-229,3.0546819540404847e-227
1,Cndp2,-32.34224,-1.6038473,1.783536431087116e-229,8.265417403495149e-228
1,Arhgap25,-32.508385,-0.98086125,8.117022630583308e-232,4.1143158458769144e-230
1,Ctsd,-32.521606,-1.8187978,5.278522043233396e-232,2.7618589529434094e-230
1,Plaur,-32.529568,-1.6042625,4.073580139525177e-232,2.2024489954366123e-230
1,Cd53,-32.74103,-1.8058441,4.073963668002098e-235,2.2786100239653116e-233
1,Synj1,-32.78537,-0.57837397,9.517061039657796e-236,5.51309750225891e-234
1,S100a6,-33.23081,-2.4999022,3.865679335732667e-242,2.4115891855993796e-240
1,Jup,-33.244682,-1.1085849,2.436515546524044e-242,1.646678423525833e-240
1,Cd82,-33.40926,-1.203688,1.0059280889813151e-244,7.416433456034969e-243
1,Kctd11,-33.416046,-0.597574,8.017206128708913e-245,6.192337305126599e-243
1,Cd300lf,-33.76425,-1.8654097,6.60514521144892e-250,5.638708175247446e-248
1,Gsn,-34.46521,-2.0491276,2.6649116969087477e-260,2.701554232741243e-258
1,Gns,-34.56222,-1.7190866,9.339963524907217e-262,1.009961389159967e-259
1,Dmxl2,-34.803066,-1.293348,2.1858968730852365e-265,2.5325176629601814e-263
1,Clec2d,-34.95327,-1.0987107,1.1549545398874248e-267,1.4410278951518486e-265
1,Sgpl1,-35.12672,-1.804212,2.635707799125057e-270,3.5625983751507017e-268
1,Ltb4r1,-35.19931,-1.541307,2.0486587883164026e-271,3.0208405042265502e-269
1,Stx3,-35.5396,-1.4093057,1.2027322219746845e-276,1.9508316640429383e-274
1,Pnpla7,-35.599407,-1.136612,1.4309411394474752e-277,2.5788739202042277e-275
1,Hbp1,-35.706703,-1.0175618,3.1111842702223297e-279,6.307926107875773e-277
1,Tyrobp,-35.834618,-2.1799502,3.1932833140388256e-281,7.399293621958536e-279
1,Dcun1d3,-36.87541,-0.8519494,1.1454295689602416e-297,3.096477934755853e-295
1,Dip2a,-36.93595,-1.0530941,1.224290754540886e-298,3.971599207730634e-296
1,Antxr2,-37.560165,-1.0325998,9.61448641292264e-309,3.89867424044013e-306
1,Fcgr3,-37.584873,-1.6822225,3.797781329797477e-309,2.053333772310503e-306
1,Tnfrsf23,-38.247753,-1.6799392,0.0,0.0
1,Man2b1,-39.670197,-1.3359039,0.0,0.0
2,Lrp1,30.6744,3.8431296,1.249640804761587e-206,4.232923590864816e-204
2,Plekhm3,30.667824,3.5306087,1.5291819051351385e-206,4.232923590864816e-204
2,Sirpb1b,30.66587,4.9196734,1.6236682773470768e-206,4.232923590864816e-204
2,Rap2b,30.66457,2.565295,1.6898772395437467e-206,4.232923590864816e-204
2,Mcoln2,30.659687,3.4117959,1.9630915234813963e-206,4.232923590864816e-204
2,Wfdc17,30.654545,6.739689,2.2987194789041895e-206,4.232923590864816e-204
2,Eps8,30.653048,3.1680653,2.4068004457320015e-206,4.232923590864816e-204
2,Dab2,30.652006,4.620584,2.484967011396463e-206,4.232923590864816e-204
2,Jun,30.650377,2.859843,2.612209690552695e-206,4.232923590864816e-204
2,Evl,30.64875,2.8449435,2.745960562699141e-206,4.232923590864816e-204
2,Ctsl,30.646406,3.3430207,2.950668976168604e-206,4.232923590864816e-204
2,Cd300ld,30.641329,3.8242333,3.448014406562917e-206,4.232923590864816e-204
2,Trem2,30.640482,3.7069204,3.538691865868859e-206,4.232923590864816e-204
2,Shtn1,30.63944,3.109949,3.653571533422159e-206,4.232923590864816e-204
2,Mafb,30.634233,4.3342547,4.286322955265285e-206,4.631902112551062e-204
2,Camk1d,30.63215,3.4516113,4.5690772996804557e-206,4.631902112551062e-204
2,Tbc1d9,30.630133,4.2158136,4.860750590716636e-206,4.637727916554343e-204
2,Rnf149,30.624859,3.4388788,5.713685523534451e-206,5.1486655106516e-204
2,Ctsa,30.619587,2.9844248,6.71610174303114e-206,5.4201793701331706e-204
2,Lgals3,30.618284,4.660146,6.98954609792859e-206,5.4201793701331706e-204
2,Sirpb1c,30.618155,4.4699044,7.017494868853057e-206,5.4201793701331706e-204
2,Naaa,30.613142,4.2524953,8.182801683718343e-206,6.032956514086888e-204
2,Arg1,30.6065,4.4699554,1.002922734871816e-205,7.072785547661242e-204
2,Rora,30.600576,2.771733,1.2025057844746093e-205,8.1269349267409e-204
2,Cd68,30.596346,4.3179507,1.3689186394337657e-205,8.881544132646272e-204
2,Mpeg1,30.593481,5.217878,1.494436758889016e-205,9.322986241992247e-204
2,Dpep2,30.581568,4.6556044,2.1522876830611494e-205,1.2929668970093275e-203
2,Ahnak,30.579226,4.411298,2.312374703260716e-205,1.3395256316746006e-203
2,Ddhd1,30.57356,3.1014962,2.7500880890782404e-205,1.5381527174085883e-203
2,Hmox1,30.571348,2.8688118,2.94283474063362e-205,1.5910926497692438e-203
2,Csf1r,30.569525,3.9595904,3.1116583867660186e-205,1.628099968817575e-203
2,Pgf,30.565424,3.7219427,3.5277290907690246e-205,1.761784034716944e-203
2,Usp35,30.564903,1.9608928,3.5843941520135116e-205,1.761784034716944e-203
2,Nrp2,30.563341,3.410953,3.7599031227679664e-205,1.7936949603322476e-203
2,F7,30.562038,3.3444538,3.912700374964942e-205,1.8132571451980387e-203
2,Ccr5,30.554878,4.3975735,4.870943580712118e-205,2.1946306910875154e-203
2,Ms4a6d,30.55071,4.9870934,5.53292791335242e-205,2.4255159663398986e-203
2,Mdfic,30.546024,3.0780096,6.385658106531697e-205,2.620496867340476e-203
2,Msr1,30.545895,4.765513,6.4111318859039e-205,2.620496867340476e-203
2,Serpinb8,30.545633,3.526597,6.462384383083789e-205,2.620496867340476e-203
2,Dennd1a,30.538929,2.713269,7.93282902370868e-205,3.1383045552330436e-203
2,Arhgap12,30.528513,1.8036247,1.0906783323927096e-204,4.122333374834732e-203
2,Hip1,30.528448,2.7060616,1.0928504014666677e-204,4.122333374834732e-203
2,Rras,30.527472,2.4074607,1.1259547980958624e-204,4.1506788238897476e-203
2,Irak2,30.523369,2.2577655,1.2762902331821996e-204,4.5182497482307825e-203
2,Bcl2l11,30.52324,2.3616815,1.2813778570814797e-204,4.5182497482307825e-203
2,Klf4,30.519724,3.8489106,1.4266722033051186e-204,4.923536837789154e-203
2,Tmem106a,30.5041,4.216202,2.2992133317618793e-204,7.763675388956145e-203
2,Mmp8,30.503448,6.3497205,2.3453766588091932e-204,7.763675388956145e-203
2,Sirpa,30.495117,3.614403,3.0248439974585e-204,9.620190125250368e-203
2,Psap,30.495117,4.9506116,3.0248439974585e-204,9.620190125250368e-203
2,Spata6,30.492708,1.7710477,3.2556371495282534e-204,1.0155083570259283e-202
2,Scel,30.49095,4.0502048,3.435080165543111e-204,1.0512641563228162e-202
2,Clec4a3,30.476889,4.966181,5.275889327599301e-204,1.5847208313640862e-202
2,Ctss,30.474806,6.4018326,5.6220809250198196e-204,1.6580027746149358e-202
2,Slc37a2,30.470184,3.3928118,6.4733786548409e-204,1.8494039061130329e-202
2,Nabp1,30.470053,2.6066108,6.499138264392285e-204,1.8494039061130329e-202
2,S100a4,30.46797,4.7809663,6.925498104883516e-204,1.9097377818287127e-202
2,Clec4d,30.46771,3.5566857,6.98072110256481e-204,1.9097377818287127e-202
2,Maf,30.46732,4.201619,7.064381437097582e-204,1.9097377818287127e-202
2,Nod2,30.46198,2.7176719,8.313364799611357e-204,2.2105373286835447e-202
2,Camk1,30.452085,2.2547512,1.1240944429840069e-203,2.940776107290418e-202
2,Socs3,30.445316,3.600932,1.381744260606663e-203,3.557443159847631e-202
2,Il18,30.443428,3.8274045,1.4635773289869543e-203,3.709253793151312e-202
2,Ctsb,30.42904,4.464134,2.2687712500039176e-203,5.661456873086699e-202
2,Tgfbi,30.42136,4.9512877,2.8668313663192445e-203,7.045455266923961e-202
2,1600010M07Rik,30.419798,2.3308218,3.0065314258157027e-203,7.278498466676224e-202
2,Pirb,30.41843,3.301744,3.1343358430769616e-203,7.476312849221811e-202
2,Abcg1,30.40925,3.8682895,4.1449314250426834e-203,9.743592422346714e-202
2,Rnase4,30.401243,2.9155715,5.288896222035698e-203,1.225512810305986e-201
2,Ap5s1,30.392586,2.0418534,6.883145434032198e-203,1.5536940091884262e-201
2,Clec4n,30.39252,6.084534,6.89679214929511e-203,1.5536940091884262e-201
2,Mmp19,30.381908,2.3616393,9.524316905745981e-203,2.1000644975083082e-201
2,Saa3,30.381714,4.4025626,9.581058743256154e-203,2.1000644975083082e-201
2,Fgr,30.380022,3.1033661,1.0087183258913663e-202,2.1815214994610614e-201
2,Mrc1,30.366547,5.7453184,1.5195569342732146e-202,3.2430544044620446e-201
2,Pld4,30.364658,3.343512,1.609312807261792e-202,3.390006978413801e-201
2,Eepd1,30.354048,2.3323498,2.2217690126758496e-202,4.620140177641318e-201
2,Lilra6,30.350271,2.981099,2.4918613099854183e-202,5.116201322527023e-201
2,Clec4a1,30.326445,5.377338,5.137997672462547e-202,1.0417290280917813e-200
2,Clec7a,30.32332,4.9074664,5.649257596125236e-202,1.1312463976438435e-200
2,Emp1,30.320326,4.453115,6.186831912216967e-202,1.2237855319043805e-200
2,Lpl,30.30939,5.4553065,8.62207733502767e-202,1.684940896074082e-200
2,Tppp3,30.307892,4.2535443,9.022810171305204e-202,1.7422616783163145e-200
2,Fos,30.288818,2.106357,1.6091575297460358e-201,3.070651192056553e-200
2,Btg1,30.281397,2.6662421,2.015183070527083e-201,3.80072900045922e-200
2,Nectin4,30.260239,2.797516,3.8261281237324434e-201,7.133310134131061e-200
2,Cdc42ep2,30.249823,3.895678,5.24528139792339e-201,9.668007303899703e-200
2,Gpr137b,30.244745,4.1439805,6.1170742594908326e-201,1.1148196009993404e-199
2,Cndp2,30.239017,2.5416589,7.27555582518465e-201,1.3112168387166113e-199
2,Ptpro,30.237194,4.4834986,7.688284003695264e-201,1.3703732586806285e-199
2,Prr15,30.227169,2.6045787,1.0413613978292975e-200,1.8359654209555657e-199
2,Pla2g7,30.226257,4.3442698,1.0704800812346293e-200,1.8670093459812568e-199
2,Ctsh,30.225866,3.7256572,1.0832071798350087e-200,1.8691085592472173e-199
2,Igf2bp3,30.213108,2.2518795,1.593496645915874e-200,2.72068585229005e-199
2,Cmklr1,30.210308,3.2074082,1.734282282343375e-200,2.930214439542661e-199
2,Slc15a3,30.18863,4.0087285,3.34001048401897e-200,5.585048458844092e-199
2,Gm2a,30.170141,2.2386243,5.83892088903167e-200,9.664009879601397e-199
2,Apobec1,30.166952,2.8297734,6.429423078503545e-200,1.0533862861952272e-198
2,Tcf7l2,30.164284,2.6985884,6.96910650773149e-200,1.1303890755540476e-198
2,Ier5,30.16181,1.7470845,7.50962223457136e-200,1.2060007192549253e-198
2,Cyp4v3,30.1525,3.2073567,9.946604769314748e-200,1.58170518978711e-198
2,Sgpl1,30.148594,2.7778788,1.1191190699043982e-199,1.7623409042572173e-198
2,Ms4a7,30.141499,4.693015,1.3863577120548098e-199,2.162184816300867e-198
2,Olfm1,30.124117,4.4855647,2.3420055720064386e-199,3.61784098837566e-198
2,Ptafr,30.111292,2.9140863,3.4475976922589198e-199,5.275474959286762e-198
2,Atf3,30.109535,4.349625,3.63518589485765e-199,5.510534132204775e-198
2,Sdc4,30.066439,4.213971,1.3313109832649182e-198,1.9994318656071272e-197
2,Timp2,30.043653,4.304071,2.6424731657158377e-198,3.9321940135698065e-197
2,Lyz1,30.018852,2.6343584,5.5700116835473765e-198,8.213235409739858e-197
2,Fmn1,30.012472,2.4414554,6.747016982583307e-198,9.859154545720833e-197
2,Ralgds,29.995611,3.2647243,1.1195918343551231e-197,1.6214088886821517e-196
2,Cd300lb,29.988516,1.878559,1.3854402621354625e-197,1.9886585001625842e-196
2,Gm15880,29.943663,3.1547353,5.3206138062170473e-197,7.57020666112636e-196
2,Ifi204,29.930967,3.2953413,7.78380826144624e-197,1.0978553913100695e-195
2,Myo1e,29.927649,1.9939147,8.597945727767588e-197,1.2022299974516404e-195
2,Rab7b,29.898548,3.5006669,2.0551706722224364e-196,2.849134043029737e-195
2,Tnfrsf1b,29.8798,2.6626282,3.601545681072475e-196,4.950599232796232e-195
2,Aif1,29.87583,3.407066,4.0557752702000936e-196,5.528123939718111e-195
2,Atf5,29.872248,2.3045583,4.514181777837068e-196,6.101669036376437e-195
2,Map3k8,29.86932,2.0152965,4.927476748510851e-196,6.605262219904629e-195
2,Gpr132,29.852459,2.0364656,8.156905456709988e-196,1.0844672664576722e-194
2,Bcl6,29.838396,2.5021167,1.2416218600792399e-195,1.6373257374378268e-194
2,Capg,29.813074,2.4834282,2.644703703621539e-195,3.459443070382368e-194
2,Hgsnat,29.809818,1.8224916,2.914513417758933e-195,3.781872610883991e-194
2,Cyth1,29.760994,1.32229,1.2498274637913172e-194,1.6089048779916798e-193
2,Bst1,29.758,3.255442,1.3664586408728055e-194,1.745193634248575e-193
2,Gns,29.714058,2.604993,5.0548799135987816e-194,6.405480640513456e-193
2,Tnfrsf11a,29.687563,3.3941052,1.1113681806939618e-193,1.3973947202214001e-192
2,Nfkb2,29.67324,1.5943542,1.700887343576468e-193,2.122184054831562e-192
2,Cd300c2,29.67259,3.542434,1.7341003862005045e-193,2.147107501081846e-192
2,Vim,29.599678,3.0927224,1.5085637005798348e-192,1.8468790686012902e-191
2,Lgmn,29.599548,4.7959404,1.5143952905300345e-192,1.8468790686012902e-191
2,Acvr2a,29.578325,1.564461,2.8396398981814685e-192,3.4372357573510017e-191
2,Slfn2,29.562963,2.0775826,4.474975314495195e-192,5.376599970452745e-191
2,Lrp12,29.52846,2.0816674,1.2417011374061006e-191,1.4809112094652172e-190
2,Ifi27l2a,29.483606,3.8049402,4.671317842513849e-191,5.530567547852162e-190
2,AW112010,29.463686,3.632432,8.408474713300905e-191,9.88300433693773e-190
2,Mcoln3,29.457762,4.133939,1.0013824206658505e-190,1.1685196304460502e-189
2,Flrt3,29.43257,3.901602,2.1044569298190176e-190,2.4381636715474617e-189
2,Ms4a6c,29.406464,4.195951,4.540020184143103e-190,5.222633148000081e-189
2,Lrpap1,29.386284,3.3297563,8.22235233442885e-190,9.392010905946194e-189
2,Plxnb2,29.37105,2.8380911,1.2870069333807906e-189,1.4598078642962535e-188
2,Rgl1,29.348331,3.938125,2.5096199038982657e-189,2.826807975085408e-188
2,Lipa,29.33733,2.8098724,3.4671320886632382e-189,3.87840568814605e-188
2,Relb,29.333815,2.2777333,3.844225496655907e-189,4.2707765449149867e-188
2,Anxa4,29.322878,3.309411,5.299953105809254e-189,5.847975467770482e-188
2,Pkib,29.242023,1.8461263,5.671443963594899e-188,6.215596019561437e-187
2,Ftl1,29.235449,1.9920592,6.875147109092733e-188,7.48422054426068e-187
2,Arg2,29.180897,3.068543,3.389172968824614e-187,3.6648257036223495e-186
2,Dip2a,29.145742,1.2759433,9.459140801851248e-187,1.0160745947419023e-185
2,Spint1,29.08787,3.1397407,5.1113269991658005e-186,5.4543239425308736e-185
2,Cd300lf,29.076998,2.2618878,7.014665896766667e-186,7.436462800363094e-185
2,Mitf,29.04432,1.9379545,1.8152709928845396e-185,1.9119282795186516e-184
2,Gpnmb,29.021599,5.8147087,3.5135684807757124e-185,3.676779403753681e-184
2,Cd86,28.996666,3.734425,7.24834344852115e-185,7.536418636859811e-184
2,Rasa4,28.99608,3.1275606,7.372684219932429e-185,7.616875034860126e-184
2,Ggt5,28.985273,2.5583127,1.008894230082408e-184,1.0357129374643455e-183
2,Igf2bp2,28.978243,3.7752585,1.2372102296137653e-184,1.2621100581342937e-183
2,Trim30d,28.974337,2.7863753,1.3856555085918852e-184,1.4047082718350236e-183
2,Tmem154,28.967697,2.0543673,1.6799644595999432e-184,1.6924859338329862e-183
2,Lsp1,28.967371,2.9415908,1.6958984323501593e-184,1.6979921341184928e-183
2,Tnni2,28.951878,1.8994242,2.6576300339531547e-184,2.6445864509644275e-183
2,Irf1,28.861977,1.7802877,3.584928070328514e-183,3.5455812988249085e-182
2,Ms4a4c,28.845116,5.6073875,5.834632782709424e-183,5.7356208324573854e-182
2,Myadm,28.83535,2.3931212,7.735112683470212e-183,7.558043838908846e-182
2,Gpcpd1,28.831964,1.9736034,8.529182436749607e-183,8.284032282878959e-182
2,Lst1,28.827604,2.1302762,9.673493883961124e-183,9.339528023681514e-182
2,F10,28.824543,2.2807758,1.0566550008127737e-182,1.0141387049220822e-181
2,Ccr1,28.807358,2.7016006,1.734880949458255e-182,1.655280529424288e-181
2,Tifa,28.79538,1.7907634,2.4506252395355734e-182,2.3245111921208774e-181
2,Cds1,28.782425,2.2096581,3.5599419925031164e-182,3.3571080882791015e-181
2,Rassf4,28.774809,2.5970008,4.433561930745066e-182,4.15678465414364e-181
2,Plxna1,28.693499,4.47728,4.5987277536915024e-181,4.286860009475642e-180
2,Slc31a2,28.692587,2.0854335,4.720722462770234e-181,4.375435334064754e-180
2,Junb,28.682629,1.5369636,6.284217958889039e-181,5.791478141657967e-180
2,Myo1f,28.648645,2.2418761,1.6665351700629433e-180,1.5271864665774541e-179
2,C3ar1,28.621565,3.3549252,3.6224979381309604e-180,3.3009503683418076e-179
2,Marcks,28.567987,3.6872945,1.6794349399037096e-179,1.5218119958233614e-178
2,Tmem140,28.530165,2.3298857,4.950945299963775e-179,4.4613518203006906e-178
2,Axl,28.504387,3.294729,1.0336011166203119e-178,9.262436525735613e-178
2,Zfp36,28.499407,2.1204462,1.1914427593743868e-178,1.061824261376514e-177
2,Rxra,28.445276,2.3056684,5.574855054837421e-178,4.941210327293059e-177
2,Ms4a6b,28.418781,3.9453874,1.1852181153032658e-177,1.0447955342510309e-176
2,Cst3,28.400618,2.3999119,1.9868687401402296e-177,1.742000592706731e-176
2,P2ry13,28.280998,3.4063878,5.91978913521242e-176,5.134704800702965e-175
2,Ndrg4,28.206493,2.2203453,4.8679512457004326e-175,4.199902617301118e-174
2,Il10ra,28.200699,1.6485869,5.733261766037079e-175,4.920291314556689e-174
2,Mapkbp1,28.17824,0.8439365,1.0806976620071768e-174,9.22574530408232e-174
2,Spred3,28.07968,1.1872258,1.7348272097222092e-173,1.465567569879908e-172
2,Cd14,27.999218,2.01503,1.6608152991566505e-172,1.3885785645526222e-171
2,Dock10,27.998566,1.4266204,1.6914038120090016e-172,1.406901016963385e-171
2,Slfn1,27.897272,3.695323,2.8793101195540546e-171,2.3827760275085083e-170
2,S100a10,27.869865,2.0198805,6.188719625108195e-171,5.095483874073854e-170
2,Adgre1,27.829113,2.8623774,1.928082452511484e-170,1.5794695646331452e-169
2,Lilr4b,27.792072,2.0762696,5.408637946457121e-170,4.408447612639925e-169
2,Cfb,27.781591,6.062957,7.239890035480133e-170,5.871550818774388e-169
2,Entpd3,27.76102,3.30392,1.2828087141714961e-169,1.035181957406053e-168
2,Fcgr1,27.720724,2.7489376,3.9288877905146816e-169,3.1547801961459473e-168
2,Mir99ahg,27.70601,1.6721231,5.909823046500137e-169,4.722035951440011e-168
2,Zbp1,27.700998,2.3047364,6.791445344468203e-169,5.399864876827169e-168
2,Tlr3,27.699566,4.69882,7.066654299551798e-169,5.591274767742935e-168
2,Plaur,27.597555,1.9061848,1.1904534916110478e-167,9.328094509145506e-167
2,Arl5c,27.596384,2.6885276,1.22963127573019e-167,9.588759275165232e-167
2,H2-DMa,27.571386,3.221678,2.452631728924029e-167,1.9034299829257296e-166
2,Fam20c,27.569628,3.093346,2.5745769100346606e-167,1.9885541657505806e-166
2,Fabp5,27.537144,4.2734227,6.3086241844016395e-167,4.849567974928654e-166
2,Tcte2,27.536558,1.2365687,6.4113666397763944e-167,4.9053003253383546e-166
2,Dok4,27.47198,0.8424649,3.796228467296308e-166,2.890836889180569e-165
2,Oas1g,27.4393,1.6886798,9.322571506141378e-166,7.065986440636129e-165
2,Hacd4,27.408834,1.7730527,2.152162883568834e-165,1.6236317196040227e-164
2,Oas2,27.361116,2.7343662,7.964207370662631e-165,5.9805297940809195e-164
2,Plekhg1,27.337225,1.9863114,1.5321203835335666e-164,1.145207033221864e-163
2,Ctsc,27.30142,3.30481,4.080071286561744e-164,3.0357227645886004e-163
2,Synj1,27.239056,0.7277308,2.2400914109959234e-163,1.659099666043556e-162
2,Tlr2,27.220047,2.2052634,3.761499444483884e-163,2.7732509540694815e-162
2,Nos2,27.215685,3.9025621,4.236307407527461e-163,3.109181273759974e-162
2,Bri3,27.15996,1.9750583,1.931288921387588e-162,1.3922447246625189e-161
2,P2ry12,27.157877,3.4903698,2.0438612358144889e-162,1.4668774002173012e-161
2,Acox3,27.153645,1.4150062,2.293099014360415e-162,1.638505110701583e-161
2,Cd74,27.062376,5.2375574,2.731349862781968e-161,1.9261954249705877e-160
2,Tnfrsf23,27.050594,1.6272875,3.758556892045469e-161,2.6391252289600656e-160
2,Wdr91,27.016872,1.485942,9.364186742774691e-161,6.54685814516403e-160
2,9930111J21Rik2,26.991028,1.3895338,1.8835552997956282e-160,1.3112131743641668e-159
2,Gm20559,26.96271,1.4798883,4.04767147041541e-160,2.8056936431682886e-159
2,Cd52,26.944092,2.5782022,6.690296748004852e-160,4.61772822351654e-159
2,Itgb2,26.934456,2.9389358,8.676045129730692e-160,5.962942881535246e-159
2,Tnfsf15,26.921827,3.610148,1.2196085558610154e-159,8.346856867538257e-159
2,Rhod,26.909458,1.1357317,1.702168762138359e-159,1.160049467306058e-158
2,Il6st,26.892923,2.610445,2.657356710425457e-159,1.8034445959456447e-158
2,Dcun1d3,26.878601,0.9057446,3.9075698628943687e-159,2.6408659656727773e-158
2,Mmp14,26.812136,3.6821892,2.332891682742932e-158,1.557181197287669e-157
2,Pilra,26.806602,2.0985477,2.706515370953706e-158,1.799167185117587e-157
2,Sdc3,26.802567,4.33923,3.016204584275445e-158,1.9968505451815395e-157
2,Vwa5a,26.772945,1.6539934,6.6762577675768956e-158,4.401987845125904e-157
2,Cd274,26.730827,2.2386844,2.0633034364492492e-157,1.3549304347857013e-156
2,Nek6,26.724121,1.6692224,2.4688975580940373e-157,1.614738644850213e-156
2,Il6ra,26.696976,2.4636216,5.103253819334611e-157,3.324288230907927e-156
2,Tmcc3,26.630705,1.6971005,2.9945912727114474e-156,1.9274710493404635e-155
2,Myof,26.630249,4.546751,3.031204772465833e-156,1.9433257474069488e-155
2,Irf4,26.578821,3.5898426,1.1930681140943285e-155,7.588848945337258e-155
2,Vcan,26.566387,3.8547034,1.6609614897144765e-155,1.0523748188737815e-154
2,Fcgr3,26.55584,1.8005636,2.1987906087329924e-155,1.387719209091406e-154
2,Cd93,26.545359,1.9286209,2.9054164649247604e-155,1.82658352949921e-154
2,Clec4a2,26.545034,1.9466958,2.93066485396368e-155,1.83534300893015e-154
2,Tnf,26.46405,1.5122912,2.5146045786537986e-154,1.5627159488798703e-153
2,Zfp36l1,26.387104,2.029276,1.9266953571879846e-153,1.1927862096789737e-152
2,Tyrobp,26.365881,2.3542733,3.3749433018256847e-153,2.081428910859795e-152
2,2900089D17Rik,26.350843,1.9171765,5.019456062108549e-153,3.0839233836136613e-152
2,Sgk1,26.308529,3.1349795,1.5318315566153195e-152,9.375965225773767e-152
2,9330151L19Rik,26.286102,0.75826347,2.765094575714963e-152,1.686083985642733e-151
2,Ctsk,26.175272,4.4911976,5.0828972540660716e-151,3.08781248917422e-150
2,Cd84,26.122671,1.9538333,2.0152427690030812e-150,1.2151389484472111e-149
2,Smpdl3a,26.12241,1.6630117,2.029017778711036e-150,1.2189136433590002e-149
2,C1qb,26.106981,4.9940495,3.037549484955759e-150,1.8180462230989823e-149
2,Bmf,26.076777,2.186996,6.688142306494283e-150,3.988296625416811e-149
2,Gadd45g,26.073782,1.6776835,7.232137261067294e-150,4.29689620419456e-149
2,Slc9a9,26.047287,1.3632376,1.4440413643942847e-149,8.548303259297553e-149
2,Slfn4,26.037066,2.9619827,1.8851408819881093e-149,1.1118903674853504e-148
2,Nrp1,25.973269,1.5329008,9.929430562889338e-149,5.814273058847114e-148
2,A930007I19Rik,25.968712,1.9976597,1.1178879395359457e-148,6.522353373839223e-148
2,Plbd1,25.955301,2.5070624,1.5842599438796934e-148,9.210285408504885e-148
2,Clec4e,25.92835,1.8654611,3.190928690723454e-148,1.8484594058405153e-147
2,Ocstamp,25.901594,1.422349,6.389878907328816e-148,3.688392735831794e-147
2,Slc25a35,25.890333,0.7446175,8.557370629909603e-148,4.922005376494105e-147
2,Sh3bgrl2,25.876596,1.663099,1.2217324474210826e-147,7.002296924795038e-147
2,Kdr,25.871258,4.3367615,1.402973433341792e-147,8.012756721409811e-147
2,Hcar2,25.857847,2.2072744,1.9856874051178753e-147,1.1300999898600682e-146
2,Il7r,25.831678,3.742811,3.909181085790955e-147,2.2170250773261987e-146
2,Neil2,25.827251,1.5617826,4.383463059927094e-147,2.47734393142918e-146
2,Parp12,25.804922,2.0265248,7.807997482925852e-147,4.397420804620046e-146
2,Litaf,25.70057,1.6947582,1.1519041734530705e-145,6.442719204623725e-145
2,Stat2,25.693213,1.6246778,1.3919883371653e-145,7.758780353546792e-145
2,Gm26740,25.672836,1.3175008,2.3510025973973887e-145,1.3059336345817002e-144
2,Anxa1,25.664568,2.04423,2.9077545924472118e-145,1.6096853068086613e-144
2,Foxo1,25.63013,1.2679896,7.042395659876546e-145,3.8721239865490705e-144
2,Fabp4,25.629154,4.6405463,7.221143986248997e-145,3.956870028079789e-144
2,Neat1,25.629025,1.6078978,7.245316882488886e-145,3.956870028079789e-144
2,Hivep3,25.59667,1.620179,1.6614887649149642e-144,9.043405290912994e-144
2,Tnfsf12,25.556438,2.508583,4.656475069408006e-144,2.517600854193262e-143
2,Ttc30b,25.533655,0.740195,8.341005268134526e-144,4.494721111267176e-143
2,Tmem184b,25.49863,0.88046986,2.041381707507875e-143,1.0963977250257528e-142
2,P2ry14,25.462631,1.9151512,5.115795850893535e-143,2.7205970066063325e-142
2,Tarm1,25.458075,1.8318152,5.746164698007775e-143,3.0458428562642523e-142
2,Tpd52,25.44232,2.2154865,8.585645230696429e-143,4.53612917400313e-142
2,Cd28,25.43646,1.5585072,9.967886404322398e-143,5.24932199604251e-142
2,Tmem86a,25.418625,1.60931,1.5699405315351368e-142,8.240917612135896e-142
2,Klhdc4,25.418493,1.8118621,1.5751528219122286e-142,8.241606055295596e-142
2,Irf8,25.354372,2.127523,8.042296011408486e-142,4.1944064728310494e-141
2,Rara,25.33712,1.7393914,1.2461441426703652e-141,6.43708853315711e-141
2,Itsn1,25.33712,1.433183,1.2461441426703652e-141,6.43708853315711e-141
2,B4galt5,25.25822,1.1944349,9.199526466481923e-141,4.707139409663621e-140
2,Pdpn,25.20217,4.1092706,3.792183679698213e-140,1.928188692310502e-139
2,Smox,25.17906,1.5530354,6.7938388688675095e-140,3.443627076657219e-139
2,Slfn5,25.155039,5.496531,1.2447496916628502e-139,6.289669781548732e-139
2,Plxnc1,25.144882,1.7262571,1.6076064014556423e-139,8.097942804847987e-139
2,Ptms,25.137266,1.8420603,1.9474829042659396e-139,9.779620033186855e-139
2,Slamf7,25.055502,4.743902,1.520733312495938e-138,7.589629024210497e-138
2,Plek,25.054329,1.8901784,1.5661153012114803e-138,7.792144228727058e-138
2,Lmna,25.053484,1.867099,1.599729768471453e-138,7.935051022815586e-138
2,Gm5431,25.05179,2.635267,1.6691350701482635e-138,8.254076474940497e-138
2,Tns1,24.995155,2.5353985,6.901897669265574e-138,3.3821383744860306e-137
2,F11r,24.913324,1.5977713,5.335990369241595e-137,2.5913102930867863e-136
2,Man2b1,24.89015,1.1441159,9.511550089951174e-137,4.605293804746509e-136
2,Themis2,24.885462,1.3590233,1.0690410088098871e-136,5.1606682032429675e-136
2,Egr2,24.829086,4.168895,4.350852486633414e-136,2.0817353195632442e-135
2,Sh3bp5,24.783062,1.7319868,1.3652494303236701e-135,6.493943038079158e-135
2,Ahnak2,24.70286,3.462735,9.96426337412673e-135,4.725741284454256e-134
2,Dennd2a,24.571686,2.3222225,2.5368618264518888e-133,1.199647196065587e-132
2,Slfn8,24.551374,2.5767658,4.181287546680865e-133,1.9715256978826638e-132
2,Gbp2,24.548706,3.4035637,4.464928423557625e-133,2.0991634501479616e-132
2,Zfp658,24.534058,1.5363258,6.400095637458346e-133,2.9916297187197225e-132
2,P2rx4,24.513357,1.5566458,1.0642251783839889e-132,4.9602679291345685e-132
2,S100a6,24.503983,2.6912112,1.3396107588313078e-132,6.225927366258972e-132
2,Pld3,24.484518,1.8970535,2.1596422945477373e-132,1.00083994335898e-131
2,Gdf15,24.474817,3.0057979,2.739524998748503e-132,1.2659571361738095e-131
2,Lars2,24.201662,1.1061485,2.1368788805190892e-129,9.627826511672118e-129
2,Cd9,24.195347,2.1001565,2.490318293562023e-129,1.118918634946704e-128
2,Mmp13,24.172497,4.8249636,4.3316542074101327e-129,1.9408682664141535e-128
2,Ampd3,24.13806,1.5585984,9.96636383030766e-129,4.428888255550417e-128
2,Mfhas1,24.089561,1.85849,3.215962079993201e-128,1.4213325596046244e-127
2,Tgif1,24.063782,1.1756449,5.988685412067826e-128,2.6395781897755473e-127
2,Ccr2,24.054668,2.9398296,7.459751907811038e-128,3.279056258663822e-127
2,Antxr2,24.015022,0.89188987,1.937601164336682e-127,8.471129618744198e-127
2,Itgam,23.96685,2.156641,6.166768798158064e-127,2.6888438146807476e-126
2,Dok2,23.942112,0.93200505,1.1164976861818885e-126,4.8421370240294737e-126
2,Insl6,23.896477,1.7624629,3.332231317148402e-126,1.4374678713868904e-125
2,Pigz,23.852144,2.6049628,9.620536819622246e-126,4.1172851507723703e-125
2,Ctsd,23.828188,2.0502956,1.70479094160806e-125,7.257666423328801e-125
2,Gadd45b,23.764456,1.165515,7.788893724079113e-125,3.298586323878935e-124
2,Abca5,23.725983,1.4948958,1.94505748613989e-124,8.15215308144419e-124
2,Arl4c,23.720644,1.711656,2.2081471807203825e-124,9.230965791568197e-124
2,Cd22,23.701765,2.8045645,3.4576348190410524e-124,1.4380214555088685e-123
2,Vwf,23.660883,1.6881156,9.119822998173181e-124,3.763957481688779e-123
2,Fcer1g,23.648905,1.7186471,1.2113236934879245e-123,4.9867183523792224e-123
2,Clec2d,23.643242,0.9895028,1.3852419134318889e-123,5.688259198953225e-123
2,Ccl2,23.552818,2.8420625,1.1745722766167081e-122,4.7391946086375634e-122
2,Dnajb5,23.506144,0.67921376,3.529456568256278e-122,1.4135255688176994e-121
2,Pvr,23.379591,0.93534046,6.894295300223467e-121,2.7274504821859668e-120
2,Ccl7,23.286564,3.380499,6.0658732777610395e-120,2.376532960514108e-119
2,Trafd1,23.261826,1.5385362,1.0799356211057091e-119,4.220856813092675e-119
2,Dst,23.211504,2.3590283,3.484641766471675e-119,1.3521743888079083e-118
2,Sdc1,23.210203,2.1784592,3.591756086732957e-119,1.3904124994465051e-118
2,Epsti1,23.192495,1.8275286,5.420710117473577e-119,2.0934266215576528e-118
2,Procr,23.151222,2.6784022,1.413097931001847e-118,5.444287040581938e-118
2,Cyp4f16,23.144388,1.9874827,1.6558313803587055e-118,6.364356632563556e-118
2,Acod1,23.041986,3.5840404,1.769856412635498e-117,6.754604944223008e-117
2,Tspan17,22.998436,1.0577041,4.8323996780574726e-117,1.8399418492509906e-116
2,F13a1,22.969336,3.0799837,9.444375257952968e-117,3.587535519531549e-116
2,Fam234b,22.949677,1.1861522,1.4844873873762464e-116,5.625790986738953e-116
2,Gstt3,22.944468,1.1212016,1.6733076644847807e-116,6.326585155697702e-116
2,Xaf1,22.915043,2.5011668,3.289659201639038e-116,1.2408900523391906e-115
2,Dhrs9,22.896881,3.0369163,4.9908528212906717e-116,1.8782281383140303e-115
2,Igf2r,22.890045,3.6517665,5.838012027399028e-116,2.1919572936206534e-115
2,Sulf2,22.881777,2.6736066,7.056586471607756e-116,2.6433679577246605e-115
2,Phf11b,22.865633,,1.0215956145517197e-115,3.818037066366104e-115
2,Klra17,22.645403,1.8790711,1.5485045903608735e-113,5.695406906043848e-113
2,Cdk18,22.638243,1.2673091,1.821646135947029e-113,6.684864326936836e-113
2,Trib1,22.636158,1.3170311,1.9097825546681154e-113,6.992476983457523e-113
2,Batf2,22.63004,,2.1940689139156577e-113,8.015269771106299e-113
2,Mndal,22.580109,2.1786714,6.79816073643583e-113,2.472335586210519e-112
2,Pea15a,22.541082,1.4884146,1.6425671729812726e-112,5.9602773033011725e-112
2,Igf1,22.531544,4.005605,2.037270872711206e-112,7.376011954324948e-112
2,H2-DMb1,22.37446,2.7918494,6.979690849457016e-111,2.4936252329998414e-110
2,Txnip,22.300117,0.9560663,3.6853270209551943e-110,1.3108772868397643e-109
2,Spp1,22.263044,2.5356655,8.43240765318762e-110,2.9798181292963657e-109
2,Tgm2,22.209044,3.604934,2.808514284061431e-109,9.86019517044944e-109
2,Oas3,22.122005,2.0573223,1.9410188232964684e-108,6.77060759438037e-108
2,Plk2,22.069927,3.0565152,6.149078943924825e-108,2.1311551382577066e-107
2,Znfx1,22.037899,1.3117741,1.247975859744074e-107,4.2977003068044326e-107
2,Angptl2,21.939404,2.3399425,1.0932658487548594e-106,3.7569432344923343e-106
2,Jup,21.853277,0.87860185,7.23501844331079e-106,2.481014781194525e-105
2,Itgax,21.83251,3.8624425,1.1398509051716563e-105,3.9005024645325455e-105
2,Bcl3,21.811678,1.6321689,1.797577019465257e-105,6.125356986497157e-105
2,Mmp12,21.794687,4.8471847,2.6056198768736285e-105,8.860200084463364e-105
2,AI504432,21.78017,1.0604702,3.577357404177942e-105,1.2113723819575412e-104
2,Zcchc24,21.766436,1.2017037,4.827499815432845e-105,1.6312926459650156e-104
2,Stx3,21.738703,1.0528762,8.836095930808436e-105,2.973474605761677e-104
2,Pnpla1,21.630312,0.8554506,9.314954197708968e-104,3.12166440262065e-103
2,Rab15,21.519058,1.9050851,1.0323763779068433e-102,3.42436499992822e-102
2,Kcnn3,21.499985,1.8925786,1.5574029107754298e-102,5.155321471995402e-102
2,Dhrs3,21.465416,1.0999763,3.277980782619719e-102,1.0828686006943347e-101
2,Frmd4b,21.431826,1.3618253,6.7481639861070725e-102,2.2201870153074387e-101
2,Kctd11,21.407219,0.5090304,1.1444328847565355e-101,3.750040685000203e-101
2,Anpep,21.364252,2.9279656,2.874148049043505e-101,9.36118099507744e-101
2,Tob1,21.343649,1.0596663,4.4668830510156997e-101,1.4519607833161253e-100
2,Tnip3,21.311913,2.1775815,8.80242058447298e-101,2.8384743912555016e-100
2,Ndrg1,21.291668,1.126113,1.3561639719369578e-100,4.3644800842891777e-100
2,Cxcl16,21.27806,4.2386246,1.812835574518172e-100,5.822612478947476e-100
2,Lat2,21.274872,1.0830336,1.9404314770771242e-100,6.220118292132599e-100
2,Cyp4a12a,21.227089,1.6084468,5.368663254730371e-100,1.7141676770024924e-99
2,Oit3,21.106525,1.2345308,6.928264726616112e-99,2.182067065353657e-98
2,Fam135a,21.105484,1.4928943,7.082608137055362e-99,2.2263547283534492e-98
2,Ly6a,21.098063,3.0053627,8.28622805866663e-99,2.594645156594068e-98
2,Casp6,21.075409,2.6786518,1.3374816187001415e-98,4.179952187922215e-98
2,Bhlhe41,21.058157,3.6296597,1.9252045552279048e-98,5.993631072129868e-98
2,Atp6v0d2,20.959076,4.2082405,1.5506793593256596e-97,4.772679166653169e-97
2,Tmem241,20.936487,0.47452578,2.4916973353145126e-97,7.654418708106324e-97
2,Rasgrp4,20.920277,1.1438389,3.5007506641839455e-97,1.073387065653376e-96
2,Ppfibp2,20.892805,1.454063,6.225328291664029e-97,1.9051853752979348e-96
2,Eya1,20.889029,1.7489012,6.737472954808526e-97,2.0580378780978208e-96
2,Rasgef1b,20.866896,1.90278,1.0706452978758371e-96,3.2642606638244507e-96
2,Pdgfa,20.783373,3.3724103,6.1203154298815915e-96,1.8555423602369984e-95
2,Cpne8,20.778036,1.122736,6.840079467537755e-96,2.069889719467582e-95
2,Dtx3l,20.689892,1.2229321,4.2717515072434014e-95,1.2760185901931485e-94
2,Il1b,20.575968,1.1948582,4.506444084611925e-94,1.3314120774572935e-93
2,Parp14,20.528185,1.8097521,1.2059549989063528e-93,3.5435851598298987e-93
2,Sertad1,20.508656,0.73907304,1.8020741227367576e-93,5.276108713139027e-93
2,Dcstamp,20.501495,3.9261072,2.087820442302158e-93,6.101702265610992e-93
2,Grina,20.447071,1.3793639,6.379150322241722e-93,1.8509806480636983e-92
2,Id2,20.434116,0.98949075,8.31838271594272e-93,2.4050653770515313e-92
2,Ephx1,20.422073,2.4499166,1.0644857831076033e-92,3.0667778689174646e-92
2,Npy,20.39304,4.3431187,1.927887412900242e-92,5.5345723605737915e-92
2,Fstl1,20.388157,3.798664,2.1302062669176557e-92,6.09381757485086e-92
2,Cd2ap,20.366089,0.943471,3.343409461268032e-92,9.49739079890849e-92
2,Fpr2,20.34389,2.099069,5.2589563909431474e-92,1.4886609539458613e-91
2,Edn1,20.299232,7.0675993,1.3061114432765973e-91,3.684370019121114e-91
2,Cd38,20.294806,1.0963408,1.4292087921289372e-91,4.024612258390862e-91
2,Fpr1,20.273323,2.5825186,2.212076060944284e-91,6.218348996276652e-91
2,Hbp1,20.256071,0.77492183,3.1404628983028984e-91,8.812856091777338e-91
2,Igsf6,20.20679,1.2260846,8.531792224733648e-91,2.3900806543208945e-90
2,Zfp503,20.197416,1.755702,1.0315433666628422e-90,2.8847643805640175e-90
2,Cadm1,20.154907,3.4432414,2.43716513399828e-90,6.780586359082693e-90
2,Mfge8,20.109598,2.24392,6.081471699834022e-90,1.686178990962527e-89
2,Il1rn,20.0749,1.6111572,1.223281831930115e-89,3.367397038009429e-89
2,Arhgap25,19.977383,0.8551399,8.665077728333572e-89,2.3661205514069112e-88
2,Cd53,19.959154,1.4170324,1.2480728320599602e-88,3.39660089530412e-88
2,Ube2l6,19.95629,1.5307686,1.3216877765365208e-88,3.5849123303381886e-88
2,Dennd1c,19.944117,0.7453693,1.6860375068398243e-88,4.557921393490325e-88
2,Tox,19.880905,1.3471206,5.955015478275301e-88,1.6018300341231407e-87
2,Tecpr1,19.838005,1.3519748,1.3990237800912758e-87,3.7507711922447094e-87
2,Zfhx2,19.832537,0.5509623,1.5597330382963852e-87,4.174731003492965e-87
2,Prmt2,19.761448,0.7306014,6.394384375002293e-87,1.7002772879104458e-86
2,Ltb4r1,19.7164,1.0318744,1.5594232709376558e-86,4.139745573585724e-86
2,Irf7,19.713991,3.1572752,1.63546135003632e-86,4.3345070420897236e-86
2,Zc3h6,19.652733,0.6627131,5.478270646363484e-86,1.447191366189181e-85
2,Pdzk1ip1,19.627604,1.0668749,8.985259629347684e-86,2.3659238829223935e-85
2,Sh3bp4,19.585356,2.225947,2.0616453529006782e-85,5.419754882341815e-85
2,Msrb1,19.412777,1.3468195,6.0184384478435335e-84,1.5669192877050099e-83
2,Csf2rb,19.337328,1.3037283,2.6063771878695262e-83,6.764070077958994e-83
2,Il27,19.214682,1.4355448,2.789446280530793e-82,7.15899029591922e-82
2,Ctsf,19.1557,1.3615981,8.674946533961024e-82,2.2123841632208775e-81
2,Gpr183,19.04946,1.6561947,6.638437412209919e-81,1.6824289816569514e-80
2,Cd36,18.993734,3.5923285,1.9216423678313423e-80,4.839912920221176e-80
2,Trim30b,18.970428,1.6671244,2.9945312062081057e-80,7.518776496082891e-80
2,Ms4a4b,18.920042,2.0446556,7.799195092157651e-80,1.955223251851578e-79
2,Aldoc,18.89843,1.3182678,1.1749851590897145e-79,2.9320398892977184e-79
2,Dok7,18.862364,2.0972137,2.3258247349512426e-79,5.794912012428441e-79
2,Oasl2,18.81751,2.9945998,5.42748107909906e-79,1.34402661225934e-78
2,Gsn,18.767906,1.5315658,1.3822834131657137e-78,3.402221086729571e-78
2,Slc39a4,18.735031,0.94156253,2.5649409166966066e-78,6.294000252468829e-78
2,Amn1,18.708601,0.37493402,4.2129417491036906e-78,1.030677453551461e-77
2,Lox,18.67768,1.9554995,7.522033855784043e-78,1.837460679831584e-77
2,Furin,18.646757,0.9424414,1.3417482032182434e-77,3.2726550159699108e-77
2,Tusc1,18.479582,1.094399,3.015092423401786e-76,7.288345619609086e-76
2,Phlpp1,18.470728,1.7601066,3.552587742756289e-76,8.574847200521876e-76
2,Phxr4,18.365463,1.2817456,2.483225799063924e-75,5.9145260588571e-75
2,Trim26,18.335062,0.47236517,4.3452220576738973e-75,1.0304020727407986e-74
2,Ypel3,18.326176,1.073565,5.116369689938651e-75,1.2097305593411795e-74
2,Gm4951,18.2283,6.9536753,3.0774316056493987e-74,7.223725129324638e-74
2,Ecm1,18.193275,0.567427,5.8346205912575324e-74,1.3656211542596994e-73
2,Notch2,18.160597,0.65175813,1.0586864308736287e-73,2.4672261363175656e-73
2,Epb41l1,18.123098,1.4772818,2.09457297343275e-73,4.853424804154172e-73
2,Serpinb6a,18.114311,1.0684041,2.4573065559351986e-73,5.68580775139357e-73
2,St6gal1,18.059822,1.5821943,6.603417197476217e-73,1.5235764856765896e-72
2,Rragd,18.054941,1.550428,7.213973867132119e-73,1.6620831835920877e-72
2,Gpr171,18.030529,1.0294313,1.1221447521699045e-72,2.578071937704795e-72
2,Nacc2,18.030073,0.54850435,1.1314310250912982e-72,2.595730017960517e-72
2,Adam8,17.969856,0.9785496,3.3558530667119814e-72,7.655687305494843e-72
2,Dusp1,17.883469,0.983803,1.5865023956740447e-71,3.6040712686040624e-71
2,Trim30a,17.80815,1.8772262,6.109631524455118e-71,1.380198096471616e-70
2,Acvrl1,17.796953,0.751261,7.462029754354e-71,1.6810294807725263e-70
2,Kank3,17.760887,0.6615193,1.4197107980077687e-70,3.193857024089599e-70
2,Pnpla7,17.731138,0.70639044,2.411063884922281e-70,5.409053418179723e-70
2,Rtp4,17.666754,2.5297732,7.562442352306941e-70,1.6895704539176115e-69
2,Tmcc1,17.552114,0.64173174,5.730568598045295e-69,1.273285241921845e-68
2,Ifi203,17.533497,2.195834,7.952506896509612e-69,1.7597498207556056e-68
2,Parp9,17.530828,1.1048712,8.334744958798637e-69,1.8418196625574099e-68
2,Mdga1,17.470612,0.9072013,2.399118559897813e-68,5.265724362860964e-68
2,Rpl3l,17.45668,1.0712748,3.0623531379943824e-68,6.7123470132795785e-68
2,Cd200r4,17.452383,0.92597765,3.301649792339248e-68,7.227093067711553e-68
2,Rassf3,17.393566,0.6682942,9.230782852993618e-68,2.015118410168997e-67
2,Irgm2,17.358835,1.3541021,1.691179635149735e-67,3.677068858194196e-67
2,Slc30a4,17.340218,1.6096047,2.3385049315102554e-67,5.070929142927318e-67
2,Cxcl2,17.135807,1.9576442,8.023288391999505e-66,1.7236786452745958e-65
2,Rab2b,17.12435,0.5377425,9.769639531041628e-66,2.0933098176155246e-65
2,Ccdc80,17.1222,0.58858025,1.0136974753409662e-65,2.169152117418268e-65
2,Zbtb4,17.018953,0.6432977,5.942325660227454e-65,1.2648887428988098e-64
2,Hilpda,16.987055,0.80905026,1.0240343335942287e-64,2.1683860170885628e-64
2,Tbc1d20,16.894028,0.5094114,4.978481143159432e-64,1.0487138200265712e-63
2,Slc39a2,16.871178,1.1959385,7.331885910596947e-64,1.538462994435737e-63
2,Cd33,16.821182,0.97636884,1.7071721693512433e-63,3.559168712966217e-63
2,Tspyl4,16.773205,0.92273945,3.832705638691601e-63,7.959857293159766e-63
2,Csf1,16.7374,0.510831,6.997886434731221e-63,1.4496260277310397e-62
2,Ier3,16.638319,0.7285722,3.6779858501744393e-62,7.580296123231182e-62
2,Gm12708,16.591122,0.65965855,8.079646126047735e-62,1.6609868208427663e-61
2,Il1a,16.51795,1.9457202,2.725003223921874e-61,5.580751552021818e-61
2,Mfsd9,16.449858,0.35370982,8.406623267548453e-61,1.7173227884085126e-60
2,Ahr,16.420628,0.8423596,1.3615096458727648e-60,2.7743324693537997e-60
2,Ccl6,16.192846,1.2789756,5.664685160838218e-59,1.1315417895171907e-58
2,Serpinb10,16.133411,0.9825665,1.4858380780555735e-58,2.9607240326856758e-58
2,Tspyl1,16.107176,0.53762007,2.2716557292343403e-58,4.5044322650588014e-58
2,Map6,16.102943,0.6813224,2.4324946228439105e-58,4.8174679832146806e-58
2,Mreg,16.085302,1.2714556,3.2346973235664215e-58,6.398389096127726e-58
2,H2-T22,16.059587,0.68423915,4.8979278545260354e-58,9.676539561560572e-58
2,Cd72,16.054445,2.360666,5.3212516961983246e-58,1.0500085463787936e-57
2,9330175E14Rik,16.00152,1.6231904,1.2469372022016474e-57,2.4545292985085827e-57
2,Abtb2,15.946445,1.040501,3.0157844371562986e-57,5.893496815743995e-57
2,Dio2,15.665088,1.6925393,2.6206825916563224e-55,5.0304700161734374e-55
2,St8sia1,15.648162,1.5430287,3.419545225524233e-55,6.54068674033055e-55
2,Tnfsf8,15.540422,0.82126087,1.847603006849539e-54,3.51738506703046e-54
2,Maml2,15.465168,0.7715518,5.961724208762674e-54,1.123102981023584e-53
2,Rrad,15.461848,1.2855397,6.277126784914621e-54,1.1797797966548685e-53
2,Trp53inp2,15.435614,0.5781868,9.42997124887314e-54,1.7662140145118054e-53
2,Fgl2,14.955182,0.7267153,1.440872282593802e-50,2.6467665258971084e-50
2,Rnf150,14.880904,0.4911522,4.385340865645007e-50,8.010160905491217e-50
2,Itm2c,14.837743,0.4917906,8.351866373089488e-50,1.5186913965416085e-49
2,Irf9,14.834033,0.8297585,8.826721758991105e-50,1.6032410630552713e-49
2,Pdgfb,14.820492,0.95243025,1.0799058756416539e-49,1.9571031623360473e-49
2,Upp1,14.804543,0.66591793,1.3691498268546436e-49,2.4785279231676696e-49
2,Map1lc3a,14.79569,0.650656,1.5617630217999353e-49,2.8240575488957583e-49
2,Card11,14.760797,0.8424924,2.6216770246487577e-49,4.724844593311428e-49
2,Tnfaip3,14.722843,0.7583823,4.5990899209062374e-49,8.279382743296245e-49
2,Pdk2,14.716333,0.80550414,5.063813704404858e-49,9.105882293286785e-49
2,Gcnt1,14.696348,0.80014205,6.803104105399448e-49,1.2206454489997683e-48
2,Zfp467,14.509579,1.7826096,1.0536567814884558e-47,1.875994840366932e-47
2,Gpr18,14.355684,2.5686247,9.815167361582574e-47,1.7361179346223482e-46
2,E130102H24Rik,14.309073,0.56279,1.9205484926958833e-46,3.3860104947312202e-46
2,Stat1,14.265848,0.8545792,3.572244807467513e-46,6.270758742112886e-46
2,Ercc1,14.222166,0.48193336,6.675411233491971e-46,1.1655023703685658e-45
2,Trim34a,14.094441,0.93222606,4.108838023085999e-45,7.143124623199882e-45
2,Rnase6,14.078037,1.2228959,5.1829675491664486e-45,9.000828013648801e-45
2,Gstt1,14.028953,0.29166433,1.0367208179520055e-44,1.7984611408750298e-44
2,Napsa,13.995622,0.97488505,1.6577438320110338e-44,2.8727142046174115e-44
2,Fbxl5,13.984554,1.293782,1.9368575709329226e-44,3.3492355864106615e-44
2,H2-M2,13.976612,3.8426406,2.1655282003437997e-44,3.740667455758939e-44
2,Tubb2a,13.964309,0.70104814,2.5739069347598384e-44,4.4413585618941043e-44
2,Ifit3,13.953112,,3.0117321209401357e-44,5.191317215903188e-44
2,Stfa3,13.88606,1.977366,7.695386246647159e-44,1.3250442135946592e-43
2,Wfdc21,13.866204,1.4055902,1.0150785170607554e-43,1.7459781067577362e-43
2,1700030N03Rik,13.766017,0.6045703,4.081012292549637e-43,6.99725363479441e-43
2,Dmxl2,13.764259,0.58536494,4.181483514326518e-43,7.161949588424089e-43
2,Pltp,13.737373,3.0260806,6.063605436409096e-43,1.0363717616286149e-42
2,Lrg1,13.711139,1.4187865,8.708079963492032e-43,1.4836665652084115e-42
2,Ciita,13.602879,4.4981804,3.8497776597119436e-42,6.524910516251591e-42
2,Tnks1bp1,13.3930645,0.42527133,6.638440329182875e-41,1.1112022924597134e-40
2,Neo1,13.371907,0.62181073,8.824896008706301e-41,1.4726318236750636e-40
2,Gch1,13.334801,0.30618635,1.4524273689033014e-40,2.4137676151241343e-40
2,Gm5547,13.299127,0.25754973,2.3418917827377316e-40,3.883996392229653e-40
2,Ptgs2,13.229795,1.0206339,5.904768351833969e-40,9.753089884597451e-40
2,Dexi,13.227842,0.5307426,6.0601935150358005e-40,9.999627549733539e-40
2,Ptger4,13.134621,0.7207215,2.0853345596294088e-39,3.4304387989035507e-39
2,Mrgpre,13.104155,0.87650496,3.11716987664721e-39,5.11745904850382e-39
2,Gbp7,13.05546,1.0829796,5.915143603515865e-39,9.681496392434644e-39
2,Fcrl1,12.976495,0.7813825,1.663189541605968e-38,2.7139773002865993e-38
2,AB124611,12.885096,0.83959484,5.460753663603642e-38,8.866208651016124e-38
2,Cib2,12.77944,0.45931685,2.136015489356628e-37,3.4508138682633974e-37
2,6430548M08Rik,12.774102,0.3840905,2.287727603683924e-37,3.6922330081346513e-37
2,1700025G04Rik,12.766095,0.69738,2.53560218730379e-37,4.080105900601932e-37
2,Gal,12.730616,0.68326694,3.996743540312119e-37,6.418532695431938e-37
2,Ifih1,12.699564,1.0179824,5.94603802697229e-37,9.539538753460983e-37
2,Rap1b,12.588244,0.40450725,2.4506415100786096e-36,3.912343040696363e-36
2,Gfra1,12.585444,1.2609681,2.539083950946474e-36,4.049551788038526e-36
2,Cdkn1c,12.567998,1.06224,3.1663960692971674e-36,5.0450829316306533e-36
2,Gcnt2,12.504332,0.93925464,7.069211654270804e-36,1.1219433760496324e-35
2,Cp,12.469829,1.3265936,1.0906003229338941e-35,1.7291825257075037e-35
2,Peak1,12.4538145,0.45057327,1.3331781013334405e-35,2.1117332816043365e-35
2,Ly6i,12.451601,0.5211066,1.370675386389551e-35,2.1690102211940016e-35
2,Steap4,12.430704,2.9681318,1.7805861510329032e-35,2.8149227455900285e-35
2,Plscr4,12.410849,0.21556698,2.2821965317069245e-35,3.6008976404947775e-35
2,Mgll,12.390343,0.4952804,2.947803908840248e-35,4.633079399359382e-35
2,Cpne5,12.3900175,0.48655677,2.9597930243576843e-35,4.647419443860759e-35
2,Bcl2a1b,12.389562,3.0856884,2.97665922304551e-35,4.66938226284315e-35
2,Sh2d3c,12.315153,0.42546982,7.507228911864646e-35,1.1764951975888365e-34
2,Sh3rf1,12.307146,0.5684805,8.290300327899696e-35,1.2979601478622882e-34
2,Mxd4,12.040761,0.71671164,2.1694575216451134e-33,3.3737872484260536e-33
2,Adora2b,11.998576,0.30293098,3.614595715486503e-33,5.5996888734661976e-33
2,Havcr2,11.973253,0.23234414,4.9066441103047264e-33,7.579596901823111e-33
2,Penk,11.957173,0.48771146,5.955470971519741e-33,9.191031318558535e-33
2,H2-Aa,11.897217,4.847088,1.223595710158547e-32,1.8829907418189406e-32
2,C030014I23Rik,11.8684435,0.32502425,1.726500136100918e-32,2.6543916784414115e-32
2,4933415A04Rik,11.854773,-0.14701284,2.0327525213004213e-32,3.122277073436821e-32
2,Slc23a2,11.78401,0.067965835,4.719331780499457e-32,7.235119232485935e-32
2,Csf2rb2,11.749377,0.124374725,7.114123384494276e-32,1.086545021624267e-31
2,Acadm,11.723403,0.5059513,9.670804095488345e-32,1.4714863267243993e-31
2,Ifit3b,11.722491,,9.775431578260354e-32,1.4860121855612272e-31
2,Sp100,11.700553,0.67872,1.2662578987968545e-31,1.9230995429293052e-31
2,Asb13,11.69567,0.4498677,1.341237546117624e-31,2.035067633117667e-31
2,Iqsec1,11.692025,0.42774087,1.4000816755736734e-31,2.1223668016640173e-31
2,Vsir,11.602839,0.64063954,3.986301391557093e-31,6.037143657428203e-31
2,Scn1b,11.5855875,-0.11863517,4.876097375389189e-31,7.3778264392549105e-31
2,Slc7a11,11.571527,0.7167879,5.745132133104678e-31,8.676540335098498e-31
2,C3,11.543013,0.42232805,8.007042826322012e-31,1.204770265704481e-30
2,Macrod1,11.367311,0.48939988,6.083314183066651e-30,9.102523620787924e-30
2,Anxa6,11.322262,0.3390697,1.0181043374258885e-29,1.5219956085758444e-29
2,Ddx58,11.314646,0.9549352,1.110503247483001e-29,1.658596931323598e-29
2,Oas1c,11.310967,0.4275524,1.1580564682098884e-29,1.7280290629590057e-29
2,Ccl24,11.30488,2.6785352,1.241228960431966e-29,1.8487358804597324e-29
2,Ly86,11.253973,3.1079907,2.2138969755403896e-29,3.288407412386916e-29
2,B3gnt7,11.222986,0.38791505,3.144698967769233e-29,4.666698742654799e-29
2,Klra2,11.102617,0.58463997,1.2182266660044734e-28,1.8045330157618775e-28
2,Pou2f2,10.905758,1.0158464,1.0818773232845882e-27,1.592382049335392e-27
2,H2-Ab1,10.866633,3.9905107,1.6622150467823526e-27,2.4399210912950007e-27
2,Map10,10.809802,0.48679864,3.0933704849065287e-27,4.532472381678762e-27
2,Col5a1,10.76957,1.2275172,4.792302256906095e-27,7.00280564027179e-27
2,Maff,10.734873,0.5432304,6.98149472844897e-27,1.0192605265116316e-26
2,Pcp4l1,10.721397,0.49717617,8.077361806260958e-27,1.1771321518198809e-26
2,Irgm1,10.673159,1.0461943,1.359251173694268e-26,1.9755424764624574e-26
2,Tbc1d16,10.621666,1.1821096,2.3630653950172066e-26,3.4283471115544805e-26
2,Ear2,10.619517,0.39552778,2.418081381014133e-26,3.505029490621022e-26
2,Trim21,10.588921,0.55356175,3.354367823601657e-26,4.8448660818182434e-26
2,Ffar2,10.528834,0.8363588,6.361738975507371e-26,9.155936662176535e-26
2,Wtip,10.510867,0.50986856,7.698257368577395e-26,1.1069657315454377e-25
2,Shb,10.4080105,0.45333117,2.2793554208504827e-25,3.268889913898747e-25
2,Prnp,10.359838,0.4659281,3.7760473207730705e-25,5.405780012615993e-25
2,Pla1a,10.282564,1.4973137,8.445016192342464e-25,1.2036745398927484e-24
2,Dmkn,10.249364,1.2839549,1.1912489496286456e-24,1.694917365173389e-24
2,Fbxo10,10.175932,-0.15666682,2.539567490157893e-24,3.603830681571393e-24
2,Lgals1,10.122876,0.7321768,4.373697416933796e-24,6.174183820945707e-24
2,Rras2,10.121835,1.0083709,4.420500934779234e-24,6.234828274966885e-24
2,Fcgr4,10.038769,0.41476095,1.0295156883522682e-23,1.448286597144301e-23
2,Otulin,10.033821,0.3246736,1.0824500040299771e-23,1.5201159363953446e-23
2,Slc7a8,9.989879,-0.42841578,1.6878779186784163e-23,2.364195150342307e-23
2,Fads3,9.875891,1.0330299,5.29604937813396e-23,7.373555443204534e-23
2,Tap1,9.851413,0.63179046,6.758691387535712e-23,9.393828132461804e-23
2,Nqo1,9.723949,-0.15736671,2.383537652337043e-22,3.301535501358398e-22
2,Herc6,9.716203,0.8959522,2.571954574882915e-22,3.5594797956144097e-22
2,Sec22a,9.707024,0.276323,2.814359955461559e-22,3.8916384038863156e-22
2,Cd82,9.5646515,0.32132825,1.1257996627669446e-21,1.5488100534418865e-21
2,Slc6a4,9.498511,-0.52882457,2.1291290674614398e-21,2.9192285269843242e-21
2,Igfbp6,9.490894,0.97210467,2.290604169500111e-21,3.137972941663159e-21
2,Cpq,9.396305,0.4726337,5.651264948983825e-21,7.715784299033472e-21
2,Gda,9.2581,1.0809028,2.081021685338227e-20,2.831725816794131e-20
2,Map3k14,9.127837,0.75144345,6.988166714482146e-20,9.461441077537597e-20
2,P2rx5,9.111041,3.070207,8.159511307675808e-20,1.1038137899124404e-19
2,Gbp3,8.846283,1.3751649,9.048249642647124e-19,1.2089177034904148e-18
2,Ifit1bl1,8.799347,0.55333155,1.3761490667113324e-18,1.834111574532277e-18
2,Klf2,8.762826,0.85993725,1.90415256983132e-18,2.535743405801643e-18
2,Selp,8.751433,0.15538666,2.1065895075350393e-18,2.8030255793452287e-18
2,Src,8.572737,-0.7800526,1.0105430807271442e-17,1.3347727010907393e-17
2,Als2cl,8.464151,0.36311233,2.5802427960213867e-17,3.394285332641273e-17
2,F5,8.3650055,0.558315,6.011208927190123e-17,7.88211873880548e-17
2,AA467197,8.35179,-0.062785454,6.723587135918571e-17,8.809093969676835e-17
2,H2-Eb1,8.316312,4.507747,9.074317609348053e-17,1.1860228172733717e-16
2,A530064D06Rik,8.166193,0.6642994,3.18274109552578e-16,4.1365433148580254e-16
2,Gm26871,7.9565086,-0.11666166,1.769616146407587e-15,2.288929337697852e-15
2,Gbp5,7.919728,2.7371578,2.380311515763281e-15,3.0714918683914414e-15
2,Ifit2,7.910744,,2.5585498187043573e-15,3.2988615309526768e-15
2,Isg15,7.898896,2.5498598,2.8138439755327557e-15,3.622265816122325e-15
2,Mx1,7.845645,,4.307338221260653e-15,5.531672680035455e-15
2,Cish,7.7393384,0.18218364,9.993563825296642e-15,1.2783565082516681e-14
2,Zfp946,7.7006693,0.19797744,1.3535534936156396e-14,1.7300738901848445e-14
2,Ccl4,7.678796,0.050780125,1.6059069476214184e-14,2.0510087157810557e-14
2,Mdp1,7.6425357,0.035247386,2.129847010159407e-14,2.707376058368776e-14
2,Parp6,7.5420227,0.18197004,4.627366965575419e-14,5.863741576690102e-14
2,Oas1b,7.5207353,0.8576888,5.446897365123396e-14,6.891472329352691e-14
2,Mllt6,7.425821,0.35596418,1.1208253015784521e-13,1.414769368996303e-13
2,A330023F24Rik,7.309554,0.28779545,2.6803057699666885e-13,3.367510425163415e-13
2,Lpar6,7.182741,0.26265582,6.832749753818033e-13,8.551481559176582e-13
2,Tef,6.996362,0.12605996,2.62693820119606e-12,3.2675565662116635e-12
2,Kmo,6.956782,1.4780167,3.481330435199457e-12,4.320365696934598e-12
2,Ulk1,6.926446,0.28371888,4.315450673809846e-12,5.3432526663508176e-12
2,Dnajc18,6.915249,0.19832529,4.670430490703142e-12,5.773962085305255e-12
2,Zbtb20,6.8871913,0.21225992,5.690477433413617e-12,7.02431841476171e-12
2,Mcemp1,6.778606,0.2841472,1.2134112463635657e-11,1.4955570224936957e-11
2,Il1r2,6.743387,1.097693,1.5473615415041435e-11,1.9057102659982693e-11
2,Stk17b,6.6891594,0.2034729,2.2445580409867055e-11,2.7559978368512007e-11
2,Sell,6.6700854,1.2233728,2.5565428974410424e-11,3.134325457029003e-11
2,Ddt,6.66963,0.36971986,2.5644931952983486e-11,3.141697857080001e-11
2,5830416I19Rik,6.583569,0.19018877,4.592876201816481e-11,5.609672589869226e-11
2,Parvb,6.57452,-0.75182426,4.88103303400583e-11,5.957137382360765e-11
2,Pde4b,6.508314,0.55013186,7.599876006468595e-11,9.261456711113496e-11
2,Stfa2,6.4946437,1.7100661,8.323024580780794e-11,1.011989945279344e-10
2,Col9a2,6.4886546,0.57921803,8.660636433322243e-11,1.0522511082283653e-10
2,L3mbtl3,6.3725176,0.2231578,1.8595003104261938e-10,2.2525089645341944e-10
2,Dnajc28,6.2434587,0.19493926,4.279994064185087e-10,5.169136539172161e-10
2,Bst2,6.1934953,0.45638302,5.884450804262502e-10,7.085804903128268e-10
2,Lpin1,6.192063,0.20684133,5.938182574062279e-10,7.145201880659508e-10
2,Hp,6.110103,0.8390153,9.956674042799046e-10,1.192741897889221e-09
2,Usp18,6.1091266,2.7442021,1.001777754280996e-09,1.1991760276337827e-09
2,Zfp532,6.1069136,0.55595493,1.0157635674264548e-09,1.2150210223935912e-09
2,C5ar1,6.106783,0.26065552,1.0165921650071325e-09,1.215116058689439e-09
2,Calcoco1,6.078465,0.31202906,1.2133843498886135e-09,1.448204132096638e-09
2,Rgs11,6.0543785,0.3513924,1.4096093534506448e-09,1.679931205949262e-09
2,Crebrf,5.97027,0.19724993,2.368607821529535e-09,2.818695441321281e-09
2,Uchl1,5.902632,0.4474212,3.577468420377538e-09,4.2510284086830525e-09
2,Fam167a,5.893909,0.44345242,3.771646925754018e-09,4.478485588267216e-09
2,Acrbp,5.8312187,0.1949595,5.50240173620123e-09,6.528819031542352e-09
2,Gm11772,5.778879,0.60643345,7.519997932535674e-09,8.893700000093862e-09
2,Ifit1,5.778814,,7.522907768266818e-09,8.893700000093862e-09
2,Mgst1,5.732854,0.33394158,9.875466598404654e-09,1.1657938007723689e-08
2,Agl,5.6794076,-0.038942225,1.3516204570927375e-08,1.5932619050904217e-08
2,Itgb7,5.665086,-0.19362468,1.4695099170123319e-08,1.7297134146545735e-08
2,Helz2,5.599271,0.5482583,2.152555567290795e-08,2.5282006735305357e-08
2,Itpr2,5.5307536,-0.12289145,3.188575607242694e-08,3.739602049853687e-08
2,Tmem71,5.512754,0.17804901,3.5326200125956386e-08,4.140108136148935e-08
2,Oasl1,5.5006456,2.4399564,3.784033697016722e-08,4.428356895065745e-08
2,Zfp358,5.4991484,0.1918436,3.816302761469946e-08,4.4629005617189995e-08
2,Il1f9,5.4931593,0.80014724,3.948068349003351e-08,4.613664886227259e-08
2,Mmp9,5.4435534,0.88796437,5.222801381577224e-08,6.09236650012438e-08
2,Cdkn1a,5.201515,0.37240154,1.976703505213072e-07,2.290152203896859e-07
2,Cyp4f18,5.1683145,-0.0338527,2.3621442975801436e-07,2.728915990509254e-07
2,Gm26511,5.150217,0.2211709,2.6018515255148864e-07,2.997303390898541e-07
2,Ankrd37,4.9065514,0.4435381,9.269181666942247e-07,1.0625167960268782e-06
2,Engase,4.862219,-0.29291078,1.1607727999447052e-06,1.3287039389628172e-06
2,Cd200r2,4.8102045,-0.07969505,1.5077594911570487e-06,1.7222435877864316e-06
2,Prdx5,4.6170554,0.03957862,3.892232011115633e-06,4.4179148509654e-06
2,Chil3,4.5712256,-0.15794763,4.84879597829761e-06,5.499823130628478e-06
2,N4bp3,4.5710306,0.08613047,4.853317645828687e-06,5.501104976613648e-06
2,Asah2,4.543624,0.055657186,5.529532541983602e-06,6.263199569202096e-06
2,Rab11fip3,4.5317106,0.12409326,5.850797090137653e-06,6.6224653734844895e-06
2,Chd2,4.4744883,0.085611716,7.65944531704906e-06,8.651546172878534e-06
2,Samd9l,4.464463,0.32081518,8.026973273278588e-06,9.060369275753562e-06
2,Cdh1,4.3812013,-0.55857736,1.1802666321569887e-05,1.3275953379740885e-05
2,Snap47,4.296768,0.09931329,1.7330643733040054e-05,1.942660963026328e-05
2,Ifi44,4.247488,,2.1618078722277133e-05,2.4182430129333453e-05
2,Dhx58,4.1954737,0.6008833,2.7230179219516135e-05,3.0439249272264076e-05
2,Cd40,4.179915,,2.9161795804015927e-05,3.2576055643329084e-05
2,Jund,4.1532245,0.2089968,3.2782288475542586e-05,3.6544929145931324e-05
2,Arhgef3,4.091185,0.038128994,4.291745375435374e-05,4.771220698393541e-05
2,Clec1b,4.082136,-1.2194526,4.462362044599631e-05,4.9575008468086305e-05
2,Lynx1,4.053558,1.0362469,5.044453884981575e-05,5.6003451070774223e-05
2,Spsb1,4.0475035,0.7993651,5.1766799682873345e-05,5.7432112917661124e-05
2,Adam19,3.9799957,0.80177337,6.891649178794949e-05,7.635420060112983e-05
2,Vipr1,3.8884013,-0.2655512,0.00010090666568839624,0.00011149224233418168
2,Ccl9,3.761263,0.06687032,0.00016905767454566002,0.00018590613431393934
2,Fam43a,3.67735,0.13409926,0.00023566948611102967,0.0002588056238809006
2,C130026I21Rik,3.670352,-0.08005491,0.00024221673500557917,0.00026563593250780894
2,Epha10,3.6672597,0.1194398,0.00024516372934562313,0.0002686861952693248
2,Serpinb2,3.6565185,-1.2787497,0.0002556640798101046,0.0002798158822213156
2,Gstm1,3.4845266,0.11043548,0.000493008483296919,0.0005377671552841981
2,Ly6c2,3.3314786,-0.021384211,0.0008638593613535923,0.0009397584735851956
2,Alox12,3.3295257,-0.8318134,0.0008699405247187053,0.0009457396321003619
2,Igtp,3.2081158,0.79769874,0.001336076729801428,0.001448607256509302
2,Osgin1,3.169447,0.039491676,0.0015272932225226866,0.0016548227167213075
2,Thnsl1,3.0556538,0.1321019,0.0022457042110608397,0.0024267369955634126
2,Pcmtd2,3.0102146,0.12102903,0.002610631691892594,0.00281920413065898
2,Pknox2,2.8205159,0.32619083,0.0047946506394138605,0.00516395971920935
2,Gm11696,2.7749465,0.05051854,0.005521079362405935,0.005942395969357948
2,Capn5,2.7742956,-0.37401617,0.005532140564534784,0.005950352782278129
2,Btg2,2.7118003,-0.012284353,0.006691888410380134,0.00718824039843482
2,Treml1,2.6278226,-2.042434,0.008593333615446449,0.009218510002813584
2,Mx2,2.6098552,,0.009058056119110376,0.009710619316058844
2,Traf1,2.6007414,0.17086062,0.009302257265258847,0.009965826475726454
2,Ceacam1,2.5897396,-0.33992666,0.00960485685807775,0.01028321968567796
2,Sp140,2.554586,-0.03953559,0.01063141491892965,0.01136727422445873
2,Serpinh1,2.4794617,0.43593985,0.013158086315983206,0.014050306783755602
2,Ube2h,2.3128731,0.17569412,0.02072961639167585,0.022077109512342895
2,Mcam,2.3087718,0.6306371,0.02095624367167172,0.022303823645309404
2,Sik1,2.2976398,0.09395556,0.021582291226892102,0.022940023833564215
2,Ccl5,2.2101467,2.3102157,0.027094979470022987,0.02874300634426245
2,Slc41a3,2.191333,-0.8074804,0.028427695826804007,0.030137073615082416
2,Asprv1,2.1884687,-0.014559884,0.028635475270934505,0.030337518543080186
2,AW554918,2.1164367,0.042362332,0.03430769180769973,0.036275799290801145
2,Rsad2,1.9655695,,0.049348365334229746,0.05197600556631211
2,H2-Oa,1.9300253,-0.106382415,0.05360369677719949,0.056348150468319876
2,Acpp,1.8514508,-0.46690097,0.06410473440074009,0.06725606675161735
2,Cacnb1,1.7724855,0.0654034,0.07631399249593109,0.07996207740852727
2,4933427D06Rik,1.7363555,-0.3520654,0.08250098667759356,0.08633329057487533
2,Plpp1,1.6795241,0.74380296,0.09304995733359331,0.0971216414382808
2,Ccnd1,1.5969784,1.025071,0.1102705238313977,0.11502172968136788
2,Daxx,1.5819405,0.19823235,0.113663153743035,0.11848434149820229
2,Clec10a,1.5799224,-0.022101456,0.11412463182886204,0.11888898704329752
2,Slc27a4,1.5308377,-0.28684866,0.125809506098251,0.13097754742706233
2,Trp53inp1,1.4346212,0.033660933,0.15139505434088812,0.1570094489392075
2,Ifitm6,1.2260438,0.16233769,0.22018220711861503,0.22776501272091426
2,Prss30,1.2128286,0.92192334,0.22519534065052915,0.232654039831311
2,Rgs1,1.1778704,-0.43663543,0.23884826378841018,0.2466020903022287
2,Pygl,1.1518308,-0.13710742,0.2493906101321849,0.257159294109602
2,Ccl3,1.1378996,-0.4782426,0.25516241222092084,0.262943731018001
2,Ighm,1.1274186,0.10475295,0.25956552308768155,0.2673112879036314
2,Pi16,0.9661031,0.25436208,0.3339926009626434,0.3428708852920301
2,Serpinb9,0.8943639,0.48027003,0.37112722897748573,0.38027060353852293
2,Ppbp,0.84632075,-1.1941599,0.3973738328121631,0.40665006739515996
2,H2-DMb2,0.8293299,1.4902427,0.4069177610587057,0.4161542297838718
2,Gm19705,0.7714568,-0.65096515,0.44043622023992546,0.4501496844544166
2,Spag1,0.70765966,0.06492672,0.4791566174339863,0.4891076359206581
2,1700047M11Rik,0.640868,-0.79998595,0.5216084363912397,0.5321062162431388
2,Pkp3,0.5905464,-0.45733556,0.5548243746199643,0.5652796078100389
2,Plxdc2,0.4701131,-0.98074996,0.638274216871811,0.6482380077932116
2,Phf1,0.4695923,-0.13836709,0.6386463233375784,0.6482380077932116
2,Ankrd33b,0.46422163,-0.076751456,0.6424889658171289,0.6517305206725348
2,Fgd5,0.38639566,-0.22043161,0.6992036603987215,0.7070500855154154
2,Cxcl3,0.37982064,-0.5798116,0.7040785479069303,0.7115360776978448
2,Arfgef2,0.32988966,-0.14861403,0.7414833425780993,0.7488704742600729
2,Ndst2,0.2826277,-0.57363945,0.7774622357938201,0.7832569853773765
2,Klhl24,0.26446506,-0.01217398,0.7914215815773277,0.796825453332356
2,Trpm2,0.25502568,-0.34747455,0.7987032530189152,0.8036579878391318
2,Ppp3cc,0.25105464,-0.059034172,0.8017718564966718,0.8062454750388107
2,Gpr55,0.17768797,-0.078499116,0.8589680307043898,0.862691111952025
2,Cnrip1,0.12873346,-0.13565616,0.897568561766712,0.8997875198922168
2,Ctnnd2,0.03570685,1.1453294,0.9715161066602697,0.9733163218054092
2,Rps27rt,-0.014224152,0.029704865,0.9886511516226648,0.9886511516226648
2,Sorl1,-0.022101142,-0.0007045821,0.9823672755405592,0.9829733010035702
2,Camk2a,-0.027829861,-0.16091031,0.9777978486503854,0.9790050064882254
2,Iigp1,-0.15347111,-1.7479105,0.8780267704691862,0.8807417573908596
2,Gja5,-0.17651619,-0.5299919,0.8598884307319599,0.8630810857965587
2,Gng11,-0.2183098,-0.64334375,0.8271877335942248,0.8312877967099335
2,Ephx2,-0.30183193,-2.001485,0.7627801786417863,0.7689431011541189
2,Mir142hg,-0.30931833,-0.06260401,0.7570793821067789,0.763670869264425
2,Fam110c,-0.3187577,0.20643301,0.7499102511892568,0.7569100357367607
2,Rgs7bp,-0.38945532,-0.35481513,0.6969393547468459,0.7052000208355483
2,P2ry1,-0.3994155,-1.2598983,0.6895870872555939,0.6981961644997338
2,Nfkbiz,-0.44602644,-0.023044355,0.6555781518256726,0.6641772406378769
2,Lrrk2,-0.4559215,-0.5335906,0.6484464314457463,0.6573625698781254
2,Siglech,-0.4853463,0.24210005,0.6274307279071538,0.6376520304921075
2,Mmrn1,-0.518677,-1.6598691,0.6039859886212481,0.6142102028486924
2,Socs1,-0.5277909,-0.63056,0.5976444780383086,0.6081426244530341
2,E330020D12Rik,-0.5898954,-0.25329822,0.555260759222883,0.5653690844064759
2,Mmaa,-0.6005066,-0.047713086,0.5481686766319964,0.5588495245110611
2,Esam,-0.755182,-2.1768913,0.4501397724958962,0.45977752581129955
2,Lcn2,-0.886552,-0.26605505,0.3753201495521775,0.38432404202880804
2,Ifnlr1,-0.9283456,-0.9177631,0.35322832149324723,0.36215950534895514
2,Cep170b,-0.9377199,-0.07340396,0.3483883842548726,0.35742312413751004
2,Id3,-1.0254084,0.47360995,0.30517054590011505,0.3134810800823221
2,St3gal5,-1.0496253,-0.49056956,0.2938904566581174,0.30208512084883804
2,Casp12,-1.098775,-2.1371596,0.2718662036666023,0.2796239583685662
2,Gp6,-1.1074983,-2.5717168,0.26807854066762127,0.2759031681236559
2,Slc17a8,-1.1651762,-0.009471793,0.2439477135868392,0.2517068647823494
2,Serpinb9b,-1.2246116,0.6673795,0.22072160193647694,0.2281774622950705
2,Zbtb5,-1.2660797,-0.03905491,0.20548454808530647,0.21269683279793689
2,Ppp1r3d,-1.2783183,0.11342364,0.2011372060531721,0.20832985199121656
2,Gm10419,-1.2923797,-2.0756238,0.1962256702257662,0.2033725476716887
2,F3,-1.4372252,-0.20558006,0.15065400942245594,0.1563408850180573
2,Arnt2,-1.44367,-0.6642512,0.14883181589175104,0.1545487870527658
2,Fcer2a,-1.4939265,-0.15462947,0.13519482372131225,0.14047790139395802
2,Atp6v1g2,-1.4954889,-0.08834492,0.134786892887738,0.14014380786148145
2,Mpl,-1.5286243,-2.9192524,0.12635759721580322,0.1314637733701301
2,Prelid2,-1.7034805,-0.15546179,0.08847818270964421,0.09240928033164386
2,Lztfl1,-1.7114226,-0.19215958,0.0870031286248483,0.09092723880767006
2,Irs2,-1.7306268,-0.56431234,0.0835183432667528,0.08734155562777114
2,Ifi27,-1.7607677,-0.088982895,0.07827772724495387,0.08196673569484517
2,Foxn3,-1.7749593,-0.18608046,0.0759046057334724,0.0795845316740092
2,Cnp,-1.852232,-0.09392551,0.063992524885427,0.0671817963522088
2,Pf4,-1.9168103,-0.98119533,0.05526204423659437,0.05805377963196637
2,Cd83,-1.9414828,,0.05219974481484421,0.0549079027818919
2,Ccdc102a,-1.9582783,-0.45397592,0.050197359008150914,0.052835896373277604
2,Cd59a,-1.9875729,-1.73139,0.04685894059512395,0.04938609593586163
2,Pag1,-2.0296922,0.0018345754,0.042387850348437006,0.04470292149880678
2,Ltbp1,-2.0565455,-2.5543647,0.0397299713268493,0.04192713955247206
2,Thbs1,-2.0940099,-0.43280226,0.036259092565793925,0.03828922405059749
2,Tesc,-2.0949864,-2.100214,0.03617219689412371,0.038222347467276
2,Amer2,-2.146545,-0.83773357,0.03182952793058612,0.03367742616008525
2,Ndst1,-2.150451,-0.20175172,0.031519567546823696,0.033371239269548325
2,Ccpg1,-2.249792,-0.25340655,0.024462146136556215,0.025967016383176823
2,Spry1,-2.2716653,-1.3937916,0.023106728173605644,0.0245442783874187
2,Fgf3,-2.3082511,-2.0270963,0.02098517567123252,0.02231997045163223
2,Trem1,-2.3550572,-0.050685607,0.018519848344962987,0.019736658354487496
2,Nfkbia,-2.417878,-0.2709219,0.01561131207048026,0.01664796066950623
2,Nr4a3,-2.4419646,1.8335469,0.0146075782993704,0.015587823685249204
2,Smim3,-2.4961922,-0.44819713,0.012553457672643384,0.013413510108713814
2,Cd7,-2.5593383,-0.51455027,0.010487163728054633,0.011220435070517556
2,Bex6,-2.683873,-0.63452536,0.007277477911727636,0.007812090782807562
2,Cyp2j6,-2.7704546,-0.443725,0.005597809702620039,0.006016996247614117
2,Prox2,-2.8837922,-0.1177437,0.003929179872780845,0.004234637710066797
2,Snca,-2.9010434,,0.0037192234297207223,0.004011024204127003
2,Retnlg,-2.9496074,-1.2909847,0.0031817802508437667,0.0034336976492804986
2,Tgfbr3,-3.146402,-1.3373462,0.001652927022898755,0.0017873650874278535
2,Gp1bb,-3.159617,-2.2599778,0.0015797664987481639,0.001709393769826232
2,Il1r1,-3.1662571,-0.63793904,0.0015441423704516256,0.001671961899113843
2,Sema6d,-3.216839,0.51211655,0.0012961125782584308,0.0014062171250402507
2,Crispld2,-3.244376,-0.9139483,0.0011770824169020006,0.0012779301741733902
2,Pxdc1,-3.2499745,-0.7633117,0.0011541533517032806,0.001253875911897335
2,Pls1,-3.357323,-3.5381362,0.0007870112685709838,0.0008567330722296213
2,Clic5,-3.3963823,-0.4753322,0.0006828288846712017,0.0007438203162771586
2,Il4i1,-3.433684,0.7032529,0.0005954374926250087,0.0006490588797296803
2,Ifi47,-3.4888232,-0.34019879,0.00048515205717702167,0.0005295535913466549
2,Lrrc49,-3.5000203,-0.23760664,0.0004652229571444189,0.000508142516153702
2,Col4a1,-3.5451338,-1.0791513,0.00039241377630542466,0.0004289050843446083
2,Nkx2-3,-3.6412852,-0.89903814,0.00027128041174023993,0.0002967072338790756
2,Paqr5,-3.66407,-1.593208,0.0002482390081941958,0.0002718728367933731
2,Rbp1,-3.673444,-1.5050594,0.00023930299842853299,0.00026261804022400577
2,Klrd1,-3.6951873,-0.81907225,0.0002197247958187559,0.00024145909134012337
2,Tspan9,-3.7868469,-2.8020535,0.00015257111955618898,0.00016789033644514146
2,Nrip1,-3.7916641,-0.44059932,0.00014964121782666656,0.0001647780416258338
2,2610301B20Rik,-3.8066695,-0.09842954,0.00014085080165401081,0.00015520380453994942
2,2310001H17Rik,-3.8291612,-0.18690392,0.00012858077565909828,0.0001417797539898419
2,Meg3,-3.8365824,-1.0400021,0.0001247583091645067,0.00013765848807131283
2,Serpinc1,-3.863859,-4.2422953,0.00011160966280120908,0.00012323408649663793
2,Cxcl10,-3.8912005,0.56259507,9.974941380136069e-05,0.00011028871791806888
2,Tcp11l2,-3.8965387,-0.48260462,9.757720445794598e-05,0.00010796059047120626
2,Ltb,-3.9172401,-0.6493659,8.956847165301712e-05,9.916727714757253e-05
2,Apol7c,-4.0054493,,6.189965126695536e-05,6.862695444634421e-05
2,Ceacam10,-4.097044,-1.6066973,4.184594816794696e-05,4.655289981372426e-05
2,Tcf4,-4.129463,-0.3869976,3.6361104211437195e-05,4.04788682436178e-05
2,Zfp799,-4.1308303,-0.1308412,3.614552211813658e-05,4.026650884314391e-05
2,Pnkp,-4.1549172,-0.30147257,3.2540558546932335e-05,3.630040300077321e-05
2,N4bp2l1,-4.179199,-0.271185,2.9253762048714173e-05,3.2656298721964476e-05
2,Pgm2l1,-4.248204,-0.17937565,2.1549108670962447e-05,2.4121914606142918e-05
2,9830107B12Rik,-4.262591,-1.2892096,2.0207022027196722e-05,2.2635213900630582e-05
2,Gpr4,-4.308486,-1.512827,1.6437602697036096e-05,1.8438306759745883e-05
2,Clec4b2,-4.322417,-1.1864756,1.5432914371068025e-05,1.7323312878804388e-05
2,Ccl22,-4.3253465,-0.48200613,1.52292309929498e-05,1.7106518469920065e-05
2,Timp3,-4.3490424,-1.6941502,1.36733192204646e-05,1.53694551459415e-05
2,Ccdc189,-4.3818526,-0.44983676,1.1767447853679964e-05,1.3245524232247675e-05
2,Gpr65,-4.401643,-0.28442502,1.07434421115116e-05,1.210129382282765e-05
2,Myct1,-4.402098,-2.3111117,1.0720896214038741e-05,1.2084290242648254e-05
2,Il17re,-4.463031,-1.9465238,8.08083388026137e-06,9.114820969251698e-06
2,Trim12a,-4.4748793,-0.2061164,7.64545680196332e-06,8.641763716226135e-06
2,Psg16,-4.5151753,-0.8766909,6.3264375303120915e-06,7.155844961064304e-06
2,Spib,-4.6356087,-0.20173168,3.558885714144819e-06,4.04237579015609e-06
2,Specc1,-4.671348,-0.7694491,2.992292772000287e-06,3.4011905229043206e-06
2,Mov10,-4.713272,-0.36197382,2.4377050193892655e-06,2.772761249263246e-06
2,Haao,-4.7182846,-0.20336169,2.3784162543454254e-06,2.707221869858442e-06
2,Pex11g,-4.7287655,-0.21347427,2.258890493556392e-06,2.57297779532898e-06
2,Zfp963,-4.7449102,-0.11259055,2.0859893906892225e-06,2.3777054052690928e-06
2,Veph1,-4.756628,-0.12308097,1.9685348267455645e-06,2.245403297455208e-06
2,Lyve1,-4.770494,-1.1491137,1.8377460369388089e-06,2.097694631889337e-06
2,Efna5,-4.8219223,2.0583422,1.4218130007773472e-06,1.6252154244262557e-06
2,Tst,-4.841973,-0.5661829,1.2855632232098826e-06,1.4705102595531945e-06
2,Ear6,-4.8901463,-1.5726241,1.0076111444006261e-06,1.1541986413967625e-06
2,Gp9,-4.914819,-6.169171,8.886463381922827e-07,1.0193665916180217e-06
2,Mxd1,-5.0023117,-0.41321346,5.664683442140227e-07,6.502559478521902e-07
2,Lad1,-5.0085616,,5.483836915672049e-07,6.299421726076532e-07
2,Cacnb3,-5.090131,-1.4397166,3.578169731916921e-07,4.113246849871897e-07
2,Zfp329,-5.0943623,-0.14766312,3.499175157586127e-07,4.025292273478509e-07
2,Chil1,-5.1098557,-1.8456904,3.22405076006378e-07,3.7114338770925846e-07
2,Gm14966,-5.156792,-0.21777269,2.5121649148360147e-07,2.8960422827747093e-07
2,Tac4,-5.161935,-0.43283924,2.4441028576404355e-07,2.819583808743091e-07
2,Cxcl5,-5.165776,,2.394437288504605e-07,2.7642542932060285e-07
2,Jam3,-5.1733274,-0.45762277,2.299617361512233e-07,2.6585740273505643e-07
2,Frs3,-5.195461,-0.2535286,2.0421321321140943e-07,2.362580826169088e-07
2,Pcp4,-5.195526,-5.4946656,2.0414175923704077e-07,2.362580826169088e-07
2,Kcne3,-5.235041,-1.0771167,1.6494807727742088e-07,1.9124073005287827e-07
2,Ccr9,-5.2425275,,1.5839170460221204e-07,1.8377063295049207e-07
2,Alox15,-5.2566543,-1.6894302,1.4669986949425636e-07,1.7032726436627332e-07
2,Fmnl2,-5.2608857,-0.5342003,1.43363271396742e-07,1.6657251160853546e-07
2,Ifit1bl2,-5.265898,-1.8469296,1.3950561026891366e-07,1.622065231943928e-07
2,Clca3a1,-5.2891383,-8.559661,1.2289378859055308e-07,1.429940639123939e-07
2,Jchain,-5.3522844,,8.685063208370574e-08,1.0112830239753821e-07
2,Tnfrsf8,-5.35925,-0.99563795,8.356802868925216e-08,9.737596446405674e-08
2,Ccr7,-5.4434886,,5.224711345051179e-08,6.09236650012438e-08
2,Tbc1d4,-5.471416,-0.40196964,4.4645396084325936e-08,5.2134508602431007e-08
2,Gp5,-5.504812,,3.695627890551324e-08,4.328020533194402e-08
2,Mt1,-5.589766,-0.49959835,2.2737562188337386e-08,2.6686198168945905e-08
2,Il2rb,-5.642757,-0.7909389,1.673486532696201e-08,1.9669530116182886e-08
2,I830077J02Rik,-5.6571436,-0.54248786,1.5391288995520074e-08,1.8103459572685683e-08
2,Atoh8,-5.6771293,-4.080336,1.3697407734654397e-08,1.61344918994985e-08
2,Fscn1,-5.6903443,,1.2678351484223215e-08,1.4955844441752767e-08
2,Adam23,-5.732984,-0.78270113,9.8678859661001e-09,1.1657473442836389e-08
2,2900026A02Rik,-5.797237,-0.4202397,6.741640653434766e-09,7.981708861219847e-09
2,Ly6d,-5.8177433,,5.964745505968951e-09,7.067068817152402e-09
2,Pbx1,-5.8177433,-0.8642071,5.964745505968951e-09,7.067068817152402e-09
2,Flt1,-5.9386973,-0.85055256,2.872957913822452e-09,3.4163766394574904e-09
2,H2-Ob,-5.9866104,-1.1145847,2.142594228811988e-09,2.5516063429758036e-09
2,Cdkn1b,-6.064013,-0.2961074,1.327663889696073e-09,1.5834344331522282e-09
2,Itgae,-6.0840635,-1.8795758,1.1717412201596918e-09,1.399531855006642e-09
2,Pacsin1,-6.114725,,9.672347486913587e-10,1.1595378879359821e-09
2,Isg20,-6.128396,-1.0603683,8.876940304289679e-10,1.0649702051448121e-09
2,Gata3,-6.1306744,-1.321354,8.75072747962203e-10,1.0506054753476633e-09
2,Gria2,-6.166544,-1.9242529,6.979861886207832e-10,8.386174799577114e-10
2,Eps8l1,-6.191477,-0.2795258,5.960301467198985e-10,7.16650035566846e-10
2,Ighd,-6.1936255,,5.879589688619561e-10,7.085211348395934e-10
2,Tmem215,-6.194927,-0.8663098,5.831193538347952e-10,7.032115925056044e-10
2,Tiam1,-6.2259145,-0.528926,4.787551850654685e-10,5.777834153096652e-10
2,Glyctk,-6.263477,-0.2902061,3.764875443830702e-10,4.5503934201888216e-10
2,Tnfsf10,-6.2889953,,3.1952673572169954e-10,3.8648200249112355e-10
2,Grap,-6.307028,-0.98656327,2.844444861177479e-10,3.4430519140521427e-10
2,Slx4ip,-6.4138556,-0.14555761,1.418846474411285e-10,1.7200067126271332e-10
2,Ncoa7,-6.466651,-0.43173048,1.0019875052685459e-10,1.2155749689944515e-10
2,Cetn4,-6.4860506,-1.1013023,8.81156705431057e-11,1.0697875570427951e-10
2,Snn,-6.4986796,-1.7298335,8.102798124932733e-11,9.85951879868034e-11
2,Hmga2,-6.504148,-1.2674434,7.813494345274837e-11,9.514630501528368e-11
2,Tsc22d1,-6.5307083,-0.5695912,6.545932223979657e-11,7.983084261124062e-11
2,Ufsp1,-6.6119523,-3.8647747,3.792847483120729e-11,4.636020058494214e-11
2,Igha,-6.6504908,,2.92117341401936e-11,3.5732603903012084e-11
2,Cldn1,-6.6571307,-1.850442,2.79224553854981e-11,3.4181300102096544e-11
2,Nsg2,-6.6806316,4.3270426,2.3791455907977365e-11,2.919042472219311e-11
2,Abtb1,-6.7297163,-0.34825817,1.6999414271589e-11,2.088867420342224e-11
2,Glb1,-6.733557,-0.9446165,1.655645274502307e-11,2.0359792534061728e-11
2,Zdhhc8,-6.738179,-0.3590659,1.6038365252223318e-11,1.9737654354405327e-11
2,Krt83,-6.866815,-2.5110383,6.5651096600354334e-12,8.097800660515188e-12
2,Phf11c,-6.895849,-0.7162831,5.3543956782058885e-12,6.614493366374677e-12
2,Thsd1,-6.9160953,-1.5893471,4.642629355854347e-12,5.743970110751907e-12
2,Papss2,-6.9302216,-0.6364532,4.201820147800449e-12,5.206533445173665e-12
2,Dennd5b,-6.9474077,-0.63622814,3.720592690157249e-12,4.613762494980931e-12
2,Crisp1,-6.9592557,-2.8889918,3.4207501191140223e-12,4.248435446556619e-12
2,Trdc,-6.9634223,,3.321048424339472e-12,4.1277705320142705e-12
2,Taco1,-7.0261774,-0.3604307,2.1226820869051057e-12,2.642356366047645e-12
2,Pdcd1lg2,-7.0281305,-1.6661675,2.0931893884150826e-12,2.6076445376415236e-12
2,Il2ra,-7.0285864,,2.0863658070490225e-12,2.6011416902640387e-12
2,Crip1,-7.0293026,-1.0984234,2.075687095649343e-12,2.5898188224178726e-12
2,Agrn,-7.0878916,-0.5392621,1.3617059663588732e-12,1.7002979810886008e-12
2,Fcnb,-7.116535,-1.3922741,1.1067394986140824e-12,1.3829980483451785e-12
2,Mecom,-7.1593704,-2.4276073,8.104844486753362e-13,1.0135742295693103e-12
2,Susd2,-7.2300353,-0.85877645,4.828680362191166e-13,6.04796876252824e-13
2,Zfp362,-7.2378798,-0.2210589,4.557528270680352e-13,5.712759547947087e-13
2,Nat8l,-7.2978363,-0.5559908,2.924324687807903e-13,3.6684103972346626e-13
2,Fam214a,-7.3084474,-0.38273087,2.702469143614239e-13,3.392728290203015e-13
2,Egr1,-7.3290186,-2.0413918,2.3184420629777786e-13,2.915126376860432e-13
2,Dand5,-7.3473763,-0.3149988,2.021348405316206e-13,2.543543144625978e-13
2,Ccl17,-7.360917,-1.2297779,1.826508972229764e-13,2.3001533796247494e-13
2,Phlda1,-7.3842225,-1.0015059,1.5334666943610463e-13,1.9326208067238672e-13
2,Tubb3,-7.3849387,-2.6305523,1.5252361619186351e-13,1.923742655234857e-13
2,A830082K12Rik,-7.450949,-0.5365975,9.267104111025973e-14,1.170657544243312e-13
2,Kcp,-7.50752,-0.36820808,6.025783591499766e-14,7.6179430907347e-14
2,Gimap1os,-7.528417,,5.135909909185375e-14,6.503080306556346e-14
2,Fzd8,-7.5536103,-1.2507564,4.2335509523148874e-14,5.3688972984008974e-14
2,F730016J06Rik,-7.5701456,-1.0951314,3.7280602648934814e-14,4.731544405052603e-14
2,Hgf,-7.5730753,-2.5305173,3.644914430799369e-14,4.6296407257295036e-14
2,Fam160a1,-7.644163,-1.2577293,2.103083454316689e-14,2.6754520493346425e-14
2,Xcl1,-7.6483297,,2.036067058701677e-14,2.5922298031508005e-14
2,Clec2h,-7.669617,-0.3471621,1.7251060684711236e-14,2.1980534509506383e-14
2,Ltf,-7.6700077,-2.5886161,1.719860915776857e-14,2.1930930859984763e-14
2,Aqp9,-7.6758666,-1.8555264,1.6430408572667104e-14,2.0967838477471315e-14
2,Rasal1,-7.7645316,-1.9784755,8.194754448944878e-15,1.049083797647087e-14
2,Noct,-7.7866654,-0.47546574,6.880093179073366e-15,8.814779728639021e-15
2,Pde2a,-7.815439,-1.1607702,5.4771787668604336e-15,7.0229122212234175e-15
2,Msra,-7.8447986,-0.5827046,4.336484829096505e-15,5.564698095565293e-15
2,Fut10,-7.8492904,-1.061703,4.183972861354841e-15,5.3774991926446535e-15
2,Olfml2b,-7.8729215,-0.9137116,3.4645399280805264e-15,4.456370946349416e-15
2,Plscr2,-7.903453,-3.4457457,2.7128148039772867e-15,3.494984600517203e-15
2,Fchsd2,-7.920574,-0.4875082,2.3641651285153516e-15,3.053085858640048e-15
2,Phlda2,-7.9426427,,1.979185308397335e-15,2.5579590200959977e-15
2,Krt18,-7.9748015,-2.1912136,1.5262579516416427e-15,1.9757305646949275e-15
2,Hoxa7,-8.008653,-1.1233976,1.1597149651948673e-15,1.502442231266833e-15
2,Adgrl4,-8.070693,-2.2343318,6.990052315679261e-16,9.063041451664078e-16
2,Gm43255,-8.093802,-0.21808183,5.783031303953029e-16,7.50406142000945e-16
2,Gm20257,-8.133318,-0.4768546,4.1769737897638177e-16,5.424380694152852e-16
2,Tcf7,-8.223545,,1.975742020491462e-16,2.5698905831893754e-16
2,Aqp8,-8.235133,-2.4410946,1.7935845308058304e-16,2.3348267327183444e-16
2,Fgf11,-8.241871,-0.84233326,1.6953882822487574e-16,2.2087709187208711e-16
2,Gm14010,-8.284739,-2.294022,1.1836899624568187e-16,1.5433642436535047e-16
2,Zfp773,-8.285096,-1.7086008,1.1801342846171368e-16,1.539966057641992e-16
2,Rundc3b,-8.301144,-0.71821606,1.0311418136226686e-16,1.3466280367922452e-16
2,Nr4a1,-8.340333,-0.5253428,7.408161223496853e-17,9.69035282621927e-17
2,Cmpk2,-8.343588,-2.4917374,7.20697892041553e-17,9.434802105661009e-17
2,Gm37867,-8.388506,,4.9235753540473675e-17,6.461196783385785e-17
2,Tnfrsf9,-8.439804,-2.120293,3.178690869912364e-17,4.174766470443606e-17
2,Dlk1,-8.447486,-2.0580804,2.9764225144251024e-17,3.912283078117922e-17
2,Arntl,-8.474697,-0.21271403,2.3569109201085537e-17,3.10301096787019e-17
2,Dbp,-8.491363,-0.3313129,2.042277504524989e-17,2.690961910917573e-17
2,Arid4b,-8.538755,-0.20903268,1.3567565236508732e-17,1.7891537246843223e-17
2,Flt3,-8.560888,-1.8590231,1.1200075771324069e-17,1.4781548332862197e-17
2,Runx2,-8.604115,-0.47203586,7.690815691063047e-18,1.0166669153141208e-17
2,S1pr1,-8.606718,-2.1475394,7.518177320149086e-18,9.94656085912057e-18
2,Serpinb6b,-8.622798,-4.376406,6.533766925785532e-18,8.65124077846868e-18
2,Gimap8,-8.641872,-1.8792437,5.529936107932167e-18,7.328068927341483e-18
2,Rnf122,-8.6454525,-3.295755,5.3592510932116055e-18,7.107690329672301e-18
2,Col1a1,-8.678653,-1.4019319,4.004835556793547e-18,5.315747359344626e-18
2,Gzma,-8.688483,,3.673113096121728e-18,4.879434432358266e-18
2,Eno3,-8.702284,-0.45261902,3.2527044455988968e-18,4.324497221935583e-18
2,Tpsab1,-8.841596,-2.2924309,9.436086128199475e-19,1.2586621463766076e-18
2,Aqp1,-8.842182,,9.386722880537789e-19,1.2531081903071847e-18
2,Ghr,-8.894229,-0.9280043,5.88264697207343e-19,7.866161078897858e-19
2,Sox5,-8.897972,-0.74614435,5.687644623486382e-19,7.611682821200422e-19
2,Cd79b,-8.908778,-0.8994473,5.1597980725431555e-19,6.91097644398431e-19
2,Tmem176a,-8.91314,-3.3329904,4.960731474605597e-19,6.649840042818411e-19
2,BC064078,-8.916004,-1.0809901,4.834148337263283e-19,6.485515800695654e-19
2,Ankrd22,-8.934492,-2.0393994,4.0905166272960873e-19,5.49239898135286e-19
2,Ttc26,-8.972315,-0.9317293,2.9034668597986464e-19,3.901759110682191e-19
2,Eomes,-8.999917,,2.258883585948399e-19,3.0380673104546457e-19
2,2200002D01Rik,-9.001284,-1.5371753,2.230928357762233e-19,3.002959167045927e-19
2,Slc35d3,-9.067164,,1.2215455164419975e-19,1.6456369000572425e-19
2,Arrdc3,-9.075107,-0.39614874,1.135664183657351e-19,1.5312113930941176e-19
2,Cxcr2,-9.086954,-0.9633388,1.0185198792515122e-19,1.3744086889733385e-19
2,Pmepa1,-9.088973,,9.997933505538327e-20,1.3502621270593809e-19
2,Amigo2,-9.093595,-3.327143,9.581761051779015e-20,1.2951347021654634e-19
2,Klrb1f,-9.131222,-1.0937409,6.773046678196027e-20,9.177846041799462e-20
2,Cx3cl1,-9.1335,,6.631953300819592e-20,8.994170780877407e-20
2,Sgms2,-9.185775,-1.2097962,4.08574773535881e-20,5.5456760056502e-20
2,Phyhipl,-9.207583,-0.31945503,3.3355029687238686e-20,4.531143898886193e-20
2,Amigo1,-9.239938,-0.6396727,2.4664156164294764e-20,3.35333288336011e-20
2,Plpp6,-9.296183,-0.50367916,1.4557818601927635e-20,1.9826013242927475e-20
2,Pygm,-9.337326,-0.6896095,9.879805415040697e-21,1.3466423851425218e-20
2,Bnip3,-9.385955,-1.0632468,6.234904092561886e-21,8.50547892189687e-21
2,Smpd5,-9.401253,-0.44544426,5.391715162672024e-21,7.36761751798991e-21
2,Gm9958,-9.463097,-0.41862223,2.98954681944432e-21,4.088570776676802e-21
2,Slc40a1,-9.486273,-1.6800665,2.3944391617431133e-21,3.277451747128548e-21
2,Rabggta,-9.507364,-0.5237291,1.9555410163379656e-21,2.6834919868867854e-21
2,Ccdc171,-9.516739,-0.38111418,1.7869915561828736e-21,2.454276294774446e-21
2,Cox6a2,-9.538938,,1.443031128833839e-21,1.9835563482783788e-21
2,Mgl2,-9.588478,-1.3369125,8.939399593162109e-22,1.2308748845593329e-21
2,Ntng1,-9.59297,,8.558541357826362e-22,1.1794353510955276e-21
2,D630039A03Rik,-9.598959,-3.0139465,8.07560000086917e-22,1.1138285035212408e-21
2,Cd177,-9.635545,-1.9784268,5.65911397372364e-22,7.811985417344463e-22
2,Pde11a,-9.663668,-0.3259666,4.30182090781783e-22,5.943401629029404e-22
2,Scml4,-9.771406,-0.54636455,1.4936410765313416e-22,2.0706716462682358e-22
2,Vcam1,-9.795168,-0.9288515,1.181014737423624e-22,1.6386705766476631e-22
2,Fgfr1,-9.848549,-3.0216556,6.954078161711653e-23,9.657118817034505e-23
2,Pafah1b3,-9.861308,-0.52976716,6.124614038166944e-23,8.519831878136178e-23
2,F2rl2,-9.877974,-1.4845442,5.1871219681176587e-23,7.228102948700036e-23
2,Ppp2r3a,-9.898285,-0.6651393,4.2347656350198636e-23,5.906096182289096e-23
2,Mirg,-9.9068775,-2.2453308,3.8860118859404333e-23,5.424364267638024e-23
2,Hba-a2,-9.931615,,3.033020235675148e-23,4.237346100142197e-23
2,Cldn11,-9.937539,,2.857998350110309e-23,3.996270106792174e-23
2,Slc14a1,-9.957915,,2.328950162731949e-23,3.259324559060588e-23
2,Sema4b,-10.01084,-0.48114744,1.3658668713923876e-23,1.9148107738966747e-23
2,1700016F12Rik,-10.021908,,1.2212265896284188e-23,1.7135203532675566e-23
2,Nyap1,-10.037532,-0.28684646,1.0425038695360326e-23,1.4652870679267285e-23
2,Epb41l3,-10.060121,,8.28965356230593e-24,1.1671717081649495e-23
2,Tmem42,-10.107578,-0.38186044,5.113267217812672e-24,7.205664141869812e-24
2,Mcpt4,-10.123592,-2.7483826,4.341805065769501e-24,6.1345015824722395e-24
2,0610009E02Rik,-10.126782,-0.35706156,4.202514828408479e-24,5.9428762438348324e-24
2,Dusp10,-10.1572485,-1.6245074,3.0763518843396005e-24,4.354138530889033e-24
2,Prg3,-10.16799,-3.616138,2.7553563538857696e-24,3.903220965941239e-24
2,Fyn,-10.17079,-1.1670823,2.6773026827421737e-24,3.795965866615215e-24
2,Nlrp6,-10.178406,,2.4758388528412097e-24,3.516471645629108e-24
2,Cd27,-10.239924,,1.3133877727204194e-24,1.8670595682318318e-24
2,Trp53cor1,-10.260105,-1.2205939,1.0659049752308572e-24,1.5179085775456104e-24
2,Hba-a1,-10.296105,,7.337222476936451e-25,1.046699635672025e-24
2,Ypel1,-10.321559,-1.441064,5.630156732635901e-25,8.038832940436118e-25
2,Glt28d2,-10.335034,-1.6489753,4.892370079923153e-25,6.991563233158902e-25
2,Hcst,-10.3393955,-0.63944113,4.674748094149629e-25,6.68645626870432e-25
2,Gm17590,-10.396162,,2.581203696611828e-25,3.6985091836611175e-25
2,Gm5111,-10.439909,-3.0874426,1.6296694658649475e-25,2.3392246669318093e-25
2,Stxbp6,-10.504162,,8.265383308567949e-26,1.18746250899001e-25
2,D730003I15Rik,-10.541398,-0.38026088,5.566493001202754e-26,8.018518337434162e-26
2,AI480526,-10.557543,-0.42095715,4.6877113837565704e-26,6.75863810173614e-26
2,C8g,-10.585731,-0.6923085,3.470613931979458e-26,5.0083058698137735e-26
2,Csrp3,-10.596472,,3.0943315679557304e-26,4.4732672042996386e-26
2,Ptp4a2,-10.596928,-0.43163788,3.079295363845462e-26,4.4555014095962e-26
2,Mt2,-10.613268,-1.8981606,2.5854519962014894e-26,3.744288515927514e-26
2,Fbxl21,-10.656689,-0.85277736,1.622720850946536e-26,2.356359194481004e-26
2,Ptprn,-10.675568,-3.0138543,1.324455070993524e-26,1.9266960763690548e-26
2,Bace2,-10.716254,-3.5809715,8.539156017257022e-27,1.243313380609595e-26
2,Wdr59,-10.726345,-0.43283892,7.656500021340096e-27,1.116802431170291e-26
2,Car1,-10.794699,,3.6465542513544906e-27,5.33337330540756e-27
2,Rian,-10.803488,-2.7928941,3.313734361992767e-27,4.850972143639232e-27
2,Boll,-10.819827,-0.45078298,2.772995536583154e-27,4.066725823090304e-27
2,Tmem158,-10.866633,-2.0427642,1.6622150467823526e-27,2.4399210912950007e-27
2,Bmyc,-10.903415,-1.5633438,1.1101163957086836e-27,1.6324649082860245e-27
2,Gm21190,-10.921122,-2.3263628,9.136071288376403e-28,1.345931664827114e-27
2,Camk2b,-10.939089,-0.59770834,7.494939274758198e-28,1.1051628639688907e-27
2,Txk,-10.985895,-0.81901795,4.467877704321954e-28,6.594083381628944e-28
2,Gpr45,-10.996832,-0.93778145,3.957947763796652e-28,5.84680443795826e-28
2,Ear1,-11.003862,-2.3348327,3.6610738451762467e-28,5.413183023587851e-28
2,Epx,-11.072151,-2.7879825,1.7123959353494113e-28,2.5342209919130884e-28
2,Ccz1,-11.218949,-0.49366522,3.291560619131284e-29,4.880174885037425e-29
2,Ermap,-11.25866,,2.099258852342654e-29,3.120987954628584e-29
2,Ak1,-11.2819,-2.9698863,1.612245560047816e-29,2.3991397233005115e-29
2,Cdkn2b,-11.310675,-4.6934075,1.1619296448824952e-29,1.73221496691122e-29
2,Adtrp,-11.408713,-0.72354555,3.7828203907824386e-30,5.66549831380343e-30
2,Nrgn,-11.428569,-2.8632588,3.010291913742285e-30,4.512655715425126e-30
2,Atp1b2,-11.453112,,2.2685441923246707e-30,3.4038655688719856e-30
2,Tbxa2r,-11.478761,,1.6868178978034135e-30,2.533350583552904e-30
2,Casq2,-11.541125,-0.44841942,8.184750049303502e-31,1.2303674309518333e-30
2,Arhgap29,-11.55421,-2.0628564,7.029078815594911e-31,1.0586040704637832e-30
2,Nwd1,-11.562283,-0.6745934,6.39851452625807e-31,9.645344388095344e-31
2,Ubac2,-11.570875,-0.8046312,5.788893144350826e-31,8.734497376871665e-31
2,Ackr1,-11.579859,-2.461566,5.2131633618855465e-31,7.88047620967228e-31
2,Podxl,-11.727374,,9.227752371345381e-32,1.40539101843401e-31
2,Ccdc173,-11.730433,-0.5986482,8.90018333883318e-32,1.356776069134156e-31
2,Sgsm2,-11.736227,-0.48110887,8.311201773421473e-32,1.2681814935549982e-31
2,Mylk3,-11.749963,,7.064970315410964e-32,1.0800548399242773e-31
2,Gnai1,-11.766238,-3.3351939,5.82654149412444e-32,8.915707833462116e-32
2,Psd3,-11.767605,-1.3560755,5.732906846698439e-32,8.78071284735115e-32
2,Hbb-bs,-11.832509,,2.6509822466312526e-32,4.0680162762875044e-32
2,Ikzf2,-11.899951,-3.2145936,1.1841610152646902e-32,1.8240352960677373e-32
2,Spred1,-11.9129715,-0.995078,1.0130199865794487e-32,1.561899637102534e-32
2,Gm43920,-11.9791765,-0.3552294,4.5683630282933384e-33,7.063760564243846e-33
2,Mogat2,-11.979568,-2.2258043,4.546890975839477e-33,7.037268285125603e-33
2,Gimap4,-12.018952,,2.825301906605408e-33,4.3811086926519805e-33
2,Ehd3,-12.031451,,2.42853068407931e-33,3.7694514541403264e-33
2,Gmpr,-12.033535,-2.2040956,2.3680098141855442e-33,3.6790344047978475e-33
2,Meis1,-12.060616,-2.5268698,1.7050293828473524e-33,2.6540860450848422e-33
2,Spns2,-12.072985,-5.4887323,1.467145622268104e-33,2.2859848216319548e-33
2,Art4,-12.161585,,4.9783501389612355e-34,7.76431146672608e-34
2,Tpsb2,-12.170698,-2.9579024,4.452557046023661e-34,6.950960085322789e-34
2,Cdkn2a,-12.225577,-4.848467,2.269642239276711e-34,3.54658931802199e-34
2,Zfp667,-12.279479,-0.6646623,1.1674750385404037e-34,1.8260795684788185e-34
2,Fam102a,-12.395355,-1.1567947,2.769149718044965e-35,4.356509061754542e-35
2,Ccdc30,-12.396462,-0.46453875,2.731180132343808e-35,4.300945800642385e-35
2,Gm15856,-12.40167,,2.5593303212464784e-35,4.0342407979220486e-35
2,Cma1,-12.426799,-2.9251904,1.8697392045385697e-35,2.952986358093048e-35
2,8030423F21Rik,-12.526074,-0.42530802,5.375834778014992e-36,8.540258579765248e-36
2,Trp53i11,-12.530631,,5.0756963359725093e-36,8.071352408771971e-36
2,Samd14,-12.564287,,3.3185045802529366e-36,5.2822516478609054e-36
2,Sla2,-12.59228,-3.8745153,2.3284832020526557e-36,3.720984979043751e-36
2,Gnaz,-12.633227,-3.1242075,1.3847942408632176e-36,2.215124515463648e-36
2,Rprm,-12.637263,-2.9943576,1.3155283143151829e-36,2.1064036780051597e-36
2,Klhl30,-12.642406,,1.2322378531391947e-36,1.9749899187665748e-36
2,Itgb2l,-12.740967,-2.534137,3.5003110878546847e-37,5.626862819128145e-37
2,Chd3,-12.768699,-0.63610446,2.4521956206340535e-37,3.9498126084095685e-37
2,Slc18a2,-12.769871,-6.8017106,2.415557918127227e-37,3.8946669415530435e-37
2,Hoxa5,-12.823577,-2.001292,1.2098696781367408e-37,1.9565390009349887e-37
2,Pglyrp2,-12.833212,,1.0684117236461178e-37,1.7295048061417198e-37
2,Prg2,-12.852872,-1.535361,8.287532292167359e-38,1.342894842946599e-37
2,Kank2,-12.862832,-1.0142987,7.285750373296753e-38,1.1817487105487333e-37
2,Enc1,-12.9007845,-1.194985,4.455362212383712e-38,7.241079667822025e-38
2,Igfbp5,-12.912437,-2.2629488,3.829823376710936e-38,6.230665513565835e-38
2,Hdac9,-12.915953,-1.4726157,3.658860350939942e-38,5.958505511269664e-38
2,Rsad1,-12.930731,-2.4006214,3.0193662003759e-38,4.922022087446945e-38
2,Hic1,-13.014122,-2.8171656,1.0170405326887202e-38,1.661268624391847e-38
2,Vangl2,-13.029877,-2.5988653,8.274163341022697e-39,1.352892433380929e-38
2,Ddc,-13.062752,-2.52341,5.3749463779746366e-39,8.806225277853394e-39
2,Acox2,-13.06503,-2.0913553,5.2164156798844425e-39,8.555132692388843e-39
2,Dpp4,-13.1341,,2.0997300449578885e-39,3.45062019546271e-39
2,Samd10,-13.215995,-0.62756425,7.094228786248355e-40,1.1682070143446529e-39
2,Tie1,-13.219315,-1.611544,6.787956208528106e-40,1.1189090416903036e-39
2,Tmem40,-13.231619,-0.94344085,5.763283621294473e-40,9.529098913088313e-40
2,Dusp2,-13.253818,-1.4844819,4.288244137728278e-40,7.097481623872722e-40
2,Pan3,-13.280248,-0.49350542,3.0139649295615394e-40,4.993514929263347e-40
2,Mctp2,-13.317712,-1.4109547,1.826187316777267e-40,3.031807397965944e-40
2,Col1a2,-13.343524,,1.2920475024453257e-40,2.149436973298788e-40
2,Serpine2,-13.356608,-4.685113,1.083909289140909e-40,1.805031690951288e-40
2,Ccdc62,-13.357976,-1.2985754,1.0641884473766612e-40,1.7740119852466028e-40
2,D5Ertd605e,-13.383365,-0.8396338,7.564424033901962e-41,1.2635937984540662e-40
2,Ppp1r42,-13.385187,-2.1552274,7.381117004025165e-41,1.2342445134565792e-40
2,Eme2,-13.399054,-0.5636437,6.123931288288111e-41,1.0261380733061277e-40
2,Gm13546,-13.405368,-4.274112,5.624367187580424e-41,9.43404713366644e-41
2,Hsd11b1,-13.423531,-1.4891843,4.4023003997602373e-41,7.391854294421433e-41
2,Ccno,-13.432449,-1.8780372,3.9028680142879155e-41,6.560053802253885e-41
2,Slc45a3,-13.440456,-3.2971044,3.5026995052994396e-41,5.89354626306607e-41
2,Dntt,-13.447422,,3.187944257151392e-41,5.369517741536404e-41
2,Hid1,-13.460572,-4.6890817,2.668426832808375e-41,4.4991562607226445e-41
2,Lgalsl,-13.533678,-3.050623,9.894618465606137e-42,1.6700386213541264e-41
2,Serpina3f,-13.54162,,8.880815318971615e-42,1.500487754934579e-41
2,Sema7a,-13.546568,-2.7524135,8.30221319802453e-42,1.404190803670051e-41
2,Gm8113,-13.588752,-1.574062,4.669746590142691e-42,7.906397671410694e-42
2,1700086P04Rik,-13.612578,-0.761378,3.371367055111672e-42,5.720039083045117e-42
2,Klhl20,-13.624166,-0.48757243,2.876779957020138e-42,4.886007424383941e-42
2,Per2,-13.656325,-1.8218968,1.850919676059682e-42,3.146951482776524e-42
2,Tbc1d8,-13.685099,-1.0124942,1.2463776833049695e-42,2.1213269699062546e-42
2,Cd34,-13.713026,-3.549284,8.484393305937212e-43,1.447075283094654e-42
2,Hbb-bt,-13.7348995,,6.27430543887732e-43,1.0712550970377908e-42
2,Gzmc,-13.750719,,5.042616028131741e-43,8.627767086107262e-43
2,1810044D09Rik,-13.82376,-0.7001606,1.8324343557008476e-43,3.145194206292883e-43
2,Sall2,-13.846479,-1.0341251,1.3360155825328213e-43,2.2955691471061824e-43
2,Csf2,-13.995231,,1.666876821263217e-44,2.8854580619945977e-44
2,Chga,-14.153877,2.8247523,1.7673783242859855e-45,3.075845109433335e-45
2,Itgal,-14.167353,-0.8531231,1.4589738981814926e-45,2.5418428172399367e-45
2,Gm20498,-14.168394,-0.70277643,1.4374971702979342e-45,2.5071187206701605e-45
2,Gimap5,-14.233038,-5.045276,5.714449678530494e-46,9.987971313121186e-46
2,Marcksl1,-14.246188,-1.2018908,4.734292341278884e-46,8.283734819368231e-46
2,Serpina3g,-14.251786,-2.2504725,4.3695929893473434e-46,7.653865905746643e-46
2,Gm37214,-14.257971,-1.2725679,3.999151137733865e-46,7.012565562599274e-46
2,Bcl2,-14.28069,-1.5337293,2.8872715342207056e-46,5.073840117557946e-46
2,Dach1,-14.285703,-1.7141778,2.6868459102808427e-46,4.726750614398619e-46
2,Creb3l1,-14.29397,-1.3014905,2.3860815788601963e-46,4.202197959729901e-46
2,Hrc,-14.325251,-4.476332,1.5217806933543181e-46,2.6858849669430947e-46
2,Lemd1,-14.350282,-0.5548232,1.0610606930303455e-46,1.874771725593922e-46
2,Rab6b,-14.418244,-0.9189747,3.973191701614407e-47,7.035498842815031e-47
2,Jmy,-14.431915,-0.9272603,3.2590260448136176e-47,5.777202453210588e-47
2,Gm13346,-14.452162,-0.5967562,2.42941084314717e-47,4.311273947029222e-47
2,Dapk2,-14.478136,-1.7340941,1.6655315612596026e-47,2.9589180639245075e-47
2,Gatad2b,-14.506909,-0.80767244,1.0954578881036547e-47,1.9482814632720703e-47
2,1810021B22Rik,-14.524812,-1.200827,8.437356968047872e-48,1.503889340898203e-47
2,Acp6,-14.538743,-0.7167326,6.88451110010306e-48,1.228457316212009e-47
2,Kcnq3,-14.575133,-1.1449966,4.043313810565897e-48,7.222747798169476e-48
2,Il21r,-14.584377,-1.8817791,3.531278911330882e-48,6.31503240813527e-48
2,Padi2,-14.585224,-3.395709,3.4877598946984025e-48,6.244091113908178e-48
2,Asb2,-14.612565,,2.3355480428444085e-48,4.185921464633845e-48
2,Tpk1,-14.705788,-0.5827261,5.917854225241751e-49,1.0629855540799691e-48
2,Slc6a5,-14.7696495,-0.5491463,2.2990509455380296e-49,4.148009603629238e-49
2,Gm43549,-14.775574,-1.185746,2.1055690787544502e-49,3.803154839353806e-49
2,Trim46,-14.829866,-1.0702482,9.391988722776583e-50,1.7040051127901139e-49
2,Tpsg1,-14.866061,-3.5750935,5.474043227253007e-50,9.965093282384261e-50
2,Pdgfrb,-14.876477,,4.685283000961447e-50,8.538796660179177e-50
2,Srgap3,-14.876542,-2.5953946,4.6807274460881525e-50,8.538796660179177e-50
2,Mycn,-14.887414,-5.279131,3.9786371014653686e-50,7.275478442589434e-50
2,Rbpms2,-14.899132,-4.230669,3.338903761311933e-50,6.112530362130875e-50
2,Nmb,-14.902126,-0.94543713,3.192558198626504e-50,5.8512196589516265e-50
2,Gm16754,-14.904535,-1.8876029,3.079493670396921e-50,5.650383182560867e-50
2,Car8,-14.966444,-3.505773,1.2165411021396636e-50,2.237221845431445e-50
2,Esm1,-14.991572,,8.335617240081863e-51,1.5346618800695554e-50
2,Dnmt3b,-15.017742,-2.536965,5.618918473356218e-51,1.035668836793612e-50
2,Ptk7,-15.032519,-3.3812068,4.495740652921814e-51,8.295894583662323e-51
2,Rpp25,-15.048143,-2.8731797,3.5505898899115037e-51,6.559290206647448e-51
2,Il13,-15.063376,,2.820075021262749e-51,5.215691772506475e-51
2,Camp,-15.11129,-3.752767,1.3644299422730382e-51,2.526375989003274e-51
2,Tmem121,-15.149633,,7.619086537957994e-52,1.4123609559506134e-51
2,Atp1b1,-15.195007,-6.046424,3.8162240377357704e-52,7.082283054013066e-52
2,Tmem108,-15.196895,,3.70784277044981e-52,6.8890274612481e-52
2,Mef2c,-15.218833,-3.078457,2.652184841939846e-52,4.933307125718384e-52
2,Ifitm10,-15.231137,-1.487936,2.1973638319189747e-52,4.091990970577011e-52
2,Pik3ip1,-15.247216,-2.6184983,1.718022919076845e-52,3.203026637635221e-52
2,Myrip,-15.291224,-0.54823995,8.74908418173176e-53,1.6330281407098867e-52
2,Calca,-15.317914,-2.6738563,5.805066634363436e-53,1.084771668310771e-52
2,Zfp526,-15.340927,-0.37512326,4.073382234890757e-53,7.620560536323884e-53
2,Arpp21,-15.442969,,8.413571256917449e-54,1.5776661940716884e-53
2,Lif,-15.452148,,7.297005015727068e-54,1.3698775619802436e-53
2,Slpi,-15.462825,-1.8964279,6.182674601759292e-54,1.1633756617231523e-53
2,0610009L18Rik,-15.470832,-0.79243153,5.459688258126057e-54,1.0297225993814493e-53
2,Bach2,-15.4774065,,4.929451880496031e-54,9.307998777840003e-54
2,H2-Q7,-15.478123,-3.9763463,4.8748943924366346e-54,9.215709445841749e-54
2,Car2,-15.48307,,4.5140318106873837e-54,8.54347677588674e-54
2,Azin2,-15.4874325,,4.2180388119121165e-54,7.992592234721324e-54
2,Hao1,-15.491664,,3.949370605142474e-54,7.492256282504202e-54
2,Rad9b,-15.496221,-1.1189022,3.6790685382443816e-54,6.987645396993428e-54
2,Bbs2,-15.53196,-0.80945,2.1083599707480526e-54,4.009097154224316e-54
2,Ppp1r16b,-15.547844,,1.645522463912552e-54,3.1363542144138184e-54
2,Gnb4,-15.583063,-3.7300622,9.489681981210592e-55,1.8108546086498331e-54
2,Slc22a3,-15.590029,,8.509576028786949e-55,1.6257399668660108e-54
2,Gm16140,-15.648553,-3.9509304,3.398623997915805e-55,6.508344893293314e-55
2,Krba1,-15.6647625,-2.6843765,2.6341335110508083e-55,5.0503127126766085e-55
2,Espn,-15.688263,-2.8014977,1.8196733150391456e-55,3.4970499016510595e-55
2,Itgb3,-15.697572,-2.2225766,1.5714212447785786e-55,3.0235412325395663e-55
2,Syne1,-15.707598,-1.793154,1.341682727377653e-55,2.5845717147346237e-55
2,Lca5l,-15.708835,-1.7055573,1.3157636981317217e-55,2.5376560265988738e-55
2,Kit,-15.74913,-1.325546,6.963208358646674e-56,1.3445623759196315e-55
2,Cul7,-15.771395,-1.2734777,4.895684416262572e-56,9.464600861952196e-56
2,Skap1,-15.777253,,4.461857307147987e-56,8.636196363000041e-56
2,Tfr2,-15.780704,,4.224524567857059e-56,8.186593607006153e-56
2,Ctxn1,-15.790794,-5.2001133,3.600197378736019e-56,6.985071947739023e-56
2,Mgst2,-15.83773,-2.132367,1.7087783514728146e-56,3.3193275282501863e-56
2,Tspan13,-15.892674,-2.6429584,7.122335953088702e-57,1.3851833232505843e-56
2,Kbtbd11,-15.907191,,5.649171717837201e-57,1.0999947810722618e-56
2,Slco2b1,-15.921904,,4.465809638199698e-57,8.706181770624892e-57
2,Ak4,-15.931083,-3.3797696,3.856229207785068e-57,7.526839681140048e-57
2,Akr1c13,-15.959726,-2.984296,2.4379890178610355e-57,4.7701063775278645e-57
2,Mllt3,-15.971313,-1.082,2.024758932346991e-57,3.966375589694227e-57
2,Mboat1,-15.978735,-2.7739284,1.7975673329743118e-57,3.5255794608033054e-57
2,Trib3,-15.989541,-1.5680271,1.5113927945611885e-57,2.9678923883513893e-57
2,Arhgef5,-15.999957,-4.905022,1.2786264395381856e-57,2.5138570726435602e-57
2,Osbpl5,-16.017208,-2.7037284,9.690382560398496e-58,1.9098178023045396e-57
2,Gprin3,-16.108088,-1.2321384,2.238425054986718e-58,4.4439723857875845e-58
2,Lax1,-16.110106,,2.166556144551081e-58,4.306561355958154e-58
2,Fam171a2,-16.112968,-2.2809145,2.0684782535576716e-58,4.116652426098826e-58
2,1700102P08Rik,-16.16479,-0.6811036,8.934436492359416e-59,1.7824915117597756e-58
2,Cdh17,-16.194994,,5.470285106734248e-59,1.0940570213468496e-58
2,2610307P16Rik,-16.200462,,5.004919061366315e-59,1.0022195947575509e-58
2,Sox4,-16.218039,,3.760075150161485e-59,7.538741524798429e-59
2,Fry,-16.222857,-1.2745081,3.4764264062522184e-59,6.9786678600756165e-59
2,Hgfac,-16.225525,-4.0380993,3.328554753568791e-59,6.690106332451771e-59
2,Socs2,-16.232557,-1.1496964,2.9683512434592203e-59,5.973530666117687e-59
2,Rhou,-16.243689,-2.8812685,2.475801888819985e-59,4.988510141200019e-59
2,Clnk,-16.247595,,2.3230270692263395e-59,4.686504858563585e-59
2,Chit1,-16.259377,,1.9167628864337911e-59,3.871717810455304e-59
2,Sucnr1,-16.267254,,1.685481098809094e-59,3.4087909504592897e-59
2,Mad1l1,-16.275002,-0.8789811,1.4851702672254256e-59,3.007423437502672e-59
2,Car9,-16.310219,-0.76973695,8.349200603732428e-60,1.6928004224067498e-59
2,Rab37,-16.320246,-1.9718857,7.085081727688832e-60,1.4382981930301984e-59
2,Sv2a,-16.335022,-1.0850796,5.561186613275876e-60,1.1303564770342696e-59
2,Epb41l4b,-16.354097,,4.0669624842949984e-60,8.276804453609144e-60
2,Ephb2,-16.437683,-3.108129,1.0277258615530707e-60,2.0968193049548186e-60
2,Vldlr,-16.487484,,4.5135339604394495e-61,9.231969840898848e-61
2,Shank3,-16.519447,-5.2342925,2.6581928660276595e-61,5.4508076216142396e-61
2,Bbs12,-16.58344,-1.2942904,9.181827675979083e-62,1.8851803152453258e-61
2,Gm12289,-16.591642,-0.64864945,8.009883673618115e-62,1.6487349389097186e-61
2,Rbms3,-16.666832,-0.69207436,2.2838064856885973e-62,4.712893282171634e-62
2,B3gnt5,-16.695086,,1.4231526080284896e-62,2.9405777455060002e-62
2,Atp8b5,-16.713964,-3.2884595,1.0370623262283904e-62,2.1455549657429197e-62
2,Zfp236,-16.764807,-0.5791256,4.414483091709877e-63,9.156383087919974e-63
2,H1f0,-16.797941,-1.2917633,2.5265931119501413e-63,5.254017984080935e-63
2,Trac,-16.807968,,2.1336312107910493e-63,4.4425543310694246e-63
2,G0s2,-16.82626,-2.6249323,1.5669205727346518e-63,3.2709719034435074e-63
2,Prtn3,-16.83023,-3.1956005,1.4652886042619185e-63,3.062755304269113e-63
2,Cpox,-16.830883,-2.2321658,1.449266073604898e-63,3.033173640499542e-63
2,Osm,-16.860373,-3.807147,8.803313819815983e-64,1.8448288134032978e-63
2,Ctla2b,-16.875084,-2.9500146,6.862675262182865e-64,1.441872963116659e-63
2,Wnt16,-16.87782,-0.6339933,6.552151720569216e-64,1.3784163541846003e-63
2,Cnn2,-16.89787,-1.159775,4.6646105625780335e-64,9.838749457089169e-64
2,Zfpm1,-16.910759,,3.7485042805622053e-64,7.916762946708199e-64
2,Sgsm1,-16.974426,-2.5881977,1.2699052534471767e-64,2.6855101969899878e-64
2,Smim5,-16.987316,-3.154508,1.0194991008368728e-64,2.1616046294868075e-64
2,Col18a1,-16.988682,-10.026161,9.960154937763717e-65,2.114577396472873e-64
2,Mex3a,-17.00639,,7.363853790492424e-65,1.565422129512282e-64
2,Msrb3,-17.019148,,5.9225399966707836e-65,1.2623337548751658e-64
2,Ccdc92,-17.044992,,3.807891693772897e-65,8.126842535920578e-65
2,Fcer1a,-17.05261,-4.1194606,3.3426976113803383e-65,7.143419664899747e-65
2,1700112J16Rik,-17.131704,-1.4082521,8.609410225024156e-66,1.8471512414006851e-65
2,Snhg12,-17.232283,-2.5546544,1.5203017237082625e-66,3.270463389727854e-66
2,Tmem176b,-17.237751,,1.3831271463298796e-66,2.979325672439661e-66
2,2610035D17Rik,-17.262945,-1.0886899,8.943144283224763e-67,1.9289601100253413e-66
2,P2rx1,-17.304607,-2.7846348,4.342244280997342e-67,9.378322534990265e-67
2,4930481A15Rik,-17.320427,-0.60629594,3.298987143893927e-67,7.134609529861266e-67
2,1500026H17Rik,-17.338394,-2.005548,2.4138473600484434e-67,5.227316979971395e-67
2,Eya2,-17.352978,,1.8728259668977033e-67,4.066564549274531e-67
2,Cobl,-17.370554,-4.123701,1.378890558531665e-67,3.002094611997799e-67
2,Ccng2,-17.392036,-1.1281979,9.480520811435015e-68,2.066855477976827e-67
2,Cnn3,-17.430706,,4.824730571563938e-68,1.054678300145109e-67
2,Lyplal1,-17.473541,-2.0258126,2.279032672554282e-68,5.0089308873754e-68
2,Acss1,-17.491182,,1.6725128446789822e-68,3.68088986983624e-68
2,4930458D05Rik,-17.492744,-0.7655764,1.6272791465765454e-68,3.5862048583521148e-68
2,Ccdc8,-17.50329,-2.3612275,1.3522576608617299e-68,2.9841658856023482e-68
2,Mylk,-17.549511,-4.378544,5.99942635308189e-69,1.3293810853413695e-68
2,Gzmb,-17.550617,-4.875548,5.883658813093108e-69,1.3055122564756526e-68
2,Gm10642,-17.569561,-1.3753519,4.214164886568206e-69,9.376372353928163e-69
2,Mn1,-17.594885,,2.6960185151181987e-69,6.006788504837525e-69
2,Sirt3,-17.604975,-1.6218851,2.2560528600938264e-69,5.033449434762292e-69
2,Serpine1,-17.667665,,7.441268030385698e-70,1.6647912752118073e-69
2,Bmpr1a,-17.70627,-1.4054484,3.751249178626044e-70,8.404041668137353e-70
2,Gm10369,-17.754574,-0.72506565,1.5887376069452943e-70,3.569158446627794e-70
2,Elane,-17.801249,-3.7221437,6.910990844750783e-71,1.5590580181065048e-70
2,Il6,-17.813358,,5.5667909865850744e-71,1.2593214756263586e-70
2,Rab27b,-17.814985,-4.0451174,5.407223862245195e-71,1.2249325565030316e-70
2,2700081O15Rik,-17.832561,-0.76850724,3.949036726306638e-71,8.9585140840131e-71
2,Ppp1r3g,-17.895447,,1.2796444806035455e-71,2.9110565884136757e-71
2,Pkp1,-17.929104,-3.2008579,6.989718470720011e-72,1.5923206965600925e-71
2,Mast4,-17.97936,-4.013349,2.827354242721173e-72,6.459110678441891e-72
2,Hmgn3,-18.004814,-4.144723,1.7859835328837891e-72,4.085846671844155e-72
2,Agap1,-18.018745,-1.2661592,1.388570357655108e-72,3.1811597741759677e-72
2,Cebpe,-18.039513,-2.747135,9.53825964823725e-73,2.1944761914100455e-72
2,Gm16201,-18.110535,-2.3372126,2.631781510380292e-73,6.080839900052469e-73
2,Rwdd3,-18.152002,-1.1294792,1.238025681575793e-73,2.8727863455163606e-73
2,Gcsam,-18.155064,,1.1709399379283978e-73,2.7210094259596865e-73
2,Mpo,-18.159424,,1.081525632521953e-73,2.5168358335015896e-73
2,Kcnb1,-18.180973,-1.2718265,7.302751216126532e-74,1.7043255356197463e-73
2,Tshz3,-18.187807,-1.7365125,6.446773910028661e-74,1.5067243922286005e-73
2,Gm7694,-18.206947,-2.2805967,4.546020864895566e-74,1.0655557576388163e-73
2,Pglyrp1,-18.250563,-2.445014,2.0478720993358327e-74,4.813983398728581e-74
2,Rps6kl1,-18.27771,-2.1368973,1.2454782538584112e-74,2.9320257296928057e-74
2,Muc20,-18.312798,,6.542024687132925e-75,1.5423203550188377e-74
2,Cttn,-18.316118,-2.5487318,6.154979955778747e-75,1.4531844961096257e-74
2,Muc13,-18.329138,-6.3504896,4.845244931658153e-75,1.147297413014529e-74
2,Tph1,-18.33695,-5.111059,4.1969515685688794e-75,9.966991865620384e-75
2,Hs3st1,-18.363054,,2.5958712652695723e-75,6.173758346432912e-75
2,Hes1,-18.385775,-5.5771008,1.7078476814471394e-75,4.0737190283930296e-75
2,Rap1gap2,-18.387728,-2.5841286,1.6474349320308587e-75,3.9354042117143635e-75
2,Adgrg1,-18.411749,-3.8422625,1.0575247689346953e-75,2.5299486360060115e-75
2,Tle6,-18.416176,-1.5213615,9.745087897423033e-76,2.334790630667675e-75
2,Tmem151b,-18.433687,-3.016117,7.050985430953196e-76,1.6918192853559293e-75
2,Pdlim7,-18.444624,-1.260002,5.759871467306599e-76,1.3840757807364895e-75
2,Creb3l2,-18.450937,-2.0405982,5.1247629355642634e-76,1.2332886471046342e-75
2,Plac8,-18.451654,-3.3170528,5.057300755154294e-76,1.2188620839316885e-75
2,Gfi1,-18.4816,-4.2051215,2.9043997848673065e-76,7.031248434410106e-76
2,Jakmip1,-18.487524,,2.6023249372557874e-76,6.309373764168741e-76
2,Atp13a4,-18.55106,-0.73509526,7.995862663860207e-77,1.9415103653864153e-76
2,Grm6,-18.553469,,7.64543651195087e-77,1.8592051008072432e-76
2,Kdm5b,-18.627357,-1.26187,1.9281452397582476e-77,4.6958732415733895e-77
2,Evpl,-18.709381,,4.1516439024027883e-78,1.017215469742798e-77
2,Vegfc,-18.74525,-4.7691083,2.116700343854797e-78,5.20195145110982e-78
2,Igfbp7,-18.781773,,1.0646737837626097e-78,2.624469418332755e-78
2,Prss34,-18.789454,,9.212318931945218e-79,2.274335054431529e-78
2,Whrn,-18.807095,,6.60595782927307e-79,1.6333633535184328e-78
2,Hk1os,-18.825714,-1.2911892,4.6490260925507525e-79,1.1530153397732905e-78
2,Lama5,-18.85911,,2.473507454710131e-79,6.143995546002807e-79
2,Pde1c,-18.85963,-2.1642563,2.4492647590300966e-79,6.093109569243584e-79
2,Tmem216,-18.918936,-2.4697316,7.964678780564608e-80,1.9905560835247757e-79
2,Lrrc56,-18.919521,-0.7993787,7.876638249744857e-80,1.9715906236244072e-79
2,Irf6,-18.984295,,2.3000224950575195e-80,5.783932537958599e-80
2,Cacnb2,-19.016455,-2.8303301,1.2463303088286394e-80,3.14393119894254e-80
2,Cxxc5,-19.029604,-5.5208464,9.69827392974732e-81,2.45024927010127e-80
2,Cd96,-19.043144,,7.489307598771632e-81,1.8951102847437732e-80
2,Rfx2,-19.067297,-1.7169394,4.720895931949186e-81,1.1983244446982128e-80
2,Ctse,-19.106096,-3.5725763,2.2466292464273082e-81,5.7116499023590815e-81
2,Chrnb1,-19.122175,-3.466788,1.65078183073201e-81,4.2034036569031713e-81
2,Zfp365,-19.160519,,7.908183204546931e-82,2.020011520909468e-81
2,Ms4a2,-19.161366,,7.780638959704109e-82,1.9905672543596315e-81
2,Nrip3,-19.183628,,5.0714618428827394e-82,1.2995120235633182e-81
2,Gm11714,-19.262009,-2.3269114,1.1195225427241238e-82,2.8777584220261943e-82
2,Dkkl1,-19.26663,,1.0239045147547415e-82,2.636147814178081e-82
2,Wdpcp,-19.272293,-0.8189009,9.177740894605309e-83,2.3666606885611783e-82
2,Stau2,-19.29677,-1.0825125,5.717239407594184e-83,1.476650050814931e-82
2,Nme4,-19.301523,-3.9694548,5.2149373496295666e-83,1.3490635376553681e-82
2,Il27ra,-19.303085,-3.5947604,5.059608260555269e-83,1.3109719806103269e-82
2,Gfod2,-19.367664,-1.2147,1.4467521900284188e-83,3.7606282888238706e-83
2,Dnase2b,-19.421566,,5.071984492329346e-84,1.3226300396395817e-83
2,Sapcd1,-19.444284,,3.2578294897302595e-84,8.509177829859068e-84
2,Mex3b,-19.497536,-1.9462216,1.1519934926630016e-84,3.013763621128046e-84
2,R74862,-19.503069,-1.4077289,1.0338691317133966e-84,2.7091045745381734e-84
2,Ing1,-19.538353,-1.297181,5.182730634693412e-85,1.360257134218886e-84
2,Tmtc2,-19.639257,,7.143563384180204e-86,1.8840422453886652e-85
2,Gm4890,-19.66022,-1.3421524,4.7268281959101225e-86,1.2507202828329885e-85
2,Egln3,-19.76952,-4.746018,5.449158289032363e-87,1.4513193341232336e-86
2,Epha2,-19.787098,,3.8456339495803835e-87,1.0259240569439772e-86
2,Gm10735,-19.807604,-0.85329396,2.5598257141582138e-87,6.84025915710811e-87
2,Jazf1,-19.852652,-1.9321326,1.0453585414843857e-87,2.8072376726617114e-87
2,Gm10797,-19.918272,-0.8469151,2.8257671464227464e-88,7.613611813119094e-88
2,Akr1c12,-19.936499,-5.0205746,1.9633229160518146e-88,5.298685141158142e-88
2,Alox8,-19.946135,-5.1072288,1.619357929033525e-88,4.384972555746875e-88
2,S1pr3,-19.957136,,1.299498228612956e-88,3.530630028157813e-88
2,Mirt1,-19.97621,-1.6996374,8.870824479694151e-89,2.4182314800107418e-88
2,R3hdm4,-20.030437,-1.1769129,2.990196422531091e-89,8.178918376636475e-89
2,Gem,-20.043327,,2.308114929081786e-89,6.323922998261245e-89
2,Myl4,-20.074055,,1.2442936470400613e-89,3.414964967003349e-89
2,P4ha2,-20.074835,-3.3936636,1.2248854823832077e-89,3.367397038009429e-89
2,Prickle1,-20.082712,-2.727591,1.0452924169749975e-89,2.883442687641915e-89
2,Akr1c18,-20.083038,,1.0384649968413408e-89,2.8694893098409795e-89
2,Slc24a3,-20.092737,-6.073976,8.54204521310492e-90,2.364368146016413e-89
2,Top2a,-20.146574,,2.883938198104597e-90,8.009842050215166e-90
2,Vmac,-20.172289,-1.3699775,1.7151576147807863e-90,4.780044074182878e-90
2,Inpp4b,-20.196701,,1.0466078239244458e-90,2.921855233055854e-90
2,Rabgap1l,-20.328981,-2.3881574,7.126580157999265e-92,2.0138175986541476e-91
2,Ctr9,-20.349228,-1.3088601,4.716462314322723e-92,1.337430397522982e-91
2,Zbed5,-20.377611,-4.114147,2.6424135556419907e-92,7.519289100440893e-92
2,Pcsk9,-20.384512,,2.294961736854297e-92,6.542052613669015e-92
2,Smo,-20.38679,,2.1905592501067948e-92,6.255435041678205e-92
2,4933406C10Rik,-20.392714,-3.636093,1.9407577176123566e-92,5.561676710189474e-92
2,Egfl7,-20.415434,,1.2194479087233631e-92,3.506993808420736e-92
2,Npr2,-20.43314,,8.486431323653189e-93,2.4492867628052443e-92
2,Ndrg2,-20.444794,,6.684097714260173e-93,1.9360011593803574e-92
2,Ckap2l,-20.486132,-4.0910964,2.862573820410505e-93,8.320958309508671e-93
2,B230208H11Rik,-20.48893,-1.6551435,2.702656620501623e-93,7.87021371356128e-93
2,Cd200r3,-20.490232,,2.6313444550356393e-93,7.676332205157927e-93
2,Arhgap35,-20.51126,-1.097453,1.708139459611021e-93,5.010130566888022e-93
2,Fez1,-20.550385,,7.635694269905024e-94,2.2477488395255804e-93
2,Padi4,-20.570955,-1.8807517,4.997201482339955e-94,1.4737201462464377e-93
2,Pard6g,-20.582998,,3.898064450769349e-94,1.153770171377351e-93
2,Il12a,-20.622774,,1.7144074285071512e-94,5.08367248453126e-94
2,Perp,-20.665804,,7.037435173653328e-95,2.090608031440604e-94
2,Avil,-20.675049,,5.810808650771262e-95,1.7293819507433003e-94
2,Itga2b,-20.685465,,4.6824236950299294e-95,1.3961197120107622e-94
2,Zmpste24,-20.713457,-1.0593326,2.619642431902934e-95,7.839594141229814e-95
2,Nrarp,-20.739302,,1.531330630930104e-95,4.591161337095432e-95
2,Ptger3,-20.750174,-2.8739357,1.2215102202681744e-95,3.669054772731442e-95
2,Lhx3,-20.753168,-0.9646259,1.1477485615897997e-95,3.4538927029659654e-95
2,Il18rap,-20.766514,-1.9805028,8.6945888713294e-96,2.621305418084812e-95
2,Gabbr1,-20.76892,-2.2939296,8.269407900431158e-96,2.497761566945873e-95
2,Scin,-20.80056,,4.27787659570391e-96,1.2993849884329103e-95
2,5830418P13Rik,-20.862404,,1.1760912849762882e-96,3.5790245107533574e-96
2,Gimap1,-20.973398,-3.219962,1.1476758016170116e-97,3.5390307038456133e-97
2,Rhobtb2,-20.981926,-1.1922234,9.592889470988e-98,2.9637460422747694e-97
2,Tmem191c,-21.014671,,4.8157112084278684e-98,1.4906648053568707e-97
2,Lipg,-21.040646,-3.7335622,2.7856195569731574e-98,8.639148989312545e-98
2,4930503B20Rik,-21.043184,-4.3645167,2.6403926039976125e-98,8.204438321233962e-98
2,Ociad2,-21.06089,,1.8172471944142254e-98,5.6684133641151415e-98
2,1700109H08Rik,-21.098713,-1.4491549,8.172944840480061e-99,2.564123120166085e-98
2,Gm12758,-21.111279,-2.7105184,6.265577837042508e-99,1.9771920723118575e-98
2,Ctla2a,-21.142786,-4.8889737,3.2152862186421863e-99,1.0166070656213697e-98
2,Sytl1,-21.157888,-2.9066284,2.3344402457616333e-99,7.395433747315174e-99
2,Smad3,-21.17104,,1.766217944751735e-99,5.606273006628795e-99
2,Prkcb,-21.176311,-1.8461845,1.5792392083828468e-99,5.022599992150936e-99
2,Gm4707,-21.213484,-0.8725711,7.170205857582378e-100,2.2848868174849935e-99
2,Sox12,-21.26335,,2.480658138858794e-100,7.936148917611369e-100
2,F2r,-21.313541,,8.501688079542877e-101,2.746959773908077e-100
2,Il12rb1,-21.317316,-2.0486124,7.84288461855249e-101,2.5391534633317643e-100
2,Fah,-21.341272,-2.794627,4.6997715081945624e-101,1.524605877258316e-100
2,Bcl11a,-21.396933,,1.4269255025434613e-101,4.656887656188117e-101
2,Otub2,-21.404419,-5.7578387,1.2152622489753154e-101,3.974103564189439e-101
2,Gfi1b,-21.412817,,1.0148942317960428e-101,3.3323045424558323e-101
2,Ppm1l,-21.454285,,4.164657329034001e-102,1.3729825584742173e-101
2,Nos1ap,-21.548027,-1.0792774,5.525101186421332e-103,1.836416828765451e-102
2,Nefh,-21.549004,,5.409813432228e-103,1.8017900178796337e-102
2,Etv5,-21.612541,-2.2076252,1.3690425221225528e-103,4.569108993585968e-103
2,Thy1,-21.628685,,9.649417310530749e-104,3.227083479934201e-103
2,2610037D02Rik,-21.701792,-1.0125016,1.973231166392845e-104,6.626461598114274e-104
2,Itpr3,-21.758429,-2.7861605,5.748569170672322e-105,1.9384987931040554e-104
2,Il18r1,-21.793322,,2.6845879102737474e-105,9.109626758292926e-105
2,Il4,-21.824764,,1.350335119578392e-105,4.611039082012951e-105
2,Plod2,-22.039526,,1.2039187696244091e-107,4.1548005198527486e-107
2,Rab38,-22.060488,,7.576186563791398e-108,2.6201651612941677e-107
2,Tinagl1,-22.090954,-3.2888207,3.861548645517333e-108,1.3412059749527012e-107
2,Prkca,-22.10827,-4.4805775,2.631629177401134e-108,9.159876664688068e-108
2,Smad7,-22.126759,-1.2949677,1.746928036370987e-108,6.106718265072718e-108
2,Tmem9,-22.201166,-3.493964,3.3465110610533523e-109,1.1723630542178266e-108
2,Arhgef25,-22.21054,,2.716472641457695e-109,9.55774105085549e-109
2,Rab26os,-22.242504,-1.5011957,1.333038598429959e-109,4.700410014463898e-109
2,Zfp599,-22.27349,,6.678858832095344e-110,2.3653076475237223e-109
2,Cacna2d4,-22.28879,-1.6807842,4.746464339450512e-110,1.6846313257305755e-109
2,Samsn1,-22.3714,-2.2697601,7.475225924894207e-111,2.664794824215034e-110
2,Ralgps1,-22.381231,-1.0629257,5.9966346584525364e-111,2.1471393854326743e-110
2,Mboat2,-22.408638,,3.242056389927071e-111,1.1634105009871039e-110
2,Spire2,-22.422504,-2.7032704,2.374471693128762e-111,8.539674248902112e-111
2,Gimap6,-22.44034,,1.5902166064507508e-111,5.7318474125847066e-111
2,Rab11fip4,-22.442228,-2.8602216,1.5241244777675248e-111,5.5058572448528404e-111
2,Arhgdig,-22.600029,,4.3308864751727484e-113,1.5785837893775726e-112
2,Rhoj,-22.67945,,7.147728044975442e-114,2.6349124747614015e-113
2,Satb1,-22.714277,,3.2374282424693598e-114,1.1961523027984743e-113
2,Ldhc,-22.774038,-2.0685356,8.29401352287578e-115,3.0714360580147294e-114
2,Rem2,-22.83009,,2.3048654027003777e-115,8.554900876842134e-115
2,Abhd6,-22.832628,,2.174819722255924e-115,8.090728416282361e-115
2,Il1rl1,-22.859253,,1.1823447060602288e-115,4.408650835010784e-115
2,Emid1,-23.047129,,1.5717063536337564e-117,6.012518173570644e-117
2,Tmem64,-23.0899,-3.505954,5.848920220545825e-118,2.242777446270763e-117
2,Slc7a5,-23.21401,-4.550398,3.287341511582904e-119,1.278673364937043e-118
2,Exoc3l,-23.2449,-2.8830433,1.6019274954895658e-119,6.245976917509798e-119
2,Tshz1,-23.304337,-1.3464949,4.0064695898066515e-120,1.5734851512509415e-119
2,9330020H09Rik,-23.345154,-1.408793,1.5436005723495644e-120,6.076990602793673e-120
2,Cystm1,-23.360777,-3.373736,1.0709964593132378e-120,4.226657559625479e-120
2,Nlgn2,-23.390266,,5.368647635101295e-121,2.129082265069511e-120
2,Gm10330,-23.456734,-1.6724135,1.1284875626462893e-121,4.486291241696768e-121
2,Ugcg,-23.475157,-0.94693977,7.318219121617482e-122,2.916499119229375e-121
2,Nt5e,-23.488436,-3.4285183,5.354622411424796e-122,2.1392112195396596e-121
2,Rnf144a,-23.539278,-3.4661152,1.6165673312654717e-122,6.490277750773751e-122
2,Dusp6,-23.54875,-3.6847136,1.292912113979291e-122,5.203730642368263e-122
2,Cd69,-23.56239,,9.371267176956064e-123,3.7905724092326026e-122
2,Lat,-23.569223,,7.974727502088997e-123,3.233752002097088e-122
2,Fam216a,-23.570332,-6.848891,7.769038284824465e-123,3.1582406260614744e-122
2,Oaf,-23.600601,,3.799653959088141e-123,1.5485021913670766e-122
2,Mcpt8,-23.617332,,2.5579721839283883e-123,1.0450959401339662e-122
2,Tslp,-23.619871,-3.915337,2.4088351351516257e-123,9.866491386908932e-123
2,Alox5,-23.68803,-4.118307,4.790493248527516e-124,1.9821887880386814e-123
2,Cmtm8,-23.693628,-2.4266636,4.194458592129049e-124,1.7400030272207973e-123
2,Chst15,-23.719734,-2.8186352,2.256489642246451e-124,9.408807711372092e-124
2,Runx3,-23.742517,-3.0146172,1.312780557835188e-124,5.5163991316286914e-124
2,Ptprcap,-23.749418,,1.1140463321890985e-124,4.693462729378487e-124
2,Gadd45a,-23.752087,-2.868324,1.0454992234622983e-124,4.416145157437104e-124
2,Bfsp2,-23.789389,,4.300903030668084e-125,1.8261949517653488e-124
2,Cpa3,-23.84876,-6.115839,1.0430966488141576e-125,4.452375695727799e-125
2,Cbx2,-23.856833,,8.601142660949371e-126,3.6907548666825076e-125
2,Lck,-23.879292,,5.0273856998025705e-126,2.162976022567578e-125
2,Iqcb1,-23.94081,-1.6490598,1.1519109525563643e-126,4.982398840123794e-126
2,Ttc39b,-23.95754,-2.9579875,7.710864504567594e-127,3.353089068742262e-126
2,Sema4c,-24.02635,,1.4753461242655756e-127,6.467598415023685e-127
2,Ccnd2,-24.112606,,1.8436775874800215e-128,8.170614882220205e-128
2,Myl10,-24.145678,,8.289772955093009e-129,3.6939592673518846e-128
2,Itga6,-24.170155,-2.771126,4.5845559831662175e-129,2.0485261169960344e-128
2,Sytl3,-24.214355,,1.570696889241942e-129,7.09657480320454e-129
2,Trim24,-24.241632,-1.8811772,8.102130880457338e-130,3.67085371176028e-129
2,Gata2,-24.285835,,2.767097785848208e-130,1.2572080136262725e-129
2,Slc25a29,-24.286812,-4.079676,2.7021390607055808e-130,1.2311431338383293e-129
2,C030037D09Rik,-24.332445,-2.5438793,8.894214456469971e-131,4.063779112223744e-130
2,Adpgk,-24.400084,-2.3550334,1.7066800726871746e-131,7.819873101408467e-131
2,Ddah2,-24.413103,-4.1730137,1.2414113333696424e-131,5.704161990723966e-131
2,Faah,-24.444807,,5.714821482095114e-132,2.633363762488147e-131
2,S1pr4,-24.540438,-3.1057646,5.471283531737643e-133,2.5648618174793228e-132
2,Enpp5,-24.789701,-3.2632382,1.1577585800440953e-135,5.523189461269183e-135
2,Ets1,-24.845556,-4.608446,2.8882141577020277e-136,1.3860009952049375e-135
2,Fbxo44,-24.880775,-3.2087274,1.2015114262474763e-136,5.7829422355293965e-136
2,Tnfrsf18,-24.924587,-3.7609067,4.0284558873063487e-137,1.962208843606876e-136
2,Ttc3,-24.956095,-2.0128746,1.8336427251786384e-137,8.95833885614383e-137
2,5430416N02Rik,-25.00492,-3.5656579,5.404787226903881e-138,2.656534812738817e-137
2,Ctsg,-25.018135,,3.8815252099287114e-138,1.9136273223417538e-137
2,Cyp11a1,-25.08981,-5.2380977,6.425282623088664e-139,3.2166075353857443e-138
2,Itk,-25.206858,,3.3690125522961365e-140,1.718408289252935e-139
2,2410018L13Rik,-25.26154,-1.9904127,8.458372890755862e-141,4.341607857217091e-140
2,Ssbp3,-25.264275,-1.5758708,7.892998141990537e-141,4.0642676147011593e-140
2,Ptp4a3,-25.35281,-3.807585,8.367774396145367e-142,4.3501698944063417e-141
2,Gm45051,-25.478254,-3.557054,3.4341752314507995e-143,1.832313232043815e-142
2,Slc6a9,-25.482357,,3.0929193026828526e-143,1.6556815541094345e-142
2,Lrrc1,-25.579418,-3.237001,2.58522409686522e-144,1.4024192257910994e-143
2,Rpgrip1,-25.660664,-3.0561903,3.2148146049941596e-145,1.7736154045239888e-144
2,Adgre5,-25.80056,-3.3011913,8.739555318707376e-147,4.905037621779711e-146
2,Klhl6,-26.01708,-2.061231,3.1738018744883937e-149,1.8651835653696284e-148
2,Ctnnal1,-26.173643,,5.3044270164922135e-151,3.210365903265064e-150
2,Dab2ip,-26.539175,,3.424506763238746e-155,2.136365373066633e-154
2,Slc2a4rg-ps,-26.594835,-1.3687681,7.789223731346412e-156,4.974063343403102e-155
2,Klf5,-26.631485,,2.932849803251778e-156,1.895251944571468e-155
2,Jade2,-26.679789,,8.078379684301831e-157,5.241252739175028e-156
2,Hdc,-26.814348,-7.759634,2.198287484432872e-158,1.4733976445248424e-157
2,Cd55,-26.874762,,4.333118028250685e-159,2.9163142912127017e-158
2,Desi1,-27.069862,-2.173596,2.229756564543453e-161,1.579329758816367e-160
2,Lcn4,-27.09779,-1.9794775,1.0454842763675859e-161,7.437611825737826e-161
2,Slc2a3,-27.163866,-3.9276538,1.7366383239346725e-162,1.2575122149205533e-161
2,Sipa1l1,-27.17044,-4.545272,1.4522086685205145e-162,1.0562701615875669e-161
2,Rgs18,-27.215424,-3.1431437,4.266476748666215e-163,3.117218597448919e-162
2,Serpinb1a,-27.67841,-3.721248,1.2704685425706677e-168,1.0003397941988461e-167
2,Stk39,-28.070436,-6.5035496,2.249626230775919e-173,1.8906185214085702e-172
2,Golim4,-28.177784,-2.0593648,1.0946815384846916e-174,9.296196101686754e-174
2,Zeb1,-28.310196,-3.6422174,2.588624341451396e-176,2.2573917644269703e-175
3,Tmem64,27.427923,2.994366,1.2742504279954607e-165,5.776948468902391e-163
3,Arhgef25,27.42407,3.290095,1.4164628326654776e-165,5.776948468902391e-163
3,Hdc,27.417528,5.551898,1.6951940055554805e-165,5.776948468902391e-163
3,Tiam1,27.415348,2.3119597,1.799782497736737e-165,5.776948468902391e-163
3,Tmtc2,27.412294,3.7576585,1.957119848427852e-165,5.776948468902391e-163
3,Cd200r3,27.396303,4.7065797,3.035319435409846e-165,5.776948468902391e-163
3,Csf2rb2,27.395649,5.516724,3.090286759215612e-165,5.776948468902391e-163
3,Rab11fip4,27.395285,2.5636795,3.1212525565493515e-165,5.776948468902391e-163
3,Padi2,27.390415,3.6074538,3.5673615318073104e-165,5.776948468902391e-163
3,Cd200r4,27.389542,3.062442,3.65373764960379e-165,5.776948468902391e-163
3,Il13,27.386997,3.9256485,3.9177825621409557e-165,5.776948468902391e-163
3,Socs1,27.376385,2.991145,5.241030836574554e-165,7.08412668076994e-163
3,Cyp11a1,27.368462,4.485779,6.51229937720581e-165,7.882980591147636e-163
3,Slc6a9,27.366861,3.5522373,6.804052298154556e-165,7.882980591147636e-163
3,Slc7a8,27.361483,4.0183644,7.884616136124734e-165,8.525898248529546e-163
3,Sytl3,27.352179,3.4471815,1.0173630518536191e-164,1.0313517938166064e-162
3,Cpa3,27.332624,7.105313,1.7377484049944926e-164,1.5567078717178223e-162
3,Grm6,27.330515,4.1647534,1.8409552436618597e-164,1.5567078717178223e-162
3,Havcr2,27.330297,3.1870382,1.8519751483999963e-164,1.5567078717178223e-162
3,Dnase2b,27.328989,3.792017,1.9194918270256747e-164,1.5567078717178223e-162
3,Plxdc2,27.324482,3.0625823,2.171428467443361e-164,1.677169987711015e-162
3,Nrip3,27.32172,3.955387,2.341897137302708e-164,1.7266168894113603e-162
3,Dusp6,27.31794,3.5831716,2.5970311779143484e-164,1.8155044994729765e-162
3,Crip1,27.316704,3.2184782,2.6863198512547124e-164,1.8155044994729765e-162
3,Furin,27.307617,3.9453416,3.44415477938058e-164,2.1645471955935809e-162
3,Jazf1,27.306963,2.8160453,3.506322623769875e-164,2.1645471955935809e-162
3,Itpr2,27.305365,2.0481815,3.663047104128235e-164,2.1645471955935809e-162
3,Osbpl5,27.304638,3.3535397,3.736579622479671e-164,2.1645471955935809e-162
3,Creb3l2,27.300493,2.7715168,4.184762055824398e-164,2.3405807084645426e-162
3,Gem,27.296713,3.678704,4.6402920746992356e-164,2.5088512483873864e-162
3,Oaf,27.294605,3.1300843,4.915512623873831e-164,2.571923056749469e-162
3,Itpr3,27.291044,2.7254195,5.418081327842178e-164,2.746289973050004e-162
3,Glb1,27.273016,3.3125074,8.866107738142405e-164,4.3578262882627215e-162
3,Pdcd1lg2,27.261747,3.9761171,1.2059827670679528e-163,5.753247200541822e-162
3,Bfsp2,27.241611,3.1077423,2.0891738256904712e-163,9.681828415056983e-162
3,Cd55,27.230345,3.4070241,2.840725118469433e-163,1.2702418670603235e-161
3,Rgs1,27.229618,2.8877385,2.897592421777557e-163,1.2702418670603235e-161
3,Smpd5,27.225039,1.4517722,3.2829401620961956e-163,1.401297090242113e-161
3,Pkp1,27.221186,3.1998081,3.646484253093657e-163,1.5165634509020288e-161
3,Anxa6,27.214643,3.1995308,4.358257373663453e-163,1.7672733650205302e-161
3,Skap1,27.207302,4.186656,5.323460159352408e-163,2.1060127752364888e-161
3,Pkp3,27.20156,2.2845583,6.224926732959245e-163,2.404007419252356e-161
3,Akr1c12,27.185783,3.244672,9.564918806511105e-163,3.5964456196723754e-161
3,Csf2rb,27.185057,3.8881242,9.75607936285971e-163,3.5964456196723754e-161
3,Lama5,27.180841,3.7788951,1.0942491501694317e-162,3.944160270166263e-161
3,Inpp4b,27.177788,3.3209157,1.1890581298728561e-162,4.19272236229081e-161
3,Slc41a3,27.160923,2.7905917,1.8813397503819695e-162,6.492623564084159e-161
3,Zbtb4,27.158379,2.3541903,2.0161271790700163e-162,6.812829759274096e-161
3,Gm14010,27.101461,3.7450008,9.463698541194354e-162,3.1326773538402535e-160
3,Gata2,27.098698,5.7231216,1.0200371621994457e-161,3.309000554175002e-160
3,Rpp25,27.07413,3.3439968,1.9862750196227153e-161,6.31713349378048e-160
3,Il6,27.05828,4.2961125,3.051897962310741e-161,9.51957402859235e-160
3,Specc1,27.055302,2.6109238,3.308562091173075e-161,1.0036282039524311e-159
3,Lif,27.054937,4.593256,3.341302281962471e-161,1.0036282039524311e-159
3,Otub2,27.042944,3.0660172,4.6238889595590344e-161,1.3419153773055536e-159
3,Itk,27.04287,3.2816372,4.6330000696122685e-161,1.3419153773055536e-159
3,Bace2,27.032112,4.013217,6.199601867180681e-161,1.7641674085205377e-159
3,Osm,27.028841,4.318179,6.773562466121023e-161,1.8942617793186723e-159
3,Il1rl1,27.008413,4.355431,1.177150288522742e-160,3.236165708447267e-159
3,Sema4c,26.984571,2.9703257,2.2426557343370197e-160,6.06264600182441e-159
3,Il4,26.982826,3.8193371,2.350908165632216e-160,6.251103351894188e-159
3,Cish,26.97294,2.0302622,3.0706102784448533e-160,8.033112696189601e-159
3,Akr1c13,26.971777,3.7782462,3.168601922130057e-160,8.077864259784245e-159
3,Csf2,26.97156,3.99514,3.1873200531824396e-160,8.077864259784245e-159
3,Cdh17,26.961018,4.577378,4.2367950075315895e-160,1.0572433080332674e-158
3,Nmb,26.948515,1.741587,5.937506729890398e-160,1.4591872599821554e-158
3,Eya2,26.921982,3.531282,1.2145282142306748e-159,2.940245915645007e-158
3,Npr2,26.91784,3.9050686,1.35805225475287e-159,3.239354054719346e-158
3,Mllt6,26.865282,2.4514432,5.591998223554573e-159,1.3145247997979011e-157
3,Fgfr1,26.839403,4.1797934,1.1214408481898483e-158,2.5985386510913342e-157
3,4930503B20Rik,26.83606,3.052119,1.2268873928745068e-158,2.802832889073873e-157
3,Mcpt8,26.793316,5.5632634,3.865996310958047e-158,8.709230578297156e-157
3,Lat2,26.79041,2.3437462,4.179663052368053e-158,9.286867768412303e-157
3,Crisp1,26.784521,4.5565934,4.89481983245598e-158,1.0728915903031891e-156
3,Hgfac,26.77965,3.142917,5.577823730758646e-158,1.206297345505403e-156
3,Fam102a,26.751736,2.3005388,1.1786759141969727e-157,2.5155425431940654e-156
3,Csf1,26.730436,3.3266382,2.0849477964598844e-157,4.391928994620692e-156
3,Amigo2,26.721422,4.3719697,2.653780096862827e-157,5.518501688604495e-156
3,Aqp9,26.718805,4.109878,2.846265153279198e-157,5.843850732428935e-156
3,Arnt2,26.715754,3.2824292,3.0885200780858286e-157,6.261974458319017e-156
3,Ptger3,26.699615,2.8932886,4.7554801526542865e-157,9.443207696521478e-156
3,Tnfrsf18,26.69947,2.2861962,4.7740014248752233e-157,9.443207696521478e-156
3,Adora2b,26.698015,3.0053766,4.9632225405942883e-157,9.699213205836068e-156
3,Ms4a2,26.694017,3.895623,5.5230927110019674e-157,1.0664829020529989e-155
3,Itm2c,26.67708,2.1801836,8.684632522427228e-157,1.6572322295737605e-155
3,Cdkn2b,26.665304,3.7701967,1.1894563076561386e-156,2.2433699197886705e-155
3,B3gnt7,26.655346,2.137419,1.5517394873025852e-156,2.893013159085969e-155
3,Itgb7,26.640734,3.2012243,2.2916781350224562e-156,4.223979471598209e-155
3,Hrc,26.628668,3.5692973,3.1617859256267133e-156,5.762266035243291e-155
3,Il12rb1,26.598936,2.1231148,6.983254031292124e-156,1.2585375598617582e-154
3,Tef,26.591085,1.654591,8.607224966597592e-156,1.534166911628714e-154
3,Faah,26.580109,3.4367943,1.1528627903390265e-155,2.032547223836849e-154
3,Mboat1,26.566515,3.9558387,1.6553026855081586e-155,2.8869902751550897e-154
3,Spire2,26.512432,2.2377048,6.968230389467243e-155,1.2023903927357308e-153
3,Trim26,26.486116,1.5550346,1.400863723066929e-154,2.3917904829626934e-153
3,Slc24a3,26.480156,3.5863664,1.6407841722476714e-154,2.7722415910267947e-153
3,Ctse,26.452969,3.0766006,3.372814209911867e-154,5.639901699460874e-153
3,Ccl4,26.377586,4.79054,2.4775120185263555e-153,4.100535198009947e-152
3,Stk17b,26.3307,2.1806712,8.539403004666606e-153,1.3990819872292156e-151
3,P2ry1,26.30969,3.1992254,1.4856346200444466e-152,2.4096993537120923e-151
3,Asb2,26.249937,4.33677,7.159347252811015e-152,1.1497486380256897e-150
3,F2r,26.247612,4.958017,7.6107844253827185e-152,1.2102639547030167e-150
3,Mrgpre,26.235981,1.8971748,1.0331757091878775e-151,1.627000971167706e-150
3,Fez1,26.207558,3.243123,2.179326783377564e-151,3.398911579460008e-150
3,Alox8,26.200434,3.641328,2.6273125799835253e-151,4.0585723854602643e-150
3,Id2,26.187494,2.6261017,3.68911246976827e-151,5.645038137702012e-150
3,Pde1c,26.176662,2.5641284,4.900720777671296e-151,7.428943085404525e-150
3,Vegfc,26.146059,3.0329676,1.0926400459267056e-150,1.6409834763825152e-149
3,Lrrc1,26.105352,1.588761,3.169818346491396e-150,4.716922346797289e-149
3,Ccdc80,26.09263,2.0660353,4.4201411861559744e-150,6.517699094495445e-149
3,Cobl,26.065662,3.4395623,8.93996441416738e-150,1.3063623675477018e-148
3,Ecm1,26.044945,2.2753572,1.535012337211547e-149,2.223026795497437e-148
3,Zcchc24,26.030987,2.539894,2.208878730781848e-149,3.170620620644387e-148
3,H2-Oa,26.026989,2.032743,2.451511376864152e-149,3.488027590590926e-148
3,Traf1,26.021755,3.3154356,2.8098009865527966e-149,3.963041043642292e-148
3,Sucnr1,25.99653,3.995762,5.420268521731832e-149,7.579030639869855e-148
3,Asah2,25.996021,1.7101339,5.492552376204323e-149,7.614461499319156e-148
3,P2rx1,25.978722,3.0292296,8.616346614075036e-149,1.1843825600025176e-147
3,Avil,25.975378,3.072641,9.399470060193114e-149,1.2811714653473303e-147
3,Pea15a,25.925291,2.7269764,3.454657042590506e-148,4.669544769234834e-147
3,Spred1,25.892363,2.2525775,8.118646460379933e-148,1.0883012032013432e-146
3,Lgals1,25.867792,2.8200545,1.5348035386001734e-147,2.0405338849258047e-146
3,Tshz3,25.863285,1.7060715,1.724868529343919e-147,2.2745827273136883e-146
3,Hgf,25.857687,4.8727913,1.9939480857029291e-147,2.6082127379114125e-146
3,Txk,25.83966,2.0656695,3.179763566114958e-147,4.12606120339077e-146
3,Cacna2d4,25.817852,1.417603,5.589655908675517e-147,7.19557292370769e-146
3,Zfp946,25.78543,1.3028611,1.2918815496701493e-146,1.649946357137781e-145
3,Ier3,25.784777,1.6893674,1.3138930601402368e-146,1.6649488621464564e-145
3,Trim24,25.763042,2.2139475,2.3025903387422794e-146,2.895194984061998e-145
3,Ppp1r3g,25.749956,2.8002715,3.227013860422066e-146,4.02632037046507e-145
3,Ctla2a,25.68686,4.2113924,1.6391547266046114e-145,2.0295488294295264e-144
3,Stk39,25.66905,1.7019169,2.591377382256999e-145,3.184253116682464e-144
3,Lpin1,25.64477,1.2481558,4.835898425326069e-145,5.897614470585628e-144
3,Irf6,25.570696,2.1572165,3.2324198032456156e-144,3.912675314077902e-143
3,Klra2,25.564518,2.3702426,3.7865346227793904e-144,4.549451228257905e-143
3,Cd69,25.543655,2.5586054,6.458490074393408e-144,7.702699191666256e-143
3,Slc23a2,25.528534,2.6521647,9.507624192135292e-144,1.1256471853754339e-142
3,Serpinb1a,25.523737,2.4981499,1.0748311947970928e-143,1.2633160854789018e-142
3,Gcnt1,25.514286,2.1024106,1.3684640442345153e-143,1.5968695537758158e-142
3,Il18rap,25.503311,2.3243556,1.8114326046513804e-143,2.0837898473365527e-142
3,Il18r1,25.465075,2.8647718,4.806828019543806e-143,5.490616230774686e-142
3,Chst15,25.417315,1.7602439,1.6231577348095333e-142,1.8410921999028413e-141
3,Peak1,25.370718,1.4387941,5.3093205887687884e-142,5.980359718738177e-141
3,Mdp1,25.365557,1.7850659,6.0532564458381925e-142,6.771297900103136e-141
3,Sertad1,25.348766,1.3637264,9.272515692978138e-142,1.0301383872609959e-140
3,Perp,25.334372,4.004921,1.3361352019128986e-141,1.4742933996617152e-140
3,S1pr1,25.311983,2.8268244,2.3575729663348627e-141,2.583772534726451e-140
3,Etv5,25.27411,1.6896626,6.153660781760183e-141,6.698817307392628e-140
3,Maml2,25.260807,1.5845349,8.616675366838289e-141,9.31749829667447e-140
3,Igfbp7,25.243143,4.705652,1.3469881163284086e-140,1.4468971686653503e-139
3,Rab37,25.207087,2.101735,3.349472518424985e-140,3.57423975321403e-139
3,Ets1,25.202654,2.3897479,3.7462043869973703e-140,3.971466350137081e-139
3,Ifitm10,25.18121,1.8494961,6.435417336796413e-140,6.77808241576869e-139
3,Tmem9,25.14937,2.2840521,1.435827435004933e-139,1.5025239352116138e-138
3,Prmt2,25.122255,1.5243174,2.841576728161515e-139,2.9545111878704985e-138
3,Adgre5,25.121237,1.8742781,2.9152798967042572e-139,3.011836937868984e-138
3,Ndst2,25.093468,2.1183453,5.860677805732395e-139,6.016467975251865e-138
3,Stx3,25.00958,1.7212629,4.809180210557424e-138,4.905968743096944e-137
3,Fyn,25.006165,2.0354319,5.2388589329647694e-138,5.310893243293035e-137
3,Ptms,24.977232,2.5286953,1.0808258242915348e-137,1.0888816689446394e-136
3,Aqp8,24.963858,2.748384,1.5102150768056733e-137,1.512079539863458e-136
3,Prss34,24.95986,6.305047,1.6689785400323053e-137,1.6607872343143554e-136
3,1500026H17Rik,24.923586,1.9879771,4.1304639677996996e-137,4.085129607177507e-136
3,Ccl3,24.920677,3.7264724,4.441412176416694e-137,4.3660427576653805e-136
3,Zfp667,24.89589,1.197303,8.243266526759755e-137,8.054565244821881e-136
3,Ikzf2,24.877935,2.8200064,1.2896592647980318e-136,1.2525912140732979e-135
3,Akr1c18,24.862814,5.3375516,1.8795388658493435e-136,1.8146500240521638e-135
3,Neo1,24.832865,1.5426757,3.960642393745327e-136,3.801279267843148e-135
3,Dnajb5,24.77064,0.91003907,1.8582052215942845e-135,1.7729463937799586e-134
3,5830418P13Rik,24.760971,2.1807935,2.361836320281731e-135,2.240291527191209e-134
3,Dennd1c,24.731676,1.3328319,4.882061148089894e-135,4.60389719895454e-134
3,Arl4c,24.692059,3.1421018,1.301612864561898e-134,1.2203561076990743e-133
3,Pdlim7,24.690897,1.5834866,1.339597745470369e-134,1.2487514615821485e-133
3,Gzmb,24.623074,4.042957,7.152097055664075e-134,6.628972242449788e-133
3,Cnrip1,24.612389,1.5247205,9.308233117920528e-134,8.578383021174487e-133
3,Slc7a5,24.552708,2.0112565,4.046446317814753e-133,3.6872673749974883e-132
3,Dusp10,24.55089,2.7085881,4.231393072516443e-133,3.834256739453447e-132
3,Kcne3,24.519413,2.3114574,9.171286143597688e-133,8.264347847175249e-132
3,Kctd11,24.51069,0.7450174,1.1362065357777575e-132,1.0181917132770844e-131
3,Alox5,24.496225,2.8041112,1.620520024734437e-132,1.444221692373218e-131
3,Muc20,24.46882,4.424033,3.173421943458825e-132,2.8127269903225215e-131
3,Klf5,24.451519,2.543233,4.848637950757164e-132,4.274179758765282e-131
3,Cyp4f18,24.447956,2.9213068,5.2905999973724444e-132,4.613630750396831e-131
3,Cdh1,24.440397,4.273485,6.366431076193953e-132,5.522112944163953e-131
3,4930458D05Rik,24.431456,0.915557,7.923955157950399e-132,6.836518758614652e-131
3,Lat,24.415028,2.6039343,1.1843742614775848e-131,1.01643124450616e-130
3,Ctla2b,24.372574,2.4725516,3.3418638318111396e-131,2.8528963869461413e-130
3,Cdkn2a,24.33383,2.9014058,8.599336331042815e-131,7.30268247589081e-130
3,Cd53,24.328485,2.6441543,9.795305743359206e-131,8.274992664441996e-130
3,Itga2b,24.315002,3.0154345,1.3604798502485373e-130,1.137473359331509e-129
3,Gabbr1,24.31115,1.9375322,1.494313318979805e-130,1.2429621555821763e-129
3,Ccl17,24.256992,2.6987994,5.57905911873852e-130,4.593519741418213e-129
3,Gm10369,24.226316,0.86177665,1.175086302995912e-129,9.626212037673583e-129
3,Chd3,24.218393,1.1051956,1.4241764247560933e-129,1.1608111361579814e-128
3,Pld3,24.154133,2.3086724,6.75619960957149e-129,5.479277883362479e-128
3,F2rl2,24.141048,2.2916613,9.271678849590953e-129,7.481921937331604e-128
3,Hmgn3,24.1252,2.4527707,1.3599826529881672e-128,1.0866462380033533e-127
3,Tecpr1,24.091108,2.3748705,3.098128776107649e-128,2.4633161151208856e-127
3,Cxcr2,24.067774,3.1303742,5.439258735658149e-128,4.303647643530496e-127
3,Jup,24.057014,1.324038,7.049553833907676e-128,5.550668115824394e-127
3,Gm5547,23.97131,1.7827846,5.54038552625569e-127,4.341306919607116e-126
3,Satb1,23.923332,2.1510673,1.7513755417737372e-126,1.3527291089319054e-125
3,P2ry14,23.890112,2.3650227,3.88056887580003e-126,2.9830723775107345e-125
3,Smim3,23.865469,1.4724134,6.996618388770401e-126,5.327941327035487e-125
3,Gnb4,23.856457,2.2461624,8.678804486954188e-126,6.578047139177427e-125
3,Rab27b,23.771551,2.4765475,6.578343632846273e-125,4.939848783554007e-124
3,Hao1,23.75534,4.007587,9.676301448991854e-125,7.232700898739533e-124
3,Adam8,23.753305,2.6844888,1.0156507318620696e-124,7.556814160918702e-124
3,E330020D12Rik,23.720085,1.7652227,2.2377506483727763e-124,1.6573660053244946e-123
3,B4galt5,23.708162,1.596655,2.9703587451482777e-124,2.1899644930138665e-123
3,Fbxo44,23.50586,1.4757632,3.5531814580609866e-122,2.5960632094481624e-121
3,Fgl2,23.466532,1.3473192,8.963388716054012e-122,6.519558967461707e-121
3,Ccl6,23.385044,5.2823844,6.067602703766103e-121,4.393594457816348e-120
3,Phxr4,23.313223,1.5353674,3.2556386143256276e-120,2.3469537033049636e-119
3,Creb3l1,23.212399,2.0322902,3.412998602994559e-119,2.4495060770164487e-118
3,Upp1,23.185284,2.45873,6.409481559770022e-119,4.559727671029375e-118
3,Lilr4b,23.087294,1.8182164,6.212318840260461e-118,4.3810352864793336e-117
3,Alox15,22.977818,3.2732537,7.76930268998179e-117,5.42663393168049e-116
3,P2rx4,22.977673,1.5158379,7.7953496059282e-117,5.42663393168049e-116
3,Gnaz,22.876848,2.538557,7.900777168610418e-116,5.476521610036795e-115
3,Ttc39b,22.851479,1.831927,1.412752696931773e-115,9.750999465631215e-115
3,Lpar6,22.84639,0.97745216,1.5872906567482006e-115,1.090926036121009e-114
3,Gm11696,22.820076,0.5686427,2.8980211828271244e-115,1.983371459301939e-114
3,Prkca,22.811497,1.8445758,3.5258117554631296e-115,2.4028851543534438e-114
3,Maff,22.797176,1.2885628,4.8905520532577225e-115,3.319027376729718e-114
3,Egr1,22.791943,2.222098,5.51150591458801e-115,3.7248594139423964e-114
3,Gm16201,22.732843,2.1085107,2.121405434659834e-114,1.4277674751113074e-113
3,Slc22a3,22.653753,2.5655496,1.2811680908726067e-113,8.551665199157893e-113
3,Col18a1,22.585495,2.215756,6.018029915470755e-113,3.9841814379157405e-112
3,Cdk18,22.559109,1.3839082,1.093042753123871e-112,7.177794921323558e-112
3,Notch2,22.52727,0.7624393,2.2437183156548573e-112,1.4674641564484591e-111
3,Atp1b1,22.521235,2.0637174,2.571016456445149e-112,1.674774575242583e-111
3,Igfbp6,22.476892,1.3549591,6.986160518057506e-112,4.5145626933423404e-111
3,Itgb3,22.440037,2.1813087,1.6011026048510828e-111,1.0305509623287525e-110
3,Emid1,22.36938,1.9634827,7.821617882652112e-111,4.9947496872683955e-110
3,Gm10797,22.366108,0.7566395,8.416599440081398e-111,5.353617369338051e-110
3,Cd274,22.333324,1.685804,1.753834784266173e-110,1.1068949494473669e-109
3,Kcp,22.329908,0.91905034,1.8931732358615994e-110,1.1902042591346955e-109
3,Tspan17,22.305483,1.499972,3.268885083441959e-110,2.0471550599779373e-109
3,Pglyrp2,22.286146,2.581123,5.035086863070971e-110,3.1411195738081207e-109
3,Ccl9,22.25118,3.1501093,1.0986017908138236e-109,6.801267575190924e-109
3,Man2b1,22.237734,1.4702593,1.482585403186931e-109,9.108914863519703e-109
3,Tarm1,22.221159,1.9437182,2.1446144241471376e-109,1.3126658852704367e-108
3,Lrrc56,22.192955,0.7483418,4.0171398792835348e-109,2.4403748629954657e-108
3,Scn1b,22.135891,1.6951829,1.4266597277043141e-108,8.570526216060731e-108
3,Dock10,22.134945,1.0467409,1.4568790017101665e-108,8.719770261158267e-108
3,Phyhipl,22.111685,0.77690893,2.439929718621789e-108,1.4549875013251994e-107
3,Ndst1,22.092493,1.1401597,3.732180814806223e-108,2.21743490169073e-107
3,Dusp1,22.04488,1.4135146,1.0696478738023537e-107,6.286119026476151e-107
3,Cd84,22.019146,2.0012918,1.8878672551119725e-107,1.1054587320547363e-106
3,A830082K12Rik,22.016674,1.2449629,1.9936716746851776e-107,1.1632141929278268e-106
3,Itga6,22.006351,1.6135329,2.5034156822505033e-107,1.4501929416465414e-106
3,Mycn,21.971678,2.0220306,5.3745962722990874e-107,3.091345799173447e-106
3,Slc6a4,21.862856,2.1514654,5.865591630262032e-106,3.3382419734333387e-105
3,Ubac2,21.812843,1.5762037,1.7523663104921798e-105,9.903617266962772e-105
3,Rhoj,21.77788,1.9308873,3.760846985268201e-105,2.1180881285086883e-104
3,Phf1,21.77003,1.3029393,4.4635597630620224e-105,2.5051536109642216e-104
3,Lhx3,21.76414,0.7130895,5.075286832143119e-105,2.819217548539774e-104
3,Nek6,21.753017,1.7068193,6.468154399398309e-105,3.5806643125679374e-104
3,Wnt16,21.729757,0.7303247,1.0737019445138496e-104,5.903540861021912e-104
3,Adgre1,21.683815,2.3961177,2.916748204780247e-104,1.5982991851870136e-103
3,Rbms3,21.594694,0.7556247,2.0147686359959698e-103,1.0966291032165984e-102
3,Cyp4a12a,21.582117,1.9558647,2.6447509984719333e-103,1.4347110767630353e-102
3,Il10ra,21.578192,1.2581514,2.879074771079442e-103,1.5566197595636183e-102
3,Slpi,21.540028,3.743877,6.566671227856072e-103,3.5152279642186625e-102
3,Csrp3,21.467844,2.4200156,3.1111816770991856e-102,1.6545366164770096e-101
3,C3ar1,21.45614,2.131459,4.001729966943448e-102,2.114002915512677e-101
3,Itgae,21.455996,1.8854679,4.014259543636896e-102,2.114002915512677e-101
3,Nacc2,21.441675,1.4915456,5.461236235825508e-102,2.866707176216496e-101
3,Lemd1,21.37458,0.6758217,2.3038875496394836e-101,1.2015773651174412e-100
3,Arhgap25,21.338814,0.8992982,4.9534491954490705e-101,2.566931180517058e-100
3,Gch1,21.334162,1.8976254,5.471570949918045e-101,2.8263974779512957e-100
3,Mfhas1,21.292728,1.5309184,1.3258266987365125e-100,6.783882982178622e-100
3,I830077J02Rik,21.236027,1.0750431,4.438820522131553e-100,2.2640776373891125e-99
3,Jade2,21.217781,1.1370041,6.543996710807615e-100,3.327386415338543e-99
3,Fam160a1,21.160355,1.935506,2.2155304345705852e-99,1.1194985560353549e-98
3,Clec2d,21.142399,0.99585503,3.241746786616825e-99,1.6329544372336927e-98
3,Serpina3g,21.13491,2.3977013,3.798998783356042e-99,1.9077325159763157e-98
3,Sytl1,21.120665,1.5637918,5.1368139045953686e-99,2.5636652779242116e-98
3,Gsn,21.04321,2.087359,2.63897018890826e-98,1.3010363666897258e-97
3,Vwa5a,21.030453,1.5538343,3.453442416459692e-98,1.6974192725750366e-97
3,Kdm5b,21.02798,0.95324975,3.638106596619897e-98,1.78278214492975e-97
3,Tnfsf12,20.985964,1.2667588,8.81180432325813e-98,4.2921160997972035e-97
3,Atp13a4,20.874962,0.67029566,9.044045865767176e-97,4.352950265363312e-96
3,Gm21190,20.76636,2.637925,8.722446706204334e-96,4.1489174655317976e-95
3,S1pr4,20.75611,1.3579355,1.0796124296472665e-95,5.105339244571039e-95
3,Dmxl2,20.75302,1.6326872,1.151275340722294e-95,5.428397100731282e-95
3,Dok7,20.752111,1.3040339,1.1732420746530582e-95,5.515938101702205e-95
3,Gm10735,20.73412,0.6682463,1.705457129239188e-95,7.994946426664634e-95
3,Tmem184b,20.671495,0.7368172,6.254828034926466e-95,2.9237265339051087e-94
3,Ctsd,20.562384,1.927041,5.963087404676065e-94,2.732239483159485e-93
3,S100a6,20.5256,2.4690413,1.2718155823770545e-93,5.810943308776288e-93
3,Prg2,20.47159,1.8234322,3.858242864170175e-93,1.748064225051403e-92
3,Anpep,20.446947,1.8095324,6.395440205097444e-93,2.889527580130377e-92
3,Gm10642,20.37142,0.9867133,2.9985942281846075e-92,1.3435690160539872e-91
3,Neat1,20.353682,1.4711801,4.306742216068742e-92,1.9191032622152471e-91
3,Rnase6,20.337471,1.6075087,5.9941643956951796e-92,2.663708123237693e-91
3,2700081O15Rik,20.291893,0.6730521,1.516407618418664e-91,6.701943207289027e-91
3,Dcun1d3,20.28317,0.6976642,1.810753118191938e-91,7.959462216009007e-91
3,Lmna,20.257002,1.4967289,3.081706601501377e-91,1.3509535426041172e-90
3,Dip2a,20.245953,0.8074636,3.8566199668630933e-91,1.6861017752700638e-90
3,Rgs18,20.214693,1.2867297,7.269488542547988e-91,3.1696533376378592e-90
3,Rap1gap2,20.167734,1.2727196,1.8805891670062148e-90,8.134175010357547e-90
3,Bmpr1a,20.155594,1.1334808,2.403535276633641e-90,1.0368442071010015e-89
3,Fcer1g,20.052807,1.6611432,1.907713106182379e-89,8.164408069202688e-89
3,Cep170b,20.043938,0.84975976,2.279929936498054e-89,9.706158417322424e-89
3,Capg,20.028309,1.3860564,3.1207219464455396e-89,1.3216216702701476e-88
3,Nt5e,20.020895,1.4932356,3.621573038563046e-89,1.52973736160137e-88
3,Cxcl3,20.018787,1.8606504,3.778083541935556e-89,1.5917016896154471e-88
3,Jund,20.008028,1.1314322,4.6882839325165024e-89,1.970050916720665e-88
3,Cdkn1c,19.947475,1.2718259,1.576507185068666e-88,6.607479726566863e-88
3,Rab2b,19.915781,0.84135866,2.9698394439782203e-88,1.2383237990058288e-87
3,Mfge8,19.898262,0.96050096,4.2128263858395595e-88,1.7521036917517347e-87
3,Serpinb2,19.878708,1.5100064,6.221546553381648e-88,2.5809075472084483e-87
3,Ldhc,19.861843,1.1039135,8.705627536020768e-88,3.602175475363695e-87
3,Gimap1,19.857336,1.2720854,9.522921347699946e-88,3.9303252992288327e-87
3,Slc18a2,19.758038,2.2888591,6.841276677742091e-87,2.788078083240621e-86
3,Ccnd2,19.737247,2.1952808,1.0325100578081706e-86,4.186828284412132e-86
3,Ptger4,19.671751,0.9557785,3.76545696640303e-86,1.5230850871585324e-85
3,Ptprn,19.648344,1.4364449,5.972931469113158e-86,2.4039937575438073e-85
3,Tmem71,19.617813,1.3688828,1.0893885843673699e-85,4.362934034182405e-85
3,Plek,19.61367,1.6140082,1.1818775702424371e-85,4.72168822397348e-85
3,Itgal,19.483187,1.2533562,1.5248669325825355e-84,5.902945500355305e-84
3,Pdzk1ip1,19.42416,1.2378472,4.8220937244517045e-84,1.8534208580712475e-83
3,Gm12289,19.399517,0.6294442,7.789946519425495e-84,2.987066963240698e-83
3,Ankrd33b,19.34587,1.1267638,2.2084600218108756e-83,8.369444288264581e-83
3,0610009E02Rik,19.335766,0.5520075,2.6865032296471895e-83,1.0133740089506376e-82
3,Nr4a1,19.234068,1.0202177,1.9196105501370254e-82,7.124961813094405e-82
3,St6gal1,19.214514,1.1580955,2.7984134736767066e-82,1.0339468460828288e-81
3,Fcer1a,19.143566,2.473045,1.095120154792016e-81,4.009672440344582e-81
3,Cttn,19.128082,0.7935194,1.4739701100183527e-81,5.384638555067045e-81
3,Myrip,19.096025,0.586977,2.724575430339928e-81,9.886490711434817e-81
3,Ndrg1,19.066366,0.9980726,4.805595488916252e-81,1.736007991764401e-80
3,Slco2b1,18.830406,2.2605412,4.2548938327254785e-79,1.4873788354915357e-78
3,Rara,18.654634,1.0711286,1.1579121984400026e-77,3.9456587938438746e-77
3,Tnfrsf23,18.606657,1.2920702,2.837790478916274e-77,9.529805707665003e-77
3,Gm4707,18.594809,0.5737496,3.5397557576037585e-77,1.1838111007903705e-76
3,AI504432,18.560934,0.9900093,6.653831617415132e-77,2.2161221526585924e-76
3,Nyap1,18.489985,0.47859946,2.4862171774466957e-76,8.163247493559798e-76
3,Smad7,18.445425,0.827265,5.675135718945252e-76,1.852126787953561e-75
3,Car8,18.398102,2.506421,1.3604781299359958e-75,4.422235524561493e-75
3,Frmd4b,18.395922,1.2338288,1.4163369705780653e-75,4.585426279995254e-75
3,Litaf,18.389305,1.7717959,1.6001532403155738e-75,5.170216246597333e-75
3,Chrnb1,18.380037,1.1096065,1.898370230415589e-75,6.121583526310309e-75
3,Rbpms2,18.374186,0.7183324,2.1145687572864713e-75,6.805219294283048e-75
3,Ear1,18.271544,1.8247929,1.3944966963447634e-74,4.4263672044446305e-74
3,Mxd4,18.218405,0.96099555,3.6874594403654386e-74,1.1613707208296585e-73
3,Vim,18.189981,1.5661361,6.196007941839321e-74,1.936401711303156e-73
3,Pde11a,18.187801,0.518901,6.447486791923711e-74,2.0072598035509137e-73
3,Cd9,18.172827,1.4547087,8.471893943026152e-74,2.6274210278371735e-73
3,Ube2h,18.132772,0.81054324,1.7567215148778546e-73,5.3965952597194695e-73
3,Wdpcp,18.094973,0.5960242,3.491153695054455e-73,1.0684247723355333e-72
3,Espn,18.041834,2.26846,9.145680454065112e-73,2.7831695490607155e-72
3,Rnf150,17.957584,0.9885923,4.186398021719224e-72,1.2551455806337488e-71
3,Rhod,17.834005,0.7262862,3.8483313291760235e-71,1.1495383823063554e-70
3,Cnn2,17.789736,1.0040406,8.487879650922373e-71,2.5214909878747417e-70
3,Glt28d2,17.778542,1.3536639,1.0364148743415624e-70,3.0509345302758877e-70
3,Ppp1r16b,17.744957,1.5300689,1.885434142435269e-70,5.520169998249108e-70
3,Hcst,17.74234,0.767041,1.9753364261341243e-70,5.772965194936125e-70
3,Tubb2a,17.713917,1.3351198,3.274667198336945e-70,9.535924947401301e-70
3,Tinagl1,17.710064,1.1530596,3.506686863159596e-70,1.0193272566388646e-69
3,Zfp526,17.657654,0.41173694,8.88579616875027e-70,2.5691196765976716e-69
3,Slc7a11,17.641298,1.4102916,1.1870394733577075e-69,3.419854397488813e-69
3,Klhl6,17.6152,0.8589832,1.8832001446195603e-69,5.415869919455544e-69
3,S100a10,17.612947,1.2331519,1.9597022426084644e-69,5.625906261081291e-69
3,H2-T22,17.58983,0.6330315,2.947556377165943e-69,8.431986673303633e-69
3,Ptp4a2,17.49853,0.66569024,1.4701770828617909e-68,4.168928720982211e-68
3,Pigz,17.480356,1.1118952,2.0223379242388455e-68,5.724663373674359e-68
3,Cxcl2,17.453678,2.1793053,3.227671719286496e-68,9.120703011642328e-68
3,Il27ra,17.377422,1.3443397,1.2232897621230071e-67,3.4447499898672183e-67
3,Sh3bgrl2,17.295935,1.0846858,5.0478113502143673e-67,1.4140846304054757e-66
3,Synj1,17.291681,0.4287217,5.4343581149494356e-67,1.517130613158001e-66
3,Gimap5,17.195618,1.4978926,2.8638747291560993e-66,7.886595603889971e-66
3,Tpsg1,17.185587,2.558042,3.4048621020769336e-66,9.360485304353876e-66
3,Serpine1,17.121616,1.555731,1.0239146789195675e-65,2.805387853391112e-65
3,Rxra,17.077784,1.1993736,2.1721622582968225e-65,5.9313925639014244e-65
3,Rundc3b,17.05772,0.9269791,3.0627843523428136e-65,8.321333701005098e-65
3,Txnip,17.024645,0.7449426,5.391872900309299e-65,1.4503512179604782e-64
3,Il7r,16.952024,0.5633251,1.8593878585121767e-64,4.9441427975520505e-64
3,Samsn1,16.87148,1.0967535,7.294424517814496e-64,1.92696361040637e-63
3,Plscr4,16.85687,1.0833138,9.34066370846468e-64,2.4635051276633676e-63
3,Lrp12,16.819433,0.8865451,1.7583329513180213e-63,4.6223922966577477e-63
3,Cd72,16.777925,0.6875362,3.539877597361718e-63,9.245863869437531e-63
3,H2-Ob,16.718971,1.3547069,9.535032348465872e-63,2.470578669203138e-62
3,Mir142hg,16.6172,0.52418935,5.23181889332481e-62,1.3491272249559368e-61
3,Lilra6,16.59045,1.1925527,8.170470914161928e-62,2.1035720353604202e-61
3,Epx,16.569588,1.9012928,1.1561514520190426e-61,2.9719138750790602e-61
3,Rab6b,16.544146,0.7466517,1.7645045877837555e-61,4.521368785758691e-61
3,Parvb,16.465492,0.78028613,6.493255259590649e-61,1.6482097075205056e-60
3,Hgsnat,16.39229,0.81561464,2.1710771806911232e-60,5.485182534394084e-60
3,Myadm,16.370483,1.1822975,3.107403287317192e-60,7.838581853854565e-60
3,8030423F21Rik,16.327448,0.48490027,6.296308857867309e-60,1.5760205196698726e-59
3,Ptp4a3,16.247778,0.96406543,2.3161088272971613e-59,5.744233207761461e-59
3,Crebrf,16.110897,0.7268764,2.1389937540293195e-58,5.264716037990222e-58
3,Oit3,16.05376,0.9455515,5.380328528277838e-58,1.320256107846695e-57
3,Capn5,15.999823,0.80617464,1.2814056721727628e-57,3.1254736846078514e-57
3,Gm2a,15.955625,0.6804425,2.6035429839719715e-57,6.312326935728756e-57
3,Trim12a,15.862869,0.5152814,1.1453964163808314e-56,2.756428764643484e-56
3,C030037D09Rik,15.844769,0.894049,1.5278256847629884e-56,3.6658776045644484e-56
3,Mxd1,15.742345,0.9657694,7.75176563677552e-56,1.840902468938491e-55
3,Lcn4,15.714576,0.59329623,1.2018294331543628e-55,2.845791738067703e-55
3,Cd82,15.535534,0.6524398,1.994058254612179e-54,4.6537589769510134e-54
3,Hic1,15.516488,1.7745117,2.683412456413347e-54,6.25168916462374e-54
3,Zbtb20,15.491627,0.5419558,3.951617269400926e-54,9.156461729954717e-54
3,Spata6,15.466112,0.59181803,5.874997629036306e-54,1.3535861014626264e-53
3,Prg3,15.403887,1.9919165,1.5412006162598793e-53,3.535823761773019e-53
3,Lztfl1,15.397999,0.9533207,1.6881333631480847e-53,3.8674467726358664e-53
3,Hbp1,15.340353,0.66071355,4.1095136918608307e-53,9.36184158454813e-53
3,2310001H17Rik,15.227243,0.41902104,2.3321899318087093e-52,5.261212892063597e-52
3,Ahnak2,15.131362,0.20728692,1.0059211692639834e-51,2.2473886178322054e-51
3,Enpp5,15.126782,0.79306,1.0784119980844225e-51,2.4060306202103623e-51
3,Prkcb,15.124529,1.2581446,1.1159684480044413e-51,2.486402228932972e-51
3,Ccdc92,15.102139,0.6723646,1.5676369530615664e-51,3.487938460721345e-51
3,Calca,15.070808,2.0265763,2.5200940334999516e-51,5.591781836302218e-51
3,Cndp2,15.051836,0.7985716,3.357849259539817e-51,7.440480189854622e-51
3,P4ha2,14.981251,1.6804231,9.736659892124462e-51,2.1428578487145018e-50
3,Acod1,14.87054,1.3108178,5.119860924084685e-50,1.1146864991765583e-49
3,Pdk2,14.853385,0.77990395,6.61431107758303e-50,1.4361998082784035e-49
3,Casq2,14.8112955,0.46364516,1.238304320103282e-49,2.6673699962915316e-49
3,Bach2,14.718539,1.3471923,4.901312195738765e-49,1.0501886897606707e-48
3,Atp8b5,14.635525,2.166982,1.6668547158676305e-48,3.5249522153028635e-48
3,Pi16,14.632254,0.87503797,1.7489750683645728e-48,3.688995527811882e-48
3,Ccr1,14.631526,1.0910943,1.7677640391576658e-48,3.7237834694983554e-48
3,Bcl2,14.528302,1.0747604,8.018274978061974e-48,1.6738278010832076e-47
3,Adgrg1,14.328325,0.8115076,1.4559019415727056e-46,3.0044185104719195e-46
3,Tlr2,14.2653,0.97167957,3.600393065525127e-46,7.401568507327955e-46
3,H1f0,14.247417,0.94321436,4.651657047180062e-46,9.550617380412734e-46
3,Card11,14.17189,0.8753008,1.367693689027416e-45,2.7939536065522276e-45
3,Tmem140,14.117371,0.5644641,2.968633936568712e-45,6.04915106170157e-45
3,Slc2a3,14.08793,0.7543076,4.505771076652111e-45,9.14688446349152e-45
3,Zbp1,14.078698,0.8512046,5.134718362001342e-45,1.0410641478957722e-44
3,Flrt3,13.943053,0.26775065,3.4678196437856e-44,6.944201805210176e-44
3,Ltb4r1,13.884899,0.72791463,7.821057555591884e-44,1.5584466038292428e-43
3,A330023F24Rik,13.875522,0.6164016,8.914225329931715e-44,1.774094906153281e-43
3,Cetn4,13.866144,1.4133523,1.0159298862869009e-43,2.019409651418325e-43
3,Cnp,13.855749,0.49991032,1.1742529050325815e-43,2.331258521374354e-43
3,Boll,13.827472,0.5219531,1.7403046494915233e-43,3.4508241338328246e-43
3,Cdkn1a,13.699314,1.1579518,1.0248749684836495e-42,2.0100933481021517e-42
3,Tnfrsf9,13.506169,1.5226725,1.438113664517965e-41,2.7802388126914653e-41
3,Slc6a5,13.438202,0.40130612,3.61104478405783e-41,6.947941446906049e-41
3,Ssbp3,13.43573,0.5113102,3.7336611132375677e-41,7.175353466435232e-41
3,Tyrobp,13.427588,1.2173684,4.167615077137815e-41,7.999848112565131e-41
3,Antxr2,13.397131,0.50095725,6.284633449582405e-41,1.2020843697196535e-40
3,Ptprcap,13.386154,1.0833752,7.28569675381374e-41,1.3886486644754272e-40
3,Fcgr3,13.3643465,0.8703982,9.76896924236657e-41,1.859773252478706e-40
3,Sema7a,13.298414,1.1644027,2.3643103583902367e-40,4.485276492759022e-40
3,Rprm,13.255307,2.296146,4.203932392543846e-40,7.919603183166222e-40
3,Tmem158,13.179561,0.7634049,1.1505822467349387e-39,2.1550166330301047e-39
3,Dkkl1,13.174618,0.8835954,1.2284765409050305e-39,2.298257150343667e-39
3,Tnfaip3,12.957703,0.7009727,2.1251686315056693e-38,3.925994897838492e-38
3,Adam19,12.950942,0.79841083,2.32087374610919e-38,4.2826589490205987e-38
3,Cacnb1,12.922592,0.5472604,3.356401357361742e-38,6.165439412956677e-38
3,Ahnak,12.920194,0.35852847,3.4627029812233263e-38,6.35351157866995e-38
3,Cmklr1,12.918231,0.14715424,3.5521613242678664e-38,6.510288890353084e-38
3,Gm14966,12.887191,0.271133,5.314460669357931e-38,9.729181947741043e-38
3,Junb,12.83049,0.51863176,1.1066140161376896e-37,2.009997686646509e-37
3,Pvr,12.675437,0.48750073,8.090672680001745e-37,1.4565006755785604e-36
3,Usp35,12.504536,0.2257803,7.051021322503001e-36,1.254030327313582e-35
3,Gpr137b,12.266395,-0.16509385,1.3722895989014968e-34,2.4037297293933343e-34
3,Gm13346,12.259925,0.3529291,1.486374275269792e-34,2.597951588887503e-34
3,Ctsf,12.175529,0.7143393,4.1966592602833384e-34,7.295799914447562e-34
3,Gns,12.121155,0.45249996,8.160146614347667e-34,1.4171046904145521e-33
3,Gprin3,12.097529,0.47436842,1.0883766478564712e-33,1.8880715752119747e-33
3,Slc25a35,12.085971,0.2777498,1.2528096459265691e-33,2.1686843603979672e-33
3,Map1lc3a,12.075285,0.5176918,1.4266844335323519e-33,2.4670385407137257e-33
3,Rab38,12.063509,0.79877275,1.6461642617331334e-33,2.8405089707778112e-33
3,AB124611,12.017204,0.62708735,2.8857205013453736e-33,4.974111214858869e-33
3,Fam214a,11.863894,0.43715224,1.822937164418921e-32,3.11899164629482e-32
3,Pnpla7,11.754128,0.5000672,6.725082841151912e-32,1.1458071815492018e-31
3,Gm20559,11.6570835,0.39965463,2.1115061067751674e-31,3.582492578649918e-31
3,Nqo1,11.617975,0.6740386,3.3395727755998422e-31,5.6542662234059965e-31
3,Susd2,11.614413,0.9218596,3.4817024603720214e-31,5.888760574268424e-31
3,Tns1,11.573342,0.07058775,5.624825642404185e-31,9.483853629916411e-31
3,Serpinb6a,11.524274,0.5694677,9.954748583081264e-31,1.6749587346221796e-30
3,Trp53cor1,11.468228,0.64856297,1.9052036299810094e-30,3.1858147297208224e-30
3,Padi4,11.43966,0.519296,2.6492209787518446e-30,4.425372221972701e-30
3,Ralgps1,11.396989,0.34164828,4.328299587357613e-30,7.215315447784223e-30
3,Prox2,11.378235,0.28003266,5.367535378484827e-30,8.92937680400245e-30
3,Trib1,11.325532,0.6967819,9.808132215669423e-30,1.6250041321568746e-29
3,Gbp2,11.323133,0.81732965,1.008033011774738e-29,1.668397494998597e-29
3,Papss2,11.214313,1.3944533,3.468720777208348e-29,5.729394196162871e-29
3,Tslp,11.207624,0.9563549,3.740986133103931e-29,6.17281740375847e-29
3,Hacd4,11.194249,0.54626733,4.3507264946850255e-29,7.164343527288438e-29
3,Fam110c,11.004012,0.5183223,3.6549966177621938e-28,5.946243243741502e-28
3,Myo1e,10.954509,0.23885219,6.322071459975608e-28,1.0264664572653089e-27
3,9930111J21Rik2,10.886177,0.32623574,1.3415402154470122e-27,2.173804425030024e-27
3,Slc45a3,10.60064,2.0708013,2.9594790829725783e-26,4.7480465604169356e-26
3,Ccpg1,10.556006,0.39818183,4.765042296655138e-26,7.637251586140942e-26
3,Iqsec1,10.442315,0.3521941,1.5888763429067563e-25,2.5241502724728293e-25
3,D630039A03Rik,10.392593,0.8110909,2.6796627062914336e-25,4.244543857035845e-25
3,Acss1,10.351595,0.7288668,4.115729060804928e-25,6.512890279634725e-25
3,Lgals3,10.289588,0.37698528,7.85118406359206e-25,1.2399825268886389e-24
3,Tesc,10.251861,0.21052626,1.1608763573185484e-24,1.8263253652479974e-24
3,Tnf,10.243137,0.5516039,1.270488193788915e-24,1.9968331883000195e-24
3,Ifit3b,10.150672,,3.2909010441441385e-24,5.1523566540557845e-24
3,Ugcg,10.036253,0.32299468,1.0560947153591502e-23,1.6423639772891098e-23
3,Dapk2,10.027312,0.3285981,1.1562113048714327e-23,1.796335954503318e-23
3,Pirb,9.782337,0.42268008,1.3407748935669672e-22,2.0574615679901806e-22
3,Plscr2,9.688709,0.7984355,3.3675728555031044e-22,5.128829269132427e-22
3,Slc9a9,9.667047,0.30578077,4.162149570573401e-22,6.327091474667344e-22
3,Btg1,9.655052,0.294337,4.679192155837466e-22,7.106413555026563e-22
3,Ier5,9.490258,0.28761932,2.3046297011229267e-21,3.474079345001289e-21
3,Tsc22d1,9.43363,0.37549487,3.961353637966724e-21,5.954880074867495e-21
3,2200002D01Rik,9.389288,0.26156133,6.040730466155916e-21,9.055512769043343e-21
3,Grina,9.319212,0.43843827,1.172075112688818e-20,1.744133791542443e-20
3,Hbb-bt,9.318339,0.5514509,1.1817498170118262e-20,1.7569186097096078e-20
3,AI480526,9.236415,0.14939699,2.5489446834689533e-20,3.772252077177593e-20
3,Tubb3,9.031348,0.7164426,1.695688666940171e-19,2.4845591849837015e-19
3,Vmac,8.993403,0.3788495,2.3969131839297804e-19,3.508838614019949e-19
3,Hs3st1,8.987805,0.6009568,2.522153945010597e-19,3.6888491422968336e-19
3,Epb41l1,8.975303,0.54299766,2.82574086091234e-19,4.1291456544142485e-19
3,Isg20,8.941282,0.71029794,3.846801353685147e-19,5.61612222833241e-19
3,Nabp1,8.930015,-0.073333964,4.2595115462512617e-19,6.213064503614701e-19
3,Podxl,8.761077,0.4548288,1.9339365275095986e-18,2.7883067089960615e-18
3,Veph1,8.748356,0.218038,2.164838541853774e-18,3.115677120573932e-18
3,Shank3,8.733745,0.2520122,2.4637728048302885e-18,3.542765504818021e-18
3,Gpr55,8.607622,0.29246056,7.459137654166811e-18,1.0650282812551556e-17
3,Sgpl1,8.502582,0.22313367,1.8542034449929607e-17,2.6381736734899845e-17
3,Haao,8.428944,0.3499753,3.4879914541199005e-17,4.94971315711503e-17
3,Acvrl1,8.383075,0.29729545,5.1562759003678244e-17,7.29797513996214e-17
3,Dok2,8.345711,0.19591351,7.078698382851242e-17,1.000143621688564e-16
3,Samd14,8.322958,-0.16010197,8.57950573527202e-17,1.2090319984892455e-16
3,Gm15856,8.194291,0.9237351,2.520734397726376e-16,3.530769596815356e-16
3,Pag1,8.057048,0.32028893,7.815922262708115e-16,1.0881910652457135e-15
3,Ltbp1,7.987408,-0.11166481,1.378055016300249e-15,1.9071717034462488e-15
3,Gm11714,7.9557137,0.31297922,1.781015493003906e-15,2.4564686476635507e-15
3,Ifit3,7.94779,,1.898675745687567e-15,2.616526813513368e-15
3,Gm26740,7.9165325,0.25130767,2.4422594272597174e-15,3.3599192459841065e-15
3,Ccl7,7.88164,0.44841063,3.2311191083590913e-15,4.4414196557274966e-15
3,Pxdc1,7.8005147,1.2912012,6.1655115402407075e-15,8.460625819179719e-15
3,Gfi1b,7.7575536,0.27978855,8.658341233818407e-15,1.1861342467274879e-14
3,Zfp362,7.664143,0.26635566,1.8002891256911615e-14,2.4517791451478285e-14
3,Tpsb2,7.659127,2.0875292,1.8720059647254684e-14,2.545174915997242e-14
3,Gimap6,7.634412,0.36119282,2.2685358474299497e-14,3.081712851366314e-14
3,Clec4e,7.5002213,0.41769934,6.371030402537422e-14,8.582899761557888e-14
3,Ccdc8,7.3986692,0.66483045,1.3755598392029558e-13,1.840889487778213e-13
3,Igfbp5,7.388856,1.6963917,1.4809774378136517e-13,1.9803342161036627e-13
3,Nrarp,7.3468394,0.5511934,2.0294859407044457e-13,2.7093219718704616e-13
3,Pf4,7.175866,-0.09902052,7.185093363711285e-13,9.552640521262054e-13
3,Rasa4,7.0997567,-0.32357028,1.2497677883392415e-12,1.657500697208708e-12
3,Gp6,7.085872,-0.16533849,1.3817117421297256e-12,1.8294991393750324e-12
3,Gpr183,7.0714793,0.24441907,1.5329085259480786e-12,2.0280404804957454e-12
3,Ccng2,6.97378,0.2940267,3.0853630100459015e-12,4.058766263012532e-12
3,Gp5,6.8920007,-0.5834358,5.501309923129692e-12,7.201876267406264e-12
3,Ercc1,6.8901834,0.27305138,5.572050808261979e-12,7.288601944355588e-12
3,Gpr4,6.7179017,0.833864,1.8436018248052927e-11,2.394173066320404e-11
3,Ndrg4,6.7029996,0.19327636,2.041841214669422e-11,2.6494931601550418e-11
3,Ddah2,6.6255817,0.7610186,3.45883270585224e-11,4.481011700393237e-11
3,Tspan9,6.593597,-0.22304203,4.292962632849466e-11,5.552779418247077e-11
3,Clec1b,6.5905437,-0.23656772,4.3821840745943004e-11,5.66366738565096e-11
3,Ppbp,6.5544157,-0.22695382,5.586022488782327e-11,7.208057658556034e-11
3,Iigp1,6.54293,-4.082586,6.032504334552704e-11,7.777998434534568e-11
3,Cd59a,6.533262,-0.24981062,6.435245166778495e-11,8.290681223601842e-11
3,Calcoco1,6.526356,0.24344102,6.738898856940832e-11,8.66811573826965e-11
3,Alox12,6.4919,-0.119500555,8.47606562558306e-11,1.0859540635620636e-10
3,Ptgs2,6.455626,0.5177929,1.0777242356055968e-10,1.376432055238014e-10
3,Ube2l6,6.4550447,0.13562629,1.0818709294788504e-10,1.3806409501295792e-10
3,Sgsm2,6.448502,0.12798586,1.1296094473266528e-10,1.440429656889804e-10
3,Pgm2l1,6.4403605,0.13602181,1.1918999537545623e-10,1.5174738814677393e-10
3,Syne1,6.272804,0.022961687,3.546037124715703e-10,4.49349391897568e-10
3,Dbp,6.2414007,0.26861662,4.3367028128206235e-10,5.47829592086842e-10
3,Srgap3,6.0031137,-0.16765383,1.935690562762059e-09,2.413289848424335e-09
3,Ftl1,5.803499,0.21007597,6.494502403795086e-09,8.059742080302702e-09
3,Anxa1,5.7146688,0.2793701,1.0991792765382442e-08,1.35785893872432e-08
3,Id3,5.702311,0.2802837,1.1819394620801994e-08,1.4578751387787707e-08
3,Glyctk,5.6944604,0.17645484,1.2376288126793029e-08,1.5254057250500224e-08
3,Ddc,5.5947986,1.7298828,2.2087829547249754e-08,2.7141257216393258e-08
3,Clnk,5.58215,0.7891254,2.375635637730088e-08,2.9169424711568527e-08
3,Trim21,5.541151,0.16497183,3.0048974612055974e-08,3.678448061943758e-08
3,Vwf,5.470857,-0.12050092,4.4786399988647644e-08,5.470146143191753e-08
3,Nrp1,5.451521,0.11298767,4.994083715880232e-08,6.085953258570801e-08
3,Rasgrp4,5.3487334,0.11541767,8.857190688471346e-08,1.0785558030555948e-07
3,Abtb1,5.313841,0.1077708,1.0733836799659533e-07,1.3041410703406564e-07
3,Gp1bb,5.2674627,-0.46621364,1.3832212085890668e-07,1.6768197311894366e-07
3,Sapcd1,4.997046,1.1119419,5.821524447874014e-07,6.984106992937611e-07
3,Socs3,4.973784,-0.2618102,6.565842474290854e-07,7.871246484330943e-07
3,Ufsp1,4.9556475,-0.6334212,7.208989180711859e-07,8.635879210572108e-07
3,Ifit1,4.8721595,-2.782676,1.1038491550577327e-06,1.318441332476909e-06
3,Cma1,4.7732973,1.9466612,1.8123378082648921e-06,2.159891201326712e-06
3,Plaur,4.7645016,0.022642793,1.8932095771917882e-06,2.254615223351748e-06
3,Bri3,4.7328076,-0.012574372,2.214353470084584e-06,2.631268372510766e-06
3,Chd2,4.7102003,0.08079535,2.4747361858066304e-06,2.9385227623560428e-06
3,Tpsab1,4.7058387,1.832268,2.528244861776082e-06,2.999863325384641e-06
3,D730003I15Rik,4.696461,0.08398503,2.647074418407171e-06,3.138563382058795e-06
3,Rsad2,4.68454,,2.8058988491174043e-06,3.3244469928914756e-06
3,Snca,4.6623683,-0.9403465,3.1259107847637287e-06,3.700895834223918e-06
3,Cdkn1b,4.618171,0.022877824,3.871369263685756e-06,4.58013198081568e-06
3,Zeb1,4.5769544,0.2317285,4.717943916070734e-06,5.573379180213367e-06
3,Tph1,4.5570364,1.8341602,5.1880406248517316e-06,6.120001377097825e-06
3,Clec10a,4.5033894,0.77031046,6.6878223165209835e-06,7.877739867390731e-06
3,Gp9,4.476275,-0.8491206,7.595668512610749e-06,8.927662556126548e-06
3,Gnai1,4.431133,1.8260204,9.373939568960281e-06,1.1001830666319519e-05
3,Mmrn1,4.405036,-0.48052374,1.0576633305966202e-05,1.2404410139029052e-05
3,Gcnt2,4.404164,0.05993363,1.0619276311938004e-05,1.2445423538990926e-05
3,Tmem40,4.384682,-0.029009448,1.1615534386576686e-05,1.3603174566806777e-05
3,Ddx58,4.3358326,0.06265653,1.4520952571627551e-05,1.6981243742739644e-05
3,Car9,4.2709904,0.29658383,1.946066954991006e-05,2.2676153742783127e-05
3,Mpl,4.194445,-0.6633603,2.7354047906050867e-05,3.173695686953827e-05
3,Arhgap12,4.1938634,-0.0006222457,2.7424306494401853e-05,3.1795729187934104e-05
3,Pls1,4.18405,-0.76179427,2.8636113238827124e-05,3.3176982623841136e-05
3,Il1a,4.1669674,-0.024153465,3.0867894240661996e-05,3.573713380325036e-05
3,Mx2,4.129603,-3.10307,3.6339004564059524e-05,4.204127346854818e-05
3,Cxcl10,4.088241,,4.34656653860018e-05,5.014317870277022e-05
3,Thy1,4.044262,0.34363556,5.2488246174817845e-05,6.050883816315177e-05
3,Tmem241,3.9839995,0.10219976,6.776502005204042e-05,7.79538032088011e-05
3,Arhgef5,3.941765,0.2891622,8.088420883157816e-05,9.291372997508484e-05
3,Mylk3,3.9307883,-0.6698226,8.466777120221714e-05,9.719117118895697e-05
3,Hmox1,3.838323,-0.30681726,0.00012387736705728818,0.00014159907636851404
3,Zfp36l1,3.8259292,-0.27817193,0.0001302797996300236,0.00014881255985908329
3,Axl,3.765776,-0.61753803,0.0001660327234563846,0.00018925163559118467
3,Gm8113,3.7341545,0.7823009,0.0001883468811321417,0.00021438501136584833
3,Cxcl5,3.6963542,-0.92747056,0.00021871775108706716,0.0002484315071871309
3,Dexi,3.6782537,0.1814009,0.0002348362883533527,0.0002665531558496418
3,Mcpt4,3.663061,1.7528557,0.00024921921770091254,0.00028268081895865745
3,Pafah1b3,3.6103587,0.218309,0.000305773857758521,0.0003458613649123578
3,Gm10419,3.541882,-0.72220004,0.00039728299131226735,0.000448117532620652
3,Zfp36,3.5096793,-0.05745714,0.00044864760333232707,0.0005057028579604131
3,Ccl2,3.5061173,0.60616434,0.00045469484169243337,0.0005121632175174493
3,Nfkbia,3.4968853,0.31252748,0.00047072419996835617,0.0005298505567999123
3,Gm16754,3.3656023,0.25716522,0.0007637677859758032,0.000854366447484657
3,Mmp13,3.3480105,-0.8183969,0.0008139392385304628,0.0009098617814585877
3,Ctsb,3.3317273,-0.28470787,0.0008630877460338378,0.0009634744143612421
3,Krt18,3.3281653,0.035551596,0.0008741995138020245,0.0009752074356168389
3,Edn1,3.32613,-0.11250736,0.0008806084982902005,0.0009816817761008284
3,Timp3,3.3073752,-0.5742019,0.0009417464381153191,0.001048395828842174
3,Slc35d3,3.2572172,-0.8694748,0.0011251028508288017,0.001251657629660025
3,Ccr2,3.2404978,-0.64336205,0.0011932114343708375,0.0013265174410894438
3,Cd300lf,3.2372994,-0.18365534,0.00120666725558737,0.00134055773189227
3,Atoh8,3.2351913,-0.82090694,0.001215612355846532,0.001349571006969935
3,Treml1,3.2278495,-0.90706146,0.001247246285202699,0.0013837438266749505
3,Hip1,3.1522489,-0.3387126,0.0016201809988365668,0.001792587708126133
3,AW554918,3.0597837,0.07916814,0.002214968859402243,0.002443999653027509
3,Trac,2.8851757,1.5977021,0.003911952693397658,0.004298907363611789
3,Mx1,2.8444676,-0.0505966,0.004448568837227945,0.004881988263859084
3,Kbtbd11,2.5956404,0.23090942,0.009441481178219859,0.010291722090774605
3,Rsad1,2.529926,0.09634831,0.01140865284365246,0.012394397128201132
3,Tshz1,2.507682,0.15259781,0.0121525914265024,0.01319377730507824
3,Src,2.4679193,-0.7839299,0.013590097290281163,0.014734717783981314
3,Esam,2.446693,-0.938097,0.014417359901561264,0.015610786221850715
3,Tac4,2.3492846,-0.17698608,0.018809520441243628,0.020271788807772202
3,4930481A15Rik,2.1943038,0.04154868,0.028213583925184478,0.030306247103741208
3,Dpp4,2.1695154,0.47740942,0.03004357159224668,0.03222928116575669
3,Kcnb1,2.1595566,0.07167243,0.030807014652074548,0.033026422845779856
3,Rap2b,2.1009662,-0.36791852,0.035643934250665324,0.038186566284398385
3,Usp18,2.0683272,-0.03613664,0.03860927130900435,0.04130886415778698
3,Gimap8,2.0460105,0.0802887,0.04075534128867016,0.043547538583809615
3,Eps8l1,2.0221672,-0.023840334,0.04315907773689531,0.04605527900608171
3,Rap1b,1.998324,-0.04911099,0.045681543967829495,0.04871496667706735
3,Fmn1,1.948384,0.0012064483,0.05136902277972905,0.05470817790460967
3,Clca3a1,1.9230143,-1.2132535,0.054478252675497635,0.05798144740134984
3,Foxo1,1.9100024,-0.05805639,0.05613291639066549,0.059703337957809466
3,Mdfic,1.899898,-0.60803425,0.057446504938677256,0.06102045252818239
3,Serpina3f,1.8181913,0.05021457,0.06903489186153548,0.07313820679256078
3,Il1b,1.785407,-0.5538651,0.07419533813954027,0.07855407210335139
3,Phf11b,1.7768291,-4.357653,0.07559635139387913,0.07998518066593081
3,Nlgn2,1.7108241,0.09147628,0.08711358188289008,0.09199103503518731
3,Serpinb9,1.7067534,0.018791543,0.08786790739770665,0.09272722563375418
3,Runx3,1.7013013,0.16171688,0.0888864074602716,0.09374106170387551
3,Bcl2l11,1.618359,-0.23499241,0.10558526379719513,0.11127959576286582
3,Serpinb9b,1.5952426,0.014940431,0.11065798488754014,0.11655016330362994
3,Hes1,1.5736529,1.0528519,0.11556771650063007,0.12164233365608175
3,Samd9l,1.5663836,-0.019175062,0.11725883462388388,0.12334230204924751
3,Dnajc18,1.5531535,0.07206689,0.12038645766099276,0.12646815694697555
3,Plk2,1.5202237,-0.73248976,0.12845475795019287,0.13476948085071982
3,Ypel3,1.4947813,-0.11608947,0.13497154051784607,0.14142366842373794
3,Cfb,1.4743546,-1.6808491,0.14038614493777807,0.14700214789481988
3,Nr4a3,1.4520379,0.2113586,0.14649106474949253,0.15329581098301734
3,Socs2,1.3951194,0.06631068,0.1629798136969417,0.17033070735595324
3,4933415A04Rik,1.3661878,-0.39803046,0.1718800389240822,0.1795166922954677
3,Tnfrsf8,1.260129,0.501247,0.20762282337097793,0.216012969536707
3,Pdpn,1.2289438,-1.35755,0.2190928687255449,0.22765447346113632
3,Tnfsf15,1.1595223,-0.6561478,0.24624337763264426,0.2555385531158983
3,2610035D17Rik,1.1012954,-0.019310376,0.27076814066212185,0.28062998348495954
3,Gm5431,1.0831221,-0.58248955,0.2787542107616693,0.28853818114577384
3,Gm4951,1.0652397,-1.3073004,0.28676746078861104,0.2964543157419548
3,Pdgfa,0.964851,-0.34517908,0.334619435994162,0.3452625478260374
3,Tcp11l2,0.79082453,-0.2794039,0.42904638092174563,0.4407303545630598
3,Scin,0.7831918,0.5587599,0.433514482731852,0.4450382854373822
3,Irs2,0.75949395,-0.34023273,0.44755711909075624,0.4588733547188411
3,Ifit2,0.75476897,-4.1573243,0.4503876322731617,0.4614837268143198
3,Asb13,0.69748706,0.020371774,0.4854980435940397,0.4965181757311049
3,Cystm1,0.69341624,-0.16361316,0.4880483665909574,0.49881187814148265
3,Epha2,0.6886912,0.040770475,0.49101760155173657,0.5015305728695949
3,Jakmip1,0.66695607,-0.0646612,0.5048001840932728,0.5149596846536405
3,Ackr1,0.61599845,0.9752735,0.5378955360442583,0.5473441401905815
3,Oasl1,0.57121974,-0.68224394,0.5678507129414545,0.5767400478340884
3,Mast4,0.5702747,-0.49859434,0.5684913887685213,0.5770294321542814
3,Tnfsf8,0.37538543,0.46816698,0.7073738466376782,0.7153119571361061
3,1700016F12Rik,0.32777166,0.14001055,0.7430843157457541,0.7504873973472062
3,Dab2ip,0.284156,-0.055714514,0.776290829710183,0.7835368548786041
3,Trpm2,0.23843226,-0.72211254,0.8115458509113874,0.8186115486183273
3,Cd40,0.18565731,,0.8527135058003558,0.8596030493525029
3,Dcstamp,0.1816592,-1.3724799,0.8558501783584642,0.8622291858990242
3,Dand5,0.15403596,-0.030820874,0.8775813808219185,0.8835735566065498
3,Krba1,0.1496017,0.0028269102,0.8810788645144272,0.8865446142942934
3,Pglyrp1,0.117180735,-0.7170999,0.906716835829606,0.9117760122229517
3,Efna5,0.10831221,0.2797386,0.9137480338432747,0.9177085516370227
3,Casp12,0.080180116,-1.1229761,0.9360940044995062,0.9395696010508657
3,Arid4b,0.06244308,-0.0007409368,0.9502099873593771,0.9531481753227642
3,Pdgfb,0.026896322,-0.66579676,0.9785424272972366,0.9785424272972366
3,Tnfsf10,-0.048340686,,0.9614447294287158,0.9620378477072037
3,Gm17590,-0.050666854,0.2846319,0.9595909888238053,0.9607756690569211
3,Slfn5,-0.052774943,-1.9317516,0.957911224836771,0.9596862301947144
3,Atp6v1g2,-0.061279997,-0.17050728,0.9511362202456392,0.9534876076875319
3,Tspan13,-0.10874837,-0.1740191,0.9134020747611842,0.9177085516370227
3,Slc14a1,-0.33947518,-1.4894608,0.734251779737179,0.7420289013917161
3,Spred3,-0.37887466,-0.13268892,0.7047809329484077,0.713134543507372
3,Batf2,-0.4338304,-1.9983274,0.6644116041495806,0.672706380730724
3,Npy,-0.46559712,-1.5541809,0.6415038927652562,0.6499183723080859
3,Ms4a4b,-0.5542823,-0.9392293,0.5793856578418655,0.5873522106371911
3,Ctsa,-0.56067926,-0.49296048,0.5750162023265861,0.5832872296270937
3,Nfkbiz,-0.5944814,-0.08596453,0.5521901771995901,0.561185756527403
3,Ctsc,-0.5948449,-0.51742834,0.5519471736025161,0.561185756527403
3,2900089D17Rik,-0.61832464,-0.6827387,0.5363613702798787,0.5461256387909375
3,Ifi47,-0.6194877,-0.035104997,0.5355951139696273,0.5456879867203113
3,Agap1,-0.64652944,0.56185555,0.5179365504354159,0.5280283374017879
3,Clec4d,-0.6672469,-0.59572595,0.5046144654920327,0.5149596846536405
3,Ephx2,-0.6996678,-1.4554968,0.48413477220779433,0.4954363410227397
3,Rhobtb2,-0.701994,-0.008178056,0.4826829071394101,0.49426242132583537
3,Spp1,-0.7629832,-0.40864304,0.4454734009273371,0.4570258420646052
3,Igtp,-0.86787885,-0.36825117,0.3854606428087195,0.39620859482619963
3,Myct1,-0.87885547,-1.1470044,0.3794796372431106,0.3903081620851778
3,Apol7c,-0.8998637,,0.36819279341756006,0.37893953738786956
3,Ralgds,-0.9390451,-0.92374974,0.34770759350913016,0.3580836296328947
3,Rnase4,-0.9526386,-0.84393394,0.34077319325796607,0.35116526014258
3,Col1a2,-0.96128905,-0.85683966,0.3364068385495538,0.346886136126749
3,Ifi44,-0.9799711,,0.32710037624059274,0.33771916630314536
3,Camk1d,-0.9993801,-1.1448808,0.3176106039373443,0.3281301908193455
3,Trim46,-1.0711279,-0.089360006,0.28411195207628015,0.293896419813601
3,Fam171a2,-1.086466,-0.10987646,0.27727287005225976,0.2871881195560443
3,Ifi27l2a,-1.1149616,-1.5102228,0.26486688837567285,0.27468931773998806
3,Cd36,-1.2200027,-1.2035347,0.22246388365799663,0.2310092313017097
3,Gm43920,-1.2447182,-0.02059381,0.2132353705607556,0.2217101096471446
3,C5ar1,-1.269579,-0.6300382,0.20423460584211206,0.21262421737863013
3,Tfr2,-1.2737952,-0.2690036,0.20273598608752597,0.21119959501218183
3,Bbs12,-1.3007643,0.0075661493,0.19333915459415463,0.2015399156502049
3,Tbc1d8,-1.3411088,-0.34141207,0.17988514508233355,0.18763582335919293
3,Ctsg,-1.3438711,-0.45349678,0.1789900792384519,0.1868223349580238
3,1700102P08Rik,-1.4508021,-0.06638679,0.14683496575289973,0.15355661795693318
3,Ccl5,-1.4968166,-1.4049177,0.13444097262385943,0.14095879611887524
3,Irf7,-1.5519178,-1.1687613,0.12068190198835993,0.1266964692719222
3,Isg15,-1.5546801,-1.3231523,0.1200222790994149,0.12616729533327994
3,Egr2,-1.7721041,-1.5834457,0.07637727222599458,0.08070614693847766
3,Gm15880,-1.7723222,-1.5645998,0.07634108547780218,0.08070614693847766
3,Zfp358,-1.8425435,-0.06369228,0.06539570088355014,0.06932799139419497
3,Ehd3,-1.8768544,-1.6930332,0.060538051186996546,0.06422022173009051
3,Lgalsl,-1.8943734,-0.95783514,0.05817546955719279,0.061754326977596016
3,Ccl22,-1.9070946,,0.056508338962331234,0.06006325412640974
3,Oas1b,-1.9781154,-0.31723154,0.04791568698844086,0.05106389244103225
3,Mgll,-2.03169,-0.28788462,0.04218505005276908,0.045045524151146446
3,H2-DMb1,-2.053716,-0.85196644,0.04000319717368181,0.04277204074865649
3,Hba-a1,-2.0699265,-2.9173064,0.038459239026781535,0.04117550211316148
3,Bnip3,-2.1833272,-0.2678892,0.02901173102464251,0.03114297003439454
3,Sv2a,-2.259073,-0.12529339,0.023878847669531803,0.02566699199468561
3,Xaf1,-2.279863,-0.7442265,0.02261581058005393,0.024325493873241028
3,Phf11c,-2.306832,-0.10006499,0.021064182508251414,0.022671601876830653
3,Klhl20,-2.3327835,-0.09208909,0.01965951600602015,0.021173794795328476
3,Cst3,-2.3619332,-0.33961615,0.018179917507398488,0.019606267418218318
3,Nrgn,-2.3633506,-1.1145697,0.018110521676187565,0.019544421928660165
3,Cd68,-2.3641868,-1.416391,0.018069704768336484,0.019513356281119693
3,2900026A02Rik,-2.379525,-0.20120125,0.01733497406065081,0.018732397019570697
3,Gzmc,-2.4120185,-0.40085077,0.015864475812068343,0.0171547865114499
3,Il4i1,-2.442186,,0.014598622508989124,0.01579650814515034
3,Chga,-2.46443,0.69838846,0.013723136701677968,0.01486902319981407
3,Tmem154,-2.4839842,-0.5920012,0.012992151755599202,0.014095832874636727
3,Btg2,-2.5417025,-0.44377947,0.01103140547688173,0.011992586919237377
3,Fpr1,-2.5656183,-1.370748,0.010299208800616279,0.01120410239745111
3,Nos2,-2.5906973,-1.7015048,0.009578169263130543,0.010426705063622645
3,Stfa2,-2.592442,-1.5344298,0.009529726235366694,0.01038093751092329
3,Kank2,-2.6025462,-0.20159394,0.009253433470121145,0.01009352326061634
3,Cd83,-2.6823628,3.879276,0.00731041102985074,0.007979466144291993
3,Mmp9,-2.696102,-1.4620051,0.007015621648934588,0.007662854083886803
3,Gbp5,-2.7268507,-4.0234137,0.006394193143012521,0.006988801400246839
3,Hbb-bs,-2.7278686,-2.0464954,0.006374500156501977,0.006971975221743902
3,Crispld2,-2.753093,-1.3703703,0.0059035131877264845,0.006461199993584587
3,Slfn2,-2.7647238,-0.5895684,0.005697101257775049,0.006239499149298534
3,Lca5l,-2.8218603,-0.25098103,0.00477459700895298,0.005232700235487658
3,Zdhhc8,-2.8312376,-0.1812294,0.0046368251832324455,0.005085145670860735
3,Stau2,-2.844613,-0.13354382,0.004446539128155238,0.004881988263859084
3,Serpine2,-2.903567,-1.301361,0.0036893805690777497,0.0040570679885044815
3,Helz2,-2.9159248,-0.3030464,0.0035463603604939534,0.003902439962497417
3,Gcsam,-2.920359,-0.28971213,0.003496283727091131,0.003849947186246989
3,Lad1,-2.946383,,0.0032151402013825786,0.003542769977338684
3,Abtb2,-3.0226376,-0.56867087,0.0025058203876594503,0.0027630460018923373
3,C1qb,-3.0906782,-2.4738855,0.00199699976190882,0.002204992249023898
3,Hba-a2,-3.099474,-3.8608437,0.0019386461774939848,0.002142019141618013
3,Sema6d,-3.1414905,-1.4306865,0.0016809033222915306,0.001858503877816539
3,Cd93,-3.1741295,-0.30658275,0.0015028665988597119,0.0016639246575771008
3,Serpinb6b,-3.2010257,-1.4603612,0.0013693929433928277,0.001517182618977573
3,Hilpda,-3.2051692,-0.15358733,0.0013498308911894798,0.0014965315827131485
3,Dok4,-3.3151171,-0.16201513,0.0009160476252088526,0.0010204871209400816
3,Hcar2,-3.3329632,-1.0432857,0.0008592633440706386,0.000959865801709763
3,Igf1,-3.3809404,-1.6847161,0.0007223822736528275,0.0008086294326189691
3,Gm43549,-3.397078,-0.25372544,0.0006810951846784086,0.0007629394955444605
3,Mfsd9,-3.4100902,-0.15571374,0.0006494141422139626,0.0007279542077892517
3,Arhgap35,-3.415324,-0.14714907,0.0006370618215085886,0.0007146018495760239
3,Rasal1,-3.4532697,-1.3937026,0.0005538351227550912,0.0006216751343313204
3,Spry1,-3.4661362,-1.4414146,0.0005279956405812194,0.0005930809757775193
3,Gata3,-3.4868536,-0.42015705,0.0004887386608697043,0.0005493652861612338
3,Oas3,-3.4895434,-0.72406644,0.00048384663091876907,0.0005442435751388651
3,Cx3cl1,-3.56747,-1.6772883,0.0003604446868985257,0.00040684849140529484
3,Cp,-3.574521,-0.7433978,0.00035086944167656345,0.00039631631921962807
3,Adam23,-3.5966926,-0.45554495,0.0003222891610961285,0.0003642878183260769
3,Slc31a2,-3.6212626,-0.8465496,0.0002931687481692664,0.0003318351078370901
3,Arhgef3,-3.6280956,-0.37476766,0.00028551940838930705,0.00032340257011693855
3,Thbs1,-3.6376185,-0.88081485,0.000275170629589408,0.00031189850537667347
3,Kit,-3.709875,0.4375489,0.00020736153910419223,0.00023569755881359483
3,Ccr7,-3.7265944,,0.00019408439156532844,0.0002207607876009556
3,Zfpm1,-3.7409875,-1.5417856,0.00018329857935535314,0.00020878532002414522
3,Gpr171,-3.7952163,-0.39451823,0.00014751474387095947,0.00016826224652510284
3,Emp1,-3.8225489,-1.7381159,0.0001320792970680891,0.00015076187181171043
3,Cul7,-3.8388321,-0.27796254,0.0001236209572458818,0.00014140563656757425
3,Maf,-3.8438478,-2.1052365,0.00012112012112442553,0.000138642792141015
3,Rgs11,-3.8469737,-0.2837997,0.00011958583633524623,0.0001369832108303456
3,Trp53inp2,-3.90222,-1.0093526,9.531441635620192e-05,0.00010925793874894665
3,Smox,-3.903674,-0.9957521,9.474338654587904e-05,0.00010868017890906352
3,Fscn1,-3.9562309,,7.614158631392557e-05,8.752774840622769e-05
3,Sema4b,-3.990033,-0.2329955,6.60641082768972e-05,7.60510884493451e-05
3,Sdc3,-4.0220904,-2.8457558,5.768388729053091e-05,6.64511826599724e-05
3,Sdc4,-4.105469,-2.8890736,4.034952439938009e-05,4.6581443826188265e-05
3,Mecom,-4.1197166,-1.3029752,3.793382411826145e-05,4.382383384602569e-05
3,Oas1c,-4.1271315,-0.177352,3.6731632344113505e-05,4.246522285256743e-05
3,Bhlhe41,-4.194445,-1.6390605,2.7354047906050867e-05,3.173695686953827e-05
3,Epha10,-4.197062,-0.138681,2.7039996805060944e-05,3.14175321044476e-05
3,Gria2,-4.205058,-1.4414471,2.610150172630593e-05,3.0348842867432416e-05
3,Entpd3,-4.2201056,-2.2942004,2.4418794022406906e-05,2.841268572764993e-05
3,Marcks,-4.2380605,-1.3644874,2.2545883692235776e-05,2.6252278068059174e-05
3,Daxx,-4.280586,-0.24841459,1.864018795203627e-05,2.1735718805321947e-05
3,Cacnb3,-4.3111167,-8.250005,1.624319932778308e-05,1.8954294467384286e-05
3,Rps27rt,-4.3211484,-0.49587366,1.5521915614060068e-05,1.81256638776137e-05
3,Gimap1os,-4.3319798,-2.7643006,1.4777454877691487e-05,1.726875490750403e-05
3,Atp6v0d2,-4.3556776,-1.7280663,1.3265592520009849e-05,1.5524380279549765e-05
3,Tlr3,-4.4711137,-4.4553494,7.781332126899632e-06,9.139261918777121e-06
3,Amn1,-4.481872,-0.12176821,7.399104884928735e-06,8.70293554993068e-06
3,Napsa,-4.4951024,-0.3498649,6.953651245216747e-06,8.184921857577333e-06
3,Sh2d3c,-4.5081143,-0.45139715,6.540634207075299e-06,7.709962706305332e-06
3,Slc27a4,-4.576809,-0.93267286,4.721222560797266e-06,5.573379180213367e-06
3,Mmp12,-4.5929465,-1.9197496,4.370306195311998e-06,5.166644787752231e-06
3,Stat2,-4.742621,-0.4906157,2.1097059445335417e-06,2.5087558959189183e-06
3,Tgm2,-4.760213,-1.743205,1.933889579561445e-06,2.3013711651127392e-06
3,Meis1,-4.7806396,-0.966361,1.7473849740044714e-06,2.084013549878862e-06
3,Apobec1,-4.826654,-0.85469484,1.3884605573006638e-06,1.6571619013551704e-06
3,Fgf11,-4.897602,-0.4284898,9.701322595027376e-07,1.1595832902825647e-06
3,Slfn4,-4.9090147,-1.8448789,9.153503772627413e-07,1.0949102595281464e-06
3,Aqp1,-4.954884,,7.237345158821251e-07,8.663449334028095e-07
3,Camk1,-5.071483,-0.42348146,3.9472713168357037e-07,4.73906297254442e-07
3,Pla2g7,-5.0873303,-1.9586447,3.631392342180487e-07,4.363050651123519e-07
3,Phlda2,-5.1327996,-1.3285027,2.8546390419039987e-07,3.4323384180639627e-07
3,E130102H24Rik,-5.141123,-0.42273703,2.7310139213772067e-07,3.286130994416787e-07
3,Stfa3,-5.141777,-1.695352,2.721518953740565e-07,3.277137151423308e-07
3,Col9a2,-5.161913,-2.389587,2.444389115495025e-07,2.9456160069338265e-07
3,Wdr59,-5.16264,-0.22321303,2.4349124983981924e-07,2.9363777489976715e-07
3,2610301B20Rik,-5.1883006,-0.17482781,2.1222199666941953e-07,2.5611910609955245e-07
3,Stat1,-5.208836,-0.40808696,1.9002881112871745e-07,2.2950612930065504e-07
3,Tbc1d4,-5.2152696,-0.60556304,1.8355020028700974e-07,2.2184681435583441e-07
3,Slfn1,-5.2481265,-2.8744812,1.536536943209722e-07,1.858510754575816e-07
3,Irf9,-5.256995,-0.34567466,1.4642819663593681e-07,1.7724368279364891e-07
3,S100a4,-5.2657185,-1.5221963,1.39642309811746e-07,1.6915595706844808e-07
3,Pkib,-5.2786574,-0.62674564,1.3013373934192414e-07,1.5787354166985862e-07
3,Grap,-5.2893434,-0.62779266,1.2275623170348152e-07,1.4903488609509506e-07
3,Gadd45g,-5.32489,-1.0685458,1.0101406142530229e-07,1.2282219462656695e-07
3,Il2ra,-5.343354,-2.1257226,9.124226391127594e-08,1.1102397004057732e-07
3,Zfp963,-5.456319,-0.16513494,4.861071950631949e-08,5.9283148149812186e-08
3,Hk1os,-5.4624248,-0.31233308,4.696743458817485e-08,5.7322181265627994e-08
3,Ahr,-5.476745,0.016026359,4.3321998674405556e-08,5.29527368876306e-08
3,Sp100,-5.4980445,-0.49325734,3.840264309271678e-08,4.697517880572143e-08
3,Rps6kl1,-5.547112,-0.8914893,2.9042683090241728e-08,3.5579480341670755e-08
3,Top2a,-5.558016,-0.8259141,2.728586205771007e-08,3.345250813122127e-08
3,Pilra,-5.564631,-1.0441345,2.6270788558168692e-08,3.223238959254888e-08
3,Kdr,-5.601341,-3.3960922,2.1270016785037593e-08,2.6156154075307792e-08
3,Cd22,-5.6837015,-1.0587608,1.3181015735487387e-08,1.6221250017420745e-08
3,Msr1,-5.6847196,-2.6241176,1.3102766793036286e-08,1.613719646036815e-08
3,Cd200r2,-5.7106705,-2.187784,1.1253183864696678e-08,1.389091646007459e-08
3,Ptafr,-5.7246275,-1.0634469,1.0366083874400363e-08,1.281538722886996e-08
3,Mmaa,-5.726881,-0.45282984,1.0229379154793377e-08,1.2656028214397297e-08
3,Mirt1,-5.7272444,-0.5926605,1.0207494742981093e-08,1.2638592727568956e-08
3,Dhrs9,-5.7392387,-1.3259487,9.510298405718051e-09,1.178434225674154e-08
3,Zfp467,-5.7537045,-1.5908802,8.730858346600916e-09,1.0826798347237527e-08
3,0610009L18Rik,-5.8869505,-0.34731779,3.933862561100513e-09,4.885700669299412e-09
3,Mllt3,-5.8907304,-0.44448912,3.844918916054828e-09,4.778895388383855e-09
3,Bcl2a1b,-5.957099,-2.5536213,2.5675455544162128e-09,3.1936801298029888e-09
3,Rbp1,-5.958989,-3.8472214,2.5380299857562288e-09,3.1593895908646228e-09
3,Gbp7,-5.9636416,-0.5764851,2.466777102712902e-09,3.0730510450079317e-09
3,Irgm2,-6.014163,-0.72949415,1.8081858720273253e-09,2.2560596034064014e-09
3,Ear6,-6.015617,-2.0791798,1.792030600087326e-09,2.237624044142912e-09
3,Lipa,-6.036698,-0.735742,1.5730002547778836e-09,1.9656443861708223e-09
3,Gmpr,-6.057124,-0.79637986,1.3857646922188109e-09,1.7330071941240643e-09
3,Cd7,-6.070936,,1.2716688827120115e-09,1.5915485553695082e-09
3,Arg1,-6.075225,-3.6694705,1.2381411427888547e-09,1.5507837325123725e-09
3,Pcsk9,-6.09427,-0.99902576,1.0993773339252622e-09,1.3780448497888527e-09
3,Prnp,-6.0975413,-0.9637252,1.077121480334682e-09,1.3511918337995777e-09
3,Fam167a,-6.098341,-2.2806222,1.0717483373688938e-09,1.3454921077494936e-09
3,Trdc,-6.103357,,1.0386353365171361e-09,1.3049314607519713e-09
3,Arpp21,-6.10372,-1.4274857,1.0362749934812172e-09,1.3029752243616545e-09
3,Cd33,-6.1058283,-0.8486735,1.0226877955549355e-09,1.2868887543755668e-09
3,Epb41l3,-6.1207304,,9.314732497672993e-10,1.1730198844119252e-09
3,Gimap4,-6.137232,-1.7342497,8.397183461423603e-10,1.0582930516261914e-09
3,Ltb,-6.149953,-1.0744455,7.750591045818927e-10,9.775628830729626e-10
3,Nlrp6,-6.2098517,-4.2716885,5.303458098884725e-10,6.694326098358773e-10
3,Ing1,-6.266843,-0.33159143,3.684413808861246e-10,4.657926109098161e-10
3,Ctxn1,-6.271568,-0.9359085,3.574301552362941e-10,4.5222442417571693e-10
3,Cd52,-6.272586,-1.194817,3.551009058691318e-10,4.496281571582605e-10
3,Mir99ahg,-6.289741,-0.60974896,3.179957004952504e-10,4.032752354990588e-10
3,Ccr9,-6.339972,,2.2980710327582363e-10,2.916644143297229e-10
3,Hivep3,-6.3566914,-0.9793233,2.0614579107590146e-10,2.6183905491394843e-10
3,Selp,-6.363888,-1.8987975,1.9670986146652503e-10,2.500496828359746e-10
3,Fgf3,-6.4192796,-2.020432,1.369206556596183e-10,1.7418455174894185e-10
3,Cdc42ep2,-6.44763,-2.0107887,1.1361281564873939e-10,1.447603982578596e-10
3,Vsir,-6.4652944,-0.58635473,1.0110191405562643e-10,1.292256143406037e-10
3,Tmem191c,-6.4709644,-0.7057378,9.737948377387634e-11,1.245658696224191e-10
3,Rem2,-6.481214,-0.5485881,9.098756020199234e-11,1.164813122712167e-10
3,Arntl,-6.4921904,-0.241101,8.459717705408844e-11,1.0847163729781142e-10
3,Gm10330,-6.5004773,-0.34768435,8.00654660234956e-11,1.0274223567255527e-10
3,Spsb1,-6.5030217,,7.872241199056953e-11,1.0109877454370846e-10
3,Ms4a4c,-6.5211225,,6.978328189371198e-11,8.968976484278988e-11
3,2410018L13Rik,-6.532244,-0.36302957,6.479138344851425e-11,8.340605075673819e-11
3,Aldoc,-6.5789857,-0.58475477,4.736683861779012e-11,6.116959573093596e-11
3,Fcer2a,-6.6249275,-0.9491778,3.474186415941274e-11,4.4973107475313216e-11
3,Eno3,-6.6966023,-0.3473769,2.1332074324438134e-11,2.7658372945034898e-11
3,H2-M2,-6.734839,-3.9611413,1.6411159640356958e-11,2.1329247545399828e-11
3,Klhl24,-6.7397094,-0.36052907,1.5870374964082218e-11,2.064294161326492e-11
3,Nrip1,-6.7723484,-0.7234229,1.2670852992696255e-11,1.6494481183108608e-11
3,Sipa1l1,-6.804333,-0.5818188,1.015183047364433e-11,1.3225918898193658e-11
3,Gm19705,-6.8064413,-1.518785,1.0004250168252972e-11,1.3044126827095112e-11
3,Mt2,-6.82098,-1.0113664,9.04216056110157e-12,1.1799182968710175e-11
3,Rfx2,-6.8419156,-0.6597465,7.81412359635958e-12,1.0204918255471208e-11
3,Ear2,-6.8421335,-1.1313783,7.8022338130883e-12,1.0197601325406302e-11
3,Trp53inp1,-6.9219503,-0.43137494,4.454680897716433e-12,5.836423599431384e-12
3,Klrd1,-6.9231133,,4.418243877174848e-12,5.793364243150851e-12
3,Plod2,-6.9530625,-1.1701615,3.5743990413721767e-12,4.690675764648601e-12
3,Abcg1,-6.963894,-1.6713992,3.309940451410929e-12,4.347144463310548e-12
3,Lynx1,-6.966656,-3.515182,3.245625665431881e-12,4.266130331710301e-12
3,Nfkb2,-7.010272,-0.5173679,2.378555408272728e-12,3.1315072014759457e-12
3,Mitf,-7.0124526,-0.2988318,2.3417618382081104e-12,3.085570837996389e-12
3,Steap4,-7.0245924,,2.146922042551884e-12,2.831144352048094e-12
3,Nsg2,-7.037532,3.636311,1.9567514444461585e-12,2.5824661048752395e-12
3,Timp2,-7.0416026,-1.932268,1.9004145504616506e-12,2.5101566782156327e-12
3,Pex11g,-7.0637736,-0.2990979,1.6204055579335446e-12,2.142052008939046e-12
3,Fstl1,-7.090961,-1.9504987,1.3318407224279505e-12,1.7649065782501108e-12
3,Dntt,-7.143663,,9.087600962155686e-13,1.2062265761551982e-12
3,Trib3,-7.151514,-0.5218238,8.582604786003348e-13,1.1401298085911081e-12
3,Atp1b2,-7.21512,,5.388642207255938e-13,7.170121132214217e-13
3,Ly6d,-7.278508,,3.3753191499514157e-13,4.4948831372916224e-13
3,Ntng1,-7.3316464,,2.2734206631613316e-13,3.0299821821262775e-13
3,Gng11,-7.346185,-1.1716797,2.039439260623034e-13,2.720370461127106e-13
3,Gstt1,-7.371773,-1.6607122,1.6837362417698777e-13,2.249604764539326e-13
3,Rasgef1b,-7.426147,-1.750592,1.1180663531159888e-13,1.4975257016962296e-13
3,Il17re,-7.430436,-5.5284095,1.0824030359660747e-13,1.450956796972705e-13
3,Gm37867,-7.432399,,1.0664577206506428e-13,1.4307646177794399e-13
3,Rgl1,-7.4360332,-1.9195876,1.0375366513441034e-13,1.3931162652981255e-13
3,Pik3ip1,-7.454788,-0.8101922,9.001240144482216e-14,1.2096115587696897e-13
3,Jchain,-7.474197,,7.767668127074818e-14,1.044706277123993e-13
3,Zfp365,-7.4785585,-1.9167771,7.514219306169427e-14,1.0114575696769138e-13
3,Rab15,-7.5168676,-1.4045974,5.61041445495069e-14,7.564498957547813e-14
3,Ppfibp2,-7.5183215,-0.43156946,5.548391208871899e-14,7.487096955732297e-14
3,Myo1f,-7.5313334,-0.7557178,5.022470808297716e-14,6.783053831023226e-14
3,Ccl24,-7.57066,,3.713318188961907e-14,5.0191684187468444e-14
3,Ckap2l,-7.5785837,-0.9586558,3.4934711645862814e-14,4.72594681314341e-14
3,Map3k14,-7.5794563,-0.6495554,3.4700644516734776e-14,4.6982007851539076e-14
3,Ly6a,-7.5836725,-1.683624,3.3590885440598566e-14,4.5517473838471906e-14
3,Nos1ap,-7.610714,-0.41845343,2.7258573299548784e-14,3.696773067881951e-14
3,Hmga2,-7.6189284,-1.4289842,2.5579044131289374e-14,3.471900383343211e-14
3,Ceacam1,-7.6628346,-1.0806499,1.8187329692916282e-14,2.4748195270058903e-14
3,Cmpk2,-7.67701,-2.038499,1.6284492682528507e-14,2.2196174059715326e-14
3,Tgif1,-7.681735,-0.45878065,1.5694840471415063e-14,2.141045520995394e-14
3,Dst,-7.69024,-1.1839218,1.4685936935890042e-14,2.0051001439405426e-14
3,Gfod2,-7.7209163,-0.5111744,1.1549640959358951e-14,1.578223895204736e-14
3,Ifi204,-7.7414885,-2.192098,9.825972468694967e-15,1.3438218671351803e-14
3,Cadm1,-7.747231,-1.966025,9.391797758862502e-15,1.285527085643458e-14
3,Slfn8,-7.7707834,-1.9395447,7.800212070515982e-15,1.0694796262364263e-14
3,Tspyl1,-7.8507457,-0.3261816,4.135713170830983e-15,5.680039596179385e-15
3,Ctr9,-7.932089,-0.46383208,2.1549036080990705e-15,2.967108363613491e-15
3,Hid1,-7.9787574,-1.5431076,1.478136616121015e-15,2.040457524551733e-15
3,Pcmtd2,-7.9850817,-0.30402824,1.404291953960356e-15,1.940171677447783e-15
3,Fabp4,-7.9866085,-2.580616,1.387019039610805e-15,1.91794107608587e-15
3,Tmcc3,-7.9927874,-1.0582892,1.319217310971013e-15,1.8273018602860662e-15
3,Fgd5,-7.998021,,1.2643473590665523e-15,1.752796082398246e-15
3,Tmcc1,-7.9993296,-0.7344132,1.250984963341758e-15,1.7357550132936966e-15
3,Itgam,-8.014013,-1.3153701,1.1102453036369995e-15,1.5417961322767238e-15
3,Gm20257,-8.039238,-0.39810517,9.039894545469698e-16,1.2564446403386332e-15
3,Ccdc189,-8.054939,-0.67754835,7.951812608101975e-16,1.1061612393088683e-15
3,Trim34a,-8.057193,-0.6131204,7.806635312380253e-16,1.087831827893537e-15
3,Stxbp6,-8.06359,-4.8840523,7.408597392771959e-16,1.033254081777826e-15
3,Sirpb1b,-8.064463,-4.6932993,7.355892575462954e-16,1.0267863818761541e-15
3,Phlpp1,-8.134029,-0.7636493,4.15252351586992e-16,5.801372215969863e-16
3,Siglech,-8.1548195,-1.2649997,3.497021608083012e-16,4.889800903716073e-16
3,Cxcl16,-8.180843,-4.9160504,2.818640899314391e-16,3.9446380834235914e-16
3,Myof,-8.214427,-2.469972,2.1317897882376087e-16,2.9885592364057053e-16
3,Tie1,-8.220897,-1.2152839,2.0198655038401422e-16,2.834101943969473e-16
3,Car1,-8.276725,,1.266090297189445e-16,1.7780073264426665e-16
3,Adtrp,-8.283921,-0.681931,1.1918398057485995e-16,1.6751855848563503e-16
3,Ifit1bl1,-8.289592,,1.1363783854895133e-16,1.598617295111874e-16
3,Col4a1,-8.297007,-4.888894,1.0676762698640701e-16,1.5032733591315292e-16
3,Cyth1,-8.330954,-0.44974896,8.019354075608478e-17,1.1310775922293001e-16
3,Gzma,-8.34542,,7.096137353362934e-17,1.0017349684207728e-16
3,Pmepa1,-8.35974,-2.758103,6.285649363096848e-17,8.888686370482205e-17
3,Snap47,-8.405173,-0.8361937,4.272305014978615e-17,6.052121165323418e-17
3,Ulk1,-8.411025,-0.3301643,4.064430828791735e-17,5.76268077298968e-17
3,Ghr,-8.439266,-0.55856913,3.1933624324031274e-17,4.535581318176771e-17
3,Igha,-8.477139,,2.3079901424649814e-17,3.2809465478336547e-17
3,Slc15a3,-8.573675,-2.5077708,1.0023398747892985e-17,1.427388302816718e-17
3,Noct,-8.577382,-0.6109342,9.705654237055614e-18,1.3833542330847281e-17
3,Gdf15,-8.594029,-1.4847845,8.397179957747646e-18,1.1979090493814145e-17
3,Ncoa7,-8.625578,-0.62267363,6.376993161965783e-18,9.113200800624228e-18
3,Rpgrip1,-8.656763,-0.59249437,4.853509087128241e-18,6.942144390936515e-18
3,Asprv1,-8.672464,-3.4645922,4.228665833122295e-18,6.0537475563321816e-18
3,Atf3,-8.6729,-2.6092277,4.21249393212805e-18,6.0359232843742906e-18
3,Tmem121,-8.675372,-1.8387414,4.12199982707756e-18,5.911479858107694e-18
3,Cd86,-8.67937,,3.979659140005765e-18,5.712395685919779e-18
3,Spib,-8.689911,,3.627242424132759e-18,5.211148991978153e-18
3,Ak1,-8.756788,-2.1539557,2.0089278631458182e-18,2.893855234478257e-18
3,Zbtb5,-8.778014,-0.3734021,1.663859674098254e-18,2.401050170273459e-18
3,Pla1a,-8.779032,-1.5317599,1.6488746365489641e-18,2.3815446665026e-18
3,Xcl1,-8.861684,,7.881489487909026e-19,1.1393739705337291e-18
3,Tmem151b,-8.864664,-0.9943594,7.673500264742474e-19,1.1102959348271449e-18
3,Lox,-8.86481,-3.7728994,7.663494320723829e-19,1.1098381953762544e-18
3,Ctsk,-8.8893795,-2.6688821,6.145098844192418e-19,8.907372944843702e-19
3,Sgk1,-8.901592,-1.4765942,5.50512543129601e-19,7.986863550592243e-19
3,Rtp4,-8.903119,-5.07124,5.429908497458193e-19,7.884791032119238e-19
3,Mn1,-8.905518,,5.313756684640049e-19,7.723040629467885e-19
3,Itgax,-8.914095,-2.413722,4.918153364486765e-19,7.154479602867743e-19
3,Zfp503,-8.925144,-2.8257782,4.451175223623609e-19,6.480975056299366e-19
3,Rragd,-8.926889,-2.2213483,4.381559726546038e-19,6.38534580095029e-19
3,Bst2,-9.032439,-0.7625919,1.6788729721159743e-19,2.4621446299928667e-19
3,Ephx1,-9.0411625,-1.6465324,1.5501482015540473e-19,2.2754211610141762e-19
3,Zfp532,-9.070385,,1.1859754872053232e-19,1.7424386234121686e-19
3,Tppp3,-9.074746,-2.7576046,1.1394267991188745e-19,1.6755668795746278e-19
3,Klhl30,-9.08296,,1.0566093175660629e-19,1.5551908467260925e-19
3,Pacsin1,-9.110293,,8.21597693149006e-20,1.2103827959016238e-19
3,A530064D06Rik,-9.123159,-2.4752896,7.296537961573208e-20,1.0759076885156131e-19
3,Tspyl4,-9.198615,-0.6786458,3.625938963892826e-20,5.351476796573397e-20
3,Prdx5,-9.226092,-0.8486944,2.806845442321506e-20,4.1463600249958854e-20
3,Ephb2,-9.23249,-1.2849299,2.6441352630233848e-20,3.9095600698486145e-20
3,Tmem106a,-9.247755,-2.3540134,2.2925705566422135e-20,3.395935564268192e-20
3,Ccdc62,-9.259168,-0.97773445,2.0603173833106154e-20,3.054693597559249e-20
3,5830416I19Rik,-9.307436,-0.5594834,1.3095563860730839e-20,1.9433672993692058e-20
3,Cox6a2,-9.314487,,1.2254330016092658e-20,1.8201944401192574e-20
3,Clec2h,-9.332878,-0.47254997,1.0303415397210169e-20,1.5346317515403942e-20
3,Wdr91,-9.334405,-0.58414376,1.0156025585025872e-20,1.5140692554147027e-20
3,Fpr2,-9.33455,-3.6702125,1.014209768041004e-20,1.5133838489075516e-20
3,Vldlr,-9.344654,-4.0507636,9.218998219771929e-21,1.3769074689198958e-20
3,Spns2,-9.358902,-3.2249324,8.056939345651632e-21,1.2044567390458015e-20
3,Fads3,-9.3658085,-1.9678162,7.547054927474877e-21,1.1292733480040822e-20
3,Serpinb10,-9.378384,-2.0836565,6.699162148172525e-21,1.0033278859035859e-20
3,Gfra1,-9.40608,-4.355291,5.1498639338784924e-21,7.727177891536462e-21
3,Igf2r,-9.427742,-1.9391092,4.190105004836954e-21,6.292916960968092e-21
3,Ctnnd2,-9.453258,,3.2844680499374025e-21,4.941936156770378e-21
3,Pcp4,-9.48139,,2.5091910580203162e-21,3.778930265653624e-21
3,Irgm1,-9.500872,-1.0819937,2.081415207763255e-21,3.1405167134809296e-21
3,Il1rn,-9.501598,-2.2624917,2.0669341867759617e-21,3.1215709971607165e-21
3,Psd3,-9.522824,-1.1475772,1.685349299541007e-21,2.5476575618411122e-21
3,Car2,-9.579816,-4.1245403,9.721838872344772e-22,1.4709722622148526e-21
3,9330020H09Rik,-9.60344,-0.5717503,7.73193304862387e-22,1.170979963106248e-21
3,N4bp3,-9.63797,-1.2222279,5.527024495708298e-22,8.378349282279308e-22
3,Dpep2,-9.654107,-3.5480676,4.722531543583388e-22,7.165524942649445e-22
3,Ermap,-9.683694,,3.5370167834109688e-22,5.381839796146897e-22
3,Trp53i11,-9.701358,-3.9814637,2.975124797675327e-22,4.535387614501297e-22
3,Ampd3,-9.711317,-1.3394216,2.6982843625132633e-22,4.1172316425178865e-22
3,Cxxc5,-9.718078,-1.7287543,2.5250447284460583e-22,3.8565184082292904e-22
3,Meg3,-9.757549,,1.7124309484264416e-22,2.617872759988396e-22
3,Mapkbp1,-9.762201,-0.33364847,1.6356504944986548e-22,2.502853869883791e-22
3,Trim30b,-9.766782,-1.5081285,1.563400153771245e-22,2.3945562317440596e-22
3,Ceacam10,-9.773106,-3.647042,1.4687928254521838e-22,2.2517787928955027e-22
3,Kcnn3,-9.805963,-2.9405277,1.0613006335764706e-22,1.6301416928608288e-22
3,P2rx5,-9.825153,,8.77401446073316e-23,1.3489527445790698e-22
3,Slamf7,-9.82559,-3.6752703,8.736114581875069e-23,1.3444001756927288e-22
3,Prelid2,-9.829806,-0.9865386,8.378003464972592e-23,1.2905148737118275e-22
3,Gm9958,-9.864553,-0.4651149,5.929790935414196e-23,9.142700472663332e-23
3,Zfp658,-9.882362,-1.0903466,4.964818851332709e-23,7.662165724892155e-23
3,Gpr45,-9.916165,-0.8757532,3.541011181669023e-23,5.470019177778244e-23
3,Ltf,-9.92845,-4.087727,3.1308416223808386e-23,4.8410153589148906e-23
3,Pygl,-9.977154,-1.1035918,1.91891461667643e-23,2.969923194894246e-23
3,Abca5,-9.984932,-0.8470399,1.774221151695035e-23,2.7486023954626045e-23
3,Cd96,-10.018952,-6.406716,1.2582939582456701e-23,1.9511977058073394e-23
3,Serpinh1,-10.024768,,1.1863794747524149e-23,1.841442591433892e-23
3,Znfx1,-10.070673,-0.8615974,7.446643910268351e-24,1.1591608850724823e-23
3,Ttc26,-10.073763,-1.0814564,7.216318727400317e-24,1.1243870293797613e-23
3,Mylk,-10.079651,-2.036277,6.79671091823838e-24,1.0600254912867934e-23
3,1700047M11Rik,-10.08394,-7.0781903,6.50637096885619e-24,1.0157202802198981e-23
3,Rgs7bp,-10.100223,-1.3790739,5.511668837293484e-24,8.612646294884423e-24
3,Mcam,-10.111927,-5.720661,4.891280975364131e-24,7.65058605789838e-24
3,Sirpb1c,-10.211298,,1.7648864176096572e-24,2.7658413230559072e-24
3,Serpinc1,-10.215659,,1.6872843775659063e-24,2.646784584537621e-24
3,Prss30,-10.218494,,1.6386657867235955e-24,2.5730066854459553e-24
3,Tpd52,-10.274104,-1.1976234,9.219700926291552e-25,1.451879116742223e-24
3,Clec4n,-10.287334,-3.131968,8.037067085228582e-25,1.2668729652323382e-24
3,Pan3,-10.288061,-0.40541092,7.976633306777218e-25,1.2585699633844987e-24
3,Gm45051,-10.308633,-0.9738982,6.44108306668543e-25,1.0182686875403283e-24
3,Tbc1d20,-10.42138,-0.66912675,1.9805899512848441e-25,3.140290225790828e-25
3,Golim4,-10.427704,-0.7150719,1.8531208217340843e-25,2.9410586818519417e-25
3,St3gal5,-10.452929,-1.3259531,1.4206960523645788e-25,2.259185291113085e-25
3,Sla2,-10.488912,-3.0337052,9.714128053616248e-26,1.546252767710064e-25
3,Ppp3cc,-10.499233,-2.1857011,8.70842606582247e-26,1.3875311472263307e-25
3,Samd10,-10.503086,-0.56590754,8.360118199274962e-26,1.333344318507767e-25
3,Oasl2,-10.504395,,8.244994836448404e-26,1.316277718968436e-25
3,Cbx2,-10.5115185,-1.390974,7.645235178948938e-26,1.2217311783502636e-25
3,Mafb,-10.537251,-5.7414474,5.81739907396014e-26,9.305543686354386e-26
3,9330175E14Rik,-10.538706,-1.996868,5.728175041103921e-26,9.171865663050899e-26
3,Tle6,-10.657049,-0.8742993,1.616441918209704e-26,2.595909694392218e-26
3,Esm1,-10.685617,,1.1885498781782084e-26,1.9106322124926204e-26
3,Ms4a7,-10.686563,-3.9701915,1.1765055042610302e-26,1.8931467538803484e-26
3,Parp12,-10.696449,-1.4756138,1.0575351910959502e-26,1.7033982919142316e-26
3,Retnlg,-10.724945,,7.773361324760951e-27,1.2533192911294496e-26
3,Ly6c2,-10.790804,-1.4870015,3.8044536732744734e-27,6.140123241841986e-27
3,Eme2,-10.822862,-0.5096271,2.6826754682972656e-27,4.333963754559925e-27
3,Paqr5,-10.83631,,2.3162630229263194e-27,3.745741398989521e-27
3,Egln3,-10.877891,-1.5197891,1.4692420940374799e-27,2.3783539685916093e-27
3,Rab11fip3,-10.907912,-0.58968794,1.0565483205599902e-27,1.713721375948304e-27
3,Spag1,-10.985839,-0.4270087,4.470653680516761e-28,7.26593213406632e-28
3,Gm12758,-11.039559,-1.1189306,2.4623896876470033e-28,4.010036218236385e-28
3,Il18,-11.080485,,1.560252040564782e-28,2.5434460399960568e-28
3,Ly86,-11.080558,,1.5589857371777349e-28,2.5434460399960568e-28
3,Tbxa2r,-11.093351,,1.3512821157815786e-28,2.2072302032202625e-28
3,Rras,-11.113124,-1.2245389,1.0830302026373372e-28,1.7708417224574203e-28
3,Gpnmb,-11.120539,-2.5499442,9.966842272747733e-29,1.631303548576874e-28
3,4933427D06Rik,-11.131079,-1.4575523,8.855689290380125e-29,1.450901821110764e-28
3,Mdga1,-11.140165,-1.390772,7.997043282417614e-29,1.3115474422731415e-28
3,Mctp2,-11.14351,-1.0900043,7.702304681332814e-29,1.2644876713686056e-28
3,Ms4a6b,-11.162918,,6.192469333021066e-29,1.0176479491550324e-28
3,Art4,-11.186326,,4.7574242336002206e-29,7.826107613488396e-29
3,Parp14,-11.196067,-1.9222096,4.2624232222421465e-29,7.026067547232481e-29
3,Vcam1,-11.237065,-1.1076659,2.681493043063346e-29,4.433620505452342e-29
3,Nectin4,-11.337454,-1.978403,8.559877605570945e-30,1.419644322723525e-29
3,Sh3bp4,-11.368494,-3.8964512,6.0014346593361084e-30,9.963487223585638e-30
3,Mcoln3,-11.36893,-2.5769386,5.971524288474315e-30,9.92398811055875e-30
3,Zfp329,-11.392628,-0.3682796,4.550563412314271e-30,7.57804297204697e-30
3,Arfgef2,-11.422069,-0.6471289,3.2442027187944936e-30,5.4136798455603586e-30
3,Nwd1,-11.477097,-0.71598905,1.7195828035093365e-30,2.8783935059774444e-30
3,Ifnlr1,-11.492653,-3.5320606,1.436321616496715e-30,2.4067289896256938e-30
3,Ccdc173,-11.4935255,-0.7329726,1.4218872648517083e-30,2.3850063532466092e-30
3,Tgfbr3,-11.509809,,1.1773972338051933e-30,1.976954775602509e-30
3,Pgf,-11.521076,-3.1040323,1.0331301775767228e-30,1.7365151793051237e-30
3,Mad1l1,-11.567599,-0.62655014,6.014211136519084e-31,1.0129855102215943e-30
3,Gm37214,-11.57356,-1.1727728,5.61054274478902e-31,9.469615329914455e-31
3,Rabgap1l,-11.589552,-1.5564225,4.655593990981564e-31,7.866014013929267e-31
3,Pygm,-11.639129,-1.3143085,2.6066453213256434e-31,4.417950586405636e-31
3,Camk2a,-11.674821,-3.360353,1.7142629970886492e-31,2.911554535369413e-31
3,Ccnd1,-11.68289,,1.5590343975335646e-31,2.650685317399834e-31
3,Oas2,-11.725052,-4.080404,9.484317765208964e-32,1.6142249123996789e-31
3,Clec4a1,-11.770848,,5.51671011086581e-32,9.409152260593421e-32
3,Itgb2,-11.772375,-1.4477733,5.417767800075203e-32,9.25012565444419e-32
3,Gpr18,-11.81759,,3.166398429517216e-32,5.4119054295858e-32
3,Lrpap1,-11.895734,-1.3101993,1.245527432916035e-32,2.1333109780251414e-32
3,Rassf3,-11.942112,-0.728677,7.138697881078892e-33,1.2239923851067615e-32
3,Fzd8,-11.947637,-2.564512,6.679765588441809e-33,1.1465163793071549e-32
3,Slx4ip,-11.976787,-0.4014001,4.701976482639318e-33,8.079031625890862e-33
3,Parp9,-11.990962,-1.10931,3.9627710911329656e-33,6.816134368841645e-33
3,Ppp1r3d,-11.999975,-1.0660592,3.5540088626346295e-33,6.1195354301415804e-33
3,Col5a1,-12.073105,-2.940887,1.4650107638772807e-33,2.5306149723205e-33
3,Herc6,-12.086117,-1.3660041,1.2505953776441886e-33,2.167164212114182e-33
3,Mirg,-12.182362,,3.8594121050771635e-34,6.716702182870342e-34
3,Gm26871,-12.183525,-1.5313783,3.8047521669261015e-34,6.628687448715507e-34
3,Agrn,-12.186505,-0.83793914,3.6681710660401036e-34,6.39760588077102e-34
3,A930007I19Rik,-12.1977,-1.8617727,3.1972792230692005e-34,5.582332507877549e-34
3,Tnfrsf11a,-12.265959,-2.20303,1.3796994124950356e-34,2.414101884646114e-34
3,Ighd,-12.280061,,1.1591100767827907e-34,2.0325151832883098e-34
3,Eomes,-12.281297,,1.1415386214232743e-34,2.003869744533064e-34
3,Nefh,-12.292201,-3.1361332,9.975303545858521e-35,1.75297316916387e-34
3,Anxa4,-12.2924185,-1.4926838,9.948424466566841e-35,1.7501458226433206e-34
3,Ccdc102a,-12.301578,-4.154664,8.88218110398123e-35,1.5642668567489204e-34
3,Lpl,-12.324912,-3.0740151,6.651579851622518e-35,1.1727024477534482e-34
3,Saa3,-12.33269,-3.5545495,6.039592749730399e-35,1.0659651186140052e-34
3,Cpox,-12.371509,-2.0487766,3.7275488870334606e-35,6.586148469246485e-35
3,Engase,-12.379068,-1.0639627,3.3925774735643845e-35,6.000829511582804e-35
3,Chil1,-12.381249,-5.5326138,3.301634295181604e-35,5.846343697363058e-35
3,Igf2bp2,-12.387719,-2.3137321,3.045845217815981e-35,5.39930157737434e-35
3,Mt1,-12.432061,-1.462147,1.7506088337683353e-35,3.106660315505733e-35
3,Ccz1,-12.474659,-0.64729613,1.0264415936733746e-35,1.82353588711743e-35
3,Prickle1,-12.515731,-1.5950701,6.124160618073428e-36,1.0903829333166959e-35
3,Klrb1f,-12.545244,-1.5578103,4.2211176055083674e-36,7.523794237510519e-36
3,Sox5,-12.54917,-1.2429631,4.017010668068129e-36,7.167867220689225e-36
3,Chit1,-12.564072,,3.3275851566575474e-36,5.9442104890953096e-36
3,Lgmn,-12.569815,-2.991824,3.094501933973686e-36,5.533938408936404e-36
3,Ccr5,-12.596419,,2.209481176521656e-36,3.955605373419565e-36
3,1700112J16Rik,-12.620336,-1.0145769,1.631244319715472e-36,2.9236224161088342e-36
3,Rian,-12.626587,,1.5067233960190464e-36,2.703435119848333e-36
3,Rnf122,-12.664824,,9.262827142306893e-37,1.6638212209104963e-36
3,Ankrd37,-12.671875,-1.4285978,8.466628706991537e-37,1.52249132624615e-36
3,Pld4,-12.77001,-3.3993049,2.4112320507537085e-37,4.345575984802795e-37
3,Krt83,-12.781423,,2.0822497471476515e-37,3.756851045465507e-37
3,P2ry12,-12.783531,,2.0265591297181644e-37,3.660444218711428e-37
3,Arhgdig,-12.785857,-4.9917955,1.9668242886784907e-37,3.5565094718355764e-37
3,Fah,-12.801123,-1.7727954,1.6159812789036144e-37,2.92535896694382e-37
3,2610037D02Rik,-12.8108635,-0.56988305,1.4253960907076377e-37,2.5832317979081433e-37
3,Serpinb8,-12.815371,-2.5019596,1.3449462584848458e-37,2.440159766512774e-37
3,Tnip3,-12.83289,,1.0728715354981206e-37,1.9508942046838023e-37
3,Fcgr1,-12.863202,-5.057527,7.250938822688138e-38,1.3199801089113536e-37
3,Trim30d,-12.878032,-3.4464028,5.98424234372087e-38,1.0906113574736238e-37
3,Adgrl4,-12.879485,,5.872581538317276e-38,1.071465383031566e-37
3,Casp6,-12.880358,-1.7530314,5.806581779949004e-38,1.0606166269231177e-37
3,Camp,-12.886318,-3.3797076,5.374898648238288e-38,9.828732364647694e-38
3,Lipg,-12.929353,-2.3713372,3.0739622203109644e-38,5.653023493587737e-38
3,Tcf7,-12.935022,,2.855388876525584e-38,5.257026966770145e-38
3,Vcan,-12.939675,,2.687640600429604e-38,4.95381028851911e-38
3,Ctnnal1,-12.974132,-1.5010327,1.7152988841083545e-38,3.172422793641677e-38
3,Osgin1,-13.000955,-0.9764771,1.208249671329826e-38,2.237192884585591e-38
3,Klra17,-13.027779,-3.5832777,8.504775899386197e-39,1.5765424581490756e-38
3,Rad9b,-13.046534,-1.3154494,6.650535605058373e-39,1.2342298342568283e-38
3,Cpq,-13.05831,-1.0647748,5.6978971111392764e-39,1.0586470921269079e-38
3,Sall2,-13.088768,-1.1622467,3.8175031268214964e-39,7.100906045532646e-39
3,Pltp,-13.113338,,2.7617029669464083e-39,5.1429187283433686e-39
3,Arl5c,-13.126423,-2.2614932,2.3237721529349362e-39,4.332366013862605e-39
3,Olfm1,-13.16226,,1.446917260552782e-39,2.7006902147486912e-39
3,Ciita,-13.172655,,1.2608399067515239e-39,2.3560856322015803e-39
3,Hsd11b1,-13.220923,-1.7545949,6.644330470110051e-40,1.2459079794819081e-39
3,Trem2,-13.230155,-3.5062656,5.876584509106112e-40,1.103219915945615e-39
3,H2-Ab1,-13.24324,,4.9372080870868295e-40,9.279433971326578e-40
3,Mex3a,-13.245711,,4.77732626202694e-40,8.989354056853476e-40
3,Mreg,-13.257561,-2.4339511,4.079519500355807e-40,7.69416352276409e-40
3,Ccdc171,-13.267302,-0.5575554,3.5825175613372237e-40,6.7646606338637685e-40
3,Itsn1,-13.2733345,-2.2641408,3.305374206280872e-40,6.248621168516986e-40
3,Cd34,-13.274643,-4.1382704,3.2481434700828514e-40,6.147594759013285e-40
3,Pard6g,-13.280531,-2.7190454,3.0025594685626967e-40,5.689429273374643e-40
3,Dennd2a,-13.346754,-2.0344422,1.237229759953493e-40,2.349867295836728e-40
3,Clec7a,-13.36042,-3.004697,1.0298047801621645e-40,1.9581985385967536e-40
3,H2-DMb2,-13.386953,,7.207699516120779e-41,1.375398660605636e-40
3,Cldn1,-13.387608,-4.542013,7.144501694814743e-41,1.36494484675966e-40
3,Irf4,-13.397421,-5.9321375,6.260064637694837e-41,1.1987986826848908e-40
3,Il21r,-13.400184,-1.9022253,6.031373349231476e-41,1.1563696894153018e-40
3,Clec4a3,-13.448088,,3.159354793375849e-41,6.086073010517372e-41
3,Runx2,-13.448779,-0.9309824,3.1299899513642625e-41,6.036675031049743e-41
3,Lars2,-13.506024,-0.90699536,1.4409556512142135e-41,2.7824167455588737e-41
3,Cpne8,-13.555019,-0.8027321,7.399276571715967e-42,1.4321750118524223e-41
3,Ap5s1,-13.565996,-1.3744221,6.370850600597419e-42,1.2345901641778989e-41
3,Snn,-13.601324,,3.9324664106719715e-42,7.629737461853992e-42
3,Otulin,-13.604741,-0.64733255,3.752951969191232e-42,7.290165382069675e-42
3,Trafd1,-13.605614,-1.2787077,3.708440010229592e-42,7.212337765698318e-42
3,Flt3,-13.608957,,3.542622236143021e-42,6.898119168096014e-42
3,Cd300lb,-13.63469,-1.3896606,2.4904521577016107e-42,4.855184374750015e-42
3,Acp6,-13.655444,-0.78571135,1.8734327684845458e-42,3.656688267727958e-42
3,Wfdc17,-13.6644945,-3.404753,1.6544865379974588e-42,3.233225499556479e-42
3,R3hdm4,-13.673872,-0.8898889,1.4544544858571712e-42,2.8457481013996766e-42
3,Arg2,-13.690882,,1.151035474018882e-42,2.2548062063509987e-42
3,Dlk1,-13.719233,,7.788584359474611e-43,1.5294290352382347e-42
3,Plxna1,-13.727338,-3.1297593,6.96462700901899e-43,1.3692878798337943e-42
3,Mmp8,-13.734643,-4.4073644,6.296563878189966e-43,1.239444976993219e-42
3,Jmy,-13.746928,-1.1013092,5.3138288200312894e-43,1.0472697868883052e-42
3,Cebpe,-13.751726,-2.2967458,4.972893367102328e-43,9.812692264525518e-43
3,Bst1,-13.765174,-3.6718473,4.1288900038577784e-43,8.157198034418169e-43
3,Phlda1,-13.787927,-2.4129589,3.0129462995317514e-43,5.959754753464026e-43
3,Tusc1,-13.81257,-1.1889005,2.140573191412244e-43,4.239328103138779e-43
3,Lax1,-13.912013,-3.8486452,5.355051303394989e-44,1.0683755490906116e-43
3,Taco1,-13.92379,-0.83429915,4.541704172516488e-44,9.07222188155387e-44
3,Gatad2b,-13.93055,-0.8871896,4.131614149211204e-44,8.263228298422408e-44
3,Gadd45a,-13.944871,-1.2972537,3.3806107947129134e-44,6.777936599535656e-44
3,Eya1,-13.951195,-2.0284712,3.093788535110267e-44,6.210550747461453e-44
3,Mmp14,-13.962607,-6.468218,2.636098712043431e-44,5.29832975332645e-44
3,Egfl7,-13.972785,-1.7888757,2.285145467367471e-44,4.598642615471511e-44
3,Ociad2,-13.973948,,2.2481217254394213e-44,4.529755824425766e-44
3,Mov10,-13.990158,-1.4469177,1.790135651568081e-44,3.6114428194569987e-44
3,Klf2,-14.025124,-1.643169,1.0942178869060205e-44,2.2102383718076778e-44
3,Ndrg2,-14.0499115,-2.682703,7.713031777642028e-45,1.5599173994183752e-44
3,Rnf149,-14.064159,-1.867411,6.306786086493123e-45,1.277104498413464e-44
3,Cyp4v3,-14.112209,-1.5528642,3.194124491216199e-45,6.492318201444455e-45
3,Kank3,-14.116716,-0.87469584,2.996316330981752e-45,6.097898480366878e-45
3,Frs3,-14.124276,-0.8680252,2.691508647824421e-45,5.491354750655611e-45
3,Lst1,-14.230771,-1.4017221,5.902726990320695e-46,1.2073421410214586e-45
3,Slc25a29,-14.244437,-1.6922067,4.854418479481646e-46,9.94175097691822e-46
3,Slc39a2,-14.245892,-2.511322,4.7544348387268984e-46,9.74929621797096e-46
3,Slc17a8,-14.289216,-0.510128,2.5546883049129642e-46,5.25850816062034e-46
3,Parp6,-14.323745,-0.5130447,1.5551163568120013e-46,3.2050809793507825e-46
3,Cmtm8,-14.329924,-1.1157581,1.4227609770204452e-46,2.9397685410537095e-46
3,C8g,-14.380809,-1.0764488,6.829158723939983e-47,1.4128693176314606e-46
3,Ifit1bl2,-14.4002905,,5.152637299348097e-47,1.0673790165443951e-46
3,Irf1,-14.473129,-1.4421606,1.7913462588401376e-47,3.7155545164177787e-47
3,Cldn11,-14.475673,,1.7262766344650914e-47,3.585173753012008e-47
3,Spint1,-14.508094,-2.699866,1.0767094053296118e-47,2.239003404416193e-47
3,Ptpro,-14.513255,,9.986657613951637e-48,2.0793785173080302e-47
3,Nkx2-3,-14.520307,,9.010657528020668e-48,1.8785715309061085e-47
3,Il2rb,-14.530556,-2.673297,7.758801936112174e-48,1.621749579945096e-47
3,Tbc1d9,-14.54495,-3.8013713,6.287746468943296e-48,1.315964486790455e-47
3,Procr,-14.557598,-2.2609742,5.226224612014731e-48,1.0952114109415885e-47
3,P2ry13,-14.5725,,4.202278360776744e-48,8.817717336584578e-48
3,Ifi203,-14.583331,,3.585844674501026e-48,7.533989717669254e-48
3,Dnmt3b,-14.585585,-3.6261125,3.4693777244448846e-48,7.298742761413234e-48
3,Gbp3,-14.634289,,1.697416852072236e-48,3.584909028725478e-48
3,Gm13546,-14.658713,-5.7364197,1.1849703913360362e-48,2.5091670688603796e-48
3,Aif1,-14.672307,-4.0020733,9.69905160143863e-49,2.0564525094814976e-48
3,Ppm1l,-14.676668,,9.09504575719786e-49,1.9309115468815353e-48
3,Gm5111,-14.687354,,7.76882601209728e-49,1.651511899295123e-48
3,Fcnb,-14.687791,-2.9622724,7.718990204013466e-49,1.6430711431640214e-48
3,Slc37a2,-14.68859,-2.7546628,7.628449627135846e-49,1.62593236467994e-48
3,Itgb2l,-14.693097,-3.3434079,7.137550910487178e-49,1.523303628527658e-48
3,Msra,-14.69695,-1.3280177,6.7429272862949665e-49,1.4409786638169216e-48
3,Smo,-14.702765,-4.8394446,6.188026753956943e-49,1.3241397618625542e-48
3,Tap1,-14.739038,-1.1668541,3.618982781363121e-49,7.764537131443098e-49
3,Psap,-14.769424,-1.8862327,2.306742221371766e-49,4.955676666311264e-49
3,5430416N02Rik,-14.797557,-1.5577362,1.5190113698105826e-49,3.2676875886376193e-49
3,Rab26os,-14.817765,-1.0428104,1.124642525495293e-49,2.4257582132358582e-49
3,Kmo,-14.843644,,7.648600526812318e-50,1.6519347609173875e-49
3,Relb,-14.846188,-2.8551283,7.363855927188845e-50,1.5925565751867075e-49
3,Nod2,-14.84706,-2.455578,7.268678930219665e-50,1.5740717256096525e-49
3,Angptl2,-14.851495,-2.6627157,6.803471910535354e-50,1.4752983207069979e-49
3,Penk,-14.867342,-1.9937375,5.370379175647783e-50,1.1676615312199334e-49
3,Amer2,-14.885224,-4.6514196,4.1110691907036986e-50,8.962572886184676e-50
3,Fam43a,-14.895183,-2.507176,3.542136390774672e-50,7.732631528716713e-50
3,Fam20c,-14.920189,-2.1244748,2.435814461333791e-50,5.324651019249877e-50
3,Il12a,-14.93909,-3.8702545,1.8346512394270725e-50,4.015930243388275e-50
3,9830107B12Rik,-14.944396,-3.7015212,1.6942038709594287e-50,3.713511727967829e-50
3,Dhrs3,-14.975581,-1.5684811,1.0603684415802617e-50,2.3273580679880707e-50
3,Lyve1,-14.9771805,-4.6661453,1.0351638704393963e-50,2.275116257252982e-50
3,Dio2,-14.9852495,-3.0451314,9.168090753183401e-51,2.0204678263129722e-50
3,Cd177,-15.004077,-3.382055,6.904500754605914e-51,1.5236871053021488e-50
3,G0s2,-15.033009,-2.5841877,4.4626891903008715e-51,9.861691916441435e-51
3,H2-Q7,-15.047474,,3.586683768274628e-51,7.936699961993788e-51
3,Plpp6,-15.072263,-0.92946196,2.4652389808857266e-51,5.477558393146094e-51
3,6430548M08Rik,-15.144737,-3.7262115,8.208205175389996e-52,1.8363736268251825e-51
3,Ctsh,-15.175777,-3.3644698,5.116818156697461e-52,1.1463368853816688e-51
3,Msrb3,-15.175777,,5.116818156697461e-52,1.1463368853816688e-51
3,Rabggta,-15.179848,-1.0200101,4.808961263413938e-52,1.080351131476095e-51
3,F13a1,-15.21096,,2.991227795574779e-52,6.729225359809004e-52
3,Pcp4l1,-15.211542,-1.5881878,2.9647717463343722e-52,6.678971906325488e-52
3,Whrn,-15.232623,-5.512849,2.1479881357021187e-52,4.852418880374424e-52
3,Zbed5,-15.27006,-2.5129626,1.2106249092883566e-52,2.7386800597848177e-52
3,Psg16,-15.285034,-2.2338698,9.621238546537065e-53,2.1795599053747372e-52
3,H2-Eb1,-15.317309,,5.859281584005544e-53,1.3291964656303485e-52
3,Tgfbi,-15.3286495,,4.921086932861575e-53,1.1179275917509068e-52
3,Sgsm1,-15.334393,-2.715801,4.504663619087478e-53,1.0247635890827334e-52
3,Fry,-15.360853,-1.3604405,2.9960743107130595e-53,6.8349262053116495e-53
3,Per2,-15.388258,-2.8710985,1.9624482850216663e-53,4.483226927190341e-53
3,Plbd1,-15.392765,,1.8304065798671877e-53,4.187474573405611e-53
3,Wtip,-15.411011,-1.9170355,1.3803570566585232e-53,3.1713019063741144e-53
3,Fam216a,-15.451718,-2.6187775,7.345822823458582e-54,1.6900602297375632e-53
3,Plpp1,-15.466694,,5.822175562864182e-54,1.343324148359275e-53
3,Desi1,-15.478324,-1.1418828,4.859668078840114e-54,1.122846385167901e-53
3,Uchl1,-15.483631,,4.4748787026063694e-54,1.0354141591480074e-53
3,Bcl6,-15.498678,-3.3349357,3.5410177956948404e-54,8.216782352814064e-54
3,Ankrd22,-15.502604,-8.573712,3.331146919613576e-54,7.740860033829829e-54
3,Smim5,-15.516416,-3.7440233,2.686453358657674e-54,6.25168916462374e-54
3,Kcnq3,-15.579731,-1.503163,9.997502887055001e-55,2.3365921733145837e-54
3,Hdac9,-15.627127,-3.036442,4.7578085466298226e-55,1.1135880898461142e-54
3,Gm16140,-15.630107,,4.540415022429082e-55,1.0642417870491287e-54
3,Scel,-15.649734,,3.336118875816786e-55,7.83094763614302e-55
3,Ttc30b,-15.668198,-0.7122946,2.4955568095339776e-55,5.86636687690451e-55
3,Pdgfrb,-15.674958,,2.243724886155302e-55,5.282034492516546e-55
3,Arhgap29,-15.678811,,2.1117035542666702e-55,4.978463902646132e-55
3,Zfhx2,-15.683536,-0.853969,1.9603089142555263e-55,4.6282693725217814e-55
3,Bcl11a,-15.696258,,1.604324670299525e-55,3.79331576563532e-55
3,Sulf2,-15.722572,-3.2806695,1.0593455697821104e-55,2.5120738511499754e-55
3,Gstm1,-15.743943,-2.0439465,7.558273449264342e-56,1.797583509487795e-55
3,Gal,-15.796209,-2.8969936,3.303935462863338e-56,7.869285346203134e-56
3,Ggt5,-15.797809,-3.5586145,3.2211893668883947e-56,7.6834840486661415e-56
3,AA467197,-15.7980995,-5.2188644,3.2063679322666097e-56,7.659394383116996e-56
3,Arrdc3,-15.818963,-1.0703732,2.3025538302528664e-56,5.508469487714085e-56
3,Ak4,-15.822742,,2.1683762536517483e-56,5.195134835189269e-56
3,4933406C10Rik,-15.857926,-2.7462788,1.2391921554322838e-56,2.9777328534980213e-56
3,Cd14,-15.911573,-2.5802774,5.267313644060818e-57,1.2694773745418495e-56
3,Abhd6,-15.9300375,-2.8364975,3.9212426001469685e-57,9.464665918807118e-57
3,Muc13,-15.942613,,3.206605050698184e-57,7.751286724638532e-57
3,AW112010,-15.944284,,3.1219328621722725e-57,7.557873287228995e-57
3,Zfp773,-15.956861,-4.562125,2.5525120589661617e-57,6.197866107250171e-57
3,Ifitm6,-15.990082,-3.5897048,1.4983523737082388e-57,3.6436694904869015e-57
3,Rrad,-15.998587,,1.3070932156297378e-57,3.183341134761914e-57
3,Insl6,-16.007019,-1.7113118,1.1414980306321966e-57,2.78841838205636e-57
3,Trim30a,-16.032389,-2.884575,7.590813341322718e-58,1.8570587088424508e-57
3,Ccdc30,-16.049616,-0.94396955,5.7518156724377925e-58,1.4092817251803774e-57
3,Il27,-16.097885,-4.08533,2.6397593979916897e-58,6.487408702337152e-58
3,Il1f9,-16.167961,-2.505577,8.486139194866486e-59,2.0918720021388207e-58
3,Sirpa,-16.206343,-1.7940979,4.548461901904511e-59,1.1229231666497893e-58
3,Ypel1,-16.222988,-4.5223594,3.4689446646756025e-59,8.577177204426565e-59
3,Lyz1,-16.226187,-2.8970425,3.292873880785593e-59,8.154261732266003e-59
3,Csf1r,-16.255846,-4.1119223,2.03045835838898e-59,5.043496871832965e-59
3,Cpne5,-16.257519,-1.5009243,1.9758118682565103e-59,4.915286580233221e-59
3,Pnpla1,-16.273293,-1.1521264,1.5272075209681775e-59,3.8051161275121105e-59
3,Enc1,-16.31531,-3.0763752,7.68168074444899e-60,1.916874794999425e-59
3,Iqcb1,-16.323814,-1.1735433,6.682701488648394e-60,1.6701605261306157e-59
3,Ocstamp,-16.345913,-1.4756417,4.6515561956632677e-60,1.1661242889282566e-59
3,Dtx3l,-16.349983,-1.4691473,4.3509991616360363e-60,1.0924644953829182e-59
3,Acvr2a,-16.354708,-1.1633108,4.026322248872629e-60,1.01251080429014e-59
3,Col1a1,-16.358852,-2.9078665,3.7615375405095785e-60,9.473934612898349e-60
3,Jam3,-16.442375,-2.564779,9.511606069756272e-61,2.40683698052179e-60
3,Azin2,-16.448118,,8.651437518324269e-61,2.1925986960503068e-60
3,Gpcpd1,-16.472544,-1.4210846,5.778895851861157e-61,1.469180105285078e-60
3,Gm4890,-16.476397,-1.5095007,5.422239975147094e-61,1.380670838255665e-60
3,Sec22a,-16.493406,-0.71379244,4.092167137236296e-61,1.0436313044964264e-60
3,Sox12,-16.505692,,3.33888618762201e-61,8.528619521768347e-61
3,St8sia1,-16.520302,,2.6208098525649097e-61,6.704974102303286e-61
3,Rora,-16.560574,-2.0191066,1.3430633071813383e-61,3.446912475076156e-61
3,Nme4,-16.69302,-3.8747964,1.4732525756607535e-62,3.8051205059263408e-62
3,Evpl,-16.710104,,1.1064398858945407e-62,2.862273516620327e-62
3,Irf8,-16.723042,,8.905446919699288e-63,2.311141584600359e-62
3,Plekhm3,-16.74943,-4.516666,5.717150558213578e-63,1.4860926611253884e-62
3,Ddt,-16.75728,-1.7355971,5.010209091605107e-63,1.304423619034267e-62
3,Fabp5,-16.77022,-2.505312,4.030134683208386e-63,1.0509450894154344e-62
3,BC064078,-16.789192,-3.0193245,2.927997650082248e-63,7.660019658763558e-63
3,Evl,-16.793192,-2.9391274,2.737238184868135e-63,7.172536891528457e-63
3,Klf4,-16.81776,,1.8086567968283655e-63,4.7469924343941893e-63
3,Chil3,-16.832008,-3.0486696,1.4219458346241642e-63,3.7441495840266145e-63
3,F11r,-16.894306,-1.9170284,4.955047102852705e-64,1.3111070800696717e-63
3,Lck,-16.912624,,3.631635110045895e-64,9.625019850481115e-64
3,Mrc1,-16.931961,-5.8343,2.615182996368471e-64,6.942433420801408e-64
3,Tmem108,-16.955296,,1.7587394309582006e-64,4.684195988529066e-64
3,Pbx1,-16.964455,-3.6172817,1.5048911534700335e-64,4.014693175869069e-64
3,Cd27,-16.97485,,1.2607560067893413e-64,3.3689394448308265e-64
3,Sirt3,-17.007708,-1.8619648,7.200074845324676e-65,1.927148745728816e-64
3,Ms4a6c,-17.009161,,7.023619775112808e-65,1.8830266570633016e-64
3,Fut10,-17.01345,,6.527793529727635e-65,1.7529935604665935e-64
3,Ttc3,-17.024862,-1.3655183,5.371823108860379e-65,1.4473583193640422e-64
3,Thsd1,-17.031187,,4.8216135500044665e-65,1.3012740728963802e-64
3,Dhx58,-17.037367,,4.338356233315911e-65,1.1728023017397345e-64
3,Zmpste24,-17.038239,-1.1157242,4.274137714390407e-65,1.1573708468683205e-64
3,Gm20498,-17.043472,-1.156432,3.9082415810959565e-65,1.0600615124644886e-64
3,H2-Aa,-17.061573,,2.8673094924934268e-65,7.80331543091332e-65
3,Flt1,-17.069424,,2.506629629512796e-65,6.833198754739084e-65
3,Nrp2,-17.097338,-3.1860094,1.5534065076582853e-65,4.248946636461617e-65
3,Cd300ld,-17.141825,-4.6157985,7.234336939908835e-66,1.985464385200022e-65
3,Tnks1bp1,-17.19809,-1.3932899,2.7443103147021744e-66,7.570189337494773e-66
3,Rras2,-17.203178,,2.5135864973650796e-66,6.945549060862282e-66
3,Hoxa7,-17.209866,,2.239498331194605e-66,6.198747940610323e-66
3,Exoc3l,-17.214664,-2.1112852,2.0614205407819785e-66,5.715596781450204e-66
3,Acrbp,-17.23211,-0.78219944,1.5248642267178487e-66,4.235153725575943e-66
3,Sdc1,-17.263514,-3.0966332,8.855547193423868e-67,2.4637560116180983e-66
3,Acox2,-17.285248,-3.6477525,6.07591819817248e-67,1.693322906775904e-66
3,Als2cl,-17.295643,-2.4357946,5.073346043350707e-67,1.418787462468077e-66
3,Mndal,-17.309237,,4.006902770571243e-67,1.1244284245443869e-66
3,Zc3h6,-17.318396,-0.9187205,3.4175051326578725e-67,9.606920840851073e-67
3,Bmf,-17.386364,-4.112598,1.0466740401984973e-67,2.9525309446990654e-67
3,Gm43255,-17.518955,-0.7259017,1.0269348227735036e-68,2.917142351205994e-68
3,Zfp236,-17.520046,-0.8255935,1.007441060452907e-68,2.8667884211484476e-68
3,Rwdd3,-17.558064,-1.5389247,5.160531253489168e-69,1.4710688388680898e-68
3,1810021B22Rik,-17.586342,-1.5850906,3.134729480454767e-69,8.951639467073295e-69
3,Ifi27,-17.609095,-1.3826524,2.0977391964448125e-69,6.011542361543261e-69
3,Ighm,-17.649294,,1.0303686936838164e-69,2.973768720916638e-69
3,Ifih1,-17.662596,-2.9815073,8.140731411412266e-70,2.3579047052340525e-69
3,Ms4a6d,-17.67699,,6.307543674591615e-70,1.830203191446798e-69
3,Gfi1,-17.72017,-4.9574046,2.930303885590737e-70,8.548476443216143e-70
3,C130026I21Rik,-17.767056,-2.7959847,1.271933817097878e-70,3.730699188666832e-70
3,Ppp1r42,-17.776796,-3.8322783,1.069167634899313e-70,3.1416483764613874e-70
3,Rnf144a,-17.781086,-2.694632,9.904351217640079e-71,2.920883213638584e-70
3,Plac8,-17.785374,-4.186967,9.174835735320322e-71,2.7106709585955485e-70
3,Mcoln2,-17.786028,-4.6763697,9.068364327175657e-71,2.6841034559633058e-70
3,Mex3b,-17.786247,-1.9001883,9.033148284105748e-71,2.6785679189798035e-70
3,Foxn3,-17.82601,-1.6001387,4.4400147557185566e-71,1.3214135658303666e-70
3,Il1r1,-17.833061,,3.9139421551459775e-71,1.1669878999350691e-70
3,L3mbtl3,-17.925817,-0.8908611,7.415331583083213e-72,2.219126905490954e-71
3,Rassf4,-17.97154,-4.215007,3.2554709475807103e-72,9.778470142547986e-72
3,Slc39a4,-17.976337,-1.6252917,2.9857103177896614e-72,8.984827709563694e-72
3,F10,-17.98557,-2.3602679,2.527744882345147e-72,7.620821931531279e-72
3,Gm7694,-17.988115,-3.213666,2.41433527680612e-72,7.292461487857592e-72
3,Epb41l4b,-18.002436,,1.8643867640746512e-72,5.641856961434859e-72
3,Pde4b,-18.040163,,9.426615736815597e-73,2.857938453292504e-72
3,Dab2,-18.040525,-4.149241,9.364819970366978e-73,2.844520223208846e-72
3,Ctss,-18.069748,-4.753912,5.516454249192312e-73,1.6818963895093853e-72
3,Map3k8,-18.089666,-2.5126135,3.844071081517702e-73,1.1742153096462735e-72
3,Fgr,-18.126158,-3.7348893,1.981272174608849e-73,6.074902584528456e-73
3,1700086P04Rik,-18.135754,-1.4769675,1.664023578382758e-73,5.1215298750224545e-73
3,Mmp19,-18.140333,-2.8910608,1.5310009768482812e-73,4.7210714533230265e-73
3,Fos,-18.154364,-2.2716215,1.1859585822484227e-73,3.664047276965603e-73
3,Agl,-18.158724,-1.8191333,1.0954022369067607e-73,3.3907298249289425e-73
3,Pou2f2,-18.183804,,6.9352537240864815e-74,2.1549773066031175e-73
3,Tmem176a,-18.18962,,6.237231420141118e-74,1.9455364160517103e-73
3,Cd38,-18.202995,-2.9241605,4.8862326705193495e-74,1.5300133960583755e-73
3,Ccno,-18.20801,-3.154549,4.458589904840667e-74,1.3988071229500119e-73
3,Cib2,-18.217096,-2.4324708,3.776684450133284e-74,1.1871670887822069e-73
3,Lrrk2,-18.235996,-8.18067,2.6733484960188562e-74,8.436130857086741e-74
3,Clec4b2,-18.26224,-3.5747266,1.6536870708029612e-74,5.228616820355561e-74
3,Gja5,-18.270744,-3.478031,1.4150813826646676e-74,4.482933598988459e-74
3,Myl4,-18.278885,,1.2189113536876707e-74,3.8766161091792194e-74
3,Vipr1,-18.280268,-2.7238214,1.1884333779892227e-74,3.7871098999970905e-74
3,Zfp599,-18.30033,,8.224920411803199e-75,2.626145848020627e-74
3,Lrp1,-18.32003,-4.298465,5.728153929171634e-75,1.8325573319756194e-74
3,B3gnt5,-18.356812,,2.912074282451032e-75,9.334751948884533e-75
3,Irak2,-18.367716,-1.6666449,2.3822721915573597e-75,7.651575237041659e-75
3,Olfml2b,-18.397884,-5.6082983,1.365963705832335e-75,4.431186261720095e-75
3,Ppp2r3a,-18.434593,-2.6999564,6.933787993511225e-76,2.2583542420632943e-75
3,1700030N03Rik,-18.451895,-1.30169,5.034878265804432e-76,1.6464864006320138e-75
3,Il6st,-18.461416,,4.221194862740673e-76,1.3831874883566406e-75
3,Il1r2,-18.508377,-6.0851064,1.7674723968927817e-76,5.815091739878483e-76
3,F5,-18.518772,-2.4095883,1.4572373871005826e-76,4.804144394059238e-76
3,Fam135a,-18.519135,,1.447433458611762e-76,4.781541893825413e-76
3,Plxnb2,-18.52924,,1.1997051237603175e-76,3.97126879742701e-76
3,1700109H08Rik,-18.53222,-1.4587301,1.1350615035926272e-76,3.764968831957549e-76
3,Vangl2,-18.548649,,8.362841049217523e-77,2.7796164307030374e-76
3,Dennd5b,-18.586376,-3.910801,4.142383290413743e-77,1.3824991146195662e-76
3,Myl10,-18.59917,,3.263213827216659e-77,1.0935811627573184e-76
3,Clic5,-18.61429,-2.9966278,2.4610031383338287e-77,8.281632967588113e-77
3,Tob1,-18.615526,-1.7012732,2.404877974351259e-77,8.109588512261417e-77
3,Acadm,-18.633408,-1.805942,1.722012966537588e-77,5.818968816091599e-77
3,Cd2ap,-18.637915,-2.019024,1.5829076577703289e-77,5.3600756177525545e-77
3,Tcf7l2,-18.651363,,1.2309794343209572e-77,4.17708921018534e-77
3,Tmem42,-18.652962,-0.91073203,1.1947005727032944e-77,4.0624828698631935e-77
3,Mpeg1,-18.655725,-4.4714317,1.1345305896851822e-77,3.874123403093401e-77
3,S1pr3,-18.66285,,9.929376998978863e-78,3.3977741545028934e-77
3,Sox4,-18.664812,,9.571228687680441e-78,3.282142268798663e-77
3,Rab7b,-18.665102,-3.4091048,9.519276684898771e-78,3.2712429624800436e-77
3,Tnfrsf1b,-18.705519,-2.1251476,4.463622038957591e-78,1.5371539166006819e-77
3,2610307P16Rik,-18.718023,,3.530148528784403e-78,1.2182767901464471e-77
3,F730016J06Rik,-18.71904,-3.807116,3.463349066877655e-78,1.1977723212101398e-77
3,B230208H11Rik,-18.768108,-1.7301159,1.3770319994298515e-78,4.772533980929956e-78
3,Camk2b,-18.806126,-1.4857312,6.727803395903035e-79,2.336723149497799e-78
3,Bcl3,-18.813831,,5.817684387291979e-79,2.0249536644179377e-78
3,Ctsl,-18.818848,-3.4888375,5.292327994433336e-79,1.846055055262553e-78
3,Mpo,-18.847925,,3.0559868292604293e-79,1.0705854507689884e-78
3,Dach1,-18.85374,-3.480655,2.7378426405931457e-79,9.612079573684162e-79
3,Pknox2,-18.889141,-3.7999647,1.401060955056192e-79,4.9295463537985764e-79
3,Slc2a4rg-ps,-18.896557,-0.9174373,1.2174462217240672e-79,4.2928212426879064e-79
3,Mogat2,-18.909204,-6.171975,9.579076716516443e-80,3.3850244954661594e-79
3,Macrod1,-18.93152,-1.7802315,6.272459628628665e-80,2.2213819907501516e-79
3,Lcn2,-18.972229,-3.1875644,2.893713065869655e-80,1.0270465192211334e-79
3,F3,-18.975792,-2.6618857,2.704100676640695e-80,9.618533547173702e-80
3,Hoxa5,-18.979136,,2.537390118050964e-80,9.045377519733325e-80
3,Atf5,-19.027695,-1.768886,1.005829331871028e-80,3.593513604173584e-80
3,Dennd1a,-19.027985,-1.934816,1.0002644992678154e-80,3.581521010623392e-80
3,Fcgr4,-19.031982,-3.4130752,9.267899788768112e-81,3.3257817383588224e-80
3,Tmem216,-19.032564,-3.177785,9.16560908383384e-81,3.296367612855541e-80
3,Ly6i,-19.033728,-3.1376474,8.964393119991963e-81,3.2311656979171032e-80
3,Tmem215,-19.0905,,3.028550087887383e-81,1.096497375569941e-80
3,Rpl3l,-19.108965,-8.209638,2.126475218499133e-81,7.733504045752452e-81
3,Dusp2,-19.123575,,1.6070385410824816e-81,5.85756519918154e-81
3,Bbs2,-19.162249,-1.5045404,7.64967866743924e-82,2.807189773435848e-81
3,Mef2c,-19.169954,,6.596773514457354e-82,2.426296290351435e-81
3,Pnkp,-19.187181,-1.4646765,4.7363901950984316e-82,1.7460056582840126e-81
3,Tcte2,-19.230507,-1.021181,2.0560998297845488e-82,7.614141378791183e-82
3,Klhdc4,-19.234432,-2.4190722,1.9062016121853543e-82,7.091419759093222e-82
3,Themis2,-19.259947,-2.6255865,1.1649741246319761e-82,4.3438805290875064e-82
3,Slc30a4,-19.268816,,9.815664885700119e-83,3.6684351254851594e-82
3,Tmem176b,-19.284882,,7.195573935273942e-83,2.695432083837029e-82
3,Zfp799,-19.286917,-1.4411606,6.917861303465496e-83,2.5974007023659802e-82
3,Cd79b,-19.294767,-3.3806455,5.9432311976707445e-83,2.2366406038566007e-82
3,Tst,-19.342525,-3.0787854,2.356439575920284e-83,8.909428886113521e-83
3,Gm11772,-19.34936,,2.0639205258126825e-83,7.839997875569487e-83
3,Rhou,-19.35801,-7.4565063,1.7449831022680005e-83,6.644043642907738e-83
3,Ptk7,-19.384687,,1.0393352812579473e-83,3.9665925322362136e-83
3,Cd300c2,-19.397482,-3.3881285,8.104520753017422e-84,3.100361476743929e-83
3,Scml4,-19.429686,-1.5660226,4.330133523730241e-84,1.668284222206758e-83
3,Sp140,-19.44684,-1.9503664,3.0995206662285153e-84,1.1970053620530121e-83
3,Cd74,-19.502377,,1.047958446208285e-84,4.0664799037077474e-84
3,Marcksl1,-19.508192,-2.8525386,9.35303589480066e-85,3.6380393816227022e-84
3,Lsp1,-19.518806,,7.599332041576006e-85,2.963008791210645e-84
3,Gpr132,-19.518806,-3.888366,7.599332041576006e-85,2.963008791210645e-84
3,Cyp4f16,-19.547737,-7.0579004,4.3122324166801576e-85,1.689478497549569e-84
3,Mgl2,-19.552681,,3.9140216670230483e-85,1.5371775166855653e-84
3,F7,-19.555735,-3.835254,3.6866168837907275e-85,1.4513816955117864e-84
3,Slc40a1,-19.57427,-4.267488,2.5627911810694e-85,1.0113983687821332e-84
3,N4bp2l1,-19.57478,-1.1640366,2.5373256284362402e-85,1.0037907730057516e-84
3,Tpk1,-19.579723,-1.187874,2.3027106456099012e-85,9.132021191147334e-85
3,Plekhg1,-19.587646,-4.1056886,1.9709445949890148e-85,7.835470914392604e-85
3,Prr15,-19.604292,-4.3495073,1.4211418916784158e-85,5.663617071996045e-85
3,Smpdl3a,-19.648054,-2.3551948,6.0072416962812584e-86,2.4118183245960895e-85
3,Nat8l,-19.65554,-2.2819123,5.183324600348428e-86,2.0913812193445646e-85
3,Bmyc,-19.754839,,7.2887061196687285e-87,2.9629777759655833e-86
3,Lyplal1,-19.783552,-5.1963577,4.125698500763373e-87,1.6856128383471515e-86
3,Fbxl5,-19.825207,-2.4322298,1.8044066863661443e-87,7.390776882035067e-87
3,Trem1,-19.838436,-3.4353034,1.3870669885631693e-87,5.6957535580999e-87
3,Cyp2j6,-19.850576,,1.0894539324745572e-87,4.485010859070385e-87
3,Cnn3,-19.940569,,1.8099260235610052e-88,7.56623713973183e-88
3,Jun,-20.03536,-4.479591,2.7086914754265212e-89,1.1501302547491669e-88
3,Gstt3,-20.049246,-3.012189,2.049308927176188e-89,8.747313368104676e-89
3,Bex6,-20.12172,,4.762668389726801e-90,2.043663525962135e-89
3,Dmkn,-20.13168,,3.895709218397867e-90,1.676084974069321e-89
3,Map6,-20.181837,-3.6555796,1.4139351274578196e-90,6.132092985926693e-90
3,Fbxo10,-20.208078,,8.312087678111077e-91,3.6145324970231013e-90
3,Igf2bp3,-20.289858,-5.2532015,1.580504267144604e-91,6.966244351381922e-91
3,H2-DMa,-20.311447,,1.0185698388827734e-91,4.5139898324258427e-91
3,Elane,-20.355354,,4.1623033114911996e-92,1.859850129817831e-91
3,R74862,-20.438225,-2.0024352,7.647152255661473e-93,3.435922703236263e-92
3,Tnni2,-20.444258,-4.0231686,6.757867266733451e-93,3.0447946407337937e-92
3,Tbc1d16,-20.493252,,2.4730691560920078e-93,1.1236185353448842e-92
3,Neil2,-20.51746,-3.0805485,1.5036841737296662e-93,6.851055420757074e-93
3,Shtn1,-20.563547,-6.334319,5.82183562212318e-94,2.6750757447829458e-93
3,Mboat2,-20.565655,,5.574271015614971e-94,2.5685987463998534e-93
3,Gm26511,-20.584919,-1.4191074,3.7467019091294557e-94,1.7313819078655205e-93
3,Lrg1,-20.585064,-7.08108,3.7354794334202094e-94,1.731127897430737e-93
3,Mcemp1,-20.590298,-3.6523867,3.353047755497063e-94,1.558350561437317e-93
3,Oas1g,-20.634422,-3.5679688,1.3474700515241442e-94,6.280449493023453e-94
3,Clec4a2,-20.763742,-3.9533727,9.210702398327051e-96,4.368350669615929e-95
3,Cacnb2,-20.83091,,2.271031392352448e-96,1.0834155642340208e-95
3,Tox,-20.850319,,1.5140863811073291e-96,7.2443897054751856e-96
3,Cds1,-20.852573,-5.192003,1.4444323424896226e-96,6.931565856562626e-96
3,Sell,-20.875471,-5.4412475,8.948268238452922e-97,4.31966996511031e-96
3,Naaa,-20.8927,,6.239149945000802e-97,3.02086603307203e-96
3,Acox3,-20.964592,-1.8670741,1.3809866556888483e-97,6.706468130321293e-97
3,Sorl1,-20.990688,-2.9357088,7.978078915478968e-98,3.8977240966587007e-97
3,Tcf4,-21.09922,,8.085995717787472e-99,3.9986234921497805e-98
3,Eepd1,-21.11354,-3.556568,5.97273414433431e-99,2.962622257526071e-98
3,Cd28,-21.117828,,5.4544953548766725e-99,2.7138624127637922e-98
3,9330151L19Rik,-21.123936,-1.2535437,4.793132291001789e-99,2.399524869137315e-98
3,Smad3,-21.201061,,9.336583150015495e-100,4.732480584164104e-99
3,Eps8,-21.30174,-3.5146923,1.0937843877202775e-100,5.614298344564209e-100
3,Epsti1,-21.321005,,7.248505699692728e-101,3.7324051571116205e-100
3,Fchsd2,-21.342741,-2.9019,4.5545635961461646e-101,2.367789151586243e-100
3,Adpgk,-21.396679,-2.57985,1.434729916098842e-101,7.506877173910715e-101
3,Fmnl2,-21.460648,,3.632080750636202e-102,1.9252401887359217e-101
3,Lrrc49,-21.51306,,1.1749423660455535e-102,6.268935913571999e-102
3,Gadd45b,-21.559582,-2.6188269,4.304715311743581e-103,2.312002727035791e-102
3,1600010M07Rik,-21.569033,-4.3025246,3.5095599684415854e-103,1.891198095950914e-102
3,Amigo1,-21.677563,-3.4852195,3.341083002701092e-104,1.8246587981081385e-103
3,Hp,-21.747349,,7.319007408656878e-105,4.037901366272604e-104
3,Sh3bp5,-21.765884,-3.2096486,4.885792027960096e-105,2.7232833915296478e-104
3,Msrb1,-21.766903,-2.5433538,4.778531192210696e-105,2.672681928884741e-104
3,Il6ra,-21.83109,,1.1758288938528022e-105,6.668512118284074e-105
3,Ddhd1,-21.865837,-2.1791077,5.494804626656437e-106,3.1382299663509648e-105
3,Tmem86a,-21.923338,-3.601546,1.5562038929918262e-106,8.919302877854211e-106
3,Pde2a,-21.978947,-3.4491115,4.579589691182814e-107,2.6434499925617526e-106
3,Igsf6,-22.00926,-3.1560588,2.3479254763852055e-107,1.3649946676332628e-106
3,Prtn3,-22.062326,,7.27449057696733e-108,4.2906268057603676e-107
3,Mgst2,-22.090385,,3.9104736865468994e-108,2.3148862480215584e-107
3,Fcrl1,-22.137636,,1.3725042427691347e-108,8.275843426659986e-108
3,Plxnc1,-22.153337,-7.8116016,9.687104265563904e-109,5.862866835352483e-108
3,C3,-22.204876,-4.327917,3.081413505302445e-109,1.8789671825566036e-108
3,Snhg12,-22.242094,,1.3452653528448127e-109,8.296655522107552e-109
3,Acpp,-22.268265,-4.120924,7.505233889088224e-110,4.6641721716862455e-109
3,Dnajc28,-22.348663,-1.5871599,1.2441478726040827e-110,7.88284316157743e-110
3,Sh3rf1,-22.377522,-5.2883058,6.5167352425378e-111,4.1779227523305573e-110
3,1700025G04Rik,-22.519419,,2.6786376583355095e-112,1.7379001127280784e-111
3,Sgms2,-22.581425,-4.3788967,6.598696525592987e-113,4.350847871752774e-112
3,Map10,-22.613337,-1.8317709,3.203791736125474e-113,2.1297336868834097e-112
3,Wfdc21,-22.677235,-4.187747,7.516833648843895e-114,5.038142222489586e-113
3,Shb,-23.011547,-5.77239,3.57198427640695e-117,2.508120561182716e-116
3,Thnsl1,-23.13418,-3.1753838,2.097872503863788e-118,1.4859166817760105e-117
3,Sik1,-23.21109,-2.2601974,3.51844555283476e-119,2.5140610954616653e-118
3,D5Ertd605e,-23.62849,-4.3661394,1.9643029973398187e-123,1.4416739645634327e-122
3,1810044D09Rik,-23.806517,-2.7328641,2.85916490280026e-125,2.1570071964381495e-124
3,C030014I23Rik,-23.871284,-2.2161777,6.088364472943115e-126,4.658173195808365e-125
3,Tifa,-23.94783,,9.733812891393697e-127,7.554183976000276e-126
3,Fam234b,-23.969494,,5.787506304601843e-127,4.513141935607783e-126
3,Fbxl21,-24.128763,-5.2413473,1.2478047707645277e-128,1.0019501674158731e-127
3,Gm12708,-24.270658,,4.0022774360321346e-130,3.31208877614496e-129
3,Gpr65,-24.3198,,1.2104264073743132e-130,1.017259913347739e-129
3,Mgst1,-24.450283,,4.997631317402226e-132,4.3817070253115735e-131
3,Gda,-24.569136,-10.035729,2.701133992177528e-133,2.4752764606282207e-132
3,Ffar2,-25.504473,,1.758408938957169e-143,2.0372423564203772e-142
